date,spd,Unnamed: 2,Unnamed: 3,Unnamed: 4,Unnamed: 5,P_batt_W,P_mech_waste_W,t_s,v_ms,a_smooth,decel_g
2022-09-04 12:18:48+00:00,18.696,,,,,95.23149600635278,0.0,0.0,5.193333333333333,0.030288948611110977,-0.0030875584720806296
2022-09-04 12:18:50+00:00,18.9338125,,,,,92.21894649989895,0.0,2.0,5.259392361111111,0.02364807083333324,-0.0024106086476384544
2022-09-04 12:18:52+00:00,19.09269672,,,,,87.40576535852912,0.0,4.0,5.303526866666666,0.01581821296296293,-0.0016124579982632955
2022-09-04 12:18:54+00:00,19.08308744,,,,,101.81616674155153,0.0,6.0,5.300857622222222,0.03372311550925929,-0.0034376264535432507
2022-09-04 12:18:56+00:00,19.23007186,,,,,126.54673892053589,0.0,8.0,5.3416866277777775,0.06219483518518524,-0.006339942424585651
2022-09-04 12:18:58+00:00,20.25327595,,,,,143.0299567554166,0.0,10.0,5.625909986111111,0.0672896168981482,-0.006859288164948849
2022-09-04 12:19:00+00:00,20.60932509,,,,,132.94068299401624,0.0,12.0,5.724812525,0.05062884652777777,-0.005160942561445237
2022-09-04 12:19:02+00:00,20.61074566,,,,,117.05474477716244,0.0,14.0,5.725207127777778,0.03244740509259255,-0.003307584616981911
2022-09-04 12:19:04+00:00,21.05976832,,,,,116.98452646462744,0.0,16.0,5.849935644444444,0.02662144305555551,-0.0027137046947559133
2022-09-04 12:19:06+00:00,21.20456062,,,,,105.59526697766798,0.0,18.0,5.890155727777778,0.01212478495370369,-0.001235961768981008
2022-09-04 12:19:08+00:00,21.16555647,,,,,85.97511615596932,0.0,20.0,5.879321241666666,-0.009246496296296295,0.0009425582361158301
2022-09-04 12:19:10+00:00,21.02874822,,,,,73.77156741790586,0.0,22.0,5.84131895,-0.021405554166666674,0.002182013676520558
2022-09-04 12:19:12+00:00,20.83613208,,,,,69.33058552923738,0.0,24.0,5.787814466666666,-0.024416446296296284,0.0024889343829048198
2022-09-04 12:19:14+00:00,20.60926507,,,,,76.12621061978118,0.0,26.0,5.724795852777778,-0.014329246527777709,0.0014606775257673505
2022-09-04 12:19:16+00:00,20.53024914,,,,,91.76724521367916,0.0,28.0,5.702846983333333,0.004460563425925971,-0.0004546955581983661
2022-09-04 12:19:18+00:00,20.71560771,,,,,108.60036741316247,0.0,30.0,5.754335475,0.021483000231481492,-0.002189908280477216
2022-09-04 12:19:20+00:00,20.92248578,,,,,118.07371136116508,0.0,32.0,5.811801605555555,0.029598414583333305,-0.003017167643560989
2022-09-04 12:19:22+00:00,21.14509404,,,,,122.40003416287392,0.0,34.0,5.8736372333333335,0.031571183564814774,-0.003218265399063687
2022-09-04 12:19:24+00:00,21.37941432,,,,,126.48800886363472,0.0,36.0,5.9387262,0.03304064560185179,-0.0033680576556423844
2022-09-04 12:19:26+00:00,21.6225543,,,,,130.4261451773767,0.0,38.0,6.006265083333333,0.03414750717592585,-0.0034808875816438175
2022-09-04 12:19:28+00:00,21.87238141,,,,,134.27226580551715,0.0,40.0,6.075661502777777,0.03498686134259262,-0.0035664486587760062
2022-09-04 12:19:30+00:00,22.12729926,,,,,138.06635991674398,0.0,42.0,6.146472016666666,0.03562589791666674,-0.003631590001698954
2022-09-04 12:19:32+00:00,22.38610177,,,,,141.83729199714054,0.0,44.0,6.218361602777778,0.036113562962962975,-0.003681301015592556
2022-09-04 12:19:34+00:00,22.64787273,,,,,145.6065352122878,0.0,46.0,6.291075758333333,0.036486221527777696,-0.00371928863687846
2022-09-04 12:19:36+00:00,22.91191386,,,,,149.3903994632218,0.0,48.0,6.364420516666666,0.036771222685185144,-0.003748340742628455
2022-09-04 12:19:38+00:00,23.17769194,,,,,153.2014546714515,0.0,50.0,6.438247761111111,0.03698928634259261,-0.0037705694538830384
2022-09-04 12:19:40+00:00,23.44479938,,,,,157.04949635524963,0.0,52.0,6.512444272222222,0.03715617916666673,-0.0037875819741760167
2022-09-04 12:19:42+00:00,23.71292438,,,,,157.5070470073819,0.0,54.0,6.586923438888888,0.03387037523148151,-0.003452637638275383
2022-09-04 12:19:44+00:00,23.98182836,,,,,127.50692121604786,0.0,56.0,6.661618988888889,0.0006546953703703284,-6.67375504964657e-05
2022-09-04 12:19:46+00:00,24.10386317,,,,,71.89833604767989,0.0,58.0,6.695517547222222,-0.0552494925925926,0.005631956431456941
2022-09-04 12:19:48+00:00,23.08214343,,,,,22.2889519913801,0.0,60.0,6.411706508333332,-0.09532565254629628,0.009717191900743759
2022-09-04 12:19:50+00:00,22.22583123,,,,,20.926409437472646,0.0,62.0,6.173842008333334,-0.08989263310185176,0.009163367288669904
2022-09-04 12:19:52+00:00,21.74179211,,,,,53.11174030275445,0.0,64.0,6.039386697222222,-0.05122468634259255,0.005221680564994144
2022-09-04 12:19:54+00:00,21.56085274,,,,,79.97515408158439,0.0,66.0,5.9891257611111115,-0.02017099444444444,0.002056166610035111
2022-09-04 12:19:56+00:00,21.53421547,,,,,109.75929071091115,0.0,68.0,5.981726519444444,0.01270571921296293,-0.0012951803479065167
2022-09-04 12:19:58+00:00,21.56202091,,,,,142.4121295979787,0.0,70.0,5.989450252777778,0.04804951643518507,-0.004898013907766062
2022-09-04 12:20:00+00:00,22.28951101,,,,,161.30866044484802,0.0,72.0,6.19153083611111,0.05801238958333325,-0.0059135973071695455
2022-09-04 12:20:02+00:00,22.88129631,,,,,135.95219709198832,0.0,74.0,6.355915641666666,0.0233547289351852,-0.002380706313474536
2022-09-04 12:20:04+00:00,22.7210753,,,,,73.47962327143061,0.0,76.0,6.311409805555555,-0.03931712453703695,0.004007861828444133
2022-09-04 12:20:06+00:00,22.13938091,,,,,20.54497917237435,0.0,78.0,6.149828030555556,-0.0896187430555555,0.009135447814021968
2022-09-04 12:20:08+00:00,21.33292663,,,,,-8.433233857915559,0.0,80.0,5.925812952777777,-0.11756294398148144,0.011983990212179555
2022-09-04 12:20:10+00:00,20.39791528,,,,,-23.52694192208397,0.0,82.0,5.666087577777778,-0.13358118912037034,0.013616838850190657
2022-09-04 12:20:12+00:00,19.38382175,,,,,-33.094500836475234,0.0,84.0,5.384394930555556,-0.1434555877314815,0.014623403438479256
2022-09-04 12:20:14+00:00,18.31777842,,,,,-40.893122368894545,0.0,86.0,5.088271783333333,-0.1525147923611112,0.015546869761581162
2022-09-04 12:20:16+00:00,17.2157821,,,,,-39.34534321536518,0.0,88.0,4.782161694444444,-0.14799984930555557,0.015086630917997508
2022-09-04 12:20:18+00:00,15.9773159,,,,,-15.947264772172034,0.0,90.0,4.438143305555555,-0.10419268472222216,0.010621068779023666
2022-09-04 12:20:20+00:00,15.33069078,,,,,26.62503074621341,0.0,92.0,4.2585252166666665,-0.031101927777777687,0.0031704309661343207
2022-09-04 12:20:22+00:00,15.70174576,,,,,61.0704809304729,0.0,94.0,4.361596044444444,0.017842335879629728,-0.0018187906095443146
2022-09-04 12:20:24+00:00,16.14774896,,,,,45.56340731944941,0.0,96.0,4.4854858222222225,-0.009514848842592535,0.0009699132357382808
2022-09-04 12:20:26+00:00,15.93104663,,,,,0.02079367976597207,0.0,98.0,4.425290730555556,-0.07489738194444447,0.007634799382716051
2022-09-04 12:20:28+00:00,14.69034844,,,,,-22.16703407177305,0.0,100.0,4.080652344444444,-0.1129486562500001,0.011513624490316014
2022-09-04 12:20:30+00:00,13.92357938,,,,,-17.78946339840613,0.0,102.0,3.8676609388888887,-0.10282632870370374,0.010481786819949412
2022-09-04 12:20:32+00:00,13.27583426,,,,,-0.7528514193531121,0.0,104.0,3.6877317388888886,-0.0645829724537037,0.006583381493751652
2022-09-04 12:20:34+00:00,12.90346341,,,,,32.83465528538103,0.0,106.0,3.5842953916666667,-0.0014645240740740844,0.00014928889643976394
2022-09-04 12:20:36+00:00,12.92048,,,,,80.52969605685784,0.0,108.0,3.589022222222222,0.08537203958333332,-0.008702552454977912
2022-09-04 12:20:38+00:00,14.2156662,,,,,116.23877773501977,0.0,110.0,3.9487961666666664,0.1257457511574074,-0.012818119384037452
2022-09-04 12:20:40+00:00,15.65170358,,,,,110.04200915888804,0.0,112.0,4.347695438888889,0.09210466226851854,-0.009388854461622685
2022-09-04 12:20:42+00:00,15.60445628,,,,,74.82780992135851,0.0,114.0,4.334571188888889,0.03965919976851847,-0.004042731882621658
2022-09-04 12:20:44+00:00,15.51061133,,,,,67.79646500249193,0.0,116.0,4.308503147222222,0.030112516666666627,-0.003069573564390074
2022-09-04 12:20:46+00:00,16.07003588,,,,,86.34222188228111,0.0,118.0,4.463898855555555,0.050988279166666706,-0.005197581974176015
2022-09-04 12:20:48+00:00,16.4869847,,,,,75.9469260555444,0.0,120.0,4.579717972222222,0.030829667361111184,-0.0031426776107146975
2022-09-04 12:20:50+00:00,16.83077657,,,,,36.361369330549216,0.0,122.0,4.675215713888889,-0.028580260648148077,0.0029133802903310983
2022-09-04 12:20:52+00:00,16.08171227,,,,,0.13590446128599976,0.0,124.0,4.467142297222222,-0.07547502083333331,0.007693682042133874
2022-09-04 12:20:54+00:00,15.24064105,,,,,-2.1840689828360595,0.0,126.0,4.233511402777778,-0.07576832106481479,0.007723580128931171
2022-09-04 12:20:56+00:00,14.81659932,,,,,28.76865189120349,0.0,128.0,4.115722033333333,-0.023875721759259266,0.0024338146543587424
2022-09-04 12:20:58+00:00,14.82269805,,,,,64.80731161253941,0.0,130.0,4.117416125,0.03336813587962961,-0.0034014409663231
2022-09-04 12:21:00+00:00,15.46822409,,,,,93.13851115211342,0.0,132.0,4.296728913888889,0.06920285300925928,-0.007054317330199723
2022-09-04 12:21:02+00:00,16.03051975,,,,,112.92066074845569,0.0,134.0,4.452922152777778,0.09056483518518525,-0.009231889417450076
2022-09-04 12:21:04+00:00,16.59834087,,,,,122.74072234559145,0.0,136.0,4.610650241666667,0.0959618541666667,-0.009782044257560315
2022-09-04 12:21:06+00:00,17.60498215,,,,,126.49160975091766,0.0,138.0,4.890272819444445,0.08569350972222216,-0.008735322091969639
2022-09-04 12:21:08+00:00,18.03931379,,,,,114.48673630772113,0.0,140.0,5.010920497222222,0.0635414113425925,-0.0064772080879299185
2022-09-04 12:21:10+00:00,18.29150645,,,,,111.01115358182804,0.0,142.0,5.080974013888889,0.05558504236111106,-0.005666161300826815
2022-09-04 12:21:12+00:00,18.65680554,,,,,128.47321648333076,0.0,144.0,5.182445983333333,0.07275199814814814,-0.007416105825499301
2022-09-04 12:21:14+00:00,19.38876423,,,,,146.97179856063892,0.0,146.0,5.3857678416666666,0.08480083310185187,-0.00864432549458225
2022-09-04 12:21:16+00:00,20.08494233,,,,,146.62146738838345,0.0,148.0,5.579150647222222,0.07394811712962968,-0.007538034365915359
2022-09-04 12:21:18+00:00,20.52676565,,,,,120.87613196463862,0.0,150.0,5.7018793472222224,0.037916014583333414,-0.003865037164458044
2022-09-04 12:21:20+00:00,20.71336278,,,,,64.22737840040779,0.0,152.0,5.753711883333334,-0.028968184490740716,0.002952924005172346
2022-09-04 12:21:22+00:00,20.39831561,,,,,-8.148524388862118,0.0,154.0,5.666198780555556,-0.11165123865740749,0.011381369893721457
2022-09-04 12:21:24+00:00,18.9619668,,,,,-42.4729444376839,0.0,156.0,5.267213,-0.15644668078703705,0.015947673882470648
2022-09-04 12:21:26+00:00,17.45482812,,,,,-1.748979010843099,0.0,158.0,4.848563366666666,-0.08571163564814814,0.008737169790840788
2022-09-04 12:21:28+00:00,16.89835366,,,,,89.90354703444699,0.0,160.0,4.6939871277777785,0.04552463935185188,-0.004640636019556766
2022-09-04 12:21:30+00:00,18.75918609,,,,,149.1389240343614,0.0,162.0,5.210885025,0.09723237615740743,-0.009911557202589951
2022-09-04 12:21:32+00:00,19.62427325,,,,,75.11676819457733,0.0,164.0,5.451187013888889,-0.005043020601851837,0.0005140693783742952
2022-09-04 12:21:34+00:00,18.92934718,,,,,-82.89202551408559,0.0,166.0,5.258151994444445,-0.21848445300925926,0.02227160581134141
2022-09-04 12:21:36+00:00,16.51033408,,,,,-181.22548907134924,0.0,168.0,4.586203911111111,-0.3971508893055556,0.04048429044908823
2022-09-04 12:21:38+00:00,12.43459689,,,,,-160.4670150667946,0.0,170.0,3.4540546916666663,-0.4350027156944445,0.04434278447445917
2022-09-04 12:21:40+00:00,8.962105122,,,,,-84.33578721585098,0.0,172.0,2.489473645,-0.32184902925925923,0.03280825986332918
2022-09-04 12:21:42+00:00,7.68545882,,,,,-28.33160056665923,0.0,174.0,2.1348496722222223,-0.1520490538425926,0.015499393867746441
2022-09-04 12:21:44+00:00,7.355594086,,,,,3.9472253927733925,0.0,176.0,2.0432205794444442,-0.03139627252314817,0.0032004355273341665
2022-09-04 12:21:46+00:00,7.4725888,,,,,18.535364904586725,0.0,178.0,2.075719111111111,0.014138833587962973,-0.0014412674401593243
2022-09-04 12:21:48+00:00,7.818656169,,,,,19.350212092698747,0.0,180.0,2.1718489358333333,0.013189077523148204,-0.001344452346906035
2022-09-04 12:21:50+00:00,7.833194348,,,,,3.4306604021533578,0.0,182.0,2.175887318888889,-0.0348431846296296,0.0035518027145392045
2022-09-04 12:21:52+00:00,7.564756687,,,,,-8.778804343788707,0.0,184.0,2.1013213019444446,-0.07828353201388892,0.00797997268235361
2022-09-04 12:21:54+00:00,6.221262706,,,,,-2.7906418299930444,0.0,186.0,1.7281285294444444,-0.05470832726851856,0.005576791770491188
2022-09-04 12:21:56+00:00,6.048739228,,,,,37.75411158687637,0.0,188.0,1.6802053411111109,0.10574422513888887,-0.010779227842904063
2022-09-04 12:21:58+00:00,6.985812069,,,,,118.34849245848034,0.0,190.0,1.9405033525,0.355976854537037,-0.0362871411352739
2022-09-04 12:22:00+00:00,11.36835785,,,,,279.9163314779002,0.0,192.0,3.1578771805555554,0.5245310079398148,-0.05346901202240721
2022-09-04 12:22:02+00:00,16.2798442,,,,,400.98112109712224,0.0,194.0,4.522178944444444,0.5037188641435185,-0.05134748869964511
2022-09-04 12:22:04+00:00,19.41444664,,,,,342.93952132333925,0.0,196.0,5.392901844444444,0.32225968819444456,-0.032850121120738485
2022-09-04 12:22:06+00:00,20.70037821,,,,,218.517191569005,0.0,198.0,5.750105058333333,0.14679186458333346,-0.014963492821950402
2022-09-04 12:22:08+00:00,20.86944237,,,,,143.41214213452534,0.0,200.0,5.797067325,0.05888883819444446,-0.0060029396732359285
2022-09-04 12:22:10+00:00,21.16625702,,,,,130.3396067677668,0.0,202.0,5.879515838888889,0.040135148379629615,-0.004091248560614639
2022-09-04 12:22:12+00:00,21.49256564,,,,,137.5162287201107,0.0,204.0,5.970157122222222,0.04364730185185184,-0.004449266243817721
2022-09-04 12:22:14+00:00,21.81109335,,,,,140.54640253375618,0.0,206.0,6.058637041666667,0.04258570231481488,-0.00434105018499642
2022-09-04 12:22:16+00:00,22.11016948,,,,,142.0532427945679,0.0,208.0,6.141713744444444,0.0401059851851853,-0.004088275757918991
2022-09-04 12:22:18+00:00,22.38835552,,,,,143.15194742590904,0.0,210.0,6.218987644444445,0.03746659421296309,-0.003819224690414178
2022-09-04 12:22:20+00:00,22.64788203,,,,,144.2902065643158,0.0,212.0,6.291078341666667,0.03511654050925931,-0.0035796677379469222
2022-09-04 12:22:22+00:00,22.89193767,,,,,148.3946174912142,0.0,214.0,6.358871575,0.0360218155092592,-0.0036719485738286647
2022-09-04 12:22:24+00:00,23.12362188,,,,,171.2885611833066,0.0,216.0,6.4232283,0.05617198819444443,-0.005725992680371501
2022-09-04 12:22:26+00:00,23.4687581,,,,,209.88923872252587,0.0,218.0,6.519099472222222,0.0898745490740741,-0.009161523860761887
2022-09-04 12:22:28+00:00,24.49769149,,,,,236.717717891765,0.0,220.0,6.804914302777778,0.09919514537037037,-0.010111635613697285
2022-09-04 12:22:30+00:00,25.40044858,,,,,213.86296021720355,0.0,222.0,7.055680161111111,0.06293338194444438,-0.006415227517272618
2022-09-04 12:22:32+00:00,25.47716168,,,,,147.19214536845388,0.0,224.0,7.076989355555555,6.897731481484796e-05,-7.03132668856758e-06
2022-09-04 12:22:34+00:00,25.20801001,,,,,75.43713182621092,0.0,226.0,7.002225002777777,-0.06344170347222207,0.006467044186770853
2022-09-04 12:22:36+00:00,24.69310988,,,,,7.908075421316168,0.0,228.0,6.859197188888889,-0.12243739999999988,0.012480876656472973
2022-09-04 12:22:38+00:00,23.44381879,,,,,-25.830871047487864,0.0,230.0,6.512171886111111,-0.15273520671296292,0.015569338095103254
2022-09-04 12:22:40+00:00,21.95205722,,,,,-14.603873018792148,0.0,232.0,6.097793672222222,-0.12956099768518523,0.01320703340317892
2022-09-04 12:22:42+00:00,21.35090174,,,,,34.30796102793066,0.0,234.0,5.930806038888889,-0.06831801064814813,0.0069641193321251914
2022-09-04 12:22:44+00:00,21.18899183,,,,,82.06877577416596,0.0,236.0,5.885831063888888,-0.013850009027777813,0.0014118255889681765
2022-09-04 12:22:46+00:00,21.25554612,,,,,108.32228238915275,0.0,238.0,5.904318366666667,0.014531609722222227,-0.0014813057820817763
2022-09-04 12:22:48+00:00,21.44909245,,,,,124.86309604898794,0.0,240.0,5.95808123611111,0.030341088657407478,-0.003092873461509427
2022-09-04 12:22:50+00:00,21.71856666,,,,,136.82133981146555,0.0,242.0,6.032935183333334,0.039814021759259334,-0.0040585139408011554
2022-09-04 12:22:52+00:00,22.03670632,,,,,146.52818574094493,0.0,244.0,6.121307311111111,0.045897314351851924,-0.004678625316192856
2022-09-04 12:22:54+00:00,22.38789799,,,,,155.08738792737134,0.0,246.0,6.218860552777778,0.050035092361111144,-0.005100417162192777
2022-09-04 12:22:56+00:00,22.7625251,,,,,163.04693635270365,0.0,248.0,6.322923638888889,0.05297208171296305,-0.005399804455959536
2022-09-04 12:22:58+00:00,23.15426387,,,,,170.6954344189223,0.0,250.0,6.431739963888889,0.0551180490740741,-0.005618557499905617
2022-09-04 12:23:00+00:00,23.55873437,,,,,178.19603848421235,0.0,252.0,6.544092880555556,0.0567154263888889,-0.005781389030467777
2022-09-04 12:23:02+00:00,23.97278844,,,,,185.6483912200043,0.0,254.0,6.6591078999999995,0.05791813865740736,-0.0059039896694604846
2022-09-04 12:23:04+00:00,24.39410695,,,,,193.11804935556563,0.0,256.0,6.776140819444445,0.05882995185185177,-0.005996936987956347
2022-09-04 12:23:06+00:00,24.82095488,,,,,183.10953680409935,0.0,258.0,6.894709688888888,0.04287117893518518,-0.004370150757918978
2022-09-04 12:23:08+00:00,25.25202185,,,,,155.77516020244184,0.0,260.0,7.014450513888888,0.011058408101851916,-0.0011272587259787885
2022-09-04 12:23:10+00:00,24.96690847,,,,,118.53558143675606,0.0,262.0,6.935252352777778,-0.020213547916666557,0.0020605043747876205
2022-09-04 12:23:12+00:00,24.72587659,,,,,86.95517108262707,0.0,264.0,6.868299052777777,-0.04736637430555557,0.004828376585683544
2022-09-04 12:23:14+00:00,24.47387487,,,,,86.54825422482826,0.0,266.0,6.798298575,-0.0449872011574074,0.004585851290255596
2022-09-04 12:23:16+00:00,23.69882808,,,,,104.09899186370485,0.0,268.0,6.583007799999999,-0.019036540972222144,0.0019405240542530217
2022-09-04 12:23:18+00:00,24.05050989,,,,,152.05249711009722,0.0,270.0,6.680697191666667,0.02383534930555568,-0.0024296992156529742
2022-09-04 12:23:20+00:00,24.326863,,,,,182.0015633634049,0.0,272.0,6.757461944444444,0.049084607407407575,-0.005003527768339202
2022-09-04 12:23:22+00:00,24.87552704,,,,,150.72850204430182,0.0,274.0,6.9098686222222225,0.01139702662037049,-0.0011617764139011711
2022-09-04 12:23:24+00:00,24.99426597,,,,,58.64763750231489,0.0,276.0,6.942851658333334,-0.07700746527777773,0.007849894523728616
2022-09-04 12:23:26+00:00,23.87545847,,,,,-4.793593791383883,0.0,278.0,6.632071797222222,-0.1296821344907408,0.013219381701400693
2022-09-04 12:23:28+00:00,22.00020907,,,,,18.798626604873856,0.0,280.0,6.111169186111111,-0.09040072523148153,0.009215160574055201
2022-09-04 12:23:30+00:00,22.26731573,,,,,119.2764867874404,0.0,282.0,6.185365480555555,0.013856199074074094,-0.0014124565824744234
2022-09-04 12:23:32+00:00,22.69709738,,,,,193.1442358987355,0.0,284.0,6.304749272222222,0.0851650395833334,-0.008681451537546727
2022-09-04 12:23:34+00:00,23.77715796,,,,,180.4940016913292,0.0,286.0,6.6047661,0.05575626111111113,-0.005683614792162194
2022-09-04 12:23:36+00:00,24.16949655,,,,,96.62699137740466,0.0,288.0,6.7137490416666665,-0.03182163449074068,0.00324379556480537
2022-09-04 12:23:38+00:00,23.20358704,,,,,-3.429382409950928,0.0,290.0,6.445440844444444,-0.12324847893518505,0.012563555447011727
2022-09-04 12:23:40+00:00,21.89597369,,,,,-39.99796614115805,0.0,292.0,6.0822149138888895,-0.16296870416666656,0.01661250806999659
2022-09-04 12:23:42+00:00,20.72634653,,,,,-40.82404144666852,0.0,294.0,5.757318480555556,-0.15941628703703706,0.01625038603843395
2022-09-04 12:23:44+00:00,19.60648904,,,,,-8.761130443356562,0.0,296.0,5.446246955555555,-0.1081299939814816,0.011022425482312088
2022-09-04 12:23:46+00:00,18.60628809,,,,,46.45499039077602,0.0,298.0,5.168413358333333,-0.030386960416666702,0.003097549481821274
2022-09-04 12:23:48+00:00,19.34481639,,,,,94.96248737824148,0.0,300.0,5.373560108333333,0.02211813495370374,-0.0022546518811114922
2022-09-04 12:23:50+00:00,19.67530249,,,,,91.39368484824807,0.0,302.0,5.465361802777777,0.013906512037037078,-0.0014175853248763585
2022-09-04 12:23:52+00:00,19.49297807,,,,,50.04476224842927,0.0,304.0,5.414716130555555,-0.03394884259259249,0.003460636349907491
2022-09-04 12:23:54+00:00,19.05888773,,,,,21.589312308772193,0.0,306.0,5.294135480555555,-0.065163716898148,0.006642580723562486
2022-09-04 12:23:56+00:00,18.49464115,,,,,5.689580041091431,0.0,308.0,5.137400319444445,-0.08132948379629616,0.008290467257522544
2022-09-04 12:23:58+00:00,17.85856684,,,,,-3.233671142524948,0.0,310.0,4.960713011111111,-0.0902694562499999,0.009201779434250754
2022-09-04 12:24:00+00:00,17.17986526,,,,,-8.423039981148401,0.0,312.0,4.772184794444445,-0.09558659259259254,0.009743791293842256
2022-09-04 12:24:02+00:00,16.47402311,,,,,-12.078500102191324,0.0,314.0,4.576117530555556,-0.09897862291666666,0.010089564007815154
2022-09-04 12:24:04+00:00,15.74984408,,,,,-14.744344744501426,0.0,316.0,4.374956688888889,-0.1012739118055556,0.010323538410352252
2022-09-04 12:24:06+00:00,15.01271151,,,,,-16.701966606726373,0.0,318.0,4.170197641666666,-0.10289713819444446,0.010489004912787406
2022-09-04 12:24:08+00:00,14.26614387,,,,,-18.109620222685322,0.0,320.0,3.9628177416666666,-0.10408031898148147,0.010609614575074562
2022-09-04 12:24:10+00:00,13.51256695,,,,,-19.06543124129119,0.0,322.0,3.7534908194444445,-0.10495970231481477,0.01069925609733076
2022-09-04 12:24:12+00:00,12.75371886,,,,,-19.636338064012833,0.0,324.0,3.542699683333333,-0.10562120694444439,0.010766687761920937
2022-09-04 12:24:14+00:00,11.99087738,,,,,-19.87185120938499,0.0,326.0,3.3307992722222224,-0.10612243865740738,0.01081778171839015
2022-09-04 12:24:16+00:00,11.2249973,,,,,-14.338629889981837,0.0,328.0,3.1180548055555555,-0.09232170740740737,0.009410979348359568
2022-09-04 12:24:18+00:00,10.45679916,,,,,26.769200884437634,0.0,330.0,2.904666433333333,0.007737195370370394,-0.0007887049307207332
2022-09-04 12:24:20+00:00,10.29949932,,,,,91.11528880091481,0.0,332.0,2.8609720333333333,0.15637721180555564,-0.015940592436855822
2022-09-04 12:24:22+00:00,13.2506222,,,,,182.25312295148535,0.0,334.0,3.680728388888889,0.2612716527777779,-0.026633196001812222
2022-09-04 12:24:24+00:00,15.18666981,,,,,228.19050834093127,0.0,336.0,4.218519391666667,0.2827149555555556,-0.028819057650923095
2022-09-04 12:24:26+00:00,16.85656407,,,,,244.4573130016199,0.0,338.0,4.682378908333334,0.26210290717592594,-0.026717931414467475
2022-09-04 12:24:28+00:00,18.90684353,,,,,261.64882905521205,0.0,340.0,5.251900980555555,0.23513042152777774,-0.023968442561445234
2022-09-04 12:24:30+00:00,20.85329407,,,,,208.53881635522507,0.0,342.0,5.792581686111111,0.13270975231481483,-0.013528007371540756
2022-09-04 12:24:32+00:00,21.34757402,,,,,56.459274306165206,0.0,344.0,5.929881672222222,-0.04383932060185173,0.004468840020576119
2022-09-04 12:24:34+00:00,20.14889488,,,,,-74.61443722598084,0.0,346.0,5.596915244444444,-0.20619411874999985,0.021018768476044836
2022-09-04 12:24:36+00:00,17.71738407,,,,,-157.6329611304013,0.0,348.0,4.921495575000001,-0.3430491694444444,0.034969334296069764
2022-09-04 12:24:38+00:00,15.57589809,,,,,-199.6419708924325,0.0,350.0,4.326638358333334,-0.4460662159953704,0.04547056228291237
2022-09-04 12:24:40+00:00,11.10084669,,,,,-158.2965773935711,0.0,352.0,3.0835685249999996,-0.46956517909722223,0.04786597136566995
2022-09-04 12:24:42+00:00,7.495371729,,,,,-80.6123652470741,0.0,354.0,2.0820477025,-0.35723361571759255,0.036415251347359075
2022-09-04 12:24:44+00:00,5.512694694,,,,,-18.88715967899259,0.0,356.0,1.5313040816666668,-0.14004214807870366,0.014275448326065612
2022-09-04 12:24:46+00:00,5.731557887,,,,,7.337225749343939,0.0,358.0,1.5920994130555555,-0.010588936435185195,0.001079402286970968
2022-09-04 12:24:48+00:00,6.814839735,,,,,6.484655548750964,0.0,360.0,1.8930110374999998,-0.02043403724537035,0.0020829803512100254
2022-09-04 12:24:50+00:00,5.735784634,,,,,-11.196923669693748,0.0,362.0,1.5932735094444443,-0.09755017009259254,0.009943952099142969
2022-09-04 12:24:52+00:00,4.625717538,,,,,-0.0,15.658627669670969,364.0,1.2849215383333332,-0.127610980949074,0.013008254938743526
2022-09-04 12:24:54+00:00,3.706512736,,,,,-0.0,6.195932872379557,366.0,1.0295868711111111,-0.08156406252314809,0.008314379462094606
2022-09-04 12:24:56+00:00,3.331317256,,,,,2.504116504663793,0.0,368.0,0.9253659044444444,-0.01967668349537033,0.002005778134084641
2022-09-04 12:24:58+00:00,3.506617415,,,,,10.932194135431516,0.0,370.0,0.9740603930555556,0.03588712141203707,-0.003658218288688794
2022-09-04 12:25:00+00:00,3.975580132,,,,,18.64584549270678,0.0,372.0,1.1043278144444444,0.0723983247916667,-0.0073800534955827425
2022-09-04 12:25:02+00:00,4.612573505,,,,,25.897428286046843,0.0,374.0,1.2812704180555556,0.09333522555555561,-0.009514294144297207
2022-09-04 12:25:04+00:00,5.352968797,,,,,33.24669082852148,0.0,376.0,1.4869357769444445,0.10624637826388893,-0.010830415725167067
2022-09-04 12:25:06+00:00,6.161310494,,,,,41.03539299099941,0.0,378.0,1.7114751372222223,0.11539355574074074,-0.011762849718729942
2022-09-04 12:25:08+00:00,7.016686684,,,,,51.755106592039375,0.0,380.0,1.9490796344444443,0.13051764993055556,-0.013304551471004645
2022-09-04 12:25:10+00:00,7.933857226,,,,,60.96440685616364,0.0,382.0,2.2038492294444443,0.13565619900462964,-0.01382835871606826
2022-09-04 12:25:12+00:00,9.218784542,,,,,65.50173722188102,0.0,384.0,2.5607734838888887,0.11860779034722228,-0.01209049850634274
2022-09-04 12:25:14+00:00,9.819560433,,,,,60.75621359558155,0.0,386.0,2.7276556758333332,0.09520768407407414,-0.009705166572280747
2022-09-04 12:25:16+00:00,10.25484002,,,,,60.87457835254797,0.0,388.0,2.8485666722222223,0.08793971701388892,-0.008964293273587045
2022-09-04 12:25:18+00:00,11.0107737,,,,,70.25496382012511,0.0,390.0,3.05854825,0.09592464391203707,-0.009778251163306531
2022-09-04 12:25:20+00:00,11.82656705,,,,,73.89465005702394,0.0,392.0,3.2851575138888887,0.08992379837962965,-0.009166544177332278
2022-09-04 12:25:22+00:00,12.39177802,,,,,67.05370028676305,0.0,394.0,3.4421605611111112,0.0680827164351852,-0.006940134193189112
2022-09-04 12:25:24+00:00,12.75854379,,,,,58.30384405874277,0.0,396.0,3.544039941666666,0.046830572222222235,-0.004773758636312154
2022-09-04 12:25:26+00:00,13.01997031,,,,,52.83899791851179,0.0,398.0,3.616658419444444,0.03373578125000006,-0.003438917558613666
2022-09-04 12:25:28+00:00,13.22145548,,,,,49.92553451253239,0.0,400.0,3.672626522222222,0.026268232638889,-0.0026776995554423037
2022-09-04 12:25:30+00:00,13.38625208,,,,,48.33104003716882,0.0,402.0,3.7184033555555556,0.02168784629629635,-0.0022107896326499844
2022-09-04 12:25:32+00:00,13.52704967,,,,,47.45276939999215,0.0,404.0,3.7575137972222223,0.018686301851851866,-0.0019048217993732788
2022-09-04 12:25:34+00:00,13.65129108,,,,,46.989940781432956,0.0,406.0,3.7920252999999997,0.016612828240740767,-0.001693458536263075
2022-09-04 12:25:36+00:00,13.76366472,,,,,46.78610770026984,0.0,408.0,3.8232402,0.015125140046296356,-0.0015418083635368354
2022-09-04 12:25:38+00:00,13.86731121,,,,,46.75490404427817,0.0,410.0,3.852030891666667,0.014030490972222273,-0.0014302233406954406
2022-09-04 12:25:40+00:00,13.96443559,,,,,50.49661346525351,0.0,412.0,3.879009886111111,0.019373601388888884,-0.001974882914259825
2022-09-04 12:25:42+00:00,14.05663742,,,,,50.66585865189319,0.0,414.0,3.9046215055555553,0.01869879745370373,-0.001906095561029942
2022-09-04 12:25:44+00:00,14.41127809,,,,,57.61330484149734,0.0,416.0,4.0031328027777775,0.026406824537037132,-0.002691827169932429
2022-09-04 12:25:46+00:00,14.22825676,,,,,63.17653382543423,0.0,418.0,3.9522935444444447,0.037642657407407465,-0.003837172008910037
2022-09-04 12:25:48+00:00,14.93359107,,,,,72.31468747488324,0.0,420.0,4.148219741666667,0.04393857430555551,-0.00447895762543889
2022-09-04 12:25:50+00:00,15.16048724,,,,,72.20706195718721,0.0,422.0,4.211246455555555,0.041007432407407375,-0.004180166402386072
2022-09-04 12:25:52+00:00,15.37719402,,,,,55.485581118025266,0.0,424.0,4.271442783333333,0.012778641666666682,-0.0013026138294257575
2022-09-04 12:25:54+00:00,15.55617489,,,,,37.169048267631645,0.0,426.0,4.321159691666667,-0.016800818287036983,0.0017126216398610583
2022-09-04 12:25:56+00:00,15.08994074,,,,,28.259652288416323,0.0,428.0,4.191650205555555,-0.02676370694444437,0.002728206620228784
2022-09-04 12:25:58+00:00,14.72194517,,,,,40.55039708846386,0.0,430.0,4.089429213888889,-0.004291491203703646,0.00043746087703401077
2022-09-04 12:26:00+00:00,15.0552316,,,,,72.5423587773646,0.0,432.0,4.182008777777778,0.04280876828703709,-0.004363788816211732
2022-09-04 12:26:02+00:00,15.40549161,,,,,94.99148648102005,0.0,434.0,4.279303225,0.07291441805555554,-0.007432662390984255
2022-09-04 12:26:04+00:00,16.25573309,,,,,85.63867141543956,0.0,436.0,4.515481413888889,0.04759371365740742,-0.004851550831540002
2022-09-04 12:26:06+00:00,16.67134654,,,,,36.52247753965571,0.0,438.0,4.630929594444444,-0.027039576851851765,0.0027563279155812196
2022-09-04 12:26:08+00:00,15.8454251,,,,,-14.863307794014192,0.0,440.0,4.401506972222222,-0.10179513657407398,0.0103766703949107
2022-09-04 12:26:10+00:00,14.64768988,,,,,-23.784284503637814,0.0,442.0,4.068802744444445,-0.11609484791666662,0.011834337198436963
2022-09-04 12:26:12+00:00,13.88183985,,,,,-4.80337894608954,0.0,444.0,3.856066625,-0.07554481875,0.007700797018348624
2022-09-04 12:26:14+00:00,13.61963436,,,,,21.345008268772617,0.0,446.0,3.7832317666666664,-0.02743399097222221,0.002796533228564955
2022-09-04 12:26:16+00:00,13.60994445,,,,,39.402296917440715,0.0,448.0,3.780540125,0.0038966773148148746,-0.0003972148129271024
2022-09-04 12:26:18+00:00,13.73443687,,,,,49.79231401108974,0.0,450.0,3.8151213527777776,0.020577537500000093,-0.002097608307849143
2022-09-04 12:26:20+00:00,13.9353738,,,,,56.66170737413575,0.0,452.0,3.8709371666666668,0.030101406712963057,-0.003068441051270444
2022-09-04 12:26:22+00:00,14.18315463,,,,,61.83804211042428,0.0,454.0,3.9397651750000002,0.0359498238425926,-0.0036646099737607132
2022-09-04 12:26:24+00:00,14.46160746,,,,,66.16362912816054,0.0,456.0,4.017113183333334,0.03978605370370366,-0.004055662966738395
2022-09-04 12:26:26+00:00,14.7612356,,,,,70.04418997273295,0.0,458.0,4.100343222222222,0.042438071759259254,-0.0043260011987012485
2022-09-04 12:26:28+00:00,15.07605035,,,,,73.6855937401853,0.0,460.0,4.187791763888889,0.04434181388888895,-0.004520062577868394
2022-09-04 12:26:30+00:00,15.40203644,,,,,77.19924197953657,0.0,462.0,4.2783434555555555,0.045743051388888976,-0.004662900243515696
2022-09-04 12:26:32+00:00,15.73637298,,,,,80.65012988136343,0.0,464.0,4.371214716666667,0.04679084490740737,-0.004769708960999731
2022-09-04 12:26:34+00:00,16.07701279,,,,,98.74909677587831,0.0,466.0,4.465836886111111,0.06908306203703703,-0.007042106221920186
2022-09-04 12:26:36+00:00,16.4224385,,,,,155.5855190711185,0.0,468.0,4.561788472222221,0.14585379328703707,-0.01486786883659909
2022-09-04 12:26:38+00:00,17.7003592,,,,,215.56377595964736,0.0,470.0,4.916766444444445,0.20283788449074083,-0.020676644698342593
2022-09-04 12:26:40+00:00,20.41391044,,,,,242.4132474571381,0.0,472.0,5.670530677777777,0.17968722129629644,-0.01831674019330239
2022-09-04 12:26:42+00:00,20.84813746,,,,,166.31628857418625,0.0,474.0,5.791149294444445,0.08507922615740748,-0.008672703991580783
2022-09-04 12:26:44+00:00,21.0371482,,,,,82.37250823778042,0.0,476.0,5.843652277777778,-0.011859331249999975,0.0012089022680937791
2022-09-04 12:26:46+00:00,20.75254401,,,,,39.57834755599592,0.0,478.0,5.764595558333333,-0.05734535879629632,0.00584560232378148
2022-09-04 12:26:48+00:00,19.99718078,,,,,22.825130264542043,0.0,480.0,5.554772438888889,-0.07062802847222223,0.007199595155170461
2022-09-04 12:26:50+00:00,19.41078538,,,,,37.5087467001432,0.0,482.0,5.391884827777778,-0.0484161428240741,0.004935386628345984
2022-09-04 12:26:52+00:00,19.327776,,,,,57.418452531566956,0.0,484.0,5.368826666666666,-0.02345011041666663,0.002390429196398229
2022-09-04 12:26:54+00:00,19.33037142,,,,,60.68266593757016,0.0,486.0,5.369547616666666,-0.01949596666666657,0.001987356439007805
2022-09-04 12:26:56+00:00,19.06454997,,,,,71.39416470258385,0.0,488.0,5.2957083250000005,-0.00364662013888876,0.00037172478480007744
2022-09-04 12:26:58+00:00,18.83178565,,,,,91.95338468806942,0.0,490.0,5.231051569444444,0.02453354305555559,-0.002500870851738592
2022-09-04 12:27:00+00:00,19.66882778,,,,,106.10605522466216,0.0,492.0,5.463563272222222,0.031607649074074096,-0.0032219825763582155
2022-09-04 12:27:02+00:00,19.78594267,,,,,80.91277208778536,0.0,494.0,5.496095186111111,0.0001371423611111385,-1.3979853324275076e-05
2022-09-04 12:27:04+00:00,19.47584339,,,,,58.6792937728769,0.0,496.0,5.409956497222223,-0.023345505092592627,0.0023797660644844674
2022-09-04 12:27:06+00:00,19.03069459,,,,,81.85499524362697,0.0,498.0,5.286304052777777,0.009662354166666609,-0.000984949456337065
2022-09-04 12:27:08+00:00,19.41555004,,,,,129.39360645172158,0.0,500.0,5.393208344444444,0.06305991226851852,-0.006428125613508514
2022-09-04 12:27:10+00:00,20.26364972,,,,,156.097803971177,0.0,502.0,5.628791588888888,0.08233539467592603,-0.008393006592856883
2022-09-04 12:27:12+00:00,20.96707647,,,,,140.87541764322145,0.0,504.0,5.824187908333333,0.0546521662037038,-0.005571066891305178
2022-09-04 12:27:14+00:00,21.03605721,,,,,112.19928620949574,0.0,506.0,5.843349225,0.021563156250000087,-0.002198079128440376
2022-09-04 12:27:16+00:00,21.00411613,,,,,97.45575789733536,0.0,508.0,5.834476702777778,0.005421828240740815,-0.0005526838165892777
2022-09-04 12:27:18+00:00,21.15813841,,,,,85.6311845429019,0.0,510.0,5.8772606694444445,-0.00954741111111109,0.0009732325291652486
2022-09-04 12:27:20+00:00,21.07921825,,,,,57.62938321950417,0.0,512.0,5.855338402777778,-0.03997690277777777,0.004075117510476837
2022-09-04 12:27:22+00:00,20.54850693,,,,,26.491726525723397,0.0,514.0,5.707918591666666,-0.07060257083333328,0.007197000084947327
2022-09-04 12:27:24+00:00,19.88674541,,,,,12.64240172785762,0.0,516.0,5.524095947222222,-0.08186283194444437,0.008344835060595756
2022-09-04 12:27:26+00:00,19.30058019,,,,,9.775795096498648,0.0,518.0,5.361272275,-0.08135481481481477,0.008293049420470414
2022-09-04 12:27:28+00:00,18.79067065,,,,,2.180874853053953,0.0,520.0,5.219630736111111,-0.08755082337962972,0.008924650701287432
2022-09-04 12:27:30+00:00,18.13005369,,,,,-11.260082845895615,0.0,522.0,5.036126025,-0.10458071412037047,0.010660623253860394
2022-09-04 12:27:32+00:00,17.27507634,,,,,-12.350172340646038,0.0,524.0,4.798632316666666,-0.10262860092592596,0.01046163108317288
2022-09-04 12:27:34+00:00,16.29828765,,,,,16.18000840860381,0.0,526.0,4.527302124999999,-0.05336619074074067,0.005439978668780904
2022-09-04 12:27:36+00:00,16.18888113,,,,,68.05621473979815,0.0,528.0,4.4969114249999995,0.022849775694444612,-0.0023292329963755976
2022-09-04 12:27:38+00:00,16.91082946,,,,,131.07903597263729,0.0,530.0,4.6974526277777775,0.10274105000000015,-0.010473093781855266
2022-09-04 12:27:40+00:00,17.64964484,,,,,180.0284991652032,0.0,532.0,4.902679122222223,0.15649741550925936,-0.015952845617661502
2022-09-04 12:27:42+00:00,19.2759373,,,,,213.42161365273947,0.0,534.0,5.354427027777778,0.16775184722222225,-0.017100086363121533
2022-09-04 12:27:44+00:00,20.58446164,,,,,202.0728180905564,0.0,536.0,5.717906011111111,0.13010843888888887,-0.013262837807226185
2022-09-04 12:27:46+00:00,21.22289246,,,,,145.94183071259926,0.0,538.0,5.895247905555555,0.05669964861111113,-0.005779780694302868
2022-09-04 12:27:48+00:00,21.32337424,,,,,91.98892739253004,0.0,540.0,5.923159511111111,-0.004346429629629574,0.00044306112432513495
2022-09-04 12:27:50+00:00,20.98644952,,,,,61.53970223241622,0.0,542.0,5.829569311111111,-0.03469802939814807,0.003537006054857091
2022-09-04 12:27:52+00:00,20.63313882,,,,,48.85374950305581,0.0,544.0,5.73142745,-0.04572818009259257,0.004661384311171516
2022-09-04 12:27:54+00:00,20.41417301,,,,,48.935244071292175,0.0,546.0,5.670603613888889,-0.04364549143518518,0.004449081695737531
2022-09-04 12:27:56+00:00,19.92019337,,,,,53.02039256295045,0.0,548.0,5.533387047222222,-0.03433071828703704,0.0034995635358855293
2022-09-04 12:27:58+00:00,19.81390974,,,,,64.17239165391332,0.0,550.0,5.503863816666667,-0.020078618287037053,0.002046750080228038
2022-09-04 12:28:00+00:00,19.75031506,,,,,74.30641114965502,0.0,552.0,5.486198627777777,-0.0073530574074074,0.0007495471363310295
2022-09-04 12:28:02+00:00,19.71665501,,,,,76.84161781204999,0.0,554.0,5.4768486138888886,-0.003966375231481393,0.0004043195954619157
2022-09-04 12:28:04+00:00,19.69979602,,,,,78.43913086988837,0.0,556.0,5.472165561111111,-0.0018741581018517268,0.00019104567806847367
2022-09-04 12:28:06+00:00,19.69308137,,,,,79.4362385484077,0.0,558.0,5.470300380555556,-0.000608172222222166,6.199512968625546e-05
2022-09-04 12:28:08+00:00,19.69292507,,,,,78.12612279578855,0.0,560.0,5.470256963888889,-0.002174089120370352,0.00022161968607241098
2022-09-04 12:28:10+00:00,19.69725292,,,,,67.08514096782115,0.0,562.0,5.471459144444444,-0.01542921805555549,0.001572805102503108
2022-09-04 12:28:12+00:00,19.60170382,,,,,44.85242144892332,0.0,564.0,5.444917727777778,-0.04118366944444433,0.004198131441839381
2022-09-04 12:28:14+00:00,19.1177604,,,,,25.806048360059627,0.0,566.0,5.3104890000000005,-0.06039620185185183,0.006156595499679085
2022-09-04 12:28:16+00:00,18.49328307,,,,,32.36162531254427,0.0,568.0,5.137023075,-0.04733639004629638,0.004825320086268744
2022-09-04 12:28:18+00:00,18.19655775,,,,,49.09323198791158,0.0,570.0,5.054599375,-0.023313517361111164,0.002376505337524074
2022-09-04 12:28:20+00:00,18.47797442,,,,,57.31806689003396,0.0,572.0,5.132770672222222,-0.015389525925925832,0.001568759013855844
2022-09-04 12:28:22+00:00,18.1259251,,,,,46.551933335562886,0.0,574.0,5.034979194444444,-0.025972646990740606,0.002647568500585179
2022-09-04 12:28:24+00:00,17.8990882,,,,,42.37252791206355,0.0,576.0,4.971968944444445,-0.029443825462962942,0.003001409323441686
2022-09-04 12:28:26+00:00,17.65342562,,,,,53.80144349690333,0.0,578.0,4.903729338888889,-0.012061461805555637,0.0012295068099445092
2022-09-04 12:28:28+00:00,17.67850064,,,,,57.49820033001966,0.0,580.0,4.910694622222222,-0.0073729534722222585,0.0007515752774946236
2022-09-04 12:28:30+00:00,17.82545751,,,,,39.293348862290784,0.0,582.0,4.9515159749999995,-0.03287695185185172,0.0033513712387208687
2022-09-04 12:28:32+00:00,17.40854472,,,,,13.136782937036742,0.0,584.0,4.8357068666666665,-0.0647656208333331,0.006602000084947309
2022-09-04 12:28:34+00:00,16.50309722,,,,,2.1857067004342703,0.0,586.0,4.584193672222223,-0.07467709236111097,0.007612343767697346
2022-09-04 12:28:36+00:00,16.20298611,,,,,5.067343179363751,0.0,588.0,4.500829475000001,-0.06891041597222221,0.007024507234681163
2022-09-04 12:28:38+00:00,15.80496573,,,,,6.844600029854494,0.0,590.0,4.390268258333333,-0.06410462939814825,0.006534620733756192
2022-09-04 12:28:40+00:00,15.12974624,,,,,-13.496790523450338,0.0,592.0,4.202707288888889,-0.09702963263888897,0.009890890177256776
2022-09-04 12:28:42+00:00,14.8070171,,,,,-36.61573344163514,0.0,594.0,4.113060305555555,-0.1415220039351852,0.014426300095329784
2022-09-04 12:28:44+00:00,13.00925461,,,,,-31.36095494808875,0.0,596.0,3.6136818361111107,-0.13197791458333327,0.013453406175671078
2022-09-04 12:28:46+00:00,11.81170679,,,,,6.44876163193535,0.0,598.0,3.281029663888889,-0.04438708402777769,0.00452467727092535
2022-09-04 12:28:48+00:00,12.42361064,,,,,64.91155644483568,0.0,600.0,3.4510029555555555,0.06357086481481485,-0.006480210480613134
2022-09-04 12:28:50+00:00,13.47513904,,,,,94.2012011789606,0.0,602.0,3.7430941777777775,0.10096934814814817,-0.010292492165968213
2022-09-04 12:28:52+00:00,14.09208372,,,,,87.5763277267017,0.0,604.0,3.9144677,0.08004952083333343,-0.008159991930003408
2022-09-04 12:28:54+00:00,14.50510955,,,,,79.98475804755813,0.0,606.0,4.029197097222222,0.061720334490740804,-0.00629157334258316
2022-09-04 12:28:56+00:00,14.85177943,,,,,80.81293676884236,0.0,608.0,4.1254942861111115,0.0584272384259259,-0.005955885670328838
2022-09-04 12:28:58+00:00,15.38176178,,,,,59.60521370228996,0.0,610.0,4.272711605555555,0.01904261111111109,-0.0019411428247819663
2022-09-04 12:29:00+00:00,15.73948819,,,,,17.384291474038143,0.0,612.0,4.372080052777777,-0.04796370555555548,0.004889266621361414
2022-09-04 12:29:02+00:00,14.44004159,,,,,-13.795091304610352,0.0,614.0,4.011122663888889,-0.09571566180555542,0.009756948196284955
2022-09-04 12:29:04+00:00,13.72146754,,,,,-6.1841382191089185,0.0,616.0,3.8115187611111114,-0.0779051157407407,0.007941398138709551
2022-09-04 12:29:06+00:00,13.26486584,,,,,45.6743768683352,0.0,618.0,3.6846849555555554,0.018247470601851796,-0.001860088746366136
2022-09-04 12:29:08+00:00,13.54916294,,,,,105.79169561095866,0.0,620.0,3.763656372222222,0.11991724675925919,-0.01222398030165741
2022-09-04 12:29:10+00:00,15.40063692,,,,,174.90241228948088,0.0,622.0,4.2779546999999996,0.1952505016203704,-0.01990321117434968
2022-09-04 12:29:12+00:00,16.76612152,,,,,206.68485181537812,0.0,624.0,4.657255977777777,0.21133002939814827,-0.021542306768414704
2022-09-04 12:29:14+00:00,18.48272893,,,,,192.60654921891157,0.0,626.0,5.1340913694444446,0.1570438155092594,-0.01600854388473592
2022-09-04 12:29:16+00:00,19.5965282,,,,,131.46392442142803,0.0,628.0,5.443480055555556,0.06300702800925928,-0.006422734761392383
2022-09-04 12:29:18+00:00,19.35452307,,,,,32.63990824945747,0.0,630.0,5.376256408333333,-0.05387412291666671,0.005491755648997626
2022-09-04 12:29:20+00:00,18.61623099,,,,,-22.76835361083638,0.0,632.0,5.1711752749999995,-0.12485566550925924,0.01272738690206516
2022-09-04 12:29:22+00:00,17.13566403,,,,,-33.45904408740243,0.0,634.0,4.759906675,-0.13789195370370358,0.014056264393853575
2022-09-04 12:29:24+00:00,16.42162249,,,,,-47.22212256895446,0.0,636.0,4.561561802777778,-0.16103700462962955,0.016415596802204845
2022-09-04 12:29:26+00:00,15.59219917,,,,,-52.47273496304126,0.0,638.0,4.331166436111111,-0.17117621018518517,0.017449154962811943
2022-09-04 12:29:28+00:00,13.20289725,,,,,-13.41415202889906,0.0,640.0,3.667471458333333,-0.0921909412037037,0.009397649460112508
2022-09-04 12:29:30+00:00,12.95957699,,,,,67.57457263673717,0.0,642.0,3.599882497222222,0.06121692916666669,-0.006240257815154606
2022-09-04 12:29:32+00:00,15.07159601,,,,,141.65295895031048,0.0,644.0,4.186554447222222,0.15065997199074074,-0.015357795309963378
2022-09-04 12:29:34+00:00,16.36807175,,,,,124.84570875286651,0.0,646.0,4.546686597222222,0.102617694212963,-0.010460519287763812
2022-09-04 12:29:36+00:00,16.30291328,,,,,68.0455601135955,0.0,648.0,4.528587022222221,0.02156842453703715,-0.002198616160758119
2022-09-04 12:29:38+00:00,16.16134411,,,,,50.40341342282292,0.0,650.0,4.489262252777778,-0.0025818712962962045,0.00026318769585078537
2022-09-04 12:29:40+00:00,16.21007959,,,,,65.48363888820151,0.0,652.0,4.502799886111111,0.01887440162037039,-0.0019239960877034034
2022-09-04 12:29:42+00:00,16.3493686,,,,,72.89982176963157,0.0,654.0,4.541491277777777,0.028050589583333358,-0.0028593873173632374
2022-09-04 12:29:44+00:00,16.93026294,,,,,67.54119485092706,0.0,656.0,4.7028508166666665,0.013997349768518593,-0.001426845032468766
2022-09-04 12:29:46+00:00,16.65294623,,,,,34.86258621509583,0.0,658.0,4.625818397222223,-0.029236415509259223,0.0029802666166421224
2022-09-04 12:29:48+00:00,16.51118747,,,,,0.3240439061014781,0.0,660.0,4.586440963888888,-0.07737677106481482,0.007887540373579492
2022-09-04 12:29:50+00:00,15.50543092,,,,,0.29500046525882734,0.0,662.0,4.307064144444444,-0.07241033935185186,0.007381278221391626
2022-09-04 12:29:52+00:00,14.73510174,,,,,22.728708086622824,0.0,664.0,4.093083816666667,-0.0329089379629629,0.0033546318005059023
2022-09-04 12:29:54+00:00,15.3009053,,,,,50.425313714247324,0.0,666.0,4.250251472222222,0.005771666898148194,-0.0005883452495563907
2022-09-04 12:29:56+00:00,15.29404697,,,,,55.426137942547186,0.0,668.0,4.248346380555556,0.01354374699074079,-0.001380606217200896
2022-09-04 12:29:58+00:00,15.1958217,,,,,39.71206175668374,0.0,670.0,4.221061583333333,-0.009808313194444454,0.000999828052440821
2022-09-04 12:30:00+00:00,15.42527521,,,,,42.80278915589703,0.0,672.0,4.284798669444444,-0.007089677083333412,0.0007226989891267494
2022-09-04 12:30:02+00:00,14.74595793,,,,,70.81222975537392,0.0,674.0,4.096099424999999,0.04385094907407405,-0.0044700253898138686
2022-09-04 12:30:04+00:00,15.43763669,,,,,136.50546692208988,0.0,676.0,4.288232413888888,0.13582446504629633,-0.01384551121776721
2022-09-04 12:30:06+00:00,17.07782122,,,,,181.67199532726036,0.0,678.0,4.7438392277777774,0.1698843483796297,-0.017317466705364902
2022-09-04 12:30:08+00:00,18.96102881,,,,,136.26803431124196,0.0,680.0,5.266952447222222,0.07806539236111125,-0.007957736224374234
2022-09-04 12:30:10+00:00,18.56156966,,,,,23.86475586653035,0.0,682.0,5.155991572222222,-0.05866611064814797,0.005980235540076245
2022-09-04 12:30:12+00:00,17.3263132,,,,,-27.050892256094304,0.0,684.0,4.812864777777778,-0.12752384513888881,0.012999372593158899
2022-09-04 12:30:14+00:00,16.17816085,,,,,-26.494085437737915,0.0,686.0,4.493933569444445,-0.12379598657407413,0.012619366623249147
2022-09-04 12:30:16+00:00,15.83540751,,,,,-5.223170791702541,0.0,688.0,4.398724308333333,-0.08405360949074081,0.0085681559113905
2022-09-04 12:30:18+00:00,14.70448873,,,,,28.542497877280837,0.0,690.0,4.084580202777778,-0.023377396296296243,0.0023830169517121552
2022-09-04 12:30:20+00:00,15.16886939,,,,,73.43465431136067,0.0,692.0,4.213574830555555,0.04281306134259274,-0.004364226436553795
2022-09-04 12:30:22+00:00,15.83479545,,,,,115.38890833906854,0.0,694.0,4.398554291666667,0.09725411087962976,-0.00991377277060446
2022-09-04 12:30:24+00:00,16.55462504,,,,,125.20948802687622,0.0,696.0,4.598506955555556,0.10016016550925932,-0.010210006677804213
2022-09-04 12:30:26+00:00,17.52011067,,,,,113.99827385642803,0.0,698.0,4.866697408333334,0.07017186851851846,-0.007153095669573747
2022-09-04 12:30:28+00:00,17.81047332,,,,,66.52727258645447,0.0,700.0,4.9473537,0.0032804011574073533,-0.0003343935940272531
2022-09-04 12:30:30+00:00,17.61037189,,,,,5.941955416648888,0.0,702.0,4.891769969444444,-0.07568966435185183,0.007715562115377352
2022-09-04 12:30:32+00:00,16.60607715,,,,,-15.208847421331573,0.0,704.0,4.612799208333334,-0.10496848796296292,0.010700151678181745
2022-09-04 12:30:34+00:00,15.45471334,,,,,0.7750152959944473,0.0,706.0,4.2929759277777775,-0.07143412546296295,0.007281766102238832
2022-09-04 12:30:36+00:00,15.43149319,,,,,43.91355609807747,0.0,708.0,4.286525886111111,-0.005449577083333342,0.0005555124447842346
2022-09-04 12:30:38+00:00,15.69900163,,,,,78.41300925611907,0.0,710.0,4.360833786111111,0.043902194212962965,-0.0044752491552459694
2022-09-04 12:30:40+00:00,16.12636713,,,,,100.7953941476845,0.0,712.0,4.479546425,0.0713842990740741,-0.0072766869596405815
2022-09-04 12:30:42+00:00,16.65641419,,,,,124.22640378419207,0.0,714.0,4.626781719444444,0.0971574050925927,-0.009903914892211284
2022-09-04 12:30:44+00:00,17.55788235,,,,,135.09086225402214,0.0,716.0,4.877189541666667,0.09794450439814828,-0.009984149276059966
2022-09-04 12:30:46+00:00,18.46468631,,,,,112.62133300277685,0.0,718.0,5.129079530555556,0.055314048148148255,-0.005638537018159862
2022-09-04 12:30:48+00:00,18.5492976,,,,,65.77579205605039,0.0,720.0,5.1525826666666665,-0.0053349886574074095,0.0005438316674217543
2022-09-04 12:30:50+00:00,18.05456582,,,,,21.32745515055696,0.0,722.0,5.015157172222223,-0.05825545949074077,0.0059383750755087426
2022-09-04 12:30:52+00:00,17.73753133,,,,,5.243751665971446,0.0,724.0,4.927092036111111,-0.07736942083333335,0.007886791114509007
2022-09-04 12:30:54+00:00,16.75981673,,,,,-4.063554010659105,0.0,726.0,4.655504647222222,-0.08617201898148145,0.00878409979423868
2022-09-04 12:30:56+00:00,16.50168771,,,,,-8.872002069329977,0.0,728.0,4.583802141666666,-0.09343121458333326,0.009524078958545693
2022-09-04 12:30:58+00:00,15.56777822,,,,,8.877565702576693,0.0,730.0,4.324382838888889,-0.05972107800925922,0.006087775536112051
2022-09-04 12:31:00+00:00,14.89334137,,,,,40.22306672066931,0.0,732.0,4.137039269444444,-0.006341417824074047,0.0006464238352776806
2022-09-04 12:31:02+00:00,15.7882125,,,,,86.70031377343862,0.0,734.0,4.385614583333333,0.055171347916666634,-0.0056239906133197385
2022-09-04 12:31:04+00:00,16.00730418,,,,,90.05986674821695,0.0,736.0,4.446473383333333,0.05726825370370366,-0.00583774247744176
2022-09-04 12:31:06+00:00,16.83721764,,,,,72.70687880378723,0.0,738.0,4.677004899999999,0.02223215625000004,-0.0022662748470948053
2022-09-04 12:31:08+00:00,16.31832479,,,,,50.731691513974475,0.0,740.0,4.532867997222222,-0.003603420833333204,0.00036732118586475066
2022-09-04 12:31:10+00:00,16.43762104,,,,,39.503291543466126,0.0,742.0,4.566005844444445,-0.020835606249999878,0.002123915010193667
2022-09-04 12:31:12+00:00,16.251233,,,,,26.050946434970427,0.0,744.0,4.514231388888889,-0.038749097916666586,0.003949959012911986
2022-09-04 12:31:14+00:00,16.00421124,,,,,7.232042965723642,0.0,746.0,4.445614233333333,-0.06464150879629627,0.006589348501151505
2022-09-04 12:31:16+00:00,15.07777356,,,,,16.13673275287457,0.0,748.0,4.188270433333334,-0.04561709606481482,0.004650060760939329
2022-09-04 12:31:18+00:00,14.8185673,,,,,40.49897651483608,0.0,750.0,4.116268694444444,-0.005237928703703765,0.0005339376864122084
2022-09-04 12:31:20+00:00,15.46621839,,,,,47.75069647710257,0.0,752.0,4.2961717749999995,8.001157407403851e-05,-8.156123758821458e-06
2022-09-04 12:31:22+00:00,15.38948789,,,,,16.99608267100685,0.0,754.0,4.274857747222222,-0.04628103402777769,0.004717740471740845
2022-09-04 12:31:24+00:00,14.51030947,,,,,-3.93530513632827,0.0,756.0,4.030641519444444,-0.0761283886574073,0.007760284266810122
2022-09-04 12:31:26+00:00,13.77513555,,,,,22.263617335754287,0.0,758.0,3.8264265416666667,-0.02693839467592581,0.002746013728432804
2022-09-04 12:31:28+00:00,13.79182434,,,,,78.66855823746342,0.0,760.0,3.8310623166666664,0.06931345046296307,-0.007065591280628243
2022-09-04 12:31:30+00:00,14.94423437,,,,,123.39093555958114,0.0,762.0,4.151176213888889,0.12434367337962975,-0.012675196063163072
2022-09-04 12:31:32+00:00,16.33555171,,,,,123.15453396901587,0.0,764.0,4.537653252777778,0.10070050879629633,-0.010265087542945599
2022-09-04 12:31:34+00:00,16.60305487,,,,,65.32782293906374,0.0,766.0,4.611959686111112,0.014405777777777703,-0.001468478876429939
2022-09-04 12:31:36+00:00,16.48326582,,,,,8.978519624939866,0.0,768.0,4.5786849499999995,-0.06486149768518523,0.006611773464341002
2022-09-04 12:31:38+00:00,15.41884986,,,,,-10.580194690725671,0.0,770.0,4.28301385,-0.09240629189814813,0.009419601620606333
2022-09-04 12:31:40+00:00,14.71774002,,,,,-2.648136536855692,0.0,772.0,4.088261116666667,-0.0744107324074073,0.007585191886585861
2022-09-04 12:31:42+00:00,14.37662886,,,,,27.5875488105049,0.0,774.0,3.9935080166666665,-0.02242478310185177,0.0022859106118095587
2022-09-04 12:31:44+00:00,14.31094318,,,,,59.415278423681464,0.0,776.0,3.9752619944444447,0.030480057407407446,-0.003107039491071095
2022-09-04 12:31:46+00:00,14.85689607,,,,,77.26669802643151,0.0,778.0,4.126915575,0.052735092129629645,-0.005375646496394459
2022-09-04 12:31:48+00:00,15.55421129,,,,,86.80676520799906,0.0,780.0,4.320614247222222,0.0584137078703704,-0.005954506408804322
2022-09-04 12:31:50+00:00,15.41151673,,,,,83.87804110745475,0.0,782.0,4.280976869444444,0.055836851157407476,-0.005691829883527775
2022-09-04 12:31:52+00:00,16.2797947,,,,,100.56750440912401,0.0,784.0,4.522165194444445,0.06889738356481483,-0.007023178752784386
2022-09-04 12:31:54+00:00,16.54346463,,,,,122.83789280270999,0.0,786.0,4.595406841666667,0.09695955486111112,-0.009883746672896137
2022-09-04 12:31:56+00:00,17.39863036,,,,,123.9294204277249,0.0,788.0,4.832952877777777,0.08534863101851857,-0.008700166260807194
2022-09-04 12:31:58+00:00,18.48133384,,,,,91.22309190890921,0.0,790.0,5.133703844444445,0.02780677222222235,-0.0028345333559859683
2022-09-04 12:32:00+00:00,18.02898635,,,,,28.94925872875577,0.0,792.0,5.008051763888889,-0.04811161319444438,0.004904343852644687
2022-09-04 12:32:02+00:00,17.1143612,,,,,-14.322428471533684,0.0,794.0,4.753989222222223,-0.10532147870370374,0.010736134424434631
2022-09-04 12:32:04+00:00,16.68718131,,,,,-22.989762776300186,0.0,796.0,4.635328141666666,-0.11882118055555557,0.01211225082115755
2022-09-04 12:32:06+00:00,15.273251,,,,,-7.9059184655514185,0.0,798.0,4.242569722222222,-0.08681171435185182,0.008849308292747382
2022-09-04 12:32:08+00:00,14.73702155,,,,,6.151205893940554,0.0,800.0,4.093617097222222,-0.059428881712962935,0.00605798998093404
2022-09-04 12:32:10+00:00,15.3142549,,,,,2.7895680435257053,0.0,802.0,4.253959694444444,-0.06765509467592594,0.006896543799788576
2022-09-04 12:32:12+00:00,14.07884972,,,,,-32.96269687255363,0.0,804.0,3.9107915888888884,-0.13444113842592587,0.013704499329859924
2022-09-04 12:32:14+00:00,13.00872274,,,,,-44.33861297386032,0.0,806.0,3.6135340944444443,-0.16100008171296287,0.01641183299826329
2022-09-04 12:32:16+00:00,11.23469653,,,,,-7.889346291870335,0.0,808.0,3.1207490361111114,-0.075623667824074,0.007708834640578388
2022-09-04 12:32:18+00:00,11.20320456,,,,,48.05954868334695,0.0,810.0,3.1120012666666663,0.045997523379629666,-0.004688840303733911
2022-09-04 12:32:20+00:00,12.61742545,,,,,97.91614743170882,0.0,812.0,3.504840402777778,0.12256664189814818,-0.012494051161890741
2022-09-04 12:32:22+00:00,13.61308683,,,,,99.91544547513767,0.0,814.0,3.7814130083333333,0.10861321620370375,-0.011071683608940239
2022-09-04 12:32:24+00:00,14.11969319,,,,,80.73641127152011,0.0,816.0,3.922136997222222,0.0682279141203704,-0.006954935180465891
2022-09-04 12:32:26+00:00,14.39302776,,,,,76.2086626562294,0.0,818.0,3.9980632666666667,0.05705108981481488,-0.005815605485709977
2022-09-04 12:32:28+00:00,14.78493041,,,,,81.98572799262472,0.0,820.0,4.106925113888889,0.06118254282407409,-0.006236752581455055
2022-09-04 12:32:30+00:00,15.41245669,,,,,97.38078886600461,0.0,822.0,4.281237969444445,0.07646848888888887,-0.007794952995809262
2022-09-04 12:32:32+00:00,15.74335011,,,,,120.80501796278168,0.0,824.0,4.373152808333333,0.10680461249999999,-0.010887320336391436
2022-09-04 12:32:34+00:00,16.73804678,,,,,159.8185996920536,0.0,826.0,4.649457438888889,0.14598495231481487,-0.014881238768074909
2022-09-04 12:32:36+00:00,18.07329958,,,,,196.6837207622503,0.0,828.0,5.020360994444444,0.1702372861111112,-0.017353444048023567
2022-09-04 12:32:38+00:00,19.38905716,,,,,216.9307515410024,0.0,830.0,5.385849211111111,0.16981790879629635,-0.017310694066900747
2022-09-04 12:32:40+00:00,20.44659049,,,,,198.7125974226393,0.0,832.0,5.679608469444444,0.12867071574074085,-0.013116280911390504
2022-09-04 12:32:42+00:00,21.70088953,,,,,114.5435156228318,0.0,834.0,6.028024869444445,0.015863563888888915,-0.001617080926492244
2022-09-04 12:32:44+00:00,21.32004213,,,,,-64.46351509035702,0.0,836.0,5.9222339250000005,-0.19393745300925927,0.019769363201759354
2022-09-04 12:32:46+00:00,19.20091148,,,,,-202.81308601582285,0.0,838.0,5.333586522222221,-0.3999742900462963,0.04077209888341451
2022-09-04 12:32:48+00:00,14.56847057,,,,,-202.14408052846318,0.0,840.0,4.046797380555556,-0.47214974997685183,0.04812943424840487
2022-09-04 12:32:50+00:00,11.17357176,,,,,-132.99483001211604,0.0,842.0,3.103769933333333,-0.401241460949074,0.0409012702292634
2022-09-04 12:32:52+00:00,8.950512651,,,,,-58.16404865740483,0.0,844.0,2.4862535141666666,-0.23710822256944442,0.024170053269056514
2022-09-04 12:32:54+00:00,7.485238286,,,,,-1.58578369806132,0.0,846.0,2.0792328572222223,-0.050501845648148115,0.005147996498282173
2022-09-04 12:32:56+00:00,8.013728829,,,,,62.018291778941546,0.0,848.0,2.226035785833333,0.13675339057870373,-0.013940202913221582
2022-09-04 12:32:58+00:00,9.92867585,,,,,140.12305262982696,0.0,850.0,2.7579655138888888,0.2816327209490741,-0.02870873811917167
2022-09-04 12:33:00+00:00,12.41482156,,,,,221.89903371442293,0.0,852.0,3.4485615444444444,0.3616578803472222,-0.036866246722448745
2022-09-04 12:33:02+00:00,15.2506791,,,,,306.0390294917921,0.0,854.0,4.23629975,0.4012103613425926,-0.04089810003492279
2022-09-04 12:33:04+00:00,18.31534601,,,,,396.39294784854786,0.0,856.0,5.087596113888888,0.42242230347222226,-0.04306037752010421
2022-09-04 12:33:06+00:00,21.36043901,,,,,434.9037396131381,0.0,858.0,5.933455280555555,0.37351683703703714,-0.03807511080907616
2022-09-04 12:33:08+00:00,24.55370516,,,,,371.7387520957379,0.0,860.0,6.820473655555555,0.22782738726851862,-0.02322399462472157
2022-09-04 12:33:10+00:00,25.14824731,,,,,194.66878272059958,0.0,862.0,6.985624252777777,0.04891011574074081,-0.004985740646354823
2022-09-04 12:33:12+00:00,24.36968084,,,,,57.35794886354045,0.0,864.0,6.769355788888889,-0.07206858055555547,0.0073464404236040235
2022-09-04 12:33:14+00:00,23.65738033,,,,,35.839983525857306,0.0,866.0,6.571494536111111,-0.08654013634259257,0.008821624499754594
2022-09-04 12:33:16+00:00,22.93120946,,,,,74.5089895318695,0.0,868.0,6.369780405555556,-0.04044146388888892,0.004122473383169105
2022-09-04 12:33:18+00:00,22.8481848,,,,,97.83956028349384,0.0,870.0,6.346717999999999,-0.015514243055555524,0.001581472278853774
2022-09-04 12:33:20+00:00,23.43180513,,,,,88.71851423690654,0.0,872.0,6.508834758333333,-0.0313774956018518,0.003198521468078675
2022-09-04 12:33:22+00:00,22.48656936,,,,,58.028060994946756,0.0,874.0,6.246269266666666,-0.053074328935185044,0.005410227210518353
2022-09-04 12:33:24+00:00,21.93731709,,,,,69.29820867370378,0.0,876.0,6.0936991916666665,-0.03567223449074064,0.003636313403745223
2022-09-04 12:33:26+00:00,22.04986183,,,,,115.70000420823975,0.0,878.0,6.124961619444445,0.012769519444444563,-0.001301683939290985
2022-09-04 12:33:28+00:00,22.32747213,,,,,135.9092243568134,0.0,880.0,6.2020755916666666,0.030654806481481594,-0.00312485285234267
2022-09-04 12:33:30+00:00,22.64805756,,,,,115.85216631705407,0.0,882.0,6.291127100000001,0.005526460185185174,-0.0005633496620983867
2022-09-04 12:33:32+00:00,22.663409,,,,,71.6632736145631,0.0,884.0,6.2953913888888895,-0.04060692291666668,0.004139339746856949
2022-09-04 12:33:34+00:00,21.95266804,,,,,31.67095325591244,0.0,886.0,6.097963344444444,-0.07621697916666674,0.007769314899762155
2022-09-04 12:33:36+00:00,21.26864258,,,,,21.01771711215743,0.0,888.0,5.907956272222223,-0.0823536414351852,0.008394866609091254
2022-09-04 12:33:38+00:00,20.75025048,,,,,28.679058740709618,0.0,890.0,5.763958466666666,-0.069702718287037,0.007105271996639857
2022-09-04 12:33:40+00:00,20.30814925,,,,,37.16398900680623,0.0,892.0,5.641152569444444,-0.056341037499999934,0.005743225025484193
2022-09-04 12:33:42+00:00,19.90200394,,,,,29.688363086747202,0.0,894.0,5.528334427777778,-0.06178609050925906,0.006298276300638029
2022-09-04 12:33:44+00:00,19.6829563,,,,,3.2800878054856604,0.0,896.0,5.4674878611111115,-0.09166866550925916,0.009344410347528967
2022-09-04 12:33:46+00:00,18.70628432,,,,,-10.116522402679099,0.0,898.0,5.19619008888889,-0.1055288576388889,0.010757273969305698
2022-09-04 12:33:48+00:00,17.54378252,,,,,32.62578026504189,0.0,900.0,4.873272922222222,-0.03945748634259268,0.004022169861630243
2022-09-04 12:33:50+00:00,17.48233107,,,,,122.3995724851217,0.0,902.0,4.856203075,0.08203146087962958,-0.008362024554498427
2022-09-04 12:33:52+00:00,19.20234614,,,,,218.6281390307836,0.0,904.0,5.333985038888889,0.17557872500000002,-0.017897933231396535
2022-09-04 12:33:54+00:00,20.59147981,,,,,250.18018302555902,0.0,906.0,5.7198555027777775,0.18503604259259265,-0.01886198191565674
2022-09-04 12:33:56+00:00,22.0196347,,,,,219.9551130149591,0.0,908.0,6.116565194444444,0.12471069143518532,-0.012712608708989328
2022-09-04 12:33:58+00:00,22.65859955,,,,,163.7237455194265,0.0,910.0,6.294055430555556,0.05518018657407416,-0.00562489159776495
2022-09-04 12:34:00+00:00,22.52272827,,,,,124.07023911384917,0.0,912.0,6.256313408333334,0.015670698611111072,-0.00159742085740174
2022-09-04 12:34:02+00:00,22.4721703,,,,,133.05714164076622,0.0,914.0,6.242269527777777,0.02573798124999993,-0.0026236474260958134
2022-09-04 12:34:04+00:00,22.88303813,,,,,162.44846698899792,0.0,916.0,6.356399480555555,0.0506160770833333,-0.005159640885151202
2022-09-04 12:34:06+00:00,23.41017048,,,,,162.02245788225983,0.0,918.0,6.502825133333333,0.04264619050925925,-0.00434721615792653
2022-09-04 12:34:08+00:00,23.77134262,,,,,122.06001155329984,0.0,920.0,6.603150727777777,-0.00208062453703702,0.00021209220561029766
2022-09-04 12:34:10+00:00,23.42618124,,,,,51.22515502002246,0.0,922.0,6.507272566666666,-0.06902867222222209,0.007036561898289713
2022-09-04 12:34:12+00:00,22.77714439,,,,,-2.9128653877537594,0.0,924.0,6.326984552777778,-0.11963645624999981,0.01219535741590212
2022-09-04 12:34:14+00:00,21.42233007,,,,,-12.991543722223081,0.0,926.0,5.950647241666667,-0.12429623124999996,0.012670359964322116
2022-09-04 12:34:16+00:00,20.60689888,,,,,37.49182648261477,0.0,928.0,5.724138577777778,-0.058481925231481546,0.005961460268244806
2022-09-04 12:34:18+00:00,20.22682956,,,,,107.14350542369785,0.0,930.0,5.618563766666666,0.025866162268518456,-0.002636713788839802
2022-09-04 12:34:20+00:00,21.44622573,,,,,156.5731701993906,0.0,932.0,5.957284925,0.06521929074074077,-0.006648245743194778
2022-09-04 12:34:22+00:00,21.70042143,,,,,159.13025005841874,0.0,934.0,6.027894841666666,0.06428437500000006,-0.006552943425076459
2022-09-04 12:34:24+00:00,21.95078037,,,,,140.7414311698485,0.0,936.0,6.0974389916666665,0.04088330532407414,-0.004167513284818974
2022-09-04 12:34:26+00:00,22.49935992,,,,,121.74144154788245,0.0,938.0,6.2498222,0.0135292895833334,-0.0013791324753652803
2022-09-04 12:34:28+00:00,22.41344603,,,,,84.24603603972989,0.0,940.0,6.225957230555555,-0.0248047194444444,0.0025285137048363304
2022-09-04 12:34:30+00:00,21.82222108,,,,,69.55735085035072,0.0,942.0,6.061728077777778,-0.03422080856481476,0.003488359690602932
2022-09-04 12:34:32+00:00,21.55635533,,,,,96.25216478515917,0.0,944.0,5.987876480555555,-0.0023300749999999684,0.00023752038735983365
2022-09-04 12:34:34+00:00,21.87811169,,,,,134.89836182400174,0.0,946.0,6.077253247222222,0.03558452847222223,-0.0036273729329482393
2022-09-04 12:34:36+00:00,22.25689618,,,,,153.59923725270815,0.0,948.0,6.182471161111111,0.050324942129629645,-0.005129963519839922
2022-09-04 12:34:38+00:00,22.65893186,,,,,155.58829549504182,0.0,950.0,6.2941477388888885,0.046715085648148226,-0.0047619863046022655
2022-09-04 12:34:40+00:00,22.94957266,,,,,153.03521306325655,0.0,952.0,6.374881294444444,0.039994315972222284,-0.004076892555782088
2022-09-04 12:34:42+00:00,23.20352691,,,,,147.17447492046003,0.0,954.0,6.445424141666667,0.03051001782407407,-0.003110093560048325
2022-09-04 12:34:44+00:00,23.44005558,,,,,132.10079390307325,0.0,956.0,6.511126549999999,0.012142287731481516,-0.0012377459461245174
2022-09-04 12:34:46+00:00,23.48648171,,,,,128.59830464652214,0.0,958.0,6.524022697222222,0.008028819444444557,-0.0008184321553969987
2022-09-04 12:34:48+00:00,23.19116469,,,,,145.2074123938845,0.0,960.0,6.441990191666667,0.02867974305555569,-0.002923521208517399
2022-09-04 12:34:50+00:00,23.7992628,,,,,168.29358843801012,0.0,962.0,6.610906333333333,0.04334783750000001,-0.004418739806320082
2022-09-04 12:34:52+00:00,24.36623939,,,,,148.63086445531755,0.0,964.0,6.7683998305555555,0.01623165856481475,-0.0016546033195529817
2022-09-04 12:34:54+00:00,24.18403359,,,,,73.55235400129067,0.0,966.0,6.717787108333333,-0.05446968217592596,0.005552465053611209
2022-09-04 12:34:56+00:00,23.50760155,,,,,19.627775000867647,0.0,968.0,6.529889319444444,-0.10147089050925928,0.010343617788915318
2022-09-04 12:34:58+00:00,22.30481037,,,,,18.11264013008651,0.0,970.0,6.195780658333333,-0.09348774189814817,0.00952984117208442
2022-09-04 12:35:00+00:00,21.86192014,,,,,56.37525044739689,0.0,972.0,6.072755594444444,-0.04883361759259256,0.004977942669989048
2022-09-04 12:35:02+00:00,21.79104455,,,,,98.39973014465725,0.0,974.0,6.053067930555555,-0.002714480787036918,0.000276705482878381
2022-09-04 12:35:04+00:00,21.91175509,,,,,121.82813095693172,0.0,976.0,6.086598636111111,0.021078011111111256,-0.002148624985842126
2022-09-04 12:35:06+00:00,22.13770985,,,,,140.7875939154273,0.0,978.0,6.149363847222222,0.03838199212962967,-0.003912537424019334
2022-09-04 12:35:08+00:00,22.42582492,,,,,138.51479730128398,0.0,980.0,6.229395811111111,0.032082715740740654,-0.003270409351757457
2022-09-04 12:35:10+00:00,22.93507678,,,,,117.51136030242097,0.0,982.0,6.37085466111111,0.003699085648148137,-0.0003770729508815634
2022-09-04 12:35:12+00:00,22.50036148,,,,,105.11184612142296,0.0,984.0,6.25010041111111,-0.00389879884259244,0.00039743107467812844
2022-09-04 12:35:14+00:00,22.22297379,,,,,134.03621560270923,0.0,986.0,6.173048275,0.030063333564814942,-0.003064559996413348
2022-09-04 12:35:16+00:00,22.9694998,,,,,178.82558838385702,0.0,988.0,6.380416611111111,0.06617394560185186,-0.006745560204062371
2022-09-04 12:35:18+00:00,23.76467447,,,,,198.10979932361485,0.0,990.0,6.601298463888888,0.07340879444444448,-0.007483057537659987
2022-09-04 12:35:20+00:00,23.81737525,,,,,175.3107673788793,0.0,992.0,6.615937569444444,0.050030146064814894,-0.005099912952580519
2022-09-04 12:35:22+00:00,24.54635826,,,,,155.89956679667858,0.0,994.0,6.818432850000001,0.020791970833333395,-0.002119466955487604
2022-09-04 12:35:24+00:00,24.34911832,,,,,125.26666925894497,0.0,996.0,6.763643977777777,-0.006148754861111105,0.0006267843895118354
2022-09-04 12:35:26+00:00,24.13114454,,,,,105.58788423919907,0.0,998.0,6.703095705555556,-0.022635241666666677,0.0023073640842677548
2022-09-04 12:35:28+00:00,23.96696276,,,,,106.01119215412925,0.0,1000.0,6.657489655555556,-0.0202913386574074,0.0020684341139049333
2022-09-04 12:35:30+00:00,23.95067138,,,,,91.72713480677729,0.0,1002.0,6.6529642722222215,-0.034152930787036996,0.003481440447200509
2022-09-04 12:35:32+00:00,23.65300565,,,,,71.45753900043884,0.0,1004.0,6.570279347222222,-0.05101854189814803,0.0052006668601578005
2022-09-04 12:35:34+00:00,22.96969504,,,,,67.23011607901917,0.0,1006.0,6.380470844444445,-0.04831006504629624,0.004924573399214703
2022-09-04 12:35:36+00:00,22.74393809,,,,,84.91416234322689,0.0,1008.0,6.3177605805555554,-0.02770785856481491,0.002824450414354221
2022-09-04 12:35:38+00:00,22.77274413,,,,,124.33426986376531,0.0,1010.0,6.325762258333333,0.012767219675925904,-0.0013014495082493275
2022-09-04 12:35:40+00:00,22.65297707,,,,,167.1406070687484,0.0,1012.0,6.292493630555555,0.05881607152777794,-0.0059955220721486175
2022-09-04 12:35:42+00:00,23.61219995,,,,,225.97339546805574,0.0,1014.0,6.558944430555556,0.10360085671296311,-0.01056073972609206
2022-09-04 12:35:44+00:00,24.44533656,,,,,229.05652239047254,0.0,1016.0,6.790371266666667,0.09269425925925927,-0.00944895609166761
2022-09-04 12:35:46+00:00,25.45594165,,,,,138.47231862281694,0.0,1018.0,7.071094902777777,-0.007721995138888975,0.0007871554677766539
2022-09-04 12:35:48+00:00,24.81362737,,,,,-19.757879172862598,0.0,1020.0,6.892674269444444,-0.15407026388888892,0.015705429550345453
2022-09-04 12:35:50+00:00,22.91031895,,,,,-136.91248106649186,0.0,1022.0,6.363977486111111,-0.29070503773148143,0.029633541053158147
2022-09-04 12:35:52+00:00,20.33512386,,,,,-206.80395754044608,0.0,1024.0,5.648645516666666,-0.3954806148148147,0.04031402801374258
2022-09-04 12:35:54+00:00,17.37598753,,,,,-242.71011533815604,0.0,1026.0,4.826663202777778,-0.48871768148148137,0.04981831615509494
2022-09-04 12:35:56+00:00,13.26319623,,,,,-204.79980653632697,0.0,1028.0,3.684221175,-0.5120802507870369,0.05219982169082945
2022-09-04 12:35:58+00:00,8.86964274,,,,,-110.4413708977252,0.0,1030.0,2.46378965,-0.41006961958333327,0.04180118446313285
2022-09-04 12:36:00+00:00,6.719601816,,,,,-40.62613377723715,0.0,1032.0,1.86655606,-0.21853775740740733,0.02227703949107108
2022-09-04 12:36:02+00:00,6.204574378,,,,,-0.4049000437736018,0.0,1034.0,1.7234928827777778,-0.043525508240740696,0.004436850992939928
2022-09-04 12:36:04+00:00,6.487433472,,,,,27.720801242357286,0.0,1036.0,1.8020648533333334,0.0585050471527778,-0.005963817242892742
2022-09-04 12:36:06+00:00,7.221509128,,,,,48.55880404347375,0.0,1038.0,2.0059747577777776,0.1147074956018519,-0.011692914944123537
2022-09-04 12:36:08+00:00,8.230085103,,,,,68.15000798410696,0.0,1040.0,2.2861347508333334,0.1489716399768519,-0.015185692148506819
2022-09-04 12:36:10+00:00,9.417286557,,,,,88.20310694648026,0.0,1042.0,2.6159129325,0.17130918979166665,-0.01746271047825348
2022-09-04 12:36:12+00:00,10.72723089,,,,,109.32766152744624,0.0,1044.0,2.979786358333333,0.1866798493055555,-0.019029546310454178
2022-09-04 12:36:14+00:00,12.12492034,,,,,142.46470497115422,0.0,1046.0,3.3680334277777773,0.21845509752314818,-0.02226861340704874
2022-09-04 12:36:16+00:00,13.58702081,,,,,174.75826255583195,0.0,1048.0,3.774172447222222,0.23885273125000003,-0.02434788290010194
2022-09-04 12:36:18+00:00,15.99475685,,,,,187.9589304249939,0.0,1050.0,4.442988013888889,0.2016602430555556,-0.02055659969985276
2022-09-04 12:36:20+00:00,17.17583237,,,,,169.4301752637614,0.0,1052.0,4.771064547222221,0.15114005208333345,-0.01540673313795448
2022-09-04 12:36:22+00:00,17.24783128,,,,,164.8113675637447,0.0,1054.0,4.791064244444445,0.14347628078703722,-0.014625512822327952
2022-09-04 12:36:24+00:00,18.86319663,,,,,202.48586159446103,0.0,1056.0,5.239776841666667,0.16223440555555568,-0.01653765601993432
2022-09-04 12:36:26+00:00,20.50556792,,,,,199.7433173330341,0.0,1058.0,5.695991088888889,0.12882291990740732,-0.013131796116963029
2022-09-04 12:36:28+00:00,20.92662205,,,,,129.5181538848363,0.0,1060.0,5.812950569444444,0.04243194143518506,-0.004325376293087162
2022-09-04 12:36:30+00:00,20.749556,,,,,78.94409688365828,0.0,1062.0,5.763765555555555,-0.012615125925925915,0.0012859455581983603
2022-09-04 12:36:32+00:00,20.45226842,,,,,57.19078318358146,0.0,1064.0,5.681185672222222,-0.03448005972222209,0.003514786923773913
2022-09-04 12:36:34+00:00,20.43494811,,,,,37.87205648468389,0.0,1066.0,5.676374475,-0.05659119236111099,0.005768725011326298
2022-09-04 12:36:36+00:00,19.75169136,,,,,15.863450288584268,0.0,1068.0,5.486580933333333,-0.07708970717592589,0.007858277999584698
2022-09-04 12:36:38+00:00,19.00539355,,,,,11.862720341387547,0.0,1070.0,5.279275986111111,-0.07683305393518518,0.007832115589723259
2022-09-04 12:36:40+00:00,18.55154763,,,,,28.95251247989257,0.0,1072.0,5.153207675,-0.05212989351851849,0.005313954487106879
2022-09-04 12:36:42+00:00,18.31590391,,,,,45.60904842927206,0.0,1074.0,5.087751086111111,-0.028884206018518488,0.0029443635085136073
2022-09-04 12:36:44+00:00,18.1891696,,,,,55.17027162628991,0.0,1076.0,5.052547111111111,-0.015373455324074045,0.0015671208281421043
2022-09-04 12:36:46+00:00,18.11997388,,,,,65.8100932253739,0.0,1078.0,5.033326077777778,-0.000875647222222183,8.926067504813283e-05
2022-09-04 12:36:48+00:00,18.08334439,,,,,63.839824891806494,0.0,1080.0,5.023151219444444,-0.00306455624999998,0.00031239105504586947
2022-09-04 12:36:50+00:00,18.38390116,,,,,23.814411521889685,0.0,1082.0,5.106639211111111,-0.057422576620370314,0.005853473661607575
2022-09-04 12:36:52+00:00,17.79285349,,,,,-26.048369404553632,0.0,1084.0,4.9424593027777775,-0.12722806018518515,0.01296922122173141
2022-09-04 12:36:54+00:00,15.92980947,,,,,-31.624994352830726,0.0,1086.0,4.424947075,-0.13267538958333336,0.013524504544682299
2022-09-04 12:36:56+00:00,15.04118388,,,,,-0.9963946527102676,0.0,1088.0,4.178106633333333,-0.07259233611111111,0.007399830388492468
2022-09-04 12:36:58+00:00,15.40399394,,,,,62.192723084033766,0.0,1090.0,4.278887205555555,0.022763100462963037,-0.0023203976007097897
2022-09-04 12:37:00+00:00,15.1826801,,,,,118.15976198821966,0.0,1092.0,4.217411138888889,0.11205817129629643,-0.011422851304413499
2022-09-04 12:37:02+00:00,16.77167919,,,,,173.26704155313595,0.0,1094.0,4.658799775,0.1642540604166667,-0.016743533171933406
2022-09-04 12:37:04+00:00,18.51441163,,,,,202.7555290363845,0.0,1096.0,5.142892119444444,0.16935910624999992,-0.017263925203873588
2022-09-04 12:37:06+00:00,19.16803782,,,,,203.95039285563726,0.0,1098.0,5.32445495,0.15821889675925924,-0.016128327906142634
2022-09-04 12:37:08+00:00,20.10263486,,,,,223.19263349491843,0.0,1100.0,5.584065238888888,0.16344090972222222,-0.016660643192887077
2022-09-04 12:37:10+00:00,22.0185123,,,,,242.36017537707292,0.0,1102.0,6.116253416666667,0.1487076472222222,-0.015158781572091967
2022-09-04 12:37:12+00:00,22.72458445,,,,,178.9213415956688,0.0,1104.0,6.312384569444443,0.0699813476851852,-0.007133674585645789
2022-09-04 12:37:14+00:00,22.97025859,,,,,84.07136974766131,0.0,1106.0,6.380627386111111,-0.031039457175925933,0.0031640629129384232
2022-09-04 12:37:16+00:00,22.17408279,,,,,28.729769989153006,0.0,1108.0,6.159467441666666,-0.08119311574074066,0.008276566334428201
2022-09-04 12:37:18+00:00,21.22810941,,,,,24.503138255905835,0.0,1110.0,5.8966970583333325,-0.07817386435185174,0.007968793511911492
2022-09-04 12:37:20+00:00,20.95919103,,,,,41.22901505513247,0.0,1112.0,5.821997508333333,-0.057265865277777585,0.005837499008947766
2022-09-04 12:37:22+00:00,20.80803941,,,,,21.617428630323083,0.0,1114.0,5.780010947222222,-0.07816142476851833,0.007967525460603295
2022-09-04 12:37:24+00:00,20.12026741,,,,,-24.280667057541194,0.0,1116.0,5.588963169444445,-0.13339395717592584,0.013597753025068892
2022-09-04 12:37:26+00:00,18.69045948,,,,,-44.76603436071089,0.0,1118.0,5.191794300000001,-0.1593811425925926,0.016246803526258163
2022-09-04 12:37:28+00:00,17.31415201,,,,,-27.091970573215907,0.0,1120.0,4.8094866694444445,-0.1275596069444445,0.013003018037150304
2022-09-04 12:37:30+00:00,16.72888945,,,,,10.138587960085223,0.0,1122.0,4.646913736111111,-0.06467769097222231,0.006593036796352937
2022-09-04 12:37:32+00:00,16.57126242,,,,,45.69486829233568,0.0,1124.0,4.60312845,-0.013170447222222234,0.0013425532336617974
2022-09-04 12:37:34+00:00,16.63927282,,,,,65.93189700448119,0.0,1126.0,4.622020227777777,0.014873205092592712,-0.0015161269207535893
2022-09-04 12:37:36+00:00,16.83480532,,,,,78.777798004295,0.0,1128.0,4.676334811111111,0.030756751388889076,-0.0031352447898969496
2022-09-04 12:37:38+00:00,17.10786901,,,,,94.22144555423128,0.0,1130.0,4.752185836111112,0.04883461134259263,-0.004978043969683244
2022-09-04 12:37:40+00:00,17.43135789,,,,,128.0327833229516,0.0,1132.0,4.842043858333334,0.09040410393518501,-0.009215504988296127
2022-09-04 12:37:42+00:00,18.15237546,,,,,167.17073000631606,0.0,1134.0,5.042326516666666,0.13036626342592575,-0.01328911961528295
2022-09-04 12:37:44+00:00,19.69575616,,,,,190.4227919466089,0.0,1136.0,5.471043377777777,0.13214487222222224,-0.01347042530297882
2022-09-04 12:37:46+00:00,20.47529332,,,,,165.87824010017613,0.0,1138.0,5.687581477777777,0.09038116458333349,-0.009213166624193017
2022-09-04 12:37:48+00:00,20.81709851,,,,,125.43244908155104,0.0,1140.0,5.782527363888889,0.03928162199074092,-0.004004242812511816
2022-09-04 12:37:50+00:00,20.93549942,,,,,102.18317067977489,0.0,1142.0,5.815416505555556,0.011546141666666787,-0.001176976724430865
2022-09-04 12:37:52+00:00,20.93251613,,,,,88.73697970489306,0.0,1144.0,5.814587813888889,-0.0035544627314814483,0.00036233055366783365
2022-09-04 12:37:54+00:00,20.85866902,,,,,80.1805774946694,0.0,1146.0,5.794074727777778,-0.01238947500000002,0.0012629434250764546
2022-09-04 12:37:56+00:00,20.74037612,,,,,74.16863349955355,0.0,1148.0,5.761215588888889,-0.01794205347222222,0.0018289555017555778
2022-09-04 12:37:58+00:00,20.59241411,,,,,69.56835931907098,0.0,1150.0,5.720115030555555,-0.021654700462962917,0.0022074108524936715
2022-09-04 12:38:00+00:00,20.42367433,,,,,65.81419395616014,0.0,1152.0,5.673242869444445,-0.024257842129629597,0.0024727667818174918
2022-09-04 12:38:02+00:00,20.23988775,,,,,62.60854252778503,0.0,1154.0,5.6221910416666665,-0.02614449305555555,0.0026650859383848674
2022-09-04 12:38:04+00:00,20.0449637,,,,,62.72525738907616,0.0,1156.0,5.568045472222222,-0.02408392569444447,0.0024550382970891407
2022-09-04 12:38:06+00:00,19.84168264,,,,,70.32418247811262,0.0,1158.0,5.511578511111111,-0.01305002916666668,0.0013302782025144423
2022-09-04 12:38:08+00:00,19.78145385,,,,,80.47221744949111,0.0,1160.0,5.494848291666666,-0.000338307870370295,3.4486021444474514e-05
2022-09-04 12:38:10+00:00,19.93963634,,,,,81.45823450995617,0.0,1162.0,5.538787872222222,-0.0009053650462961249,9.22900149129587e-05
2022-09-04 12:38:12+00:00,19.9323951,,,,,74.52223493527536,0.0,1164.0,5.536776416666667,-0.009025321527777611,0.0009200123881526616
2022-09-04 12:38:14+00:00,19.65162962,,,,,75.72108879608427,0.0,1166.0,5.458786005555556,-0.0046101439814814444,0.0004699433212519311
2022-09-04 12:38:16+00:00,19.67956668,,,,,98.58262239535763,0.0,1168.0,5.4665463,0.022464625231481405,-0.002289971990976698
2022-09-04 12:38:18+00:00,19.99330654,,,,,129.13424806737902,0.0,1170.0,5.553696261111111,0.05469454907407404,-0.005575387265450972
2022-09-04 12:38:20+00:00,20.56118999,,,,,152.39560472924964,0.0,1172.0,5.7114416638888885,0.07358702824074075,-0.007501226120360932
2022-09-04 12:38:22+00:00,21.13281083,,,,,166.26548186456128,0.0,1174.0,5.870225230555556,0.08064190740740744,-0.008220377921244387
2022-09-04 12:38:24+00:00,21.71902201,,,,,176.012155520717,0.0,1176.0,6.033061669444444,0.08232717407407404,-0.008392168611016722
2022-09-04 12:38:26+00:00,22.31920492,,,,,186.41715053998948,0.0,1178.0,6.199779144444444,0.08408907569444446,-0.008571771222675276
2022-09-04 12:38:28+00:00,22.93132982,,,,,197.1615093115114,0.0,1180.0,6.369813838888888,0.08559181041666675,-0.008724955190282033
2022-09-04 12:38:30+00:00,23.55315109,,,,,193.8012665083236,0.0,1182.0,6.542541969444445,0.07241053634259269,-0.007381298301997215
2022-09-04 12:38:32+00:00,24.18264205,,,,,151.57291500215754,0.0,1184.0,6.717400569444444,0.02156831203703709,-0.002198604692868205
2022-09-04 12:38:34+00:00,24.19602786,,,,,75.88071752224596,0.0,1186.0,6.72111885,-0.05232745208333334,0.00533409297485559
2022-09-04 12:38:36+00:00,23.22020413,,,,,-8.333895204294047,0.0,1188.0,6.450056702777777,-0.12950922847222215,0.013201756215313165
2022-09-04 12:38:38+00:00,22.25504308,,,,,-64.52199665955561,0.0,1190.0,6.181956411111111,-0.19662020254629622,0.020042834102578615
2022-09-04 12:38:40+00:00,20.52882816,,,,,-90.10119606607594,0.0,1192.0,5.702452266666667,-0.2285366997685185,0.02329629967059312
2022-09-04 12:38:42+00:00,18.39341108,,,,,-74.02455284496659,0.0,1194.0,5.109280855555555,-0.20507767754629624,0.020904962033261594
2022-09-04 12:38:44+00:00,17.2090507,,,,,-28.171502513840387,0.0,1196.0,4.7802918611111105,-0.12910127939814806,0.013160171192471768
2022-09-04 12:38:46+00:00,16.71546487,,,,,35.8496015266145,0.0,1198.0,4.643184686111112,-0.028352199537036937,0.0028901324706459668
2022-09-04 12:38:48+00:00,16.6295991,,,,,107.43211125869512,0.0,1200.0,4.619333083333333,0.07378184004629636,-0.007521084612262625
2022-09-04 12:38:50+00:00,17.74804766,,,,,172.88942056475693,0.0,1202.0,4.930013238888889,0.14514766828703707,-0.01479588871427493
2022-09-04 12:38:52+00:00,19.3638434,,,,,198.0880375104949,0.0,1204.0,5.378845388888889,0.14738284282407418,-0.015023735252199202
2022-09-04 12:38:54+00:00,20.25159984,,,,,152.75785557688303,0.0,1206.0,5.6254444,0.07863273287037038,-0.008015569099935818
2022-09-04 12:38:56+00:00,20.49298573,,,,,86.11217300170213,0.0,1208.0,5.692496036111112,-0.0016138988425926277,0.0001645156822214707
2022-09-04 12:38:58+00:00,20.01583939,,,,,49.86997299642653,0.0,1210.0,5.559955386111111,-0.038930049768518514,0.0039684046654962805
2022-09-04 12:39:00+00:00,19.52988342,,,,,87.01116424663103,0.0,1212.0,5.424967616666667,0.0103156280092593,-0.0010515421008419265
2022-09-04 12:39:02+00:00,19.532924,,,,,192.21838724601605,0.0,1214.0,5.4258122222222225,0.13719815208333339,-0.013985540477404013
2022-09-04 12:39:04+00:00,21.42153625,,,,,301.4867338488002,0.0,1216.0,5.950426736111111,0.22498582662037034,-0.022934335027560687
2022-09-04 12:39:06+00:00,24.05114673,,,,,324.9598129321506,0.0,1218.0,6.6808740916666665,0.19322919699074073,-0.01969716585022841
2022-09-04 12:39:08+00:00,24.7310484,,,,,211.23529510245427,0.0,1220.0,6.869735666666666,0.07099030069444452,-0.0072365240259372595
2022-09-04 12:39:10+00:00,24.57091316,,,,,127.9718522242604,0.0,1222.0,6.825253655555556,-0.0063269613425925115,0.0006449501878279828
2022-09-04 12:39:12+00:00,23.96855081,,,,,140.76118369482236,0.0,1224.0,6.657930780555556,0.013852921527777876,-0.0014121224798958078
2022-09-04 12:39:14+00:00,24.54031959,,,,,172.38969099776804,0.0,1226.0,6.8167554416666665,0.03670847662037043,-0.0037419446096198196
2022-09-04 12:39:16+00:00,25.36008818,,,,,148.5765810597264,0.0,1228.0,7.0444689388888895,0.0029043703703704273,-0.0002960622192018784
2022-09-04 12:39:18+00:00,24.76518198,,,,,70.10907486865398,0.0,1230.0,6.8792172166666665,-0.06382753842592588,0.006506374966964921
2022-09-04 12:39:20+00:00,23.86915722,,,,,-11.556842704991478,0.0,1232.0,6.63032145,-0.13787995879629625,0.014055041671385958
2022-09-04 12:39:22+00:00,23.27390089,,,,,-41.97393027138905,0.0,1234.0,6.464972469444445,-0.17191921365740737,0.01752489435855325
2022-09-04 12:39:24+00:00,20.89495505,,,,,-17.631301795309046,0.0,1236.0,5.804154180555556,-0.12774936921296295,0.013022361795409066
2022-09-04 12:39:26+00:00,20.31247412,,,,,52.77247595814774,0.0,1238.0,5.642353922222222,-0.03827065023148146,0.0039011875873069786
2022-09-04 12:39:28+00:00,21.31181124,,,,,125.00068890593205,0.0,1240.0,5.919947566666667,0.032284789351851896,-0.0032910080888737914
2022-09-04 12:39:30+00:00,21.20375261,,,,,102.86310234794584,0.0,1242.0,5.8899312805555555,0.009098314120370396,-0.0009274530194057488
2022-09-04 12:39:32+00:00,21.39837946,,,,,86.71994138952198,0.0,1244.0,5.943994294444445,-0.011000509953703793,0.0011213567740778587
2022-09-04 12:39:34+00:00,20.61895307,,,,,99.47235154821492,0.0,1246.0,5.727486963888889,0.012248384490740652,-0.0012485611101672428
2022-09-04 12:39:36+00:00,21.42138875,,,,,110.3153613638184,0.0,1248.0,5.950385763888888,0.014699607407407464,-0.0014984309283799656
2022-09-04 12:39:38+00:00,21.70987353,,,,,87.75223443926875,0.0,1250.0,6.030520425,-0.013327162962962805,0.00135852833465472
2022-09-04 12:39:40+00:00,20.94248204,,,,,55.240914862166164,0.0,1252.0,5.817356122222223,-0.041354967361110995,0.004215593003171355
2022-09-04 12:39:42+00:00,20.52212634,,,,,55.41380595830118,0.0,1254.0,5.70059065,-0.037187421759259265,0.003790766744063126
2022-09-04 12:39:44+00:00,20.82260135,,,,,46.64737062880735,0.0,1256.0,5.784055930555556,-0.04994748935185186,0.005091487191829954
2022-09-04 12:39:46+00:00,20.2232576,,,,,-26.82326858062416,0.0,1258.0,5.617571555555555,-0.13751533333333324,0.01401787291879034
2022-09-04 12:39:48+00:00,19.08361924,,,,,-98.32102766334843,0.0,1260.0,5.3010053444444445,-0.24188152268518512,0.02465662820440215
2022-09-04 12:39:50+00:00,16.32044605,,,,,-113.07488842760783,0.0,1262.0,4.533457236111111,-0.27842462268518514,0.02838171485068146
2022-09-04 12:39:52+00:00,14.27613112,,,,,-90.21074783558343,0.0,1264.0,3.9655919777777777,-0.2510212486111111,0.025588302610714687
2022-09-04 12:39:54+00:00,13.00280202,,,,,-86.4776248994809,0.0,1266.0,3.61188945,-0.2552981787962963,0.02602427918412806
2022-09-04 12:39:56+00:00,11.55714533,,,,,-106.42346445994852,0.0,1268.0,3.2103181472222224,-0.324214215462963,0.03304935937441009
2022-09-04 12:39:58+00:00,8.010550516,,,,,-86.9858980791985,0.0,1270.0,2.225152921111111,-0.36149359300925926,0.03684949979707026
2022-09-04 12:40:00+00:00,5.262328516,,,,,-47.75527306154113,0.0,1272.0,1.4617579211111111,-0.3039539318518518,0.03098409091252312
2022-09-04 12:40:02+00:00,3.681095616,,,,,-0.0,21.977589447744304,1274.0,1.02252656,-0.19408435881944439,0.019784338309831232
2022-09-04 12:40:04+00:00,2.755790374,,,,,-0.0,8.703223268618771,1276.0,0.7654973261111111,-0.11953369930555552,0.01218488270189149
2022-09-04 12:40:06+00:00,2.132644357,,,,,-0.0,3.573674341804468,1278.0,0.5924012102777778,-0.08024910048611107,0.008180336440989915
2022-09-04 12:40:08+00:00,1.646923965,,,,,-0.0,1.3582848489567139,1280.0,0.4574788791666667,-0.05768545752314811,0.005880270899403477
2022-09-04 12:40:10+00:00,1.323200884,,,,,-0.0,0.31608929336941327,1282.0,0.36755580111111114,-0.042197909282407374,0.004301519804526746
2022-09-04 12:40:12+00:00,1.073222082,,,,,0.3875809001160041,0.0,1284.0,0.298117245,-0.027341162777777744,0.0027870706195492092
2022-09-04 12:40:14+00:00,0.883396559,,,,,0.7609815515330927,0.0,1286.0,0.24538793305555556,-0.015495081435185146,0.001579519004606029
2022-09-04 12:40:16+00:00,0.905590058,,,,,0.9717112855770136,0.0,1288.0,0.2515527938888889,-0.010515448449074033,0.0010719111568882806
2022-09-04 12:40:18+00:00,0.82144539,,,,,0.8146752396680589,0.0,1290.0,0.22817927500000001,-0.012407664814814779,0.00126479763657643
2022-09-04 12:40:20+00:00,0.680905878,,,,,0.6121973121519205,0.0,1292.0,0.18914052166666667,-0.014558551365740706,0.0014840521269868202
2022-09-04 12:40:22+00:00,0.572069619,,,,,0.6644151111670423,0.0,1294.0,0.1589082275,-0.00835598418981478,0.000851782282346053
2022-09-04 12:40:24+00:00,0.52603641,,,,,0.7707156368973864,0.0,1296.0,0.146121225,-0.0011915613888888548,0.00012146395401517377
2022-09-04 12:40:26+00:00,0.615336341,,,,,0.975187919404126,0.0,1298.0,0.17092676138888888,0.0016124694444444795,-0.0001643699739494882
2022-09-04 12:40:28+00:00,0.586163704,,,,,0.8833915757733921,0.0,1300.0,0.1628232511111111,-0.0002137470833332942,2.1788693510019796e-05
2022-09-04 12:40:30+00:00,0.581601005,,,,,0.818112094649951,0.0,1302.0,0.1615558347222222,-0.002579134189814774,0.0002629086839770412
2022-09-04 12:40:32+00:00,0.550537872,,,,,0.8754234843883372,0.0,1304.0,0.1529271866666667,0.0017494967361111498,-0.00017833809746291027
2022-09-04 12:40:34+00:00,0.539543576,,,,,0.9164606353502305,0.0,1306.0,0.14987321555555555,0.004307086388888923,-0.00043905060029448753
2022-09-04 12:40:36+00:00,0.703799392,,,,,1.0714195009746683,0.0,1308.0,0.1954998311111111,0.0001224422685185527,-1.2481372937671018e-05
2022-09-04 12:40:38+00:00,0.614405617,,,,,0.7436157504842983,0.0,1310.0,0.17066822694444442,-0.007212021620370333,0.0007351703996300033
2022-09-04 12:40:40+00:00,0.480965337,,,,,0.5716509338585173,0.0,1312.0,0.1336014825,-0.007701967569444405,0.0007851139214520291
2022-09-04 12:40:42+00:00,0.450818297,,,,,0.7271651704376875,0.0,1314.0,0.1252273047222222,0.002303735254629668,-0.00023483539802545035
2022-09-04 12:40:44+00:00,0.534661713,,,,,1.0092342164492123,0.0,1316.0,0.1485171425,0.008762076018518555,-0.0008931779835390984
2022-09-04 12:40:46+00:00,0.660230604,,,,,1.2118015565160387,0.0,1318.0,0.18339739,0.007509059398148184,-0.0007654494799335559
2022-09-04 12:40:48+00:00,0.650074714,,,,,1.2241825675671183,0.0,1320.0,0.18057630944444444,0.008635566643518553,-0.0008802820227847659
2022-09-04 12:40:50+00:00,0.659796662,,,,,1.3329037256174776,0.0,1322.0,0.18327685055555554,0.011862572754629664,-0.0012092326967002714
2022-09-04 12:40:52+00:00,0.908152134,,,,,1.8948246597918545,0.0,1324.0,0.25226448166666665,0.013364333888888925,-0.001362317419866353
2022-09-04 12:40:54+00:00,0.914616327,,,,,1.8032336579630597,0.0,1326.0,0.2540600908333333,0.010655336180555594,-0.0010861708644806926
2022-09-04 12:40:56+00:00,0.972594273,,,,,1.845776143996709,0.0,1328.0,0.2701650758333333,0.00889971027777782,-0.0009072079793861181
2022-09-04 12:40:58+00:00,1.055665046,,,,,2.143934872729297,0.0,1330.0,0.29324029055555556,0.012009950393518562,-0.0012242559014799756
2022-09-04 12:41:00+00:00,1.151570899,,,,,2.4181884007627343,0.0,1332.0,0.3198808052777778,0.01360353571759263,-0.0013867008886434891
2022-09-04 12:41:02+00:00,1.254469558,,,,,2.6826211756398,0.0,1334.0,0.34846376611111113,0.01447353905092596,-0.0014753862437233394
2022-09-04 12:41:04+00:00,1.361462504,,,,,2.943417435058586,0.0,1336.0,0.37818402888888886,0.01498404180555559,-0.0015274252605051567
2022-09-04 12:41:06+00:00,1.471030328,,,,,3.2033777164004373,0.0,1338.0,0.4086195355555556,0.015305742800925962,-0.001560218430267682
2022-09-04 12:41:08+00:00,1.582320735,,,,,3.4637333602596705,0.0,1340.0,0.43953353749999996,0.015521310601851893,-0.0015821927219013142
2022-09-04 12:41:10+00:00,1.694819416,,,,,3.7249851080759475,0.0,1342.0,0.4707831711111111,0.015672694907407442,-0.001597624353456416
2022-09-04 12:41:12+00:00,1.808194034,,,,,3.987309254554749,0.0,1344.0,0.5022761205555556,0.01578252752314818,-0.0016088203387510885
2022-09-04 12:41:14+00:00,1.922217449,,,,,4.25075261742127,0.0,1346.0,0.5339492913888888,0.01586391988425928,-0.0016171172155208236
2022-09-04 12:41:16+00:00,2.036727891,,,,,4.515322074281416,0.0,1348.0,0.5657577475,0.015925036689814848,-0.00162334726705554
2022-09-04 12:41:18+00:00,2.151606898,,,,,4.78102234599394,0.0,1350.0,0.5976685827777777,0.015971296250000055,-0.001628062818552503
2022-09-04 12:41:20+00:00,2.26676617,,,,,5.04786937268303,0.0,1352.0,0.6296572694444444,0.016006476828703764,-0.0016316490141390176
2022-09-04 12:41:22+00:00,2.382139168,,,,,5.315892923126735,0.0,1354.0,0.6617053244444445,0.01603330668981487,-0.0016343839643032485
2022-09-04 12:41:24+00:00,2.49767542,,,,,5.5851349877066685,0.0,1356.0,0.6937987277777778,0.01605380152777781,-0.0016364731424849959
2022-09-04 12:41:26+00:00,2.613336497,,,,,5.855646987041774,0.0,1358.0,0.7259268047222223,0.016069472106481502,-0.0016380705511194191
2022-09-04 12:41:28+00:00,2.729093067,,,,,6.1274869905672205,0.0,1360.0,0.7580814075,0.016081460625000026,-0.0016392926223241617
2022-09-04 12:41:30+00:00,2.844922716,,,,,6.4007174589286135,0.0,1362.0,0.79025631,0.01609063520833337,-0.0016402278499830143
2022-09-04 12:41:32+00:00,2.9608083,,,,,6.6754035067565445,0.0,1364.0,0.82244675,0.01609765768518522,-0.001640943698795639
2022-09-04 12:41:34+00:00,3.076736705,,,,,6.951611681415768,0.0,1366.0,0.8546490847222222,0.01610303347222225,-0.0016414916893192914
2022-09-04 12:41:36+00:00,3.19269789,,,,,7.229409112141042,0.0,1368.0,0.8868605249999999,0.016107148958333362,-0.0016419112088005465
2022-09-04 12:41:38+00:00,3.308684172,,,,,7.508862990256086,0.0,1370.0,0.9190789366666666,0.016110299699074116,-0.0016422323852267192
2022-09-04 12:41:40+00:00,3.424689668,,,,,7.790040241880909,0.0,1372.0,0.9513026855555555,0.016112711921296347,-0.0016424782794389752
2022-09-04 12:41:42+00:00,3.540709874,,,,,8.073007335234527,0.0,1374.0,0.9835305205555556,0.016114558726851903,-0.0016426665368860247
2022-09-04 12:41:44+00:00,3.656741343,,,,,8.357830220049795,0.0,1376.0,1.0157614841666667,0.016115972685185238,-0.0016428106712727051
2022-09-04 12:41:46+00:00,3.772781434,,,,,8.644574283868613,0.0,1378.0,1.0479948427777779,0.01611705525462968,-0.0016429210249367665
2022-09-04 12:41:48+00:00,3.888828128,,,,,8.933304387424188,0.0,1380.0,1.0802300355555556,0.016117884097222257,-0.0016430055144976816
2022-09-04 12:41:50+00:00,4.004879876,,,,,9.2240848875132,0.0,1382.0,1.1124666322222223,0.016118518657407432,-0.0016430701995318482
2022-09-04 12:41:52+00:00,4.120935494,,,,,9.516979712838896,0.0,1384.0,1.1447043038888889,0.016119004490740774,-0.0016431197238267862
2022-09-04 12:41:54+00:00,4.236994074,,,,,9.812052396171639,0.0,1386.0,1.1769427983333334,0.016119376458333372,-0.001643157641012576
2022-09-04 12:41:56+00:00,4.353054924,,,,,10.109366143776782,0.0,1388.0,1.2091819233333334,0.016119661250000028,-0.0016431866717635094
2022-09-04 12:41:58+00:00,4.469117509,,,,,10.408983862727466,0.0,1390.0,1.2414215302777778,0.016119879305555567,-0.0016432088996488855
2022-09-04 12:42:00+00:00,4.585181425,,,,,10.710968230959175,0.0,1392.0,1.2736615069444444,0.01612004625000002,-0.0016432259174311945
2022-09-04 12:42:02+00:00,4.701246359,,,,,11.015381719989508,0.0,1394.0,1.3059017663888888,0.016120174074074105,-0.0016432389474081656
2022-09-04 12:42:04+00:00,4.817312072,,,,,11.32228662895057,0.0,1396.0,1.3381422422222222,0.016120271921296336,-0.001643248921640809
2022-09-04 12:42:06+00:00,4.933378382,,,,,11.631745130632467,0.0,1398.0,1.3703828838888887,0.016120346828703763,-0.0016432565574621572
2022-09-04 12:42:08+00:00,5.049445149,,,,,11.943819283551242,0.0,1400.0,1.4026236525,0.01612040418981488,-0.0016432624046702222
2022-09-04 12:42:10+00:00,5.165512265,,,,,12.2585710442942,0.0,1402.0,1.4348645180555557,0.016120448101851908,-0.0016432668809227224
2022-09-04 12:42:12+00:00,5.28157965,,,,,12.576062310699603,0.0,1404.0,1.4671054583333334,0.016120481736111136,-0.0016432703094914512
2022-09-04 12:42:14+00:00,5.397647239,,,,,12.896354902982575,0.0,1406.0,1.4993464552777778,0.01612050750000001,-0.0016432729357798174
2022-09-04 12:42:16+00:00,5.513714986,,,,,13.219510595470375,0.0,1408.0,1.5315874961111111,0.016120527199074104,-0.0016432749438403775
2022-09-04 12:42:18+00:00,5.629782853,,,,,13.545591133646836,0.0,1410.0,1.5638285702777777,0.016120542291666706,-0.0016432764823309587
2022-09-04 12:42:20+00:00,5.745850811,,,,,13.874658217956044,0.0,1412.0,1.5960696697222223,0.016120553842592627,-0.0016432776597953746
2022-09-04 12:42:22+00:00,5.861918841,,,,,14.206773538287482,0.0,1414.0,1.6283107891666666,0.01612056268518523,-0.001643278561180961
2022-09-04 12:42:24+00:00,5.977986924,,,,,14.541998746329433,0.0,1416.0,1.6605519233333332,0.016120569444444493,-0.0016432792501982153
2022-09-04 12:42:26+00:00,6.094055048,,,,,14.880395494788976,0.0,1418.0,1.692793068888889,0.016120574629629663,-0.0016432797787593947
2022-09-04 12:42:28+00:00,6.210123204,,,,,15.222025417494512,0.0,1420.0,1.7250342233333333,0.01612057861111112,-0.0016432801846188705
2022-09-04 12:42:30+00:00,6.326191385,,,,,15.566950129569822,0.0,1422.0,1.757275384722222,0.01612058164351854,-0.0016432804937327767
2022-09-04 12:42:32+00:00,6.442259583,,,,,15.915231241096375,0.0,1424.0,1.7895165508333333,0.01612058395833338,-0.001643280729697592
2022-09-04 12:42:34+00:00,6.558327796,,,,,16.266930377672566,0.0,1426.0,1.8217577211111111,0.016120585763888935,-0.001643280913750146
2022-09-04 12:42:36+00:00,6.67439602,,,,,16.622109129879675,0.0,1428.0,1.8539988944444443,0.01612058715277781,-0.0016432810553290325
2022-09-04 12:42:38+00:00,6.790464253,,,,,16.98082908922002,0.0,1430.0,1.8862400702777777,0.01612058819444449,-0.0016432811615131996
2022-09-04 12:42:40+00:00,6.906532491,,,,,17.34315184885881,0.0,1432.0,1.9184812475,0.016120588981481537,-0.0016432812417412372
2022-09-04 12:42:42+00:00,7.022600735,,,,,17.70913901225193,0.0,1434.0,1.950722426388889,0.016120589583333383,-0.0016432813030920878
2022-09-04 12:42:44+00:00,7.138668982,,,,,18.07885216454998,0.0,1436.0,1.982963606111111,0.01612059004629633,-0.0016432813502850487
2022-09-04 12:42:46+00:00,7.254737232,,,,,18.45235289401654,0.0,1438.0,2.0152047866666667,0.016120590393518524,-0.001643281385679768
2022-09-04 12:42:48+00:00,7.370805484,,,,,18.829702793353817,0.0,1440.0,2.0474459677777777,0.016120590671296325,-0.0016432814139955478
2022-09-04 12:42:50+00:00,7.486873738,,,,,19.210963444642,0.0,1442.0,2.079687149444444,0.016120590879629693,-0.0016432814352323845
2022-09-04 12:42:52+00:00,7.602941993,,,,,19.5961964341002,0.0,1444.0,2.111928331388889,0.016120591041666743,-0.0016432814517499228
2022-09-04 12:42:54+00:00,7.719010249,,,,,19.985463351641222,0.0,1446.0,2.144169513611111,0.016120591180555605,-0.0016432814659078088
2022-09-04 12:42:56+00:00,7.835078506,,,,,20.37882577994025,0.0,1448.0,2.176410696111111,0.016120591296296283,-0.001643281477706043
2022-09-04 12:42:58+00:00,7.951146764,,,,,20.77634529386471,0.0,1450.0,2.208651878888889,0.016120591365740733,-0.0016432814847849879
2022-09-04 12:43:00+00:00,8.067215022,,,,,21.17808348019947,0.0,1452.0,2.2408930616666662,0.01612059141203707,-0.0016432814895042886
2022-09-04 12:43:02+00:00,8.18328328,,,,,21.58410192151781,0.0,1454.0,2.2731342444444445,0.016120591435185256,-0.0016432814918639403
2022-09-04 12:43:04+00:00,8.299351539,,,,,21.994462212100405,0.0,1456.0,2.3053754275,0.016120591458333406,-0.0016432814942235886
2022-09-04 12:43:06+00:00,8.415419797,,,,,22.409225927792036,0.0,1458.0,2.337616610277778,0.016120591481481483,-0.0016432814965832295
2022-09-04 12:43:08+00:00,8.531488056,,,,,22.828454658656145,0.0,1460.0,2.3698577933333334,0.016120591504629633,-0.001643281498942878
2022-09-04 12:43:10+00:00,8.647556315,,,,,23.25220998405528,0.0,1462.0,2.4020989763888885,0.01612059152777782,-0.0016432815013025302
2022-09-04 12:43:12+00:00,8.763624574,,,,,23.680553486906398,0.0,1464.0,2.4343401594444445,0.016120591550926006,-0.001643281503662182
2022-09-04 12:43:14+00:00,8.879692833,,,,,24.113546750126407,0.0,1466.0,2.4665813425,0.016120591574074156,-0.0016432815060218302
2022-09-04 12:43:16+00:00,8.995761093,,,,,24.551251351586682,0.0,1468.0,2.4988225258333334,0.016120591574074083,-0.0016432815060218229
2022-09-04 12:43:18+00:00,9.111829352,,,,,24.99372887527158,0.0,1470.0,2.531063708888889,0.016120591574074083,-0.0016432815060218229
2022-09-04 12:43:20+00:00,9.227897611,,,,,25.441040907848738,0.0,1472.0,2.563304891944444,0.01612059157407412,-0.0016432815060218268
2022-09-04 12:43:22+00:00,9.343965871,,,,,25.893249036152426,0.0,1474.0,2.595546075277778,0.016120591574074156,-0.0016432815060218302
2022-09-04 12:43:24+00:00,9.46003413,,,,,26.350414835307888,0.0,1476.0,2.6277872583333335,0.01612059157407412,-0.0016432815060218268
2022-09-04 12:43:26+00:00,9.576102389,,,,,26.812599892106974,0.0,1478.0,2.660028441388889,0.016120591574074045,-0.001643281506021819
2022-09-04 12:43:28+00:00,9.692170649,,,,,27.279865793514524,0.0,1480.0,2.692269624722222,0.016120591574074083,-0.0016432815060218229
2022-09-04 12:43:30+00:00,9.808238908,,,,,27.75227414330222,0.0,1482.0,2.7245108077777775,0.016120591643518572,-0.0016432815131007718
2022-09-04 12:43:32+00:00,9.924307167,,,,,28.229886509918366,0.0,1484.0,2.7567519908333336,0.016120591736111172,-0.001643281522539365
2022-09-04 12:43:34+00:00,10.04037543,,,,,28.712764463764554,0.0,1486.0,2.788993175,0.016120591782407434,-0.0016432815272586579
2022-09-04 12:43:36+00:00,10.15644369,,,,,29.200969438294074,0.0,1488.0,2.8212343583333332,0.016120591504629633,-0.001643281498942878
2022-09-04 12:43:38+00:00,10.27251195,,,,,29.694563155237095,0.0,1490.0,2.8534755416666666,0.016120591203703755,-0.001643281468267457
2022-09-04 12:43:40+00:00,10.3885802,,,,,30.193607296813376,0.0,1492.0,2.885716722222222,0.016120591203703794,-0.001643281468267461
2022-09-04 12:43:42+00:00,10.50464846,,,,,30.69816350541711,0.0,1494.0,2.917957905555556,0.016120591435185256,-0.0016432814918639403
2022-09-04 12:43:44+00:00,10.62071672,,,,,31.208293220292937,0.0,1496.0,2.950199088888889,0.016120591666666684,-0.0016432815154604162
2022-09-04 12:43:46+00:00,10.73678498,,,,,31.724057918884753,0.0,1498.0,2.982440272222222,0.016120591666666646,-0.0016432815154604123
2022-09-04 12:43:48+00:00,10.85285324,,,,,32.245519287305356,0.0,1500.0,3.0146814555555554,0.016120591666666646,-0.0016432815154604123
2022-09-04 12:43:50+00:00,10.9689215,,,,,32.77273890847329,0.0,1502.0,3.046922638888889,0.016120591666666684,-0.0016432815154604162
2022-09-04 12:43:52+00:00,11.08498976,,,,,33.30577836530708,0.0,1504.0,3.0791638222222217,0.016120591666666722,-0.0016432815154604201
2022-09-04 12:43:54+00:00,11.20105802,,,,,33.84469924072527,0.0,1506.0,3.1114050055555555,0.016120591666666757,-0.0016432815154604236
2022-09-04 12:43:56+00:00,11.31712628,,,,,34.389563117646354,0.0,1508.0,3.143646188888889,0.016120591666666722,-0.0016432815154604201
2022-09-04 12:43:58+00:00,11.43319454,,,,,34.9404315789889,0.0,1510.0,3.1758873722222223,0.016120591666666646,-0.0016432815154604123
2022-09-04 12:44:00+00:00,11.5492628,,,,,35.49736620767151,0.0,1512.0,3.208128555555555,0.016120591666666684,-0.0016432815154604162
2022-09-04 12:44:02+00:00,11.66533106,,,,,36.0604285866127,0.0,1514.0,3.2403697388888886,0.016120591666666757,-0.0016432815154604236
2022-09-04 12:44:04+00:00,11.78139932,,,,,36.629680298730975,0.0,1516.0,3.2726109222222224,0.016120591666666757,-0.0016432815154604236
2022-09-04 12:44:06+00:00,11.89746758,,,,,37.205182926944836,0.0,1518.0,3.3048521055555558,0.016120591666666684,-0.0016432815154604162
2022-09-04 12:44:08+00:00,12.01353584,,,,,37.78699793615582,0.0,1520.0,3.3370932888888887,0.016120591435185145,-0.001643281491863929
2022-09-04 12:44:10+00:00,12.1296041,,,,,38.37518702501917,0.0,1522.0,3.369334472222222,0.01612059120370372,-0.0016432814682674536
2022-09-04 12:44:12+00:00,12.24567235,,,,,38.96981184524123,0.0,1524.0,3.4015756527777774,0.016120591203703794,-0.001643281468267461
2022-09-04 12:44:14+00:00,12.36174061,,,,,39.57093408561796,0.0,1526.0,3.433816836111111,0.016120591435185256,-0.0016432814918639403
2022-09-04 12:44:16+00:00,12.47780887,,,,,40.17861515895813,0.0,1528.0,3.4660580194444446,0.016120591666666684,-0.0016432815154604162
2022-09-04 12:44:18+00:00,12.59387713,,,,,40.79291652446219,0.0,1530.0,3.4982992027777775,0.016120591666666646,-0.0016432815154604123
2022-09-04 12:44:20+00:00,12.70994539,,,,,41.41389988648644,0.0,1532.0,3.530540386111111,0.016120591666666722,-0.0016432815154604201
2022-09-04 12:44:22+00:00,12.82601365,,,,,42.04162682794934,0.0,1534.0,3.5627815694444442,0.016120591666666757,-0.0016432815154604236
2022-09-04 12:44:24+00:00,12.94208191,,,,,42.676158931769415,0.0,1536.0,3.595022752777778,0.016120591666666722,-0.0016432815154604201
2022-09-04 12:44:26+00:00,13.05815017,,,,,43.31755778086523,0.0,1538.0,3.627263936111111,0.016120591666666684,-0.0016432815154604162
2022-09-04 12:44:28+00:00,13.17421843,,,,,43.96588495815536,0.0,1540.0,3.6595051194444443,0.016120591666666684,-0.0016432815154604162
2022-09-04 12:44:30+00:00,13.29028669,,,,,44.621202046558324,0.0,1542.0,3.6917463027777777,0.016120591666666684,-0.0016432815154604162
2022-09-04 12:44:32+00:00,13.40635495,,,,,45.28357062899266,0.0,1544.0,3.723987486111111,0.016120591666666684,-0.0016432815154604162
2022-09-04 12:44:34+00:00,13.52242321,,,,,45.95305228837693,0.0,1546.0,3.756228669444444,0.016120591666666722,-0.0016432815154604201
2022-09-04 12:44:36+00:00,13.63849147,,,,,46.62970860762966,0.0,1548.0,3.788469852777778,0.016120591666666722,-0.0016432815154604201
2022-09-04 12:44:38+00:00,13.75455973,,,,,47.31360116966934,0.0,1550.0,3.820711036111111,0.016120591666666684,-0.0016432815154604162
2022-09-04 12:44:40+00:00,13.87062799,,,,,48.00479155741456,0.0,1552.0,3.852952219444444,0.016120591666666646,-0.0016432815154604123
2022-09-04 12:44:42+00:00,13.98669625,,,,,48.70334121638319,0.0,1554.0,3.8851934027777775,0.01612059143518522,-0.0016432814918639369
2022-09-04 12:44:44+00:00,14.10276451,,,,,49.409311864614,0.0,1556.0,3.917434586111111,0.016120591203703794,-0.001643281468267461
2022-09-04 12:44:46+00:00,14.21883276,,,,,50.122765162914185,0.0,1558.0,3.9496757666666666,0.01612059120370383,-0.0016432814682674649
2022-09-04 12:44:48+00:00,14.33490102,,,,,50.84376282055531,0.0,1560.0,3.98191695,0.016120591435185256,-0.0016432814918639403
2022-09-04 12:44:50+00:00,14.45096928,,,,,51.5723662207698,0.0,1562.0,4.014158133333334,0.016120591666666646,-0.0016432815154604123
2022-09-04 12:44:52+00:00,14.56703754,,,,,52.30863680337439,0.0,1564.0,4.046399316666666,0.01612059166666661,-0.0016432815154604089
2022-09-04 12:44:54+00:00,14.6831058,,,,,53.05263629210906,0.0,1566.0,4.0786405,0.016120591666666646,-0.0016432815154604123
2022-09-04 12:44:56+00:00,14.79917406,,,,,53.8044262698923,0.0,1568.0,4.110881683333333,0.016120591666666684,-0.0016432815154604162
2022-09-04 12:44:58+00:00,14.91524232,,,,,54.564068319642615,0.0,1570.0,4.143122866666666,0.016120591666666684,-0.0016432815154604162
2022-09-04 12:45:00+00:00,15.03131058,,,,,55.3316240242786,0.0,1572.0,4.17536405,0.016120591666666684,-0.0016432815154604162
2022-09-04 12:45:02+00:00,15.14737884,,,,,56.10715496671876,0.0,1574.0,4.207605233333333,0.016120591666666684,-0.0016432815154604162
2022-09-04 12:45:04+00:00,15.2634471,,,,,56.890722729881645,0.0,1576.0,4.2398464166666665,0.016120591666666684,-0.0016432815154604162
2022-09-04 12:45:06+00:00,15.37951536,,,,,57.68238889668582,0.0,1578.0,4.2720876,0.016120591666666684,-0.0016432815154604162
2022-09-04 12:45:08+00:00,15.49558362,,,,,58.482215050049795,0.0,1580.0,4.304328783333333,0.016120591666666684,-0.0016432815154604162
2022-09-04 12:45:10+00:00,15.61165188,,,,,59.290262772892135,0.0,1582.0,4.336569966666667,0.016120591666666684,-0.0016432815154604162
2022-09-04 12:45:12+00:00,15.72772014,,,,,60.106593648131366,0.0,1584.0,4.36881115,0.016120591666666684,-0.0016432815154604162
2022-09-04 12:45:14+00:00,15.8437884,,,,,60.93126910304184,0.0,1586.0,4.401052333333333,0.01612059143518522,-0.0016432814918639369
2022-09-04 12:45:16+00:00,15.95985666,,,,,61.76435087390584,0.0,1588.0,4.433293516666667,0.01612059120370372,-0.0016432814682674536
2022-09-04 12:45:18+00:00,16.07592491,,,,,62.60590062869529,0.0,1590.0,4.465534697222222,0.01612059120370372,-0.0016432814682674536
2022-09-04 12:45:20+00:00,16.19199317,,,,,63.455980098754445,0.0,1592.0,4.497775880555555,0.01612059143518522,-0.0016432814918639369
2022-09-04 12:45:22+00:00,16.30806143,,,,,64.3146506380783,0.0,1594.0,4.530017063888889,0.016120591666666684,-0.0016432815154604162
2022-09-04 12:45:24+00:00,16.42412969,,,,,65.18197366824015,0.0,1596.0,4.562258247222222,0.016120591666666646,-0.0016432815154604123
2022-09-04 12:45:26+00:00,16.54019795,,,,,66.05801093122338,0.0,1598.0,4.5944994305555555,0.016120591666666646,-0.0016432815154604123
2022-09-04 12:45:28+00:00,16.65626621,,,,,66.94282400994656,0.0,1600.0,4.626740613888888,0.016120591666666722,-0.0016432815154604201
2022-09-04 12:45:30+00:00,16.77233447,,,,,67.83647448732826,0.0,1602.0,4.658981797222222,0.016120591666666795,-0.0016432815154604275
2022-09-04 12:45:32+00:00,16.88840273,,,,,68.73902394628688,0.0,1604.0,4.691222980555556,0.016120591666666795,-0.0016432815154604275
2022-09-04 12:45:34+00:00,17.00447099,,,,,69.65053396974096,0.0,1606.0,4.723464163888889,0.016120591666666646,-0.0016432815154604123
2022-09-04 12:45:36+00:00,17.12053925,,,,,70.57106614060922,0.0,1608.0,4.755705347222222,0.016120591666666646,-0.0016432815154604123
2022-09-04 12:45:38+00:00,17.23660751,,,,,71.50068204181014,0.0,1610.0,4.787946530555555,0.016120591666666722,-0.0016432815154604201
2022-09-04 12:45:40+00:00,17.35267577,,,,,72.43944325626224,0.0,1612.0,4.820187713888889,0.016120591666666722,-0.0016432815154604201
2022-09-04 12:45:42+00:00,17.46874403,,,,,72.54217240287434,0.0,1614.0,4.8524288972222225,0.014980446527777747,-0.0015270587693963045
2022-09-04 12:45:44+00:00,17.58481229,,,,,52.52096102684288,0.0,1616.0,4.884670080555555,-0.013123133796296371,0.0013377302544644617
2022-09-04 12:45:46+00:00,17.65162628,,,,,-6.7138175976740735,0.0,1618.0,4.9032295222222215,-0.09493008981481477,0.009676869502019854
2022-09-04 12:45:48+00:00,16.60287414,,,,,-54.22047514431567,0.0,1620.0,4.611909483333333,-0.17331182962962952,0.017666853173254792
2022-09-04 12:45:50+00:00,14.3497023,,,,,-33.40061594775671,0.0,1622.0,3.9860284166666666,-0.13523429699074066,0.01378535137520292
2022-09-04 12:45:52+00:00,13.39966523,,,,,9.03316216731796,0.0,1624.0,3.7221292305555553,-0.047559158333333316,0.004848028372409104
2022-09-04 12:45:54+00:00,15.01271356,,,,,47.668721259297506,0.0,1626.0,4.170198211111111,0.004286931018518551,-0.0004369960263525536
2022-09-04 12:45:56+00:00,13.88530724,,,,,86.61035249924413,0.0,1628.0,3.8570297888888887,0.08148574606481485,-0.008306396133008648
2022-09-04 12:45:58+00:00,14.04925571,,,,,160.97093404848468,0.0,1630.0,3.9025710305555554,0.20378094884259265,-0.020772777659795377
2022-09-04 12:46:00+00:00,17.88330731,,,,,264.3054465538187,0.0,1632.0,4.9675853638888885,0.263118882175926,-0.026821496654018957
2022-09-04 12:46:02+00:00,19.81805048,,,,,190.65416248451746,0.0,1634.0,5.505014022222222,0.13026671550925936,-0.013278972019292493
2022-09-04 12:46:04+00:00,19.48324818,,,,,51.59731250886867,0.0,1636.0,5.412013383333333,-0.03198227268518509,0.003260170508173811
2022-09-04 12:46:06+00:00,18.07683695,,,,,35.99235075395251,0.0,1638.0,5.021343597222223,-0.039298135185185136,0.004005926114697771
2022-09-04 12:46:08+00:00,18.24288666,,,,,91.53681634133417,0.0,1640.0,5.067468516666667,0.031086666203703744,-0.003168875250122706
2022-09-04 12:46:10+00:00,19.36073256,,,,,120.81257245967444,0.0,1642.0,5.377981266666667,0.053389480787037015,-0.005442352781553212
2022-09-04 12:46:12+00:00,19.54229655,,,,,94.5792551261826,0.0,1644.0,5.4284157083333335,0.01929935069444444,-0.0019673140361309315
2022-09-04 12:46:14+00:00,19.08385263,,,,,78.64907657907897,0.0,1646.0,5.3010701749999996,0.005108175694444476,-0.000520711079963759
2022-09-04 12:46:16+00:00,19.35349854,,,,,106.52510528980277,0.0,1648.0,5.375971816666667,0.03609221250000009,-0.003679124617737012
2022-09-04 12:46:18+00:00,19.77020376,,,,,141.42244760550375,0.0,1650.0,5.491723266666667,0.072430194212963,-0.007383302162381549
2022-09-04 12:46:20+00:00,20.415129,,,,,150.87100071896285,0.0,1652.0,5.670869166666667,0.07400254560185178,-0.007543582630158183
2022-09-04 12:46:22+00:00,21.15120656,,,,,137.8657942849615,0.0,1654.0,5.875335155555555,0.04872150532407397,-0.004966514304186948
2022-09-04 12:46:24+00:00,21.16940571,,,,,111.27667893057,0.0,1656.0,5.880390475,0.018874029398148157,-0.0019239581445614838
2022-09-04 12:46:26+00:00,21.12069608,,,,,103.18169551564947,0.0,1658.0,5.866860022222221,0.010447004398148274,-0.0010649341894136874
2022-09-04 12:46:28+00:00,21.26099755,,,,,116.92565236872906,0.0,1660.0,5.905832652777778,0.02400011458333347,-0.0024464948606863885
2022-09-04 12:46:30+00:00,21.51092531,,,,,131.3881012935779,0.0,1662.0,5.9752570305555555,0.036683590277777824,-0.0037394077755125202
2022-09-04 12:46:32+00:00,21.81598143,,,,,141.47742051666603,0.0,1664.0,6.059994841666667,0.0435242979166666,-0.004436727616377839
2022-09-04 12:46:34+00:00,22.1504433,,,,,149.22122905952423,0.0,1666.0,6.152900916666666,0.047180318981481416,-0.004809410701476189
2022-09-04 12:46:36+00:00,22.50172923,,,,,155.9063664347918,0.0,1668.0,6.250480341666666,0.04927661759259261,-0.005023100672027788
2022-09-04 12:46:38+00:00,22.86336729,,,,,162.1283109148022,0.0,1670.0,6.350935358333333,0.050569221527777874,-0.00515486457979387
2022-09-04 12:46:40+00:00,23.23180732,,,,,162.9056330463537,0.0,1672.0,6.453279811111111,0.04608081574074082,-0.004697330860422102
2022-09-04 12:46:42+00:00,23.60495558,,,,,138.9933749525773,0.0,1674.0,6.556932105555555,0.01689520555555561,-0.0017222431758976155
2022-09-04 12:46:44+00:00,23.75083218,,,,,81.54882970272281,0.0,1676.0,6.597453383333333,-0.04201726666666661,0.004283105674481815
2022-09-04 12:46:46+00:00,23.07421531,,,,,5.929146702723365,0.0,1678.0,6.4095042527777775,-0.11196804374999987,0.011413663990825674
2022-09-04 12:46:48+00:00,21.94740167,,,,,-42.73627549015732,0.0,1680.0,6.096500463888889,-0.1668225145833332,0.017005353168535492
2022-09-04 12:46:50+00:00,20.5713666,,,,,-68.39306698805922,0.0,1682.0,5.7142685,-0.19784463819444442,0.02016764915335825
2022-09-04 12:46:52+00:00,19.04694826,,,,,-81.56051498859182,0.0,1684.0,5.290818961111111,-0.21635503472222226,0.022054539727035905
2022-09-04 12:46:54+00:00,17.42778035,,,,,-87.19427448445403,0.0,1686.0,4.8410500972222215,-0.22819776064814815,0.023261749301544152
2022-09-04 12:46:56+00:00,15.74445042,,,,,-87.79362595266613,0.0,1688.0,4.37345845,-0.23622960486111108,0.02408048979216219
2022-09-04 12:46:58+00:00,14.01572118,,,,,-84.72880435617547,0.0,1690.0,3.893255883333333,-0.24191887754629623,0.0246604360393778
2022-09-04 12:47:00+00:00,12.2538885,,,,,-78.84212349961375,0.0,1692.0,3.4038579166666665,-0.2460702345833333,0.02508361208800543
2022-09-04 12:47:02+00:00,10.46744676,,,,,-70.71801215959431,0.0,1694.0,2.9076241,-0.24915773182870363,0.025398341674689462
2022-09-04 12:47:04+00:00,8.662490706,,,,,-60.805897309117114,0.0,1696.0,2.4062474183333333,-0.25148120317129624,0.02563518890635028
2022-09-04 12:47:06+00:00,6.843504959,,,,,-48.84363892398,0.0,1698.0,1.9009735997222221,-0.2505449361111111,0.02553974883905312
2022-09-04 12:47:08+00:00,5.013842324,,,,,-32.08316032074671,0.0,1700.0,1.3927339788888888,-0.22571126946759257,0.023008284349397813
2022-09-04 12:47:10+00:00,3.292553902,,,,,-0.0,15.731889503937495,1702.0,0.914598306111111,-0.1624467693518518,0.016559303705591416
2022-09-04 12:47:12+00:00,2.462714922,,,,,-0.0,3.6075550278853,1704.0,0.6840874783333333,-0.0749637426157407,0.007641563977139724
2022-09-04 12:47:14+00:00,2.376931925,,,,,4.087226310927406,0.0,1706.0,0.6602588680555556,0.003971991064814856,-0.0004048920555366825
2022-09-04 12:47:16+00:00,2.69103062,,,,,10.334675008236161,0.0,1708.0,0.7475085055555555,0.05370134317129633,-0.0054741430347906555
2022-09-04 12:47:18+00:00,3.235828218,,,,,16.44388908238361,0.0,1710.0,0.8988411716666667,0.08245387361111114,-0.008405083956280443
2022-09-04 12:47:20+00:00,3.923716654,,,,,23.042220537298277,0.0,1712.0,1.0899212927777777,0.10032463872685189,-0.010226772551157176
2022-09-04 12:47:22+00:00,4.706253231,,,,,30.21127691729518,0.0,1714.0,1.3072925641666666,0.11216565837962966,-0.011433808193642167
2022-09-04 12:47:24+00:00,5.55463,,,,,37.91888955962596,0.0,1716.0,1.5429527777777778,0.1204130902314815,-0.012274524998112282
2022-09-04 12:47:26+00:00,6.450471314,,,,,46.11873945197187,0.0,1718.0,1.791797587222222,0.1263638196527778,-0.012881123308132292
2022-09-04 12:47:28+00:00,7.381344069,,,,,54.77455812005479,0.0,1720.0,2.0503733525,0.1307581976851852,-0.01332907213916261
2022-09-04 12:47:30+00:00,8.338456171,,,,,63.86562905762597,0.0,1722.0,2.3162378252777778,0.13405079930555558,-0.013664709409332882
2022-09-04 12:47:32+00:00,9.315399283,,,,,73.3867401675755,0.0,1724.0,2.587610911944444,0.13653976666666667,-0.013918426775399253
2022-09-04 12:47:34+00:00,10.30741063,,,,,83.3462024370615,0.0,1726.0,2.8631696194444443,0.13843119087962963,-0.014111232505568769
2022-09-04 12:47:36+00:00,11.31090753,,,,,93.76327858363243,0.0,1728.0,3.141918758333333,0.13987300525462967,-0.014258206447974481
2022-09-04 12:47:38+00:00,12.32317537,,,,,104.66564569963143,0.0,1730.0,3.423104269444444,0.14097409120370377,-0.01437044762525013
2022-09-04 12:47:40+00:00,13.34214837,,,,,116.08717703508223,0.0,1732.0,3.706152325,0.14181586435185192,-0.014456255285611817
2022-09-04 12:47:42+00:00,14.36625053,,,,,128.06614110475695,0.0,1734.0,3.990625147222222,0.14245979305555556,-0.014521895316570393
2022-09-04 12:47:44+00:00,15.39427771,,,,,140.6438128769056,0.0,1736.0,4.276188252777778,0.14295255486111105,-0.014572125877789097
2022-09-04 12:47:46+00:00,16.42530909,,,,,157.13012431350597,0.0,1738.0,4.562585858333333,0.14801607407407405,-0.015088284818967792
2022-09-04 12:47:48+00:00,17.45864018,,,,,175.71345831109412,0.0,1740.0,4.849622272222222,0.15434022962962965,-0.01573294899384604
2022-09-04 12:47:50+00:00,18.69618246,,,,,191.78612488856245,0.0,1742.0,5.193384016666666,0.15197884652777785,-0.015492237158794888
2022-09-04 12:47:52+00:00,19.79090226,,,,,189.85235383346074,0.0,1744.0,5.497472849999999,0.12978933796296308,-0.013230309680220497
2022-09-04 12:47:54+00:00,20.65853318,,,,,192.00247284534674,0.0,1746.0,5.738481438888889,0.11732004398148162,-0.011959229763657656
2022-09-04 12:47:56+00:00,21.10318886,,,,,203.73526098626695,0.0,1748.0,5.861996905555555,0.12293407476851863,-0.01253150609261148
2022-09-04 12:47:58+00:00,22.45212176,,,,,190.59940513925426,0.0,1750.0,6.236700488888889,0.08639282291666672,-0.00880660784063881
2022-09-04 12:48:00+00:00,23.30806571,,,,,127.05985595427433,0.0,1752.0,6.474462697222222,0.0087524537037037,-0.0008921971155661263
2022-09-04 12:48:02+00:00,22.18582628,,,,,49.38609392540633,0.0,1754.0,6.1627295222222225,-0.05935070370370373,0.00605002076490354
2022-09-04 12:48:04+00:00,21.74759034,,,,,35.335761623349775,0.0,1756.0,6.040997316666666,-0.07053940833333332,0.00719056150186884
2022-09-04 12:48:06+00:00,21.44864673,,,,,43.24123705065663,0.0,1758.0,5.957957425,-0.05932346018518512,0.006047243647827229
2022-09-04 12:48:08+00:00,20.99794282,,,,,8.16820818881502,0.0,1760.0,5.832761894444444,-0.09470332731481475,0.009653754058594775
2022-09-04 12:48:10+00:00,20.37270032,,,,,-32.13362287639259,0.0,1762.0,5.659083422222222,-0.14575349884259262,0.014857645141956434
2022-09-04 12:48:12+00:00,18.73235301,,,,,-37.7622571125759,0.0,1764.0,5.203431391666666,-0.14859110324074074,0.015146901451655528
2022-09-04 12:48:14+00:00,17.41768539,,,,,9.154588189564464,0.0,1766.0,4.838245941666666,-0.07021152962962955,0.007157138596292512
2022-09-04 12:48:16+00:00,17.53382209,,,,,91.45353241945605,0.0,1768.0,4.8705061361111115,0.039679838194444574,-0.004044835697700771
2022-09-04 12:48:18+00:00,18.53809316,,,,,142.84796035622384,0.0,1770.0,5.149470322222222,0.0927456625,-0.009454195973496433
2022-09-04 12:48:20+00:00,19.32611425,,,,,135.61508757164722,0.0,1772.0,5.368365069444445,0.07190818981481473,-0.00733009070487408
2022-09-04 12:48:22+00:00,19.63200585,,,,,101.94314293335225,0.0,1774.0,5.453334958333333,0.02707329768518511,-0.002759765309397055
2022-09-04 12:48:24+00:00,19.5463432,,,,,73.12954921599147,0.0,1776.0,5.429539777777777,-0.006606915509259292,0.00067348781949636
2022-09-04 12:48:26+00:00,19.48743067,,,,,40.29009652901305,0.0,1778.0,5.41317518611111,-0.0456932344907407,0.004657822068373159
2022-09-04 12:48:28+00:00,19.18527068,,,,,-21.634894776245044,0.0,1780.0,5.329241855555555,-0.12540876967592582,0.012783768570430766
2022-09-04 12:48:30+00:00,18.01913064,,,,,-99.62510506808334,0.0,1782.0,5.005314066666666,-0.24673227175925908,0.025151098038660454
2022-09-04 12:48:32+00:00,15.59698438,,,,,-155.00816603869993,0.0,1784.0,4.332495661111111,-0.362414490810185,0.03694337317127268
2022-09-04 12:48:34+00:00,12.41688283,,,,,-153.67822838667675,0.0,1786.0,3.4491341194444445,-0.4195650796527777,0.0427691212693963
2022-09-04 12:48:36+00:00,9.131212487,,,,,-110.42718782966294,0.0,1788.0,2.536447913055556,-0.40037641462962964,0.040813090176312905
2022-09-04 12:48:38+00:00,6.359691092,,,,,-62.20234722255417,0.0,1790.0,1.766580858888889,-0.3264585163425926,0.0332781362224865
2022-09-04 12:48:40+00:00,4.357915006,,,,,-0.0,32.5355368994448,1792.0,1.210531946111111,-0.23407967347222225,0.02386133266791256
2022-09-04 12:48:42+00:00,3.087172405,,,,,-0.0,13.637133757620063,1794.0,0.8575478902777778,-0.15280120925925922,0.015576066183410725
2022-09-04 12:48:44+00:00,2.29148928,,,,,-0.0,4.745894829611024,1796.0,0.6365248,-0.09070996173611107,0.00924668315352814
2022-09-04 12:48:46+00:00,1.825104578,,,,,1.064526103001461,0.0,1798.0,0.5069734938888889,-0.022444011759259225,0.00228787071959829
2022-09-04 12:48:48+00:00,1.701312486,,,,,9.13882235630599,0.0,1800.0,0.47258680166666667,0.09045473314814818,-0.009220665968210823
2022-09-04 12:48:50+00:00,2.707767891,,,,,28.906554895681936,0.0,1802.0,0.7521577475,0.21474489347222225,-0.02189040708177597
2022-09-04 12:48:52+00:00,5.316470439,,,,,73.28093505334482,0.0,1804.0,1.4767973441666666,0.2847509293055556,-0.029026598298221774
2022-09-04 12:48:54+00:00,7.486926023,,,,,93.21493984620892,0.0,1806.0,2.0797016730555553,0.24903309944444443,-0.025385637048363347
2022-09-04 12:48:56+00:00,9.2233945,,,,,80.72896552706925,0.0,1808.0,2.5620540277777777,0.1574130003240741,-0.016046177403065656
2022-09-04 12:48:58+00:00,9.559073726,,,,,61.98980268610691,0.0,1810.0,2.655298257222222,0.10300224020833337,-0.010499718675671087
2022-09-04 12:49:00+00:00,10.04456435,,,,,73.67066790830786,0.0,1812.0,2.7901567638888887,0.12154663782407411,-0.012390075211424476
2022-09-04 12:49:02+00:00,11.11545295,,,,,117.38641413049731,0.0,1814.0,3.0876258194444444,0.19406440148148152,-0.019782303922679052
2022-09-04 12:49:04+00:00,12.91783003,,,,,144.99945695476478,0.0,1816.0,3.588286119444444,0.20301315995370373,-0.02069451171801261
2022-09-04 12:49:06+00:00,15.06939019,,,,,141.96714121706714,0.0,1818.0,4.185941719444444,0.1511939523148149,-0.015412227555027
2022-09-04 12:49:08+00:00,14.86079562,,,,,112.18013454813548,0.0,1820.0,4.127998783333333,0.10804459861111115,-0.01101372055159135
2022-09-04 12:49:10+00:00,15.7040661,,,,,97.64447098057997,0.0,1822.0,4.3622405833333335,0.07269606203703705,-0.007410403877373807
2022-09-04 12:49:12+00:00,16.95068078,,,,,86.43125421686824,0.0,1824.0,4.708522438888888,0.0400367425925926,-0.004081217389662854
2022-09-04 12:49:14+00:00,16.11997491,,,,,36.88620178756369,0.0,1826.0,4.477770808333333,-0.02194572106481474,0.0022370765611431946
2022-09-04 12:49:16+00:00,16.17447409,,,,,21.324884514985705,0.0,1828.0,4.492909469444444,-0.045069988657407266,0.0045942903830180695
2022-09-04 12:49:18+00:00,15.53221764,,,,,31.938619311744347,0.0,1830.0,4.3145049,-0.024533764814814767,0.0025008934571676624
2022-09-04 12:49:20+00:00,15.59141454,,,,,48.550115002339105,0.0,1832.0,4.330948483333334,0.00010260486111105897,-1.0459211122432107e-05
2022-09-04 12:49:22+00:00,15.64317582,,,,,85.72730967700757,0.0,1834.0,4.345326616666666,0.055610522916666606,-0.00566875870710159
2022-09-04 12:49:24+00:00,16.06794844,,,,,132.5589927658027,0.0,1836.0,4.4633190111111105,0.11879196875000005,-0.01210927306320082
2022-09-04 12:49:26+00:00,17.45805833,,,,,174.913549301191,0.0,1838.0,4.849460647222222,0.1532716162037038,-0.015624017961641569
2022-09-04 12:49:28+00:00,18.90834508,,,,,157.3263420128376,0.0,1840.0,5.252318077777778,0.10508874699074078,-0.01071241049854646
2022-09-04 12:49:30+00:00,19.424113,,,,,93.00612631258976,0.0,1842.0,5.395586944444444,0.01879713124999997,-0.0019161193934760417
2022-09-04 12:49:32+00:00,18.64172764,,,,,25.028881006446483,0.0,1844.0,5.178257677777777,-0.057786148842592554,0.005890535050213308
2022-09-04 12:49:34+00:00,18.53671184,,,,,11.92601925118226,0.0,1846.0,5.149086622222222,-0.0736592208333332,0.007508585202174638
2022-09-04 12:49:36+00:00,17.29938461,,,,,55.4687819354611,0.0,1848.0,4.805384613888889,-0.006406640740740636,0.0006530724506361504
2022-09-04 12:49:38+00:00,17.58437769,,,,,115.03907088331223,0.0,1850.0,4.8845493583333335,0.07065726435185189,-0.007202575367161253
2022-09-04 12:49:40+00:00,19.31729491,,,,,152.32902286614046,0.0,1852.0,5.365915252777778,0.09242439884259261,-0.009421447384566016
2022-09-04 12:49:42+00:00,19.57119536,,,,,129.74584720550303,0.0,1854.0,5.436443155555556,0.061296554629629685,-0.006248374579982638
2022-09-04 12:49:44+00:00,19.30530097,,,,,155.12495160004363,0.0,1856.0,5.362583602777778,0.09602414120370369,-0.009788393598746553
2022-09-04 12:49:46+00:00,20.24438279,,,,,230.20049635348968,0.0,1858.0,5.623439663888889,0.1688813784722221,-0.01721522716332539
2022-09-04 12:49:48+00:00,22.79235038,,,,,278.1217214535337,0.0,1860.0,6.331208438888888,0.1715099444444443,-0.017483174764979032
2022-09-04 12:49:50+00:00,23.3798215,,,,,206.55945224603863,0.0,1862.0,6.49439486111111,0.08796467569444444,-0.008966837481594743
2022-09-04 12:49:52+00:00,23.57909186,,,,,66.75884475823365,0.0,1864.0,6.549747738888888,-0.05495102847222207,0.005601531954354951
2022-09-04 12:49:54+00:00,23.2577153,,,,,-66.93183978504096,0.0,1866.0,6.460476472222222,-0.20305675902777762,0.020698956068071112
2022-09-04 12:49:56+00:00,20.54057215,,,,,-171.26790198620924,0.0,1868.0,5.705714486111111,-0.3434919268518517,0.035014467568996094
2022-09-04 12:49:58+00:00,17.64628922,,,,,-180.8653701969739,0.0,1870.0,4.901747005555555,-0.3820030145833333,0.03894016458545701
2022-09-04 12:50:00+00:00,14.3516667,,,,,-112.5078315676798,0.0,1872.0,3.9865740833333336,-0.29558452013888886,0.030130939871446365
2022-09-04 12:50:02+00:00,12.94409052,,,,,-42.18547607033216,0.0,1874.0,3.5955806999999997,-0.15639670532407404,0.015942579543738435
2022-09-04 12:50:04+00:00,12.47351958,,,,,8.265414600389228,0.0,1876.0,3.46486655,-0.044123761805555516,0.004497835046437871
2022-09-04 12:50:06+00:00,12.76809867,,,,,36.229173378246756,0.0,1878.0,3.546694075,0.0059732699074074675,-0.0006088960150262454
2022-09-04 12:50:08+00:00,12.62151204,,,,,50.58638090263681,0.0,1880.0,3.5059755666666668,0.034129532175925924,-0.0034790552676784835
2022-09-04 12:50:10+00:00,13.05414332,,,,,73.66636022123454,0.0,1882.0,3.626150922222222,0.0709424659722222,-0.007231647907464036
2022-09-04 12:50:12+00:00,13.66187072,,,,,118.41640516061985,0.0,1884.0,3.7949640888888885,0.13969981574074078,-0.014240552063276327
2022-09-04 12:50:14+00:00,14.79245452,,,,,144.87416448752916,0.0,1886.0,4.109015144444444,0.1612597768518519,-0.01643830548948541
2022-09-04 12:50:16+00:00,16.91823288,,,,,144.69297934696309,0.0,1888.0,4.699509133333334,0.12158382361111113,-0.012393865811530186
2022-09-04 12:50:18+00:00,16.76420352,,,,,97.3877437946946,0.0,1890.0,4.656723199999999,0.057746030787037106,-0.005886445544040479
2022-09-04 12:50:20+00:00,16.9425429,,,,,78.0389112954869,0.0,1892.0,4.706261916666667,0.028465070370370493,-0.0029016381621172773
2022-09-04 12:50:22+00:00,17.26277303,,,,,93.99722797305853,0.0,1894.0,4.795214730555556,0.046540535879629696,-0.00474419325990109
2022-09-04 12:50:24+00:00,17.64935441,,,,,116.3032440007098,0.0,1896.0,4.902598447222222,0.07142342847222212,-0.007280675685241806
2022-09-04 12:50:26+00:00,18.06794316,,,,,156.74432275498754,0.0,1898.0,5.0188730999999995,0.11825555902777767,-0.01205459317306602
2022-09-04 12:50:28+00:00,19.22286488,,,,,172.61167433772104,0.0,1900.0,5.339684688888888,0.11876282916666674,-0.012106302667346252
2022-09-04 12:50:30+00:00,20.79790271,,,,,146.27087315052086,0.0,1902.0,5.7771951972222215,0.06314576967592607,-0.006436877642805919
2022-09-04 12:50:32+00:00,20.04994908,,,,,62.21107081679549,0.0,1904.0,5.5694303000000005,-0.024737473148148042,0.0025216588326348664
2022-09-04 12:50:34+00:00,19.96875621,,,,,-7.469901855879064,0.0,1906.0,5.546876725,-0.10823057592592593,0.011032678483784497
2022-09-04 12:50:36+00:00,18.98335254,,,,,-61.96330418773148,0.0,1908.0,5.273153483333333,-0.18636665694444446,0.01899762048363348
2022-09-04 12:50:38+00:00,17.18893837,,,,,-109.48936894001075,0.0,1910.0,4.774705102777777,-0.2666740074074074,0.027183894740816245
2022-09-04 12:50:40+00:00,14.77872734,,,,,-100.74684735013254,0.0,1912.0,4.105202038888889,-0.26776794305555546,0.027295407039302288
2022-09-04 12:50:42+00:00,12.65306429,,,,,-52.5658344984579,0.0,1914.0,3.5147400805555553,-0.18129081921296286,0.018480205832106304
2022-09-04 12:50:44+00:00,11.95165148,,,,,-38.90758071241631,0.0,1916.0,3.319903188888889,-0.1524693106944444,0.01554223350605957
2022-09-04 12:50:46+00:00,12.18425084,,,,,-73.4391605727025,0.0,1918.0,3.3845141222222224,-0.2339767516435185,0.023850841146128288
2022-09-04 12:50:48+00:00,8.660866568,,,,,-83.95591697864587,0.0,1920.0,2.4057962688888885,-0.32927354354166666,0.03356509108477743
2022-09-04 12:50:50+00:00,5.836053531,,,,,-55.90256501373441,0.0,1922.0,1.6211259808333334,-0.319597646412037,0.03257876110214444
2022-09-04 12:50:52+00:00,4.075231708,,,,,-0.0,27.009647541392603,1924.0,1.1320088077777777,-0.21176818187499993,0.021586970629459728
2022-09-04 12:50:54+00:00,2.963267375,,,,,-0.0,9.833654510864633,1926.0,0.8231298263888889,-0.1239157131018518,0.012631571162268276
2022-09-04 12:50:56+00:00,2.385267267,,,,,-0.0,2.9078239865957127,1928.0,0.6625742408333334,-0.06847037912037034,0.006979651286480156
2022-09-04 12:50:58+00:00,2.172859166,,,,,-0.0,0.6780942655358997,1930.0,0.6035719905555555,-0.04457366324074072,0.004543696558689166
2022-09-04 12:51:00+00:00,1.907719539,,,,,-0.0,0.062066633506358895,1932.0,0.5299220941666666,-0.03708744999999997,0.0037805759429153894
2022-09-04 12:51:02+00:00,1.515232851,,,,,2.5412889891759423,0.0,1934.0,0.4208980141666666,0.003492162060185225,-0.00035597982264885065
2022-09-04 12:51:04+00:00,1.440715742,,,,,10.422716412404526,0.0,1936.0,0.4001988172222222,0.13447503750000006,-0.013707954892966367
2022-09-04 12:51:06+00:00,2.790724364,,,,,39.24958149218996,0.0,1938.0,0.7752012122222222,0.29452869141203714,-0.03002331207054405
2022-09-04 12:51:08+00:00,6.441549646,,,,,127.17389085561493,0.0,1940.0,1.7893193461111112,0.42312032500000013,-0.04313153160040776
2022-09-04 12:51:10+00:00,9.238038416,,,,,204.97607868493702,0.0,1942.0,2.5661217822222224,0.4739636743055556,-0.04831433988843584
2022-09-04 12:51:12+00:00,13.27219973,,,,,277.94945595428345,0.0,1944.0,3.6867221472222225,0.43055673722222226,-0.04388957565975762
2022-09-04 12:51:14+00:00,16.43530501,,,,,288.0394836233723,0.0,1946.0,4.565362502777778,0.33551562324074075,-0.03420138870955563
2022-09-04 12:51:16+00:00,17.8443341,,,,,257.7416174923302,0.0,1948.0,4.956759472222222,0.25542726064814814,-0.026037437374938646
2022-09-04 12:51:18+00:00,19.16017897,,,,,281.56182299767124,0.0,1950.0,5.322271936111111,0.2538166756944445,-0.02587325949994337
2022-09-04 12:51:20+00:00,21.58178343,,,,,341.94686526604875,0.0,1952.0,5.994939841666667,0.26563311527777783,-0.027077789528825464
2022-09-04 12:51:22+00:00,23.66273607,,,,,315.8536988474898,0.0,1954.0,6.572982241666667,0.19225360069444444,-0.019597716686487708
2022-09-04 12:51:24+00:00,24.81712758,,,,,208.6134835432806,0.0,1956.0,6.89364655,0.06714313703703705,-0.0068443564767621855
2022-09-04 12:51:26+00:00,24.23019037,,,,,106.83807384384306,0.0,1958.0,6.730608436111111,-0.022581781018518526,0.0023019144769132033
2022-09-04 12:51:28+00:00,23.91491265,,,,,61.00452123268144,0.0,1960.0,6.6430312916666665,-0.06402459606481481,0.006526462391928115
2022-09-04 12:51:30+00:00,23.58941806,,,,,33.308616634474305,0.0,1962.0,6.552616127777777,-0.08846923819444441,0.009018270967833272
2022-09-04 12:51:32+00:00,22.69203734,,,,,8.721639311269596,0.0,1964.0,6.303343705555555,-0.10626097499999998,0.010831903669724767
2022-09-04 12:51:34+00:00,21.63119459,,,,,35.674559040171296,0.0,1966.0,6.008665163888889,-0.06918337361111104,0.00705233166270245
2022-09-04 12:51:36+00:00,21.282662,,,,,97.01041580772437,0.0,1968.0,5.911850555555555,0.001675985416666692,-0.00017084458885491255
2022-09-04 12:51:38+00:00,22.01007166,,,,,133.50683379880823,0.0,1970.0,6.113908794444445,0.032327918055555606,-0.0032954044908823244
2022-09-04 12:51:40+00:00,22.38556284,,,,,66.74707514491777,0.0,1972.0,6.218211899999999,-0.042921061805555515,0.004375235658058666
2022-09-04 12:51:42+00:00,21.92485981,,,,,-16.400675320006023,0.0,1974.0,6.090238836111111,-0.13178450879629622,0.01343369100879676
2022-09-04 12:51:44+00:00,19.51368398,,,,,-14.084095619107384,0.0,1976.0,5.420467772222222,-0.11556572523148134,0.011780400125533266
2022-09-04 12:51:46+00:00,19.18885974,,,,,58.52379985509744,0.0,1978.0,5.330238816666667,-0.020758399999999955,0.0021160448521916364
2022-09-04 12:51:48+00:00,20.12912358,,,,,105.7292043333784,0.0,1980.0,5.591423216666667,0.025426286805555587,-0.0025918742921055642
2022-09-04 12:51:50+00:00,20.41265733,,,,,42.43920982490564,0.0,1982.0,5.670182591666666,-0.05113051412037043,0.005212080950088729
2022-09-04 12:51:52+00:00,19.38830198,,,,,-48.300359118131155,0.0,1984.0,5.385639438888889,-0.1662863976851852,0.016950703127949558
2022-09-04 12:51:54+00:00,17.72084313,,,,,-122.60978760414352,0.0,1986.0,4.922456424999999,-0.28552282893518516,0.029105283275757916
2022-09-04 12:51:56+00:00,15.6373654,,,,,-169.04472729987657,0.0,1988.0,4.343712611111111,-0.38797583923611106,0.03954901521265148
2022-09-04 12:51:58+00:00,11.8290077,,,,,-135.3425988580817,0.0,1990.0,3.2858354722222223,-0.39016134624999993,0.0397717988022426
2022-09-04 12:52:00+00:00,8.519581155,,,,,-51.18142930490542,0.0,1992.0,2.366550320833333,-0.2216630969907407,0.02259562660456072
2022-09-04 12:52:02+00:00,7.983657217,,,,,32.909689050917706,0.0,1994.0,2.217682560277778,0.05160110574074084,-0.005260051553592338
2022-09-04 12:52:04+00:00,9.906870093,,,,,137.53136573714005,0.0,1996.0,2.751908359166667,0.276267228888889,-0.02816179703250652
2022-09-04 12:52:06+00:00,12.67088653,,,,,245.47807098666252,0.0,1998.0,3.519690702777778,0.3960021173611112,-0.04036718831407861
2022-09-04 12:52:08+00:00,15.76709613,,,,,331.0838855052966,0.0,2000.0,4.379748925,0.42067448210648156,-0.0428822102045343
2022-09-04 12:52:10+00:00,19.23072265,,,,,370.3141815700114,0.0,2002.0,5.341867402777778,0.3608769032407408,-0.03678663641597765
2022-09-04 12:52:12+00:00,21.5201716,,,,,320.9734105331489,0.0,2004.0,5.977825444444445,0.2441477418981481,-0.024887639337222028
2022-09-04 12:52:14+00:00,22.50769328,,,,,232.71509107912158,0.0,2006.0,6.252137022222223,0.129604024074074,-0.013211419375542712
2022-09-04 12:52:16+00:00,23.03730795,,,,,176.69028139164996,0.0,2008.0,6.3992522083333325,0.0629673629629629,-0.006418691433533425
2022-09-04 12:52:18+00:00,23.31248014,,,,,149.41438603657758,0.0,2010.0,6.475688927777778,0.0312916638888889,-0.003189772057990713
2022-09-04 12:52:20+00:00,23.43557482,,,,,132.2183086301004,0.0,2012.0,6.509881894444444,0.012318321759259251,-0.001255690291463736
2022-09-04 12:52:22+00:00,23.46122629,,,,,120.42069822184608,0.0,2014.0,6.5170073027777775,0.00013779652777775228,-1.4046536980402883e-05
2022-09-04 12:52:24+00:00,23.4207133,,,,,111.68793030149965,0.0,2016.0,6.505753694444444,-0.008145278009259202,0.0008303035687318248
2022-09-04 12:52:26+00:00,23.33329447,,,,,104.8241876483145,0.0,2018.0,6.481470686111111,-0.014023611574073983,0.001429522076867888
2022-09-04 12:52:28+00:00,23.21163063,,,,,99.1843302407918,0.0,2020.0,6.447675175,-0.018318257175925834,0.0018673045031524804
2022-09-04 12:52:30+00:00,23.06448894,,,,,94.39587382108233,0.0,2022.0,6.406802483333333,-0.021514810185185158,0.002193150885339975
2022-09-04 12:52:32+00:00,22.89817012,,,,,90.22748170826168,0.0,2024.0,6.360602811111111,-0.023921488888888898,0.0024384800090610495
2022-09-04 12:52:34+00:00,22.71731518,,,,,86.52566394017914,0.0,2026.0,6.310365327777777,-0.02574602129629629,0.0026244670026805595
2022-09-04 12:52:36+00:00,22.52539607,,,,,83.18317504353888,0.0,2028.0,6.257054463888888,-0.02713489328703696,0.0027660441678936756
2022-09-04 12:52:38+00:00,22.32503487,,,,,80.12232764781577,0.0,2030.0,6.201398575,-0.028194676851851768,0.0028740751123192423
2022-09-04 12:52:40+00:00,22.11822304,,,,,77.28552271872509,0.0,2032.0,6.143950844444444,-0.02900448587962956,0.0029566244525616268
2022-09-04 12:52:42+00:00,21.90647817,,,,,74.629443358377,0.0,2034.0,6.085132825,-0.02962379027777773,0.003019754360629738
2022-09-04 12:52:44+00:00,21.69095898,,,,,72.12123440406681,0.0,2036.0,6.025266383333333,-0.03009763194444433,0.0030680562634499827
2022-09-04 12:52:46+00:00,21.47255119,,,,,69.73584555964868,0.0,2038.0,5.964597552777778,-0.03046027777777771,0.0031050232189375852
2022-09-04 12:52:48+00:00,21.25193232,,,,,67.45411035885536,0.0,2040.0,5.903314533333334,-0.030737866435185206,0.0031333197181636296
2022-09-04 12:52:50+00:00,21.02962083,,,,,65.26132328443765,0.0,2042.0,5.841561341666666,-0.030950367592592582,0.00315498140597274
2022-09-04 12:52:52+00:00,20.80601351,,,,,63.14617117144438,0.0,2044.0,5.779448197222222,-0.03111305162037033,0.003171564895042847
2022-09-04 12:52:54+00:00,20.58141412,,,,,61.09992541474881,0.0,2046.0,5.717059477777778,-0.031237601157407407,0.0031842610761883185
2022-09-04 12:52:56+00:00,20.3560552,,,,,59.1158265322132,0.0,2048.0,5.654459777777777,-0.031332956944444455,0.0031939813399025946
2022-09-04 12:52:58+00:00,20.13011477,,,,,57.1886155965151,0.0,2050.0,5.591698547222221,-0.03140596273148144,0.0032014233161550905
2022-09-04 12:53:00+00:00,19.90372912,,,,,55.3141774995086,0.0,2052.0,5.528813644444445,-0.03146185740740729,0.003207121040510427
2022-09-04 12:53:02+00:00,19.67700261,,,,,53.48926888318138,0.0,2054.0,5.465834058333333,-0.03150465138888884,0.003211483322007017
2022-09-04 12:53:04+00:00,19.45001512,,,,,51.711309679105185,0.0,2056.0,5.402781977777778,-0.03153741527777776,0.00321482316796919
2022-09-04 12:53:06+00:00,19.22282783,,,,,49.978225263298064,0.0,2058.0,5.339674397222222,-0.03156250023148147,0.0032173802478574383
2022-09-04 12:53:08+00:00,18.99548756,,,,,48.28832600096386,0.0,2060.0,5.2765243222222225,-0.031581706018518584,0.003219338024313821
2022-09-04 12:53:10+00:00,18.76803016,,,,,46.640215363363,0.0,2062.0,5.21334171111111,-0.03159641041666672,0.0032208369435949764
2022-09-04 12:53:12+00:00,18.54048309,,,,,45.03271980910936,0.0,2064.0,5.150134191666666,-0.03160766828703702,0.0032219845348661585
2022-09-04 12:53:14+00:00,18.31286737,,,,,43.46483497926889,0.0,2066.0,5.086907602777777,-0.03161628773148136,0.0032228631734435636
2022-09-04 12:53:16+00:00,18.08519908,,,,,41.935685866599066,0.0,2068.0,5.023666411111111,-0.03162288703703686,0.003223535885528732
2022-09-04 12:53:18+00:00,17.85749054,,,,,40.444495669999576,0.0,2070.0,4.960414038888889,-0.031627939583333174,0.0032240509259259097
2022-09-04 12:53:20+00:00,17.6297512,,,,,38.9905622745685,0.0,2072.0,4.897153111111112,-0.03163180787037031,0.003224445246724802
2022-09-04 12:53:22+00:00,17.40198826,,,,,37.57324006862042,0.0,2074.0,4.833885627777778,-0.03163476944444443,0.003224747140106466
2022-09-04 12:53:24+00:00,17.17420726,,,,,36.78647410973028,0.0,2076.0,4.770613127777778,-0.030821296296296336,0.003141824291161706
2022-09-04 12:53:26+00:00,16.94641244,,,,,45.267467160047374,0.0,2078.0,4.707336788888889,-0.017148011574074046,0.0017480134122399638
2022-09-04 12:53:28+00:00,16.75384702,,,,,36.27101507893993,0.0,2080.0,4.653846394444444,-0.02807396990740733,0.002861770632763234
2022-09-04 12:53:30+00:00,17.0815544,,,,,14.734517536062468,0.0,2082.0,4.7448762222222225,-0.06047681412037024,0.006164812856306854
2022-09-04 12:53:32+00:00,15.8262698,,,,,-15.881378556641545,0.0,2084.0,4.396186055555556,-0.10360568518518509,0.01056123192509532
2022-09-04 12:53:34+00:00,15.26139129,,,,,-24.201522464062304,0.0,2086.0,4.239275358333334,-0.11782970601851854,0.012011183080379056
2022-09-04 12:53:36+00:00,14.09824453,,,,,1.2397615377094675,0.0,2088.0,3.916179036111111,-0.06434323240740747,0.006558943160795868
2022-09-04 12:53:38+00:00,13.71933637,,,,,56.982826535908764,0.0,2090.0,3.8109267694444444,0.03308574560185181,-0.0033726550052856075
2022-09-04 12:53:40+00:00,14.58869708,,,,,114.92583701428701,0.0,2092.0,4.052415855555555,0.11703647638888888,-0.011930323790916297
2022-09-04 12:53:42+00:00,16.20024295,,,,,124.22772915832381,0.0,2094.0,4.500067486111111,0.1044261787037037,-0.01064487040812474
2022-09-04 12:53:44+00:00,16.67331373,,,,,53.11068967070247,0.0,2096.0,4.631476036111111,-0.003612446990740703,0.0003682412834598066
2022-09-04 12:53:46+00:00,16.14593064,,,,,-18.28581892814634,0.0,2098.0,4.484980733333333,-0.10894071365740736,0.01110506765111186
2022-09-04 12:53:48+00:00,14.48695168,,,,,-30.647966284172213,0.0,2100.0,4.024153244444444,-0.1296774189814814,0.013218901017480265
2022-09-04 12:53:50+00:00,13.68036617,,,,,-8.281111874472007,0.0,2102.0,3.8001017138888886,-0.0822294618055555,0.008382208135122884
2022-09-04 12:53:52+00:00,13.5368137,,,,,25.595277453218102,0.0,2104.0,3.7602260277777777,-0.01946169884259256,0.001983863286706683
2022-09-04 12:53:54+00:00,13.54375587,,,,,32.21875865509839,0.0,2106.0,3.762154408333333,-0.00798997870370366,0.0008144728546079163
2022-09-04 12:53:56+00:00,13.78281659,,,,,30.15733578110378,0.0,2108.0,3.8285601638888886,-0.013496952083333272,0.0013758360941216383
2022-09-04 12:53:58+00:00,13.0891962,,,,,8.055984784482332,0.0,2110.0,3.6358878333333333,-0.047669507175925885,0.004859276980216706
2022-09-04 12:54:00+00:00,13.40830504,,,,,-36.980822270869375,0.0,2112.0,3.724529177777778,-0.14371430037037033,0.014649775776796159
2022-09-04 12:54:02+00:00,11.85894471,,,,,-80.31930187229112,0.0,2114.0,3.294151308333333,-0.25445438074074067,0.02593826511118661
2022-09-04 12:54:04+00:00,8.804610304,,,,,-79.54931988990599,0.0,2116.0,2.4457250844444447,-0.3104983180092592,0.03165120469003661
2022-09-04 12:54:06+00:00,6.700461688,,,,,-52.19745428171906,0.0,2118.0,1.8612393577777777,-0.2692388033564814,0.02744534183042624
2022-09-04 12:54:08+00:00,5.153260724,,,,,-28.377155500173423,0.0,2120.0,1.4314613122222222,-0.1999733897222222,0.02038464727035904
2022-09-04 12:54:10+00:00,3.879177985,,,,,-0.0,16.866391356164385,2122.0,1.0775494402777779,-0.15183692326388884,0.015477769955544224
2022-09-04 12:54:12+00:00,2.987043571,,,,,-0.0,9.04241396009657,2124.0,0.8297343252777778,-0.1163106873148148,0.011856339175822099
2022-09-04 12:54:14+00:00,2.307323756,,,,,-0.0,3.1659781720462394,2126.0,0.6409232655555556,-0.07242135863425923,0.007382401491769545
2022-09-04 12:54:16+00:00,1.700493261,,,,,2.664913105563938,0.0,2128.0,0.47235923916666667,0.0008075581712963334,-8.231989513724092e-05
2022-09-04 12:54:18+00:00,2.037125602,,,,,13.003888626114614,0.0,2130.0,0.5658682227777778,0.11410268886574076,-0.011631262881319139
2022-09-04 12:54:20+00:00,3.292128238,,,,,38.06844117821315,0.0,2132.0,0.9144800661111111,0.2351284338888889,-0.02396823994789897
2022-09-04 12:54:22+00:00,5.644924938,,,,,80.86791437301632,0.0,2134.0,1.5680347049999999,0.2969659412268519,-0.030271757515479294
2022-09-04 12:54:24+00:00,8.250242269,,,,,131.0081994322933,0.0,2136.0,2.2917339636111107,0.32797372537037045,-0.03343259178087364
2022-09-04 12:54:26+00:00,9.907940232,,,,,160.60191162586756,0.0,2138.0,2.75220562,0.3310963236805556,-0.033750899457752864
2022-09-04 12:54:28+00:00,13.19757788,,,,,204.00712630970818,0.0,2140.0,3.6659938555555556,0.3016320094675926,-0.03074740157671688
2022-09-04 12:54:30+00:00,15.00095051,,,,,200.29245211600272,0.0,2142.0,4.166930697222222,0.24414302287037035,-0.0248871582946351
2022-09-04 12:54:32+00:00,16.1877348,,,,,179.78492787624393,0.0,2144.0,4.496593,0.18550015763888886,-0.018909292317929545
2022-09-04 12:54:34+00:00,17.4647619,,,,,171.53084950710027,0.0,2146.0,4.85132275,0.14858081527777778,-0.015145852729640955
2022-09-04 12:54:36+00:00,18.7473733,,,,,127.09252557784583,0.0,2148.0,5.207603694444444,0.06970875300925931,-0.007105887156907167
2022-09-04 12:54:38+00:00,18.86000323,,,,,48.260403860567294,0.0,2150.0,5.238889786111111,-0.03039299768518507,0.003098164901649854
2022-09-04 12:54:40+00:00,17.8039116,,,,,25.72057046592559,0.0,2152.0,4.945531,-0.05065904976851839,0.005164021383131334
2022-09-04 12:54:42+00:00,17.0952461,,,,,68.25838163436691,0.0,2154.0,4.748679472222222,0.013210412500000138,-0.0013466271661569968
2022-09-04 12:54:44+00:00,18.32365948,,,,,97.77881978981684,0.0,2156.0,5.089905411111111,0.038135654166666755,-0.0038874265205572633
2022-09-04 12:54:46+00:00,18.91094517,,,,,71.14964417386948,0.0,2158.0,5.253040325000001,-0.0023323127314814895,0.00023774849454449433
2022-09-04 12:54:48+00:00,17.63567279,,,,,36.79696109284715,0.0,2160.0,4.898797997222222,-0.03461255300925933,0.003528292865367923
2022-09-04 12:54:50+00:00,17.68247688,,,,,63.01113215454666,0.0,2162.0,4.911799133333333,-6.54118055556004e-05,6.667870087217166e-06
2022-09-04 12:54:52+00:00,18.05686548,,,,,102.50598610267133,0.0,2164.0,5.0157959666666665,0.047663557407407464,-0.004858670479858049
2022-09-04 12:54:54+00:00,18.48692669,,,,,107.89923756655222,0.0,2166.0,5.135257413888889,0.048995200925925984,-0.00499441395779062
2022-09-04 12:54:56+00:00,18.89028866,,,,,96.10815245059086,0.0,2168.0,5.247302405555556,0.029018503472222235,-0.0029580533610827965
2022-09-04 12:54:58+00:00,18.96564638,,,,,74.25783454896178,0.0,2170.0,5.268235105555555,0.0009532567129629058,-9.717193812058163e-05
2022-09-04 12:55:00+00:00,18.83174514,,,,,54.01157938586886,0.0,2172.0,5.231040316666666,-0.02294149398148156,0.0023385824649828297
2022-09-04 12:55:02+00:00,18.5866509,,,,,41.28640641551152,0.0,2174.0,5.1629585833333325,-0.036764422453703705,0.0037476475487975233
2022-09-04 12:55:04+00:00,18.2782116,,,,,33.115368394209625,0.0,2176.0,5.077280999999999,-0.04465628402777766,0.004552118657265816
2022-09-04 12:55:06+00:00,17.93095687,,,,,27.318655305326573,0.0,2178.0,4.980821352777777,-0.04950234907407384,0.005046111016725162
2022-09-04 12:55:08+00:00,17.5582877,,,,,24.937569395065555,0.0,2180.0,4.877302138888889,-0.049890200694444276,0.005085647369464248
2022-09-04 12:55:10+00:00,17.16807332,,,,,29.935436125350606,0.0,2182.0,4.768909255555556,-0.04017391249999991,0.00409520005096839
2022-09-04 12:55:12+00:00,16.88583848,,,,,38.4545917272268,0.0,2184.0,4.690510688888889,-0.026112384953703677,0.0026618129412541974
2022-09-04 12:55:14+00:00,16.86789307,,,,,43.989949157148665,0.0,2186.0,4.685525852777778,-0.01822897800925923,0.0018582036706686266
2022-09-04 12:55:16+00:00,16.73041292,,,,,41.20382717433262,0.0,2188.0,4.647336922222222,-0.02093362199074067,0.002133906421074482
2022-09-04 12:55:18+00:00,16.53600703,,,,,35.07553125345508,0.0,2190.0,4.593335286111111,-0.027983825,0.0028525815494393476
2022-09-04 12:55:20+00:00,16.31339205,,,,,31.398143813742475,0.0,2192.0,4.531497791666667,-0.03148242870370369,0.0032092180126099584
2022-09-04 12:55:22+00:00,16.0760127,,,,,28.87835826032683,0.0,2194.0,4.465559083333333,-0.03331695486111116,0.0033962237371163257
2022-09-04 12:55:24+00:00,15.83036633,,,,,15.660967373775645,0.0,2196.0,4.397323980555556,-0.05112205208333335,0.005211218357118587
2022-09-04 12:55:26+00:00,15.5797403,,,,,-3.6787367246545823,0.0,2198.0,4.327705638888888,-0.08008496736111108,0.008163605235587266
2022-09-04 12:55:28+00:00,14.6011918,,,,,9.982839120556987,0.0,2200.0,4.055886611111111,-0.052537468287037016,0.0053555013544380236
2022-09-04 12:55:30+00:00,13.84551664,,,,,43.72936139015044,0.0,2202.0,3.8459768444444444,0.009099809953703741,-0.0009276054998678635
2022-09-04 12:55:32+00:00,15.29497136,,,,,68.01342041696128,0.0,2204.0,4.248603155555555,0.032926347222222284,-0.003356406444670977
2022-09-04 12:55:34+00:00,15.27907253,,,,,47.579140033345276,0.0,2206.0,4.244186813888889,0.0015964819444445426,-0.00016274025937253238
2022-09-04 12:55:36+00:00,14.59005411,,,,,27.649045786227177,0.0,2208.0,4.052792808333334,-0.02394311249999992,0.0024406842507645175
2022-09-04 12:55:38+00:00,14.61940191,,,,,26.138000188150173,0.0,2210.0,4.060944975,-0.02660085624999997,0.0027116061416921477
2022-09-04 12:55:40+00:00,14.92029952,,,,,5.90645152562631,0.0,2212.0,4.1445276444444445,-0.06077696203703701,0.006195408974213762
2022-09-04 12:55:42+00:00,13.79967013,,,,,-21.7558258973922,0.0,2214.0,3.833241702777778,-0.110990180787037,0.011313983770340163
2022-09-04 12:55:44+00:00,12.78422113,,,,,-35.17473089905547,0.0,2216.0,3.5511725361111113,-0.14099294097222223,0.01437236911031827
2022-09-04 12:55:46+00:00,11.96070449,,,,,-34.07765982356948,0.0,2218.0,3.3224179138888887,-0.14068374618055554,0.014340850782931246
2022-09-04 12:55:48+00:00,10.66837011,,,,,-19.00488588581202,0.0,2220.0,2.9634361416666666,-0.1050997836805555,0.010713535543379765
2022-09-04 12:55:50+00:00,9.837983315,,,,,17.547445233301538,0.0,2222.0,2.7327731430555557,-0.008613667592592522,0.0008780497036281877
2022-09-04 12:55:52+00:00,10.36663165,,,,,71.60472323057822,0.0,2224.0,2.879619902777778,0.11046464733796302,-0.011260412572677167
2022-09-04 12:55:54+00:00,11.89033251,,,,,123.53742600824216,0.0,2226.0,3.302870141666667,0.18727976562500004,-0.019090699859836906
2022-09-04 12:55:56+00:00,13.38809368,,,,,155.83973338234273,0.0,2228.0,3.7189149111111113,0.21088856712962967,-0.02149730551780119
2022-09-04 12:55:58+00:00,14.90700716,,,,,179.47791578804546,0.0,2230.0,4.140835322222222,0.21365860810185186,-0.021779674628119455
2022-09-04 12:56:00+00:00,16.4603431,,,,,190.30728946212236,0.0,2232.0,4.572317527777778,0.1948525300925926,-0.019862643230641446
2022-09-04 12:56:02+00:00,18.04813496,,,,,149.57758565566158,0.0,2234.0,5.013370822222222,0.10923367800925927,-0.011134931499414809
2022-09-04 12:56:04+00:00,18.66459518,,,,,63.79413537566763,0.0,2236.0,5.184609772222222,-0.009016589583333364,0.0009191222816853582
2022-09-04 12:56:06+00:00,17.42164997,,,,,0.5180472249377274,0.0,2238.0,4.839347213888889,-0.0819170571759259,0.008350362607128022
2022-09-04 12:56:08+00:00,16.69731142,,,,,48.2298484725943,0.0,2240.0,4.63814206111111,-0.010732144212962905,0.0010940004294559536
2022-09-04 12:56:10+00:00,16.47660185,,,,,163.3092759072326,0.0,2242.0,4.576833847222223,0.15589027754629636,-0.015890955917053654
2022-09-04 12:56:12+00:00,19.14601467,,,,,271.8750967701533,0.0,2244.0,5.318337408333333,0.24223499467592594,-0.024692660007739644
2022-09-04 12:56:14+00:00,21.70740671,,,,,263.1260468492144,0.0,2246.0,6.029835197222222,0.17707049027777774,-0.01804999900894778
2022-09-04 12:56:16+00:00,21.93105833,,,,,159.79150845732926,0.0,2248.0,6.091960647222222,0.06162122013888893,-0.006281469942802134
2022-09-04 12:56:18+00:00,21.34100337,,,,,119.98495137498728,0.0,2250.0,5.928056491666666,0.026365030787037152,-0.002687566848831514
2022-09-04 12:56:20+00:00,22.17445472,,,,,133.43088767498827,0.0,2252.0,6.159570755555555,0.030064237268518663,-0.0030646521170763163
2022-09-04 12:56:22+00:00,22.60297965,,,,,75.13555757973646,0.0,2254.0,6.278605458333334,-0.03636476736111105,0.0037069079878808407
2022-09-04 12:56:24+00:00,21.9678571,,,,,-54.90738089236968,0.0,2256.0,6.102182527777778,-0.1830262828703704,0.018657113442443463
2022-09-04 12:56:26+00:00,19.97664304,,,,,-150.70206145040737,0.0,2258.0,5.549067511111111,-0.3168562856481482,0.03229931556046363
2022-09-04 12:56:28+00:00,16.89405591,,,,,-180.17641248479003,0.0,2260.0,4.692793308333333,-0.39007424143518515,0.03976291961622682
2022-09-04 12:56:30+00:00,13.9885893,,,,,-163.78710882327212,0.0,2262.0,3.8857192499999997,-0.40655345374999996,0.04144275777268093
2022-09-04 12:56:32+00:00,11.10470361,,,,,-131.24712369397398,0.0,2264.0,3.0846398916666664,-0.398573093287037,0.04062926537074791
2022-09-04 12:56:34+00:00,8.202886138,,,,,-90.09940362286088,0.0,2266.0,2.278579482777778,-0.36561082833333325,0.03726919758749574
2022-09-04 12:56:36+00:00,5.461401442,,,,,-47.35144820126733,0.0,2268.0,1.517055956111111,-0.29251013486111105,0.029817546876769727
2022-09-04 12:56:38+00:00,3.837503684,,,,,-0.0,24.011588928051438,2270.0,1.0659732455555555,-0.20177236694444442,0.020568029250198207
2022-09-04 12:56:40+00:00,2.833648238,,,,,-0.0,9.859834274196338,2272.0,0.7871245105555555,-0.12801574409722216,0.013049515198493594
2022-09-04 12:56:42+00:00,2.11407309,,,,,-0.0,3.9965953649581873,2274.0,0.5872425250000001,-0.08585998888888885,0.008752292445350545
2022-09-04 12:56:44+00:00,1.654551891,,,,,-0.0,1.4820856478338114,2276.0,0.45959774750000004,-0.05954884023148146,0.006070218168346734
2022-09-04 12:56:46+00:00,1.307448511,,,,,-0.0,0.18691355190980688,2278.0,0.3631801419444444,-0.03968009344907405,0.004044861717540677
2022-09-04 12:56:48+00:00,1.067762919,,,,,0.5716371731647485,0.0,2280.0,0.29660081083333334,-0.023234051319444407,0.002368404823592702
2022-09-04 12:56:50+00:00,0.986682025,,,,,1.3611901290541417,0.0,2282.0,0.2740783402777778,-0.003315782986111071,0.00033800030439460455
2022-09-04 12:56:52+00:00,0.97160736,,,,,2.288259797203379,0.0,2284.0,0.26989093333333336,0.019676641574074106,-0.0020057738607618864
2022-09-04 12:56:54+00:00,1.260362245,,,,,3.9076612271272335,0.0,2286.0,0.3501006236111111,0.037138910833333365,-0.0037858216955487627
2022-09-04 12:56:56+00:00,1.644113615,,,,,4.995595677362242,0.0,2288.0,0.45669822638888885,0.03550666317129634,-0.0036194355934043155
2022-09-04 12:56:58+00:00,1.918576718,,,,,3.971580480596839,0.0,2290.0,0.5329379772222222,0.012536219004629673,-0.0012779020392079178
2022-09-04 12:57:00+00:00,1.847280736,,,,,1.6899022191337694,0.0,2292.0,0.5131335377777778,-0.014644396597222187,0.0014928029151092953
2022-09-04 12:57:02+00:00,1.598759785,,,,,0.48167339758536476,0.0,2294.0,0.44409994027777777,-0.02896883490740738,0.002952990306565482
2022-09-04 12:57:04+00:00,1.331292615,,,,,0.9294336334409851,0.0,2296.0,0.36980350416666663,-0.01949605243055552,0.0019873651815041304
2022-09-04 12:57:06+00:00,1.183111171,,,,,1.3251541965503646,0.0,2298.0,0.32864199194444443,-0.009496568703703662,0.0009680498168913008
2022-09-04 12:57:08+00:00,1.420699885,,,,,1.5821703232597084,0.0,2300.0,0.39463885694444445,-0.009743140231481437,0.0009931845292030007
2022-09-04 12:57:10+00:00,1.099100747,,,,,0.9764995383398261,0.0,2302.0,0.30530576305555557,-0.014924386851851814,0.0015213442254690941
2022-09-04 12:57:12+00:00,0.994399381,,,,,0.9380168177612842,0.0,2304.0,0.2762220502777778,-0.013598095949074037,0.0013861463760523993
2022-09-04 12:57:14+00:00,0.964678163,,,,,1.105993009830633,0.0,2306.0,0.2679661563888889,-0.008801212870370334,0.0008971674689470269
2022-09-04 12:57:16+00:00,0.967684724,,,,,1.222343613090337,0.0,2308.0,0.26880131222222226,-0.006052848587962928,0.0006170080110053953
2022-09-04 12:57:18+00:00,0.745603008,,,,,1.2183277094706473,0.0,2310.0,0.20711194666666666,0.0027446605555555884,-0.0002797819118813036
2022-09-04 12:57:20+00:00,0.951991477,,,,,1.8417200573136314,0.0,2312.0,0.26444207694444444,0.009773240856481513,-0.0009962528905689614
2022-09-04 12:57:22+00:00,1.098940746,,,,,2.0634324429069566,0.0,2314.0,0.3052613183333333,0.008384878217592632,-0.0008547276470532753
2022-09-04 12:57:24+00:00,1.036550991,,,,,1.6667002502094752,0.0,2316.0,0.2879308308333333,0.0020497384490741157,-0.0002089437766640281
2022-09-04 12:57:26+00:00,1.023270233,,,,,2.2957115205211847,0.0,2318.0,0.2842417313888889,0.017030446388888926,-0.001736029193566659
2022-09-04 12:57:28+00:00,1.116210691,,,,,5.30892668131788,0.0,2320.0,0.3100585252777778,0.07620804428240743,-0.007768404106259677
2022-09-04 12:57:30+00:00,1.75499633,,,,,13.162550783707871,0.0,2322.0,0.4874989805555555,0.1405792061111111,-0.014330194302865555
2022-09-04 12:57:32+00:00,3.597012407,,,,,31.149764247640878,0.0,2324.0,0.9991701130555555,0.16638476462962967,-0.01696073033941179
2022-09-04 12:57:34+00:00,4.615490221,,,,,37.18858636978688,0.0,2326.0,1.2820806169444443,0.1508926328935186,-0.01538151201768793
2022-09-04 12:57:36+00:00,5.443538632,,,,,40.48594793044223,0.0,2328.0,1.5120940644444445,0.13499696398148153,-0.01376115840789822
2022-09-04 12:57:38+00:00,6.427031846,,,,,58.63153943107709,0.0,2330.0,1.785286623888889,0.17290101284722226,-0.01762497582540492
2022-09-04 12:57:40+00:00,7.617339626,,,,,90.49795091909036,0.0,2332.0,2.115927673888889,0.23530086027777777,-0.023985816542077244
2022-09-04 12:57:42+00:00,9.911012982,,,,,143.2590455886696,0.0,2334.0,2.7530591616666666,0.2897354668518519,-0.029534706101106208
2022-09-04 12:57:44+00:00,12.12455466,,,,,181.1963603147079,0.0,2336.0,3.3679318499999997,0.29373840004629637,-0.029942752298297282
2022-09-04 12:57:46+00:00,14.43638898,,,,,174.88601358019574,0.0,2338.0,4.01010805,0.2175480071296297,-0.022176147515762457
2022-09-04 12:57:48+00:00,15.78146251,,,,,128.33050078310674,0.0,2340.0,4.383739586111111,0.11741856875000005,-0.01196927306320082
2022-09-04 12:57:50+00:00,15.65217904,,,,,77.72983564806536,0.0,2342.0,4.347827511111111,0.043452835185185244,-0.004429442934269647
2022-09-04 12:57:52+00:00,15.98124677,,,,,67.30948859690147,0.0,2344.0,4.439235213888889,0.02406891990740745,-0.002453508655189342
2022-09-04 12:57:54+00:00,16.1137672,,,,,100.21195297514654,0.0,2346.0,4.476046444444445,0.07070911134259257,-0.007207860483444706
2022-09-04 12:57:56+00:00,16.35965169,,,,,125.63102836593939,0.0,2348.0,4.544347691666666,0.10388395648148141,-0.010589598010344689
2022-09-04 12:57:58+00:00,18.32840773,,,,,137.45898877481628,0.0,2350.0,5.091224369444444,0.08909036203703695,-0.009081586344244337
2022-09-04 12:58:00+00:00,18.25439316,,,,,105.52826906625783,0.0,2352.0,5.070664766666666,0.0490080134259259,-0.004995720023030163
2022-09-04 12:58:02+00:00,18.06772937,,,,,51.0254136083677,0.0,2354.0,5.018813713888888,-0.019617694907407352,0.0019997650262392813
2022-09-04 12:58:04+00:00,18.73747623,,,,,50.63896595872946,0.0,2356.0,5.204854508333333,-0.026294981944444278,0.002680426294031017
2022-09-04 12:58:06+00:00,16.99784024,,,,,53.92171316133202,0.0,2358.0,4.721622288888889,-0.005611315046296157,0.0005719994950352861
2022-09-04 12:58:08+00:00,18.18833907,,,,,88.49890098740401,0.0,2360.0,5.052316408333334,0.027812899074074138,-0.002835157907652817
2022-09-04 12:58:10+00:00,18.37445772,,,,,108.26148238063479,0.0,2362.0,5.104016033333333,0.05094279050925932,-0.005192945006040704
2022-09-04 12:58:12+00:00,18.56237599,,,,,98.2063924082113,0.0,2364.0,5.156215552777778,0.03569944467592597,-0.0036390871229282336
2022-09-04 12:58:14+00:00,18.82453187,,,,,96.42051106207064,0.0,2366.0,5.229036630555556,0.03021186018518518,-0.003079700324687582
2022-09-04 12:58:16+00:00,19.28048093,,,,,91.98706793283917,0.0,2368.0,5.355689147222222,0.019252059953703715,-0.001962493369388758
2022-09-04 12:58:18+00:00,18.96150514,,,,,93.43137600715797,0.0,2370.0,5.267084761111111,0.024824836111111154,-0.0025305643334466005
2022-09-04 12:58:20+00:00,19.25709171,,,,,98.89548591767753,0.0,2372.0,5.349192141666667,0.027981397222222298,-0.0028523340695435573
2022-09-04 12:58:22+00:00,19.92035401,,,,,98.50400876825317,0.0,2374.0,5.533431669444444,0.01947001226851856,-0.0019847107307358366
2022-09-04 12:58:24+00:00,19.53042842,,,,,66.23282407495388,0.0,2376.0,5.425119005555556,-0.014759847222222159,0.001504571582285643
2022-09-04 12:58:26+00:00,19.52927296,,,,,55.650058431243956,0.0,2378.0,5.424798044444445,-0.02751709537037032,0.002805004624910328
2022-09-04 12:58:28+00:00,19.01054736,,,,,91.56860526706517,0.0,2380.0,5.2807076,0.021928362500000003,-0.0022353070846075434
2022-09-04 12:58:30+00:00,19.25149655,,,,,144.11829738452204,0.0,2382.0,5.347637930555555,0.08340215555555557,-0.008501748782421567
2022-09-04 12:58:32+00:00,20.75551009,,,,,182.4986655579963,0.0,2384.0,5.765419469444445,0.10488596458333337,-0.01069173950900442
2022-09-04 12:58:34+00:00,21.38728335,,,,,144.15078393504314,0.0,2386.0,5.9409120416666665,0.0523974252314815,-0.005341225813606677
2022-09-04 12:58:36+00:00,21.40583423,,,,,73.94061180438267,0.0,2388.0,5.946065063888889,-0.02515066412037037,0.0025637781977951445
2022-09-04 12:58:38+00:00,20.86474118,,,,,20.896693410637962,0.0,2390.0,5.7957614388888885,-0.07940739259259248,0.008094535432476298
2022-09-04 12:58:40+00:00,20.19154357,,,,,-5.361529252735429,0.0,2392.0,5.608762102777778,-0.10645675185185173,0.010851860535356955
2022-09-04 12:58:42+00:00,19.17117465,,,,,16.143999927772946,0.0,2394.0,5.325326291666667,-0.07267695115740735,0.007408455775474755
2022-09-04 12:58:44+00:00,18.50046908,,,,,53.7987638867734,0.0,2396.0,5.139019188888889,-0.020089516898148196,0.0020478610497602647
2022-09-04 12:58:46+00:00,19.41617138,,,,,77.20640675235698,0.0,2398.0,5.393380938888889,-0.0002836895833333945,2.8918408086992302e-05
2022-09-04 12:58:48+00:00,19.07867971,,,,,64.62677270554803,0.0,2400.0,5.299633252777777,-0.01215358333333331,0.0012388973836221517
2022-09-04 12:58:50+00:00,18.58070863,,,,,60.27381805823788,0.0,2402.0,5.161307952777777,-0.012634114583333264,0.0012878812011552765
2022-09-04 12:58:52+00:00,18.81089703,,,,,86.12075491020056,0.0,2404.0,5.225249175,0.01747663379629642,-0.001781512109714212
2022-09-04 12:58:54+00:00,19.13816031,,,,,128.94717285162895,0.0,2406.0,5.316155641666667,0.06644049027777787,-0.00677273091516594
2022-09-04 12:58:56+00:00,19.27621861,,,,,174.07235989304164,0.0,2408.0,5.354505169444445,0.11964504513888889,-0.012196232939744025
2022-09-04 12:58:58+00:00,20.98561623,,,,,220.5375596307369,0.0,2410.0,5.829337841666667,0.1438403921296296,-0.014662629167138593
2022-09-04 12:59:00+00:00,22.13210706,,,,,205.04459941838925,0.0,2412.0,6.147807516666666,0.10687151249999997,-0.010894139908256878
2022-09-04 12:59:02+00:00,22.4961768,,,,,146.07278993048448,0.0,2414.0,6.248938,0.03905537152777783,-0.0039811795645033465
2022-09-04 12:59:04+00:00,22.38250738,,,,,124.48723916872456,0.0,2416.0,6.217363161111111,0.017896809490740757,-0.0018243434751009945
2022-09-04 12:59:06+00:00,22.42240796,,,,,147.92968046164148,0.0,2418.0,6.2284466555555555,0.04202266805555551,-0.004283656274776301
2022-09-04 12:59:08+00:00,22.97901807,,,,,192.50396370109166,0.0,2420.0,6.383060574999999,0.08005668379629627,-0.008160722099520516
2022-09-04 12:59:10+00:00,23.71504537,,,,,239.48434865737983,0.0,2422.0,6.587512602777777,0.11529473449074079,-0.011752776196813535
2022-09-04 12:59:12+00:00,24.54831871,,,,,320.537925649323,0.0,2424.0,6.818977419444444,0.1787995159722224,-0.018226250353947235
2022-09-04 12:59:14+00:00,25.83383985,,,,,349.5295762102943,0.0,2426.0,7.176066625,0.17991525902777797,-0.01833998562974291
2022-09-04 12:59:16+00:00,28.58436268,,,,,263.4424521352949,0.0,2428.0,7.940100744444445,0.055120167592592716,-0.0056187734549024175
2022-09-04 12:59:18+00:00,27.45134059,,,,,25.349863551773485,0.0,2430.0,7.625372386111112,-0.1304698627314815,0.013299680196889041
2022-09-04 12:59:20+00:00,25.31200921,,,,,-50.23901612583378,0.0,2432.0,7.031113669444444,-0.19250989560185194,0.01962384256899612
2022-09-04 12:59:22+00:00,23.46989525,,,,,48.852810426146156,0.0,2434.0,6.519415347222222,-0.07182354120370378,0.007321461896402016
2022-09-04 12:59:24+00:00,24.24938053,,,,,215.88450750497742,0.0,2436.0,6.735939036111111,0.08315482870370372,-0.008476537074791408
2022-09-04 12:59:26+00:00,25.41119229,,,,,309.44763064787077,0.0,2438.0,7.058664524999999,0.15140011898148156,-0.015433243525125541
2022-09-04 12:59:28+00:00,26.96300077,,,,,331.51841824338646,0.0,2440.0,7.489722436111111,0.14160259027777797,-0.014434514809151679
2022-09-04 12:59:30+00:00,27.29676015,,,,,310.384813260729,0.0,2442.0,7.582433375,0.1170157194444446,-0.011928207894438797
2022-09-04 12:59:32+00:00,28.48104457,,,,,294.9127158996748,0.0,2444.0,7.911401269444445,0.08285665300925933,-0.00844614199890513
2022-09-04 12:59:34+00:00,28.94822757,,,,,219.82771319193438,0.0,2446.0,8.041174325,0.013650473611111122,-0.0013914855872692274
2022-09-04 12:59:36+00:00,28.89094076,,,,,32.54874852470808,0.0,2448.0,8.025261322222223,-0.13822814722222232,0.014090534885037953
2022-09-04 12:59:38+00:00,27.47656442,,,,,-178.94985119250038,0.0,2450.0,7.632379005555555,-0.3419077166666667,0.03485297825348284
2022-09-04 12:59:40+00:00,23.98125176,,,,,-322.3264309577729,0.0,2452.0,6.6614588222222215,-0.5156286467592591,0.052561533818476974
2022-09-04 12:59:42+00:00,19.08750321,,,,,-332.50930962046306,0.0,2454.0,5.302084225000001,-0.5987959662037036,0.061039344159398934
2022-09-04 12:59:44+00:00,15.00484443,,,,,-267.6540492880701,0.0,2456.0,4.168012341666667,-0.5894153960648149,0.06008311886491487
2022-09-04 12:59:46+00:00,10.58498601,,,,,-167.73872355396665,0.0,2458.0,2.9402738916666666,-0.5140018219675926,0.05239570050638048
2022-09-04 12:59:48+00:00,7.02102385,,,,,-84.11079156739038,0.0,2460.0,1.9502844027777777,-0.39180187516203696,0.03993902906850529
2022-09-04 12:59:50+00:00,4.866445081,,,,,-0.0,38.04900528079446,2462.0,1.3517903002777778,-0.24404204263888885,0.024876864693056965
2022-09-04 12:59:52+00:00,3.797544352,,,,,-0.0,14.974605537810264,2464.0,1.0548734311111112,-0.14114433358796294,0.014387801588987047
2022-09-04 12:59:54+00:00,3.265849266,,,,,-0.0,7.505383903299437,2466.0,0.9071803516666667,-0.09749194474537033,0.009938016793615731
2022-09-04 12:59:56+00:00,2.524184454,,,,,-0.0,3.9434231708832352,2468.0,0.7011623483333332,-0.07756093071759255,0.007906313019122584
2022-09-04 12:59:58+00:00,1.928152966,,,,,1.4447975103946042,0.0,2470.0,0.5355980461111112,-0.018591131921296262,0.0018951204812738289
2022-09-04 13:00:00+00:00,1.784608445,,,,,7.027577816486464,0.0,2472.0,0.49572456805555554,0.056625494050925956,-0.005772221615792656
2022-09-04 13:00:02+00:00,3.202288376,,,,,14.396829777550622,0.0,2474.0,0.8895245488888888,0.06867842995370373,-0.007000859322497831
2022-09-04 13:00:04+00:00,3.696270387,,,,,6.886663462222236,0.0,2476.0,1.0267417741666667,0.006116400393518555,-0.0006234862786461319
2022-09-04 13:00:06+00:00,2.983399198,,,,,-0.0,3.28101886607803,2478.0,0.8287219994444444,-0.06584308849537034,0.006711833689640197
2022-09-04 13:00:08+00:00,2.26772612,,,,,-0.0,3.8150069009914076,2480.0,0.6299239222222222,-0.08051394182870365,0.00820733351974553
2022-09-04 13:00:10+00:00,1.78641122,,,,,-0.0,1.926883877382266,2482.0,0.49622533888888887,-0.06440692495370366,0.006565435775097213
2022-09-04 13:00:12+00:00,1.415056078,,,,,-0.0,0.7304966548424646,2484.0,0.3930711327777778,-0.04949832113425922,0.005045700421433152
2022-09-04 13:00:14+00:00,1.053690082,,,,,-0.0,0.09508338091004288,2486.0,0.2926916894444444,-0.038207060740740706,0.003894705478159093
2022-09-04 13:00:16+00:00,0.862119785,,,,,0.46844654548528586,0.0,2488.0,0.23947771805555554,-0.022984009189814775,0.00234291632923698
2022-09-04 13:00:18+00:00,0.688802489,,,,,0.8120880862258752,0.0,2490.0,0.19133402472222222,-0.007964927569444403,0.0008119192221655864
2022-09-04 13:00:20+00:00,0.787034474,,,,,1.1708505121785484,0.0,2492.0,0.21862068722222222,-0.0007135317129629259,7.273513893607807e-05
2022-09-04 13:00:22+00:00,0.784690522,,,,,1.1945289783946471,0.0,2494.0,0.21796958944444444,0.00010279666666670323,-1.0478763166840287e-05
2022-09-04 13:00:24+00:00,0.735407182,,,,,1.3417491989667658,0.0,2496.0,0.20427977277777776,0.007235438541666701,-0.0007375574456337106
2022-09-04 13:00:26+00:00,0.744870597,,,,,3.3629248722223775,0.0,2498.0,0.20690849916666668,0.07062602673611114,-0.007199391104598485
2022-09-04 13:00:28+00:00,1.139425344,,,,,9.877597459391296,0.0,2500.0,0.31650703999999996,0.1683979556481482,-0.017165948587986563
2022-09-04 13:00:30+00:00,3.431716715,,,,,41.389813385592035,0.0,2502.0,0.9532546430555555,0.24670593453703707,-0.02514841330652773
2022-09-04 13:00:32+00:00,5.323352748,,,,,79.01382934765688,0.0,2504.0,1.4787090966666665,0.30969614851851857,-0.03156943409974705
2022-09-04 13:00:34+00:00,7.218639565,,,,,131.6697950115559,0.0,2506.0,2.0051776569444444,0.3860741552546296,-0.03935516363451882
2022-09-04 13:00:36+00:00,10.73137611,,,,,244.6292276883412,0.0,2508.0,2.980937808333333,0.48366448094907416,-0.049303209067183905
2022-09-04 13:00:38+00:00,14.70209686,,,,,362.61966694958073,0.0,2510.0,4.083915794444444,0.5120797123842594,-0.05219976680777364
2022-09-04 13:00:40+00:00,18.73420103,,,,,440.1595550156427,0.0,2512.0,5.2039447305555555,0.46366910532407424,-0.04726494447747953
2022-09-04 13:00:42+00:00,21.33765822,,,,,430.8701834001135,0.0,2514.0,5.927127283333333,0.3697251516203705,-0.037688598534186595
2022-09-04 13:00:44+00:00,24.1263201,,,,,376.7692285112359,0.0,2516.0,6.701755583333333,0.2422781296296297,-0.02469705704685318
2022-09-04 13:00:46+00:00,25.28210434,,,,,257.57182530007657,0.0,2518.0,7.022806761111111,0.10552768888888897,-0.010757154830671658
2022-09-04 13:00:48+00:00,25.25617011,,,,,115.54806639786796,0.0,2520.0,7.015602808333333,-0.026529162499999925,0.002704297910295609
2022-09-04 13:00:50+00:00,24.76660437,,,,,85.01444239679834,0.0,2522.0,6.879612325,-0.04966088541666661,0.005062271704043488
2022-09-04 13:00:52+00:00,23.49576025,,,,,122.84803193639308,0.0,2524.0,6.526600069444444,0.002143558796296352,-0.0002185075225582418
2022-09-04 13:00:54+00:00,24.89716395,,,,,175.83132117653722,0.0,2526.0,6.915878875,0.03486465023148155,-0.003553990849284562
2022-09-04 13:00:56+00:00,25.21821227,,,,,180.62188614991422,0.0,2528.0,7.005058963888889,0.034733740972222295,-0.0035406463784120584
2022-09-04 13:00:58+00:00,24.55030524,,,,,163.57579915637226,0.0,2530.0,6.819529233333333,0.028105664351851873,-0.0028650014629818424
2022-09-04 13:01:00+00:00,25.34311657,,,,,192.95617672294154,0.0,2532.0,7.039754602777777,0.04439337638888885,-0.004525318694076335
2022-09-04 13:01:02+00:00,25.98642435,,,,,215.1298689523441,0.0,2534.0,7.218451208333333,0.05495105300925925,-0.005601534455581983
2022-09-04 13:01:04+00:00,25.69988702,,,,,210.23319979431625,0.0,2536.0,7.1388575055555545,0.05492704259259266,-0.005599086910559904
2022-09-04 13:01:06+00:00,26.56742028,,,,,216.3746708730018,0.0,2538.0,7.379838966666666,0.047066440972222345,-0.004797802341714816
2022-09-04 13:01:08+00:00,27.13496888,,,,,163.52221335945765,0.0,2540.0,7.537491355555555,-0.007558066898148012,0.0007704451476195731
2022-09-04 13:01:10+00:00,26.58461274,,,,,55.0258396076968,0.0,2542.0,7.38461465,-0.09621276134259242,0.009807620931966608
2022-09-04 13:01:12+00:00,25.35618607,,,,,8.00128964654796,0.0,2544.0,7.043385019444444,-0.1276811287037035,0.013015405576320437
2022-09-04 13:01:14+00:00,24.1898118,,,,,8.367053374891643,0.0,2546.0,6.719392166666667,-0.1180279532407406,0.012031391767659591
2022-09-04 13:01:16+00:00,24.01394506,,,,,11.916496667944037,0.0,2548.0,6.670540294444445,-0.11317415902777772,0.01153661152168988
2022-09-04 13:01:18+00:00,22.82804617,,,,,-27.28195048251696,0.0,2550.0,6.341123936111111,-0.1510419446759259,0.015396732382867064
2022-09-04 13:01:20+00:00,21.82882803,,,,,-116.3398259909796,0.0,2552.0,6.063563341666667,-0.2644175638888888,0.02695388011099784
2022-09-04 13:01:22+00:00,19.84991682,,,,,-188.6903841916875,0.0,2554.0,5.513865783333333,-0.37315024814814807,0.0380377419111262
2022-09-04 13:01:24+00:00,15.56923565,,,,,-179.13422258447727,0.0,2556.0,4.324787680555556,-0.4078752263888888,0.04157749504473891
2022-09-04 13:01:26+00:00,12.96754783,,,,,-134.36577973248566,0.0,2558.0,3.6020966194444446,-0.3631130418518518,0.037014581228527195
2022-09-04 13:01:28+00:00,11.09098724,,,,,-105.35541016364384,0.0,2560.0,3.080829788888889,-0.3310390071759259,0.03374505679673046
2022-09-04 13:01:30+00:00,8.641681822,,,,,-85.71542766005024,0.0,2562.0,2.4004671727777778,-0.3357713707175925,0.03422745878874541
2022-09-04 13:01:32+00:00,5.594216548,,,,,-48.873881607399724,0.0,2564.0,1.5539490411111112,-0.2946659913888888,0.030037307990712418
2022-09-04 13:01:34+00:00,3.958995307,,,,,-0.0,25.106022613477457,2566.0,1.099720918611111,-0.2041293529629629,0.02080829286064861
2022-09-04 13:01:36+00:00,3.044102927,,,,,-0.0,8.622778507569409,2568.0,0.8455841463888889,-0.1112690726388888,0.011342413113036574
2022-09-04 13:01:38+00:00,2.373407395,,,,,-0.0,2.4139294368421265,2570.0,0.6592798319444445,-0.06317283256944435,0.006439636347547844
2022-09-04 13:01:40+00:00,2.372980522,,,,,-0.0,0.7579035825231883,2572.0,0.6591612561111112,-0.04490587085648142,0.004577560739702489
2022-09-04 13:01:42+00:00,1.901051345,,,,,-0.0,0.49631918295242416,2574.0,0.5280698180555555,-0.043067158796296225,0.004390128317665262
2022-09-04 13:01:44+00:00,1.576525356,,,,,-0.0,0.5352377452123587,2576.0,0.43792371,-0.04494600328703696,0.004581651711216815
2022-09-04 13:01:46+00:00,1.309361301,,,,,-0.0,0.16303505233357382,2578.0,0.3637114725,-0.039197928333333264,0.003995711348963636
2022-09-04 13:01:48+00:00,1.023003224,,,,,0.053536955334712026,0.0,2580.0,0.2841675622222222,-0.03460143800925919,0.0035271598378449733
2022-09-04 13:01:50+00:00,0.761222973,,,,,0.2961048402582961,0.0,2582.0,0.21145082583333333,-0.026596436157407335,0.002711155571601155
2022-09-04 13:01:52+00:00,0.629881562,,,,,0.5538064718116954,0.0,2584.0,0.17496710055555556,-0.015016398032407332,0.0015307235507041113
2022-09-04 13:01:54+00:00,0.553516921,,,,,0.686272639186675,0.0,2586.0,0.1537547002777778,-0.006504967476851778,0.0006630955633895798
2022-09-04 13:01:56+00:00,0.582000881,,,,,0.8026664701430702,0.0,2588.0,0.1616669113888889,-0.0032273311805554824,0.0003289838104541776
2022-09-04 13:01:58+00:00,0.528089059,,,,,0.7707768397674284,0.0,2590.0,0.14669140527777777,-0.0013233576388888165,0.00013489884188469075
2022-09-04 13:02:00+00:00,0.515888717,,,,,0.7791346225650606,0.0,2592.0,0.1433024213888889,-0.0001262847685184453,1.2873065088526533e-05
2022-09-04 13:02:02+00:00,0.562460035,,,,,0.8637540856893678,0.0,2594.0,0.1562388986111111,0.00046435543981488786,-4.7334907218643e-05
2022-09-04 13:02:04+00:00,0.542174403,,,,,1.1094138705611012,0.0,2596.0,0.15060400083333333,0.012498440995370445,-0.0012740510698644695
2022-09-04 13:02:06+00:00,0.521863528,,,,,1.5122960284195714,0.0,2598.0,0.1449620911111111,0.032569656111111185,-0.0033200464945067464
2022-09-04 13:02:08+00:00,1.096417875,,,,,3.3509332629522453,0.0,2600.0,0.30456052083333335,0.03615783231481489,-0.003685813691622313
2022-09-04 13:02:10+00:00,1.415225707,,,,,3.6560645224633843,0.0,2602.0,0.39311825194444444,0.024891292199074155,-0.002537338654339873
2022-09-04 13:02:12+00:00,1.21083058,,,,,2.006813489043469,0.0,2604.0,0.3363418277777778,0.003154544722222296,-0.0003215641918677162
2022-09-04 13:02:14+00:00,1.482754646,,,,,2.114199172597655,0.0,2606.0,0.4118762905555556,-0.002414357708333264,0.00024611189687393105
2022-09-04 13:02:16+00:00,1.165165268,,,,,2.3664772653300066,0.0,2608.0,0.32365701888888887,0.011975572361111181,-0.001220751514894106
2022-09-04 13:02:18+00:00,1.356590766,,,,,5.0263582680023,0.0,2610.0,0.37683076833333334,0.05134918835648156,-0.0052343719017820135
2022-09-04 13:02:20+00:00,1.854339186,,,,,15.14225910535922,0.0,2612.0,0.5150942183333334,0.15621258662037044,-0.015923811072412888
2022-09-04 13:02:22+00:00,3.011865665,,,,,40.31829672908587,0.0,2614.0,0.8366293513888889,0.27835847560185195,-0.028374972028731085
2022-09-04 13:02:24+00:00,6.258274111,,,,,93.39946760674479,0.0,2616.0,1.738409475277778,0.3099368180092594,-0.031593967177294534
2022-09-04 13:02:26+00:00,8.977741987,,,,,107.37968244677676,0.0,2618.0,2.493817218611111,0.23369730106481482,-0.023822354848604975
2022-09-04 13:02:28+00:00,9.277733402,,,,,78.57043253262326,0.0,2620.0,2.5771481672222225,0.150567297962963,-0.015348348416204178
2022-09-04 13:02:30+00:00,10.08812978,,,,,84.01396649477483,0.0,2622.0,2.802258272222222,0.144824290300926,-0.014762924597444035
2022-09-04 13:02:32+00:00,11.65239359,,,,,104.1326381125009,0.0,2624.0,3.2367759972222223,0.1539047182407408,-0.015688554356854314
2022-09-04 13:02:34+00:00,12.85949114,,,,,106.4344855477436,0.0,2626.0,3.572080872222222,0.13377951365740748,-0.01363705541869597
2022-09-04 13:02:36+00:00,13.15505587,,,,,120.68476596466736,0.0,2628.0,3.654182186111111,0.1537337898148149,-0.01567113046022578
2022-09-04 13:02:38+00:00,14.36474249,,,,,162.03072226699,0.0,2630.0,3.990206247222222,0.1982033664351853,-0.020204216761996463
2022-09-04 13:02:40+00:00,16.78844196,,,,,201.02792051605078,0.0,2632.0,4.6634561,0.20288812939814824,-0.020681766503379023
2022-09-04 13:02:42+00:00,17.78849048,,,,,170.77368880483698,0.0,2634.0,4.941247355555555,0.1416008868055556,-0.01443434116264583
2022-09-04 13:02:44+00:00,18.49607507,,,,,144.71028888901992,0.0,2636.0,5.137798630555555,0.09577140277777785,-0.009762630252576742
2022-09-04 13:02:46+00:00,18.77426769,,,,,172.3257389202585,0.0,2638.0,5.215074358333333,0.12609617013888896,-0.012853839973383177
2022-09-04 13:02:48+00:00,19.93998935,,,,,244.52433096481914,0.0,2640.0,5.538885930555556,0.19179046504629635,-0.019550506120927253
2022-09-04 13:02:50+00:00,21.79193075,,,,,296.68873765710833,0.0,2642.0,6.053314097222222,0.2116853189814815,-0.021578523851323292
2022-09-04 13:02:52+00:00,23.7637601,,,,,251.1861947485671,0.0,2644.0,6.601044472222222,0.12605249328703705,-0.012849387694906936
2022-09-04 13:02:54+00:00,24.09530272,,,,,123.96984601926277,0.0,2646.0,6.693139644444444,-0.004238158333333297,0.0004320242949371353
2022-09-04 13:02:56+00:00,23.08208509,,,,,11.13009908168752,0.0,2648.0,6.411690302777777,-0.10671683356481476,0.01087837243270283
2022-09-04 13:02:58+00:00,22.29051732,,,,,-50.30814982262616,0.0,2650.0,6.191810366666666,-0.17818018634259247,0.018163117873862638
2022-09-04 13:03:00+00:00,20.95837829,,,,,-139.3712689278079,0.0,2652.0,5.821771747222222,-0.2970646824074073,0.030281822875372812
2022-09-04 13:03:02+00:00,18.52162547,,,,,-240.33125100090305,0.0,2654.0,5.144895963888889,-0.466208170185185,0.04752376862234302
2022-09-04 13:03:04+00:00,14.01778266,,,,,-237.73156760463917,0.0,2656.0,3.8938285166666664,-0.5594264567592592,0.057026142381168106
2022-09-04 13:03:06+00:00,9.090919998,,,,,-142.43173065272885,0.0,2658.0,2.525255555,-0.5042365357407407,0.05140025848529466
2022-09-04 13:03:08+00:00,6.22186083,,,,,-66.95435876671692,0.0,2660.0,1.728294675,-0.3547118574999999,0.03615819138634046
2022-09-04 13:03:10+00:00,4.534528956,,,,,-0.0,30.900215906081755,2662.0,1.2595913766666667,-0.2172671648379629,0.022147519351474302
2022-09-04 13:03:12+00:00,3.250621458,,,,,-0.0,12.012471566321205,2664.0,0.9029504049999999,-0.1340603700925925,0.013665685024729103
2022-09-04 13:03:14+00:00,2.676217849,,,,,-0.0,4.824088147616359,2666.0,0.7433938469444444,-0.08397524553240732,0.008560167740306556
2022-09-04 13:03:16+00:00,2.288763949,,,,,-0.0,1.9617890456025686,2668.0,0.6357677636111111,-0.05892442562499992,0.006006567341997953
2022-09-04 13:03:18+00:00,1.868655858,,,,,-0.0,1.04624360747512,2670.0,0.5190710716666667,-0.05087178604166659,0.005185707037886502
2022-09-04 13:03:20+00:00,1.512648262,,,,,-0.0,0.40687200268146473,2672.0,0.42018007277777775,-0.04306901562499993,0.004390317596839952
2022-09-04 13:03:22+00:00,1.254672379,,,,,0.10383496195459312,0.0,2674.0,0.34852010527777777,-0.03396611775462955,0.0034623973246309427
2022-09-04 13:03:24+00:00,1.042165953,,,,,0.35696197505352256,0.0,2676.0,0.2894905425,-0.027769717013888816,0.002830756066655333
2022-09-04 13:03:26+00:00,0.87180188,,,,,0.4929101305226958,0.0,2678.0,0.24216718888888888,-0.022467583541666596,0.002290273551647971
2022-09-04 13:03:28+00:00,0.695866986,,,,,0.6807618927785606,0.0,2680.0,0.193296385,-0.012695480486111037,0.0012941366448635104
2022-09-04 13:03:30+00:00,0.630371737,,,,,0.8471049196812344,0.0,2682.0,0.17510326027777778,-0.004068949027777703,0.00041477563993656504
2022-09-04 13:03:32+00:00,0.735151339,,,,,1.0167127248135879,0.0,2684.0,0.20420870527777776,-0.0031678606712962215,0.00032292157709441603
2022-09-04 13:03:34+00:00,0.656738929,,,,,0.7730153416277908,0.0,2686.0,0.18242748027777778,-0.008003831759259184,0.0008158849907501717
2022-09-04 13:03:36+00:00,0.532648213,,,,,0.5967572798602421,0.0,2688.0,0.14795783694444445,-0.009316875069444367,0.0009497324229810771
2022-09-04 13:03:38+00:00,0.487109331,,,,,0.8756041567646191,0.0,2690.0,0.1353081475,0.006647425138888964,-0.0006776172414769586
2022-09-04 13:03:40+00:00,0.502291934,,,,,2.721034049354104,0.0,2692.0,0.13952553722222225,0.09193803347222229,-0.009371868855476279
2022-09-04 13:03:42+00:00,0.974263974,,,,,11.856707779963626,0.0,2694.0,0.27062888166666665,0.25094786379629636,-0.025580821997583724
2022-09-04 13:03:44+00:00,4.017216616,,,,,69.80355659745231,0.0,2696.0,1.1158935044444445,0.37127527171296304,-0.03784661281477707
2022-09-04 13:03:46+00:00,7.813132365,,,,,139.6603893601048,0.0,2698.0,2.1703145458333335,0.37608728729166674,-0.0383371342804961
2022-09-04 13:03:48+00:00,9.702515281,,,,,148.57247699689785,0.0,2700.0,2.695143133611111,0.3105914300694445,-0.03166069623541738
2022-09-04 13:03:50+00:00,11.53593612,,,,,181.45689879875104,0.0,2702.0,3.2044267,0.3143930007870371,-0.03204821618624231
2022-09-04 13:03:52+00:00,13.71196264,,,,,257.5928876968888,0.0,2704.0,3.8088785111111108,0.37791261803240755,-0.0385232026536603
2022-09-04 13:03:54+00:00,17.38546264,,,,,322.4182955369662,0.0,2706.0,4.8292951777777775,0.35457134467592605,-0.03614386795880999
2022-09-04 13:03:56+00:00,20.17881386,,,,,287.87424686937067,0.0,2708.0,5.605226072222223,0.23751001875000002,-0.024211011085626913
2022-09-04 13:03:58+00:00,20.38656699,,,,,201.59014981330438,0.0,2710.0,5.662935275,0.13305005694444438,-0.013562696936232863
2022-09-04 13:04:00+00:00,20.9712911,,,,,181.30334082401092,0.0,2712.0,5.825358638888888,0.10001838981481481,-0.010195554517310378
2022-09-04 13:04:02+00:00,22.34074786,,,,,160.6941137456639,0.0,2714.0,6.205763294444444,0.05661941712962985,-0.0057716021538868345
2022-09-04 13:04:04+00:00,22.54542743,,,,,64.46140468334202,0.0,2716.0,6.262618730555555,-0.04691914259259241,0.004782787216370276
2022-09-04 13:04:06+00:00,21.25838948,,,,,7.352132550745156,0.0,2718.0,5.90510818888889,-0.09742244074074069,0.00993093177785328
2022-09-04 13:04:08+00:00,20.02674252,,,,,37.95592222896188,0.0,2720.0,5.562984033333333,-0.053047714814814816,0.005407514252274701
2022-09-04 13:04:10+00:00,20.65078333,,,,,108.39693697552664,0.0,2722.0,5.736328702777778,0.022053408564814896,-0.002248053880205392
2022-09-04 13:04:12+00:00,20.8613723,,,,,145.25403401897273,0.0,2724.0,5.794825638888889,0.061084047222222417,-0.006226712255068543
2022-09-04 13:04:14+00:00,21.37646695,,,,,148.86580046020586,0.0,2726.0,5.937907486111111,0.05774677199074082,-0.005886521099973579
2022-09-04 13:04:16+00:00,21.93988974,,,,,131.3842082838829,0.0,2728.0,6.094413816666667,0.03098249259259256,-0.00315825612564654
2022-09-04 13:04:18+00:00,22.06692644,,,,,36.571409060720164,0.0,2730.0,6.129701788888888,-0.07193810370370375,0.007333140030958588
2022-09-04 13:04:20+00:00,21.50935649,,,,,-59.49147659536288,0.0,2732.0,5.974821247222222,-0.18769282245370364,0.01913280555083625
2022-09-04 13:04:22+00:00,18.69927412,,,,,-118.68690290986633,0.0,2734.0,5.194242811111111,-0.27439974166666653,0.0279714313625552
2022-09-04 13:04:24+00:00,17.19921213,,,,,-145.83457126568499,0.0,2736.0,4.777558925,-0.3280925810185184,0.033444707545210846
2022-09-04 13:04:26+00:00,14.52300196,,,,,-134.4553882053409,0.0,2738.0,4.034167211111111,-0.33762222539351844,0.034416128990164975
2022-09-04 13:04:28+00:00,11.51202915,,,,,-101.94746692622508,0.0,2740.0,3.197785875,-0.3137922274768518,0.031986975277966546
2022-09-04 13:04:30+00:00,9.801176963,,,,,-66.80819411953334,0.0,2742.0,2.722549156388889,-0.24882461187499993,0.025364384492864416
2022-09-04 13:04:32+00:00,8.3652129,,,,,-45.95604268870277,0.0,2744.0,2.3236702499999997,-0.20631313673611107,0.0210309007885944
2022-09-04 13:04:34+00:00,6.920594977,,,,,-35.46343549088414,0.0,2746.0,1.9223874936111112,-0.19215218768518513,0.01958737896892815
2022-09-04 13:04:36+00:00,5.479883629,,,,,-22.860749734684617,0.0,2748.0,1.5221898969444443,-0.16167762351851842,0.016480899441235312
2022-09-04 13:04:38+00:00,4.385531726,,,,,-0.0,12.510815058004253,2750.0,1.2182032572222221,-0.11333762986111102,0.0115532752151999
2022-09-04 13:04:40+00:00,3.915802815,,,,,-0.0,7.064644311077745,2752.0,1.0877230041666668,-0.08527997187499992,0.008693167367482152
2022-09-04 13:04:42+00:00,3.588490181,,,,,-0.0,6.750463261115048,2754.0,0.9968028280555555,-0.08691622002314807,0.00885996126637595
2022-09-04 13:04:44+00:00,2.592830389,,,,,-0.0,5.12222584464214,2756.0,0.7202306636111111,-0.08843563423611105,0.00901484548788084
2022-09-04 13:04:46+00:00,1.953723447,,,,,-0.0,1.6271755798051633,2758.0,0.5427009575,-0.05806886986111103,0.0059193547259032645
2022-09-04 13:04:48+00:00,1.73015015,,,,,1.3137112990283937,0.0,2760.0,0.4805972638888889,-0.01824374261574066,0.0018597087273945626
2022-09-04 13:04:50+00:00,1.942595242,,,,,2.100030588990642,0.0,2762.0,0.5396097894444445,-0.010783084699074,0.0010991931395590213
2022-09-04 13:04:52+00:00,1.815828913,,,,,1.727392485468111,0.0,2764.0,0.5043969202777778,-0.013766701087962898,0.0014033334442367887
2022-09-04 13:04:54+00:00,1.402215425,,,,,2.5227227857458514,0.0,2766.0,0.3895042847222222,0.006416443958333397,-0.0006540717592592657
2022-09-04 13:04:56+00:00,1.67580848,,,,,4.50958875037723,0.0,2768.0,0.4655023555555555,0.02730248143518525,-0.002783127567297171
2022-09-04 13:04:58+00:00,2.359806054,,,,,12.383730535169914,0.0,2770.0,0.6555016816666667,0.08712260974537045,-0.008880999974043877
2022-09-04 13:05:00+00:00,2.037705482,,,,,20.282744627715726,0.0,2772.0,0.5660293005555554,0.1982308166898149,-0.020207014953090203
2022-09-04 13:05:02+00:00,4.804015164,,,,,62.79692393835652,0.0,2774.0,1.3344486566666667,0.2687758255092594,-0.027398147350587092
2022-09-04 13:05:04+00:00,7.795170651,,,,,104.25668701832278,0.0,2776.0,2.1653251808333334,0.270081084513889,-0.02753120127562579
2022-09-04 13:05:06+00:00,8.213456547,,,,,97.59619552497787,0.0,2778.0,2.2815157075,0.23388731423611117,-0.023841724183089823
2022-09-04 13:05:08+00:00,10.29576695,,,,,131.88229744070375,0.0,2780.0,2.859935263888889,0.24976699263888893,-0.02546044777154831
2022-09-04 13:05:10+00:00,12.40735084,,,,,170.40695276287695,0.0,2782.0,3.4464863444444442,0.26414807553240743,-0.026926409330520634
2022-09-04 13:05:12+00:00,14.39121044,,,,,165.7397497300515,0.0,2784.0,3.9975584555555557,0.20366983078703704,-0.020761450640880433
2022-09-04 13:05:14+00:00,15.52920992,,,,,118.45010530071538,0.0,2786.0,4.313669422222222,0.1067604439814815,-0.01088281793898894
2022-09-04 13:05:16+00:00,15.97244456,,,,,39.12272948013153,0.0,2788.0,4.436790155555555,-0.017415907870370322,0.00177532190319779
2022-09-04 13:05:18+00:00,15.4381679,,,,,-38.07492882535082,0.0,2790.0,4.288379972222222,-0.14428321041666659,0.014707768645939508
2022-09-04 13:05:20+00:00,13.72988524,,,,,-82.86482506679582,0.0,2792.0,3.8138570111111108,-0.2404040156249999,0.024506015863914363
2022-09-04 13:05:22+00:00,11.53873455,,,,,-88.12401315988765,0.0,2794.0,3.2052040416666663,-0.2784401634259258,0.02838329902404952
2022-09-04 13:05:24+00:00,9.486424435,,,,,-69.89941216423966,0.0,2796.0,2.635117898611111,-0.26394434069444433,0.026905641253256302
2022-09-04 13:05:26+00:00,7.653013645,,,,,-45.981868947069366,0.0,2798.0,2.125837123611111,-0.21951956023148136,0.022377121328387498
2022-09-04 13:05:28+00:00,6.213210627,,,,,-26.28596278856624,0.0,2800.0,1.7258918408333332,-0.16471732916666657,0.016790757305470597
2022-09-04 13:05:30+00:00,5.328703356,,,,,-14.279713075236456,0.0,2802.0,1.4801953766666667,-0.11802166312499991,0.012030750573394486
2022-09-04 13:05:32+00:00,4.694946104,,,,,-0.0,10.184328668984776,2804.0,1.3041516955555554,-0.09587596916666659,0.009773289415562342
2022-09-04 13:05:34+00:00,4.072742321,,,,,-0.0,8.075772125544027,2806.0,1.1313173113888888,-0.09015378874999992,0.009189988659531082
2022-09-04 13:05:36+00:00,3.327329794,,,,,-0.0,5.864805471877628,2808.0,0.9242582761111111,-0.08353361442129621,0.008515149278419593
2022-09-04 13:05:38+00:00,2.801675992,,,,,-0.0,4.133937156319398,2810.0,0.778243331111111,-0.07551867861111104,0.007698132376260045
2022-09-04 13:05:40+00:00,2.35736029,,,,,-0.0,2.9863690995249037,2812.0,0.6548223027777778,-0.06970011094907398,0.007105006212953515
2022-09-04 13:05:42+00:00,1.780304909,,,,,-0.0,1.1457415792815573,2814.0,0.49452914138888887,-0.053012653726851766,0.005403940237191821
2022-09-04 13:05:44+00:00,1.337656084,,,,,1.614852068640168,0.0,2816.0,0.37157113444444445,-0.007502870578703631,0.0007648186114886474
2022-09-04 13:05:46+00:00,1.531233557,,,,,3.7679647889462125,0.0,2818.0,0.4253426547222222,0.021948555949074147,-0.002237365540170657
2022-09-04 13:05:48+00:00,2.282307633,,,,,4.625961046170874,0.0,2820.0,0.6339743425,0.011282234791666743,-0.001150074902310575
2022-09-04 13:05:50+00:00,1.783830977,,,,,5.714193134613448,0.0,2822.0,0.49550860472222225,0.03931712118055563,-0.004007861486295171
2022-09-04 13:05:52+00:00,1.572451207,,,,,16.045885963866567,0.0,2824.0,0.43679200194444445,0.2043970754398148,-0.020835583633008643
2022-09-04 13:05:54+00:00,3.939589618,,,,,78.40184715148042,0.0,2826.0,1.0943304494444444,0.430867081875,-0.04392121120030581
2022-09-04 13:05:56+00:00,8.956502651,,,,,212.59201845239022,0.0,2828.0,2.487917403055555,0.511227384837963,-0.052112883265847405
2022-09-04 13:05:58+00:00,13.01323747,,,,,251.58379896948762,0.0,2830.0,3.614788186111111,0.3936882433101853,-0.04013131939961114
2022-09-04 13:06:00+00:00,14.58382638,,,,,184.76868876511296,0.0,2832.0,4.0510628833333335,0.22996817011574086,-0.023442219175916497
2022-09-04 13:06:02+00:00,15.319598,,,,,147.51719329003862,0.0,2834.0,4.255443888888888,0.15492896782407414,-0.015792963080945376
2022-09-04 13:06:04+00:00,16.58476707,,,,,153.64067574958372,0.0,2836.0,4.606879741666667,0.1400767868055556,-0.014278979287008725
2022-09-04 13:06:06+00:00,17.70522819,,,,,146.8620294132242,0.0,2838.0,4.918118941666666,0.11129812592592603,-0.011345374712122939
2022-09-04 13:06:08+00:00,18.24951338,,,,,113.13108167757954,0.0,2840.0,5.069309272222222,0.05888868495370381,-0.006002924052365322
2022-09-04 13:06:10+00:00,18.46293073,,,,,95.34536023904111,0.0,2842.0,5.128591869444445,0.033288980787037126,-0.0033933721495450686
2022-09-04 13:06:12+00:00,18.37105572,,,,,101.15692210916066,0.0,2844.0,5.103071033333333,0.041875170833333364,-0.0042686208800543695
2022-09-04 13:06:14+00:00,19.02176982,,,,,110.12536084882464,0.0,2846.0,5.28382495,0.04478297337962974,-0.004565032964284377
2022-09-04 13:06:16+00:00,19.49968167,,,,,81.90956205704016,0.0,2848.0,5.416578241666667,0.004495715740740887,-0.00045827887265452466
2022-09-04 13:06:18+00:00,19.26892923,,,,,23.217848676666183,0.0,2850.0,5.352480341666667,-0.06470834097222207,0.0065961611592479175
2022-09-04 13:06:20+00:00,18.31811123,,,,,-5.9588129842213835,0.0,2852.0,5.088364230555555,-0.09703648055555547,0.009891588231962841
2022-09-04 13:06:22+00:00,17.40793993,,,,,22.877303580905135,0.0,2854.0,4.835538869444445,-0.05157683819444444,0.0052575777975988214
2022-09-04 13:06:24+00:00,17.16869501,,,,,71.31534454664589,0.0,2856.0,4.769081947222222,0.01661426412037037,-0.001693604905236531
2022-09-04 13:06:26+00:00,18.19022604,,,,,90.60488697879296,0.0,2858.0,5.052840566666666,0.030518484259259255,-0.003110956601351606
2022-09-04 13:06:28+00:00,18.25356133,,,,,53.93962729486864,0.0,2860.0,5.070433702777778,-0.017577181712962853,0.0017917616425038585
2022-09-04 13:06:30+00:00,17.64147213,,,,,31.820322750147074,0.0,2862.0,4.900408925,-0.04130763263888874,0.00421076785309773
2022-09-04 13:06:32+00:00,16.95811467,,,,,54.95870690256018,0.0,2864.0,4.710587408333334,-0.0037866444444443204,0.00038599841431644446
2022-09-04 13:06:34+00:00,17.70118297,,,,,72.95609896683135,0.0,2866.0,4.9169952694444445,0.012982116666666746,-0.0013233554196398314
2022-09-04 13:06:36+00:00,18.03026745,,,,,29.940061159932817,0.0,2868.0,5.008407625,-0.04682657361111109,0.004773351030694301
2022-09-04 13:06:38+00:00,17.13014679,,,,,-32.16753803874334,0.0,2870.0,4.758374108333333,-0.13568773472222218,0.01383157336617963
2022-09-04 13:06:40+00:00,15.50624287,,,,,-24.347266181764233,0.0,2872.0,4.307289686111111,-0.11853989837962957,0.012083577816476
2022-09-04 13:06:42+00:00,14.36349741,,,,,43.621736396695766,0.0,2874.0,3.989860391666667,0.003979368750000045,-0.00040564411314985167
2022-09-04 13:06:44+00:00,15.67599322,,,,,135.1285429717521,0.0,2876.0,4.354442561111111,0.12943951782407412,-0.013194650134971876
2022-09-04 13:06:46+00:00,17.13230517,,,,,192.8351374414787,0.0,2878.0,4.758973658333333,0.18415258287037048,-0.01877192485936498
2022-09-04 13:06:48+00:00,18.32922228,,,,,225.15538095011783,0.0,2880.0,5.091450633333333,0.20181840162037049,-0.020572721877713605
2022-09-04 13:06:50+00:00,19.66565993,,,,,252.99919699810567,0.0,2882.0,5.462683313888889,0.2076565736111112,-0.02116784644353835
2022-09-04 13:06:52+00:00,21.86119341,,,,,233.9024499034357,0.0,2884.0,6.072553725,0.14252546759259266,-0.014528589968663878
2022-09-04 13:06:54+00:00,22.57109802,,,,,131.38253388752486,0.0,2886.0,6.26974945,0.022689006944444607,-0.002312844744591703
2022-09-04 13:06:56+00:00,21.58088439,,,,,41.42507073074872,0.0,2888.0,5.994690108333334,-0.062477678240740575,0.006368774540340527
2022-09-04 13:06:58+00:00,20.92613405,,,,,32.7053907225979,0.0,2890.0,5.81281501388889,-0.06657641458333326,0.006786586603805632
2022-09-04 13:07:00+00:00,20.80712168,,,,,32.66037485935306,0.0,2892.0,5.779756022222222,-0.0656485289351852,0.006692000910824179
2022-09-04 13:07:02+00:00,20.46875962,,,,,-17.803724869778947,0.0,2894.0,5.6857665611111115,-0.12577882476851854,0.012821490802091594
2022-09-04 13:07:04+00:00,19.20224237,,,,,-69.86233984011008,0.0,2896.0,5.3339562138888885,-0.1985438972222222,0.020238929380450785
2022-09-04 13:07:06+00:00,17.09736813,,,,,-54.01364012619344,0.0,2898.0,4.749268925,-0.1727897416666667,0.017613633197417603
2022-09-04 13:07:08+00:00,15.60141681,,,,,10.036950237515224,0.0,2900.0,4.333726891666666,-0.05816114259259253,0.0059287607128025
2022-09-04 13:07:10+00:00,16.60506834,,,,,88.7097533303222,0.0,2902.0,4.612518983333333,0.04756462337962971,-0.004848585461735954
2022-09-04 13:07:12+00:00,17.1819808,,,,,118.20459722262558,0.0,2904.0,4.772772444444445,0.08077264421296304,-0.008233704812738331
2022-09-04 13:07:14+00:00,17.57159587,,,,,103.36259307627031,0.0,2906.0,4.880998852777777,0.05518066180555555,-0.005624940041341035
2022-09-04 13:07:16+00:00,18.12426751,,,,,121.85307334997393,0.0,2908.0,5.034518752777777,0.07194234120370369,-0.007333571988145125
2022-09-04 13:07:18+00:00,18.04658622,,,,,123.87701885228938,0.0,2910.0,5.012940616666666,0.07570155648148158,-0.007716774361007296
2022-09-04 13:07:20+00:00,19.81489959,,,,,93.66237332580748,0.0,2912.0,5.5041387749999995,0.014980627777777903,-0.0015270772454411725
2022-09-04 13:07:22+00:00,19.15127103,,,,,14.954785352400581,0.0,2914.0,5.319797508333333,-0.07400155624999989,0.007543481778797135
2022-09-04 13:07:24+00:00,17.66674582,,,,,-16.753495601969764,0.0,2916.0,4.907429394444444,-0.11153502893518508,0.011369523846603983
2022-09-04 13:07:26+00:00,16.99787276,,,,,41.22383609708381,0.0,2918.0,4.721631322222222,-0.023214311574073943,0.0023663926171329196
2022-09-04 13:07:28+00:00,17.14998461,,,,,115.24912945651448,0.0,2920.0,4.763884613888889,0.07718425254629646,-0.007867915652017988
2022-09-04 13:07:30+00:00,18.66517398,,,,,145.0196856595876,0.0,2922.0,5.18477055,0.09351984212962978,-0.009533113366934739
2022-09-04 13:07:32+00:00,19.33380431,,,,,102.98991076810553,0.0,2924.0,5.3705011972222225,0.03203355462962976,-0.0032653980254464584
2022-09-04 13:07:34+00:00,18.85411024,,,,,68.65393364694441,0.0,2926.0,5.237252844444445,-0.004852191898148043,0.0004946169111262022
2022-09-04 13:07:36+00:00,18.34489791,,,,,110.71315637549128,0.0,2928.0,5.095804975,0.05448350902777784,-0.005553874518631788
2022-09-04 13:07:38+00:00,19.44446569,,,,,172.1618428836421,0.0,2930.0,5.401240469444445,0.11448096435185191,-0.011669823073583272
2022-09-04 13:07:40+00:00,21.09713645,,,,,168.9656998040275,0.0,2932.0,5.860315680555556,0.08420431666666676,-0.008583518518518529
2022-09-04 13:07:42+00:00,21.04744936,,,,,87.18315374926006,0.0,2934.0,5.846513711111111,-0.006585791435185155,0.0006713344989995061
2022-09-04 13:07:44+00:00,20.37954072,,,,,42.521273262617036,0.0,2936.0,5.660983533333334,-0.050747074305555584,0.005172994322686603
2022-09-04 13:07:46+00:00,19.87755523,,,,,55.80944439373448,0.0,2938.0,5.521543119444444,-0.03062747129629632,0.0031220663910597676
2022-09-04 13:07:48+00:00,20.07475697,,,,,77.22143144875325,0.0,2940.0,5.576321380555555,-0.007362709953703621,0.0007505310860044465
2022-09-04 13:07:50+00:00,20.02912635,,,,,78.07996937839583,0.0,2942.0,5.563646208333333,-0.005863121296296144,0.0005976678181749381
2022-09-04 13:07:52+00:00,19.90990053,,,,,75.87890418109274,0.0,2944.0,5.530527925,-0.0071815275462961585,0.0007320619313247868
2022-09-04 13:07:54+00:00,19.78912483,,,,,128.17907457799825,0.0,2946.0,5.496979119444444,0.056383887731481584,-0.005747593040925748
2022-09-04 13:07:56+00:00,20.0045165,,,,,218.2480395596506,0.0,2948.0,5.556810138888889,0.159508457175926,-0.016259781567372678
2022-09-04 13:07:58+00:00,22.37029433,,,,,282.6241397342365,0.0,2950.0,6.213970647222222,0.18462560254629637,-0.01882014297108016
2022-09-04 13:08:00+00:00,24.21949638,,,,,194.03672116170696,0.0,2952.0,6.727637883333333,0.06238155578703708,-0.006358976125080232
2022-09-04 13:08:02+00:00,23.54997098,,,,,19.33636399109079,0.0,2954.0,6.541658605555556,-0.10210625254629628,0.010408384561294217
2022-09-04 13:08:04+00:00,21.51972306,,,,,-42.656603346622234,0.0,2956.0,5.97770085,-0.16496524606481477,0.016816029160531577
2022-09-04 13:08:06+00:00,20.65907754,,,,,-23.126147498285423,0.0,2958.0,5.73863265,-0.13425112037037024,0.01368512949748932
2022-09-04 13:08:08+00:00,19.98389119,,,,,26.883679548808324,0.0,2960.0,5.551080886111111,-0.06574239675925904,0.006701569496356681
2022-09-04 13:08:10+00:00,19.28615445,,,,,72.83353957412191,0.0,2962.0,5.3572651250000005,-0.00421645046296278,0.0004298114641144526
2022-09-04 13:08:12+00:00,20.05257461,,,,,98.21823343587269,0.0,2964.0,5.570159613888889,0.01754842662037041,-0.0017888304404047308
2022-09-04 13:08:14+00:00,20.40824346,,,,,43.8656173854817,0.0,2966.0,5.668956516666667,-0.049445100462962945,0.005040275276550758
2022-09-04 13:08:16+00:00,19.61989421,,,,,-88.95300389599467,0.0,2968.0,5.449970613888889,-0.22710494583333332,0.023150351257220522
2022-09-04 13:08:18+00:00,17.58280651,,,,,-209.4071406141037,0.0,2970.0,4.884112919444445,-0.42995624384259257,0.04382836328670668
2022-09-04 13:08:20+00:00,13.0670779,,,,,-212.2920366605526,0.0,2972.0,3.629743861111111,-0.5347031526157408,0.05450592789151282
2022-09-04 13:08:22+00:00,8.386950036,,,,,-125.63826679638049,0.0,2974.0,2.3297083433333334,-0.4823403862962962,0.049168235096462405
2022-09-04 13:08:24+00:00,5.716574491,,,,,-57.086025299396425,0.0,2976.0,1.5879373586111112,-0.3312306870601851,0.033764596030599905
2022-09-04 13:08:26+00:00,4.096205231,,,,,-0.0,25.68577738110763,2978.0,1.137834786388889,-0.2024443785879629,0.020636531966153202
2022-09-04 13:08:28+00:00,3.048657024,,,,,-0.0,11.127620584181761,2980.0,0.8468491733333333,-0.13267412324074065,0.013524375457771728
2022-09-04 13:08:30+00:00,2.309270348,,,,,-0.0,4.961720183763103,2982.0,0.6414639855555556,-0.09275205270833325,0.009454847370880046
2022-09-04 13:08:32+00:00,1.77198725,,,,,-0.0,2.110287713245814,2984.0,0.49221868055555557,-0.06733872942129622,0.006864294538358432
2022-09-04 13:08:34+00:00,1.365986328,,,,,-0.0,0.6455859480503624,2986.0,0.37944064666666666,-0.048335258240740676,0.004927141512817602
2022-09-04 13:08:36+00:00,1.082907933,,,,,0.24658216906403765,0.0,2988.0,0.30080775916666663,-0.030488581435185114,0.0031079084031789108
2022-09-04 13:08:38+00:00,0.910266509,,,,,0.6949573406684741,0.0,2990.0,0.2528518080555555,-0.01781085567129622,0.0018155816178691356
2022-09-04 13:08:40+00:00,0.910600351,,,,,0.8264591548985755,0.0,2992.0,0.25294454194444443,-0.014414668217592512,0.0014693851394080033
2022-09-04 13:08:42+00:00,0.768864945,,,,,0.6774501003138411,0.0,2994.0,0.21357359583333332,-0.0150021439814814,0.0015292705383773088
2022-09-04 13:08:44+00:00,0.60159583,,,,,0.5550259407984719,0.0,2996.0,0.1671099527777778,-0.013989144351851777,0.0014260085985577753
2022-09-04 13:08:46+00:00,0.57117841,,,,,0.6377046451160574,0.0,2998.0,0.15866066944444446,-0.00941505023148141,0.0009597400847585534
2022-09-04 13:08:48+00:00,0.50395585,,,,,0.6473648086628241,0.0,3000.0,0.1399877361111111,-0.005442951296296225,0.0005548370332615928
2022-09-04 13:08:50+00:00,0.459774755,,,,,0.6129890716187701,0.0,3002.0,0.12771520972222222,-0.004289493634259186,0.00043725725119869377
2022-09-04 13:08:52+00:00,0.477863989,,,,,0.6449056710060747,0.0,3004.0,0.13273999694444444,-0.003907528472222147,0.000398320945180647
2022-09-04 13:08:54+00:00,0.411964146,,,,,0.5462675931256443,0.0,3006.0,0.11443448499999999,-0.004453416134259185,0.0004539669861630158
2022-09-04 13:08:56+00:00,0.382961229,,,,,0.5050494625103857,0.0,3008.0,0.10637811916666667,-0.004619675763888814,0.00047091496064106156
2022-09-04 13:08:58+00:00,0.362289938,,,,,0.4934593914871089,0.0,3010.0,0.10063609388888888,-0.003598022754629556,0.0003667709229999547
2022-09-04 13:09:00+00:00,0.327968204,,,,,0.45455945447753165,0.0,3012.0,0.09110227888888889,-0.0030304858564814074,0.0003089180281836297
2022-09-04 13:09:02+00:00,0.311522588,,,,,0.4495974595364005,0.0,3014.0,0.08653405222222221,-0.0016800878935184435,0.0001712627822139086
2022-09-04 13:09:04+00:00,0.30281159,,,,,0.4574565851997189,0.0,3016.0,0.08411433055555556,-8.939319444437044e-05,9.112456110537252e-06
2022-09-04 13:09:06+00:00,0.314866755,,,,,0.47942464927936757,0.0,3018.0,0.08746298749999999,0.0001905693518519253,-1.94260297504511e-05
2022-09-04 13:09:08+00:00,0.320762251,,,,,0.48760886262496506,0.0,3020.0,0.08910062527777778,0.00013177685185192475,-1.3432910484395998e-05
2022-09-04 13:09:10+00:00,0.301804523,,,,,0.46360892611963717,0.0,3022.0,0.08383458972222221,0.0005098325231482221,-5.1970695529890124e-05
2022-09-04 13:09:12+00:00,0.321566582,,,,,0.5503373046604539,0.0,3024.0,0.08932405055555555,0.004638691157407482,-0.0004728533289915884
2022-09-04 13:09:14+00:00,0.336087189,,,,,0.7181441396562727,0.0,3026.0,0.0933575525,0.014660091643518594,-0.0014944028178918037
2022-09-04 13:09:16+00:00,0.486871043,,,,,1.2023621349239377,0.0,3028.0,0.1352419563888889,0.02248265891203711,-0.0022918102866500622
2022-09-04 13:09:18+00:00,0.769816021,,,,,1.7784903403465857,0.0,3030.0,0.2138377836111111,0.018674202870370443,-0.00190358846792767
2022-09-04 13:09:20+00:00,0.859088615,,,,,1.4078726955409526,0.0,3032.0,0.23863572638888889,0.0028291597685185916,-0.000288395491184362
2022-09-04 13:09:22+00:00,0.770595181,,,,,0.7786663693949629,0.0,3034.0,0.21405421694444443,-0.011954132847222148,0.0012185660394721863
2022-09-04 13:09:24+00:00,0.608311585,,,,,0.5328356505772831,0.0,3036.0,0.16897544027777778,-0.015089971666666592,0.0015382234114848718
2022-09-04 13:09:26+00:00,0.504174512,,,,,1.409781942381589,0.0,3038.0,0.14004847555555555,0.030177025092592662,-0.003076149346849405
2022-09-04 13:09:28+00:00,0.473622508,,,,,3.6650059711264307,0.0,3040.0,0.13156180777777776,0.14663371689814822,-0.01494737175312418
2022-09-04 13:09:30+00:00,2.208931742,,,,,29.670751166653705,0.0,3042.0,0.6135921505555555,0.28008338807870375,-0.028550804085494774
2022-09-04 13:09:32+00:00,5.238130925,,,,,87.13545930915514,0.0,3044.0,1.4550363680555556,0.3520606611111112,-0.03588793691244762
2022-09-04 13:09:34+00:00,7.83926846,,,,,125.36738543136651,0.0,3046.0,2.1775745722222224,0.3316571528472223,-0.03380806858789218
2022-09-04 13:09:36+00:00,10.05230635,,,,,139.88641404447336,0.0,3048.0,2.7923073194444443,0.2766059633101852,-0.028196326535187076
2022-09-04 13:09:38+00:00,11.72234532,,,,,153.9471048783739,0.0,3050.0,3.2562070333333333,0.25252960833333343,-0.025742059972816863
2022-09-04 13:09:40+00:00,13.30443168,,,,,179.2274922674073,0.0,3052.0,3.6956754666666667,0.25438108865740744,-0.025930793950806056
2022-09-04 13:09:42+00:00,15.49642221,,,,,232.32467996692276,0.0,3054.0,4.304561725,0.28045410694444445,-0.02858859398006569
2022-09-04 13:09:44+00:00,17.26749249,,,,,275.14946318380163,0.0,3056.0,4.796525691666666,0.2936849675925926,-0.02993730556499415
2022-09-04 13:09:46+00:00,19.87490193,,,,,302.4272715716947,0.0,3058.0,5.520806091666667,0.26178718310185195,-0.02668574751293088
2022-09-04 13:09:48+00:00,21.61314256,,,,,268.92661603345573,0.0,3060.0,6.003650711111111,0.18527188796296312,-0.018886023237814794
2022-09-04 13:09:50+00:00,22.45997845,,,,,174.97550706367232,0.0,3062.0,6.238882902777778,0.06987663263888903,-0.007123000268999901
2022-09-04 13:09:52+00:00,22.68616153,,,,,84.41675501829543,0.0,3064.0,6.301711536111111,-0.027594472222222183,0.0028128921735190806
2022-09-04 13:09:54+00:00,21.82055349,,,,,23.38553979377776,0.0,3066.0,6.061264858333334,-0.08406394791666671,0.008569209777437994
2022-09-04 13:09:56+00:00,21.06048632,,,,,-1.39387960852703,0.0,3068.0,5.850135088888888,-0.10620182222222223,0.010825873824895232
2022-09-04 13:09:58+00:00,20.45409111,,,,,-9.679284136148336,0.0,3070.0,5.681691975,-0.11414910810185175,0.011635994709668883
2022-09-04 13:10:00+00:00,19.46470519,,,,,-12.311672625284997,0.0,3072.0,5.406862552777778,-0.11267430370370353,0.011485657869898422
2022-09-04 13:10:02+00:00,18.48509315,,,,,18.3508822092474,0.0,3074.0,5.134748097222222,-0.06513129444444436,0.00663927568241023
2022-09-04 13:10:04+00:00,18.16195436,,,,,98.05117755022002,0.0,3076.0,5.044987322222222,0.040521096064814875,-0.004130590832295094
2022-09-04 13:10:06+00:00,18.94317002,,,,,185.86166516287852,0.0,3078.0,5.261991672222222,0.140019857175926,-0.014273176062785524
2022-09-04 13:10:08+00:00,20.75713967,,,,,212.30202429481767,0.0,3080.0,5.765872130555556,0.13869219699074078,-0.014137838633103035
2022-09-04 13:10:10+00:00,21.93876567,,,,,126.54550479016244,0.0,3082.0,6.094101575,0.025800274537037076,-0.002629997404387062
2022-09-04 13:10:12+00:00,21.15786162,,,,,19.775650184172264,0.0,3084.0,5.877183783333333,-0.0828880523148147,0.008449342743610061
2022-09-04 13:10:14+00:00,19.65701993,,,,,-33.992879672252506,0.0,3086.0,5.460283313888889,-0.14574453819444422,0.014856731722165567
2022-09-04 13:10:16+00:00,19.45812155,,,,,-41.861375102323215,0.0,3088.0,5.4050337638888895,-0.15681924444444428,0.015985651829199213
2022-09-04 13:10:18+00:00,17.34234169,,,,,-29.828315410194776,0.0,3090.0,4.817317136111112,-0.13222680462962963,0.013478777230339412
2022-09-04 13:10:20+00:00,16.6979485,,,,,8.15845564187818,0.0,3092.0,4.6383190277777775,-0.06728556087962967,0.006858874707403636
2022-09-04 13:10:22+00:00,16.70499502,,,,,53.257327435120665,0.0,3094.0,4.640276394444444,-0.003711514351851871,0.00037833989315513465
2022-09-04 13:10:24+00:00,17.18873199,,,,,79.48582131030395,0.0,3096.0,4.774647775,0.027594405787037053,-0.002812885401328955
2022-09-04 13:10:26+00:00,16.69122078,,,,,85.13730689092309,0.0,3098.0,4.636450216666666,0.04142781990740748,-0.00422301935855326
2022-09-04 13:10:28+00:00,17.90380107,,,,,82.12050537153914,0.0,3100.0,4.973278075,0.022828690740740898,-0.0023270836636840875
2022-09-04 13:10:30+00:00,17.77960776,,,,,59.0380887377148,0.0,3102.0,4.9387799333333335,-0.0063224435185183685,0.000644489655302586
2022-09-04 13:10:32+00:00,17.08654445,,,,,51.8088003967444,0.0,3104.0,4.746262347222222,-0.009380883333333312,0.0009562572205232733
2022-09-04 13:10:34+00:00,17.23534784,,,,,114.91456336051553,0.0,3106.0,4.787596622222222,0.0754885724537037,-0.007695063450938196
2022-09-04 13:10:36+00:00,18.04280683,,,,,203.13925809431174,0.0,3108.0,5.011890786111111,0.17927183518518527,-0.018274397062710016
2022-09-04 13:10:38+00:00,20.08445171,,,,,258.40346083324357,0.0,3110.0,5.579014363888889,0.2051011055555557,-0.020907350209536768
2022-09-04 13:10:40+00:00,21.98198386,,,,,221.5315313502324,0.0,3112.0,6.106106627777778,0.12705993773148153,-0.012952083356929819
2022-09-04 13:10:42+00:00,22.15653857,,,,,114.36910465087685,0.0,3114.0,6.154594047222222,0.010029395833333362,-0.0010223645090044202
2022-09-04 13:10:44+00:00,21.45970928,,,,,65.6346118755941,0.0,3116.0,5.961030355555555,-0.034832528935185104,0.0035507165071544445
2022-09-04 13:10:46+00:00,21.03999619,,,,,112.44303521940353,0.0,3118.0,5.844443386111111,0.02178697777777794,-0.0022208947785706356
2022-09-04 13:10:48+00:00,21.59376099,,,,,197.44923948214085,0.0,3120.0,5.9982669416666665,0.10766672314814829,-0.010975201136406553
2022-09-04 13:10:50+00:00,22.9636843,,,,,212.52024186613895,0.0,3122.0,6.378801194444445,0.10083668495370383,-0.010278968904556965
2022-09-04 13:10:52+00:00,24.18722361,,,,,113.0514615063544,0.0,3124.0,6.718673225,-0.016022246527777655,0.001633256526786713
2022-09-04 13:10:54+00:00,22.80267836,,,,,-30.918736189620816,0.0,3126.0,6.334077322222223,-0.15554127384259245,0.01585537959659454
2022-09-04 13:10:56+00:00,21.06260588,,,,,-128.1136443691287,0.0,3128.0,5.850723855555556,-0.2812361916666666,0.02866831719334012
2022-09-04 13:10:58+00:00,19.368919,,,,,-182.46122492149982,0.0,3130.0,5.380255277777779,-0.3677439861111111,0.03748664486351795
2022-09-04 13:11:00+00:00,15.47157949,,,,,-139.0040968703672,0.0,3132.0,4.297660969444444,-0.3340631525462963,0.03405332849605467
2022-09-04 13:11:02+00:00,12.50716455,,,,,-50.159550459995515,0.0,3134.0,3.474212375,-0.17653597870370372,0.017995512609959602
2022-09-04 13:11:04+00:00,13.49283214,,,,,34.49971973956399,0.0,3136.0,3.7480089277777777,-0.003582039351851788,0.0003651416260807123
2022-09-04 13:11:06+00:00,13.72131207,,,,,106.48863120418426,0.0,3138.0,3.811475575,0.1180796842592593,-0.012036665062105942
2022-09-04 13:11:08+00:00,14.10268787,,,,,175.8513225975412,0.0,3140.0,3.917413297222222,0.2273884453703704,-0.02317925029259637
2022-09-04 13:11:10+00:00,16.99835118,,,,,270.7320689285822,0.0,3142.0,4.721764216666666,0.2949329240740741,-0.03006451825423793
2022-09-04 13:11:12+00:00,20.03897387,,,,,293.6204143806397,0.0,3144.0,5.566381630555555,0.24748264189814828,-0.025227588368822454
2022-09-04 13:11:14+00:00,20.52612839,,,,,202.6045946372629,0.0,3146.0,5.701702330555555,0.13174721458333347,-0.013429889356099232
2022-09-04 13:11:16+00:00,21.26616079,,,,,97.6490259420138,0.0,3148.0,5.9072668861111115,0.00257552500000006,-0.00026254077471967986
2022-09-04 13:11:18+00:00,21.46264393,,,,,2.2470407592420356,0.0,3150.0,5.9618455361111105,-0.1044544884259259,0.010647756210593873
2022-09-04 13:11:20+00:00,19.21372101,,,,,-17.312242745998905,0.0,3152.0,5.337144725,-0.1189843715277777,0.012128885986521681
2022-09-04 13:11:22+00:00,18.06613427,,,,,72.01658168212062,0.0,3154.0,5.018370630555555,0.007775849768518676,-0.0007926452363423727
2022-09-04 13:11:24+00:00,19.5225456,,,,,207.5937315753443,0.0,3156.0,5.422929333333333,0.15594209814814822,-0.015896238343338247
2022-09-04 13:11:26+00:00,21.48973605,,,,,253.77945470364924,0.0,3158.0,5.969371125,0.17116935416666665,-0.017448456082229016
2022-09-04 13:11:28+00:00,22.52681787,,,,,197.86216270747676,0.0,3160.0,6.257449408333333,0.09280690555555553,-0.009460438894552042
2022-09-04 13:11:30+00:00,22.4563781,,,,,131.95650976474508,0.0,3162.0,6.237882805555555,0.024790938888888947,-0.002527108959112023
2022-09-04 13:11:32+00:00,22.56516187,,,,,78.827697810391,0.0,3164.0,6.268100519444444,-0.03211377731481465,0.0032735756691961923
2022-09-04 13:11:34+00:00,22.52236061,,,,,61.27060408872937,0.0,3166.0,6.256211280555555,-0.05002766990740722,0.005099660541020104
2022-09-04 13:11:36+00:00,21.07352018,,,,,60.26564660741956,0.0,3168.0,5.8537556055555555,-0.036974560416666545,0.003769068340129107
2022-09-04 13:11:38+00:00,21.78682445,,,,,92.33697196394151,0.0,3170.0,6.051895680555556,-0.009222628703703606,0.0009401252501226916
2022-09-04 13:11:40+00:00,21.70339702,,,,,82.83599904796874,0.0,3172.0,6.028721394444444,-0.018592867592592526,0.0018952974100502065
2022-09-04 13:11:42+00:00,21.49406621,,,,,40.662385182771835,0.0,3174.0,5.970573947222222,-0.06255267962962956,0.006376419941858263
2022-09-04 13:11:44+00:00,20.56306654,,,,,51.89636890063481,0.0,3176.0,5.711962927777778,-0.041604965509259184,0.004241077014195635
2022-09-04 13:11:46+00:00,20.22487917,,,,,102.49232586799839,0.0,3178.0,5.618021991666667,0.020471398148148134,-0.002086788802053836
2022-09-04 13:11:48+00:00,21.17524955,,,,,144.71021323563826,0.0,3180.0,5.882013763888889,0.0560061229166667,-0.00570908490485899
2022-09-04 13:11:50+00:00,21.7662476,,,,,69.45498098110059,0.0,3182.0,6.046179888888888,-0.033761118287036984,0.0034415003350700287
2022-09-04 13:11:52+00:00,21.44116262,,,,,-55.20282245870266,0.0,3184.0,5.955878505555556,-0.18167694768518508,0.018519566532638643
2022-09-04 13:11:54+00:00,18.50048579,,,,,-112.97351290295639,0.0,3186.0,5.139023830555555,-0.26625600509259245,0.0271412849227923
2022-09-04 13:11:56+00:00,16.59256722,,,,,-67.39177668080214,0.0,3188.0,4.60904645,-0.19641050046296282,0.020021457743421286
2022-09-04 13:11:58+00:00,15.11258358,,,,,65.9372744683698,0.0,3190.0,4.1979398833333335,0.03181158842592602,-0.003242771501113763
2022-09-04 13:12:00+00:00,16.34413121,,,,,225.3023021751522,0.0,3192.0,4.5400364472222225,0.24783221782407408,-0.02526322301978329
2022-09-04 13:12:02+00:00,20.12318242,,,,,327.5404492235794,0.0,3194.0,5.589772894444444,0.28523405856481493,-0.02907584694850305
2022-09-04 13:12:04+00:00,22.28832019,,,,,246.57084741945366,0.0,3196.0,6.191200052777778,0.14817051828703712,-0.015104028367689818
2022-09-04 13:12:06+00:00,21.49050593,,,,,146.14422459375052,0.0,3198.0,5.969584980555556,0.05313576041666668,-0.0054164893391097525
2022-09-04 13:12:08+00:00,21.37777409,,,,,171.81802415040798,0.0,3200.0,5.938270580555555,0.08302716666666665,-0.008463523615358477
2022-09-04 13:12:10+00:00,23.32919337,,,,,192.3935226699681,0.0,3202.0,6.480331491666666,0.07447394583333337,-0.007591635660890252
2022-09-04 13:12:12+00:00,24.03640635,,,,,65.69897408621948,0.0,3204.0,6.676779541666667,-0.06062738425925914,0.006180161494317955
2022-09-04 13:12:14+00:00,22.04914813,,,,,-42.10417657534267,0.0,3206.0,6.124763369444444,-0.16641953564814801,0.016964274785743937
2022-09-04 13:12:16+00:00,20.03871633,,,,,-22.924044399198262,0.0,3208.0,5.566310091666667,-0.13106082013888876,0.01335992050345451
2022-09-04 13:12:18+00:00,20.13755945,,,,,37.24259213973227,0.0,3210.0,5.593766513888889,-0.05481659212962953,0.005587827943896995
2022-09-04 13:12:20+00:00,20.2861676,,,,,46.427577283882535,0.0,3212.0,5.635046555555555,-0.045396063888888914,0.004627529448408656
2022-09-04 13:12:22+00:00,19.43362008,,,,,28.516678648195818,0.0,3214.0,5.3982278,-0.05950989375000004,0.006066248088685019
2022-09-04 13:12:24+00:00,18.78154574,,,,,57.04746024547699,0.0,3216.0,5.217096038888888,-0.018659945601851764,0.0019021351276097618
2022-09-04 13:12:26+00:00,19.0713539,,,,,114.83759722627582,0.0,3218.0,5.297598305555555,0.04995835509259283,-0.005092594810661859
2022-09-04 13:12:28+00:00,19.84232413,,,,,167.77802434714627,0.0,3220.0,5.511756702777778,0.10267407523148171,-0.010466266588326372
2022-09-04 13:12:30+00:00,20.53104263,,,,,179.42189552183896,0.0,3222.0,5.703067397222223,0.10505337314814822,-0.010708804602257718
2022-09-04 13:12:32+00:00,21.75737706,,,,,106.71642328913387,0.0,3224.0,6.04371585,0.006684074305555472,-0.0006813531402197219
2022-09-04 13:12:34+00:00,21.69460669,,,,,-61.64963605470446,0.0,3226.0,6.026279636111111,-0.19113762592592595,0.019483957790614265
2022-09-04 13:12:36+00:00,18.96751208,,,,,-210.91768555115902,0.0,3228.0,5.268753355555555,-0.4148077324074073,0.04228417251859402
2022-09-04 13:12:38+00:00,15.06376217,,,,,-236.3793942732371,0.0,3230.0,4.184378380555556,-0.5272626606018518,0.0537474679512591
2022-09-04 13:12:40+00:00,10.46852754,,,,,-156.27526441437763,0.0,3232.0,2.9079243166666666,-0.48689531824074067,0.04963255027938233
2022-09-04 13:12:42+00:00,7.415844292,,,,,-79.87671818329055,0.0,3234.0,2.0599567477777776,-0.3575196273379629,0.0364444064564692
2022-09-04 13:12:44+00:00,5.58155221,,,,,-33.52558801779466,0.0,3236.0,1.5504311694444444,-0.2152258450925925,0.02193943375051911
2022-09-04 13:12:46+00:00,4.505889599,,,,,-0.0,13.872511303772516,3238.0,1.2516359997222222,-0.11942032773148141,0.012173325966511866
2022-09-04 13:12:48+00:00,4.080725725,,,,,-0.0,4.191720392671219,3240.0,1.133534923611111,-0.0651423273379629,0.006640400340261253
2022-09-04 13:12:50+00:00,3.757712619,,,,,-0.0,0.3291147428042479,3242.0,1.0438090608333332,-0.040149857499999914,0.0040927479612640075
2022-09-04 13:12:52+00:00,3.515580649,,,,,1.1333168703330057,0.0,3244.0,0.9765501802777777,-0.029988158888888793,0.0030568969305697037
2022-09-04 13:12:54+00:00,3.336560831,,,,,1.8545018966025566,0.0,3246.0,0.9268224530555556,-0.02429767016203695,0.002476826723958914
2022-09-04 13:12:56+00:00,3.206389049,,,,,2.023053065665438,0.0,3248.0,0.8906636247222223,-0.02239555317129623,0.0022829310062483415
2022-09-04 13:12:58+00:00,3.017244868,,,,,2.053637655537921,0.0,3250.0,0.8381235744444444,-0.021042624374999947,0.0021450177752293524
2022-09-04 13:13:00+00:00,2.867408715,,,,,2.34994127396059,0.0,3252.0,0.7965024208333332,-0.017633222800925857,0.0017974742916336244
2022-09-04 13:13:02+00:00,2.766499792,,,,,2.8443141470652127,0.0,3254.0,0.7684721644444443,-0.012630091111111028,0.001287471061275334
2022-09-04 13:13:04+00:00,2.6953789,,,,,3.1896498344256,0.0,3256.0,0.7487163611111112,-0.008911758587962873,0.0009084361455619646
2022-09-04 13:13:06+00:00,2.643654747,,,,,3.3957875067707937,0.0,3258.0,0.7343485408333332,-0.006486107407407331,0.0006611730282780153
2022-09-04 13:13:08+00:00,2.605265789,,,,,3.5276644337291136,0.0,3260.0,0.723684941388889,-0.004816166967592517,0.0004909446450145277
2022-09-04 13:13:10+00:00,2.576413063,,,,,4.645610706610265,0.0,3262.0,0.7156702952777777,0.005788903935185265,-0.0005901023379393746
2022-09-04 13:13:12+00:00,2.554562171,,,,,6.809488286664216,0.0,3264.0,0.7096006030555556,0.026129583888888964,-0.002663566145656367
2022-09-04 13:13:14+00:00,2.944439015,,,,,8.15834219943534,0.0,3266.0,0.8178997263888889,0.02827556002314822,-0.002882320083909095
2022-09-04 13:13:16+00:00,3.366037861,,,,,6.597587505757944,0.0,3268.0,0.9350105169444445,0.008760609976851916,-0.00089302853994413
2022-09-04 13:13:18+00:00,2.986441566,,,,,3.2186572843218832,0.0,3270.0,0.8295671016666666,-0.01165635252314807,0.00118821126637595
2022-09-04 13:13:20+00:00,2.891017971,,,,,5.181330540599273,0.0,3272.0,0.8030605475,0.005265670254629716,-0.0005367655713180139
2022-09-04 13:13:22+00:00,2.915904476,,,,,19.017303540252804,0.0,3274.0,0.8099734655555556,0.11669239108796303,-0.011895248836693479
2022-09-04 13:13:24+00:00,3.664051906,,,,,53.80209956024069,0.0,3276.0,1.0177921961111112,0.30825380530092594,-0.03142240624882017
2022-09-04 13:13:26+00:00,7.254518926,,,,,156.74406477032576,0.0,3278.0,2.015144146111111,0.4653126432407408,-0.04743248147204289
2022-09-04 13:13:28+00:00,11.86896791,,,,,260.58506503728717,0.0,3280.0,3.2969355305555554,0.45988165481481486,-0.046878863895495906
2022-09-04 13:13:30+00:00,14.81249466,,,,,212.10543425149035,0.0,3282.0,4.11458185,0.26780692879629636,-0.027299381120927252
2022-09-04 13:13:32+00:00,15.97296366,,,,,132.71923421944146,0.0,3284.0,4.43693435,0.12065509259259266,-0.012299193944199047
2022-09-04 13:13:34+00:00,14.7197825,,,,,92.04512359845249,0.0,3286.0,4.088828472222223,0.07816138078703709,-0.007967520977271875
2022-09-04 13:13:36+00:00,17.17398007,,,,,147.97406877131147,0.0,3288.0,4.770550019444444,0.12173601620370378,-0.012409379837278672
2022-09-04 13:13:38+00:00,16.9880499,,,,,239.00026303345444,0.0,3290.0,4.71890275,0.25120037222222225,-0.025606561898289727
2022-09-04 13:13:40+00:00,18.96369216,,,,,352.51500570450844,0.0,3292.0,5.267692266666667,0.3467270886574074,-0.03534424960829841
2022-09-04 13:13:42+00:00,23.78192649,,,,,486.72938735041015,0.0,3294.0,6.606090691666666,0.3591098224537037,-0.036606505856646654
2022-09-04 13:13:44+00:00,25.35871371,,,,,376.2467511823716,0.0,3296.0,7.044087141666666,0.21447662662037037,-0.021863060817570883
2022-09-04 13:13:46+00:00,26.10657268,,,,,197.82526003705814,0.0,3298.0,7.251825744444444,0.03746617523148162,-0.00381918198078304
2022-09-04 13:13:48+00:00,25.90443624,,,,,81.86763494684179,0.0,3300.0,7.1956767333333325,-0.06499376967592574,0.006625256847698852
2022-09-04 13:13:50+00:00,24.85474273,,,,,-6.167905833943877,0.0,3302.0,6.904095202777778,-0.13844159930555544,0.014112293507192194
2022-09-04 13:13:52+00:00,23.80281281,,,,,-46.130676388940294,0.0,3304.0,6.611892447222222,-0.17968487523148138,0.01831650104296446
2022-09-04 13:13:54+00:00,22.22751902,,,,,-81.11255863247901,0.0,3306.0,6.174310838888888,-0.21824864791666662,0.022247568594971113
2022-09-04 13:13:56+00:00,20.76927334,,,,,-129.82222047189347,0.0,3308.0,5.769242594444445,-0.2842304974537036,0.028973547141050316
2022-09-04 13:13:58+00:00,18.45994061,,,,,-199.08612439953424,0.0,3310.0,5.127761280555555,-0.4021187395833333,0.04099069720523275
2022-09-04 13:14:00+00:00,15.29163373,,,,,-223.53160337603114,0.0,3312.0,4.247676036111111,-0.4970883015509259,0.0506715903721637
2022-09-04 13:14:02+00:00,10.33362908,,,,,-150.91912777955147,0.0,3314.0,2.870452522222222,-0.4770519788888888,0.04862915177256766
2022-09-04 13:14:04+00:00,7.421370243,,,,,-77.58036551088492,0.0,3316.0,2.0614917341666668,-0.34829755967592585,0.03550433839713821
2022-09-04 13:14:06+00:00,5.721558609,,,,,-33.60670168197933,0.0,3318.0,1.5893218358333332,-0.21160728231481474,0.021570569043304254
2022-09-04 13:14:08+00:00,4.857249623,,,,,-0.0,20.528815863723263,3320.0,1.349236006388889,-0.1499774473379629,0.015288220931494687
2022-09-04 13:14:10+00:00,3.756315104,,,,,-0.0,10.579895918552818,3322.0,1.0434208622222223,-0.11159785511574066,0.011375928146354807
2022-09-04 13:14:12+00:00,2.907588023,,,,,-0.0,4.461151842690006,3324.0,0.8076633397222223,-0.07715145217592588,0.007864572087250344
2022-09-04 13:14:14+00:00,2.850192868,,,,,-0.0,2.187129318150462,3326.0,0.7917202411111112,-0.05702014719907402,0.005812451294502958
2022-09-04 13:14:16+00:00,2.430429125,,,,,-0.0,2.3249478132996404,3328.0,0.6751192013888888,-0.06163189076388883,0.006282557672159921
2022-09-04 13:14:18+00:00,1.770203643,,,,,-0.0,1.5391472984474122,3330.0,0.4917232341666667,-0.05892183856481475,0.006006303625363378
2022-09-04 13:14:20+00:00,1.325079567,,,,,0.5440191326357877,0.0,3332.0,0.3680776575,-0.026270117291666593,0.0026778916709140257
2022-09-04 13:14:22+00:00,1.410119,,,,,2.7049695246937113,0.0,3334.0,0.39169972222222216,0.009220809699074142,-0.0009399398266130624
2022-09-04 13:14:24+00:00,1.655644701,,,,,3.8407186263036137,0.0,3336.0,0.45990130583333333,0.018565562546296367,-0.0018925140210291913
2022-09-04 13:14:26+00:00,1.837977488,,,,,2.9535892291970725,0.0,3338.0,0.5105493022222222,0.001671009930555629,-0.00017033740372636382
2022-09-04 13:14:28+00:00,1.699253381,,,,,1.4361152269070117,0.0,3340.0,0.4720148280555555,-0.01620465030092585,0.0016518501835806167
2022-09-04 13:14:30+00:00,1.438697949,,,,,0.8143740335826287,0.0,3342.0,0.39963831916666664,-0.022654693842592513,0.0023093469768188084
2022-09-04 13:14:32+00:00,1.354883347,,,,,0.8585342413100837,0.0,3344.0,0.37635648527777776,-0.02102534553240733,0.002143256425321848
2022-09-04 13:14:34+00:00,1.203664748,,,,,0.752291010850993,0.0,3346.0,0.33435131888888886,-0.02116953365740733,0.0021579545012647633
2022-09-04 13:14:36+00:00,1.025991655,,,,,0.741352445913975,0.0,3348.0,0.2849976819444444,-0.018809129074073994,0.0019173424132593265
2022-09-04 13:14:38+00:00,0.853065787,,,,,1.0646610416764088,0.0,3350.0,0.23696271861111112,-0.00637690187499992,0.0006500409658511641
2022-09-04 13:14:40+00:00,0.892927932,,,,,1.633835909278852,0.0,3352.0,0.24803553666666667,0.007319540532407488,-0.0007461305333748713
2022-09-04 13:14:42+00:00,1.06124631,,,,,2.038455811515957,0.0,3354.0,0.2947906416666667,0.009414416018518593,-0.0009596754351191226
2022-09-04 13:14:44+00:00,1.134015283,,,,,1.624087565582279,0.0,3356.0,0.3150042452777778,-0.0021248143749999296,0.0002165967762487186
2022-09-04 13:14:46+00:00,1.018681208,,,,,0.9901885868038189,0.0,3358.0,0.2829670022222222,-0.012928672916666599,0.0013179075348283993
2022-09-04 13:14:48+00:00,0.843701053,,,,,0.8498457091047987,0.0,3360.0,0.2343614036111111,-0.012047577662036965,0.0012280915047947977
2022-09-04 13:14:50+00:00,0.79304187,,,,,1.0668291658704518,0.0,3362.0,0.22028940833333333,-0.004071330185185108,0.0004150183675010304
2022-09-04 13:14:52+00:00,0.839199266,,,,,1.2818820811282787,0.0,3364.0,0.23311090722222222,0.00021194495370377894,-2.1604990183871452e-05
2022-09-04 13:14:54+00:00,0.847301531,,,,,1.245191267132943,0.0,3366.0,0.2353615363888889,-0.0011547343518517768,0.00011770992373616481
2022-09-04 13:14:56+00:00,0.798597414,,,,,1.329779339313883,0.0,3368.0,0.22183261499999998,0.003465466921296368,-0.00035325860563673473
2022-09-04 13:14:58+00:00,0.783759198,,,,,2.625266081131749,0.0,3370.0,0.21771088833333335,0.04316060483796303,-0.004399653908049238
2022-09-04 13:15:00+00:00,1.05244977,,,,,10.003103930188734,0.0,3372.0,0.2923471583333333,0.18811866136574076,-0.019176214206497528
2022-09-04 13:15:02+00:00,2.457987304,,,,,45.52003361517415,0.0,3374.0,0.6827742511111111,0.3997732071990741,-0.04075160114159777
2022-09-04 13:15:04+00:00,7.251095479,,,,,193.27593304153487,0.0,3376.0,2.014193188611111,0.5842770563888889,-0.05955933296522823
2022-09-04 13:15:06+00:00,11.85531604,,,,,371.8449015457955,0.0,3378.0,3.2931433444444442,0.6816676383564816,-0.06948701716172086
2022-09-04 13:15:08+00:00,16.89588987,,,,,506.5985725498311,0.0,3380.0,4.693302741666667,0.626694177800926,-0.06388319855259184
2022-09-04 13:15:10+00:00,22.26123489,,,,,530.1079276718488,0.0,3382.0,6.183676358333333,0.448799838425926,-0.04574921900366218
2022-09-04 13:15:12+00:00,23.91836511,,,,,330.69630319119545,0.0,3384.0,6.643990308333333,0.20163321898148157,-0.02055384495224073
2022-09-04 13:15:14+00:00,24.22099382,,,,,144.0310728391461,0.0,3386.0,6.728053838888889,0.013710169444444587,-0.0013975707894438925
2022-09-04 13:15:16+00:00,23.646686,,,,,56.57666130148442,0.0,3388.0,6.568523888888889,-0.0657818972222221,0.0067055960471174405
2022-09-04 13:15:18+00:00,23.12519332,,,,,9.79946082194948,0.0,3390.0,6.423664811111111,-0.10840197361111104,0.011050150215199901
2022-09-04 13:15:20+00:00,22.17238765,,,,,-29.30506231840414,0.0,3392.0,6.158996569444445,-0.15016084374999994,0.015306915774719668
2022-09-04 13:15:22+00:00,21.01232691,,,,,-83.16532296893253,0.0,3394.0,5.836757475,-0.2191028435185185,0.022334642560501376
2022-09-04 13:15:24+00:00,19.27260396,,,,,-169.90275640005513,0.0,3396.0,5.3535011,-0.3495815796296296,0.03563522728130781
2022-09-04 13:15:26+00:00,16.55973417,,,,,-235.25514623554116,0.0,3398.0,4.599926158333333,-0.49136628731481474,0.050088306556046354
2022-09-04 13:15:28+00:00,11.52305615,,,,,-189.62290294759615,0.0,3400.0,3.2008489305555554,-0.5349288800231481,0.054528937820912136
2022-09-04 13:15:30+00:00,7.534851108,,,,,-103.37200533668087,0.0,3402.0,2.0930141966666667,-0.44355757775462945,0.04521483973033939
2022-09-04 13:15:32+00:00,5.188559405,,,,,-43.961032502644535,0.0,3404.0,1.441266501388889,-0.28631479381944436,0.029186013641125826
2022-09-04 13:15:34+00:00,3.732543556,,,,,-0.0,19.38343363819791,3406.0,1.0368176544444445,-0.17379212662037033,0.01771581311114886
2022-09-04 13:15:36+00:00,2.956564609,,,,,-0.0,8.794492551043101,3408.0,0.8212679469444444,-0.11490426583333328,0.011712973071695543
2022-09-04 13:15:38+00:00,2.259026034,,,,,-0.0,4.1187894977678345,3410.0,0.6275072316666667,-0.084198282824074,0.00858290344791784
2022-09-04 13:15:40+00:00,1.698212643,,,,,-0.0,1.7891856945538658,3412.0,0.47172573416666663,-0.06370316418981474,0.006493696655434734
2022-09-04 13:15:42+00:00,1.353529704,,,,,-0.0,0.42762270646341727,3414.0,0.37598047333333334,-0.04422775425925918,0.004508435704307765
2022-09-04 13:15:44+00:00,1.110084246,,,,,0.3060328675716955,0.0,3416.0,0.308356735,-0.02936720115740733,0.0029935984869936113
2022-09-04 13:15:46+00:00,0.936515447,,,,,0.7052140533109347,0.0,3418.0,0.26014317972222223,-0.01806451472222215,0.0018414388096047044
2022-09-04 13:15:48+00:00,0.84656381,,,,,0.9710716619707025,0.0,3420.0,0.2351566138888889,-0.008754332199074002,0.0008923886033714579
2022-09-04 13:15:50+00:00,0.836663104,,,,,1.410422987942913,0.0,3422.0,0.23240641777777776,0.003941913194444519,-0.0004018260137048439
2022-09-04 13:15:52+00:00,0.831749438,,,,,1.6052449291657354,0.0,3424.0,0.23104151055555555,0.009697195902777856,-0.0009885011113942768
2022-09-04 13:15:54+00:00,1.121620469,,,,,1.955410291455156,0.0,3426.0,0.3115612413888889,0.0052130546064815585,-0.0005314021005587725
2022-09-04 13:15:56+00:00,0.980525308,,,,,1.357662800003721,0.0,3428.0,0.27236814111111113,-0.0031945624999999284,0.00032564347604484485
2022-09-04 13:15:58+00:00,0.913091193,,,,,1.0839994715371386,0.0,3430.0,0.2536364425,-0.007827511365740671,0.0007979114542039419
2022-09-04 13:16:00+00:00,0.902273614,,,,,1.1483284218403718,0.0,3432.0,0.25063155944444443,-0.005809079976851779,0.0005921590190470723
2022-09-04 13:16:02+00:00,0.861723672,,,,,0.9556887907604429,0.0,3434.0,0.23936768666666666,-0.009654490486111035,0.0009841478579114204
2022-09-04 13:16:04+00:00,0.780940574,,,,,0.7546626099007501,0.0,3436.0,0.21692793722222223,-0.012996315925925851,0.0013248028466794955
2022-09-04 13:16:06+00:00,0.617350244,,,,,0.7331471015099855,0.0,3438.0,0.1714861788888889,-0.007748190300925856,0.0007898257187488129
2022-09-04 13:16:08+00:00,0.585206194,,,,,1.395979484683468,0.0,3440.0,0.1625572761111111,0.020484153842592664,-0.002088089076716887
2022-09-04 13:16:10+00:00,0.722736231,,,,,3.779969957682364,0.0,3442.0,0.20076006416666664,0.08748623740740746,-0.008918067014006877
2022-09-04 13:16:12+00:00,1.560470033,,,,,16.420830945681338,0.0,3444.0,0.4334638980555556,0.2119108545370371,-0.021601514223958927
2022-09-04 13:16:14+00:00,3.421491861,,,,,53.537711209428316,0.0,3446.0,0.9504144058333333,0.33122802233796306,-0.03376432439734588
2022-09-04 13:16:16+00:00,7.04099948,,,,,131.81744707298603,0.0,3448.0,1.955833188888889,0.3978038457175927,-0.040550850735738296
2022-09-04 13:16:18+00:00,9.551257349,,,,,184.89660355802178,0.0,3450.0,2.6531270413888888,0.40637028215277776,-0.04142408584635859
2022-09-04 13:16:20+00:00,12.61583068,,,,,209.86023458017777,0.0,3452.0,3.504397411111111,0.3316832650694445,-0.033810730384245105
2022-09-04 13:16:22+00:00,15.40185685,,,,,176.43903186567866,0.0,3454.0,4.278293569444444,0.19757440094907416,-0.020140102033544764
2022-09-04 13:16:24+00:00,15.51911703,,,,,38.73695936733345,0.0,3456.0,4.310865841666667,-0.014107602546296208,0.0014380838477366165
2022-09-04 13:16:26+00:00,15.18318512,,,,,-66.0242524764765,0.0,3458.0,4.217551422222222,-0.19783120833333326,0.020166280156303083
2022-09-04 13:16:28+00:00,12.22505398,,,,,-76.37634636949154,0.0,3460.0,3.395848327777778,-0.24053493611111107,0.024519361479216215
2022-09-04 13:16:30+00:00,10.1496117,,,,,-12.784326473486297,0.0,3462.0,2.819336583333333,-0.0882487275462962,0.008995792818174943
2022-09-04 13:16:32+00:00,10.16158121,,,,,87.55210301351123,0.0,3464.0,2.822661447222222,0.15138032569444457,-0.01543122586079965
2022-09-04 13:16:34+00:00,13.43431286,,,,,173.29309748495444,0.0,3466.0,3.7317535722222224,0.240366182175926,-0.02450215924321366
2022-09-04 13:16:36+00:00,15.47998289,,,,,148.15660755746555,0.0,3468.0,4.299995247222222,0.15278735856481485,-0.015574654287952582
2022-09-04 13:16:38+00:00,15.21502909,,,,,46.183293909182645,0.0,3470.0,4.226396969444444,4.565115740743734e-05,-4.653532865182196e-06
2022-09-04 13:16:40+00:00,14.98127887,,,,,-12.363336899260675,0.0,3472.0,4.1614663527777775,-0.09439439259259252,0.009622262241854487
2022-09-04 13:16:42+00:00,13.93498901,,,,,-60.7592529764977,0.0,3474.0,3.8708302805555554,-0.19254948949074066,0.019627878643296702
2022-09-04 13:16:44+00:00,12.68218521,,,,,-107.89953596515846,0.0,3476.0,3.5228292249999997,-0.30805410659722215,0.031402049602163314
2022-09-04 13:16:46+00:00,9.195984804,,,,,-93.95456094547424,0.0,3478.0,2.554440223333333,-0.34597195428240735,0.03526727362715671
2022-09-04 13:16:48+00:00,6.412345671,,,,,-38.710614342967304,0.0,3480.0,1.7812071308333333,-0.21765111407407398,0.0221866579076528
2022-09-04 13:16:50+00:00,5.258840124,,,,,21.12632909571139,0.0,3482.0,1.4607889233333333,0.05471191914351862,-0.005577157914731765
2022-09-04 13:16:52+00:00,7.216801762,,,,,106.02562486556371,0.0,3484.0,2.004667156111111,0.30245672928240747,-0.030831470874863143
2022-09-04 13:16:54+00:00,10.75508362,,,,,237.18700269857305,0.0,3486.0,2.987523227777778,0.46609625518518527,-0.04751236036546231
2022-09-04 13:16:56+00:00,13.98223288,,,,,329.3119635699998,0.0,3488.0,3.8839535777777776,0.4890633464814816,-0.04985355213878507
2022-09-04 13:16:58+00:00,18.62876723,,,,,362.2979634934367,0.0,3490.0,5.174657563888889,0.36892420486111116,-0.037606952585230495
2022-09-04 13:17:00+00:00,20.47065472,,,,,273.8087049939903,0.0,3492.0,5.686292977777778,0.21469184884259263,-0.021884999882017597
2022-09-04 13:17:02+00:00,20.20418743,,,,,191.51609743978847,0.0,3494.0,5.612274286111111,0.1245492708333334,-0.012696154009514108
2022-09-04 13:17:04+00:00,21.68150055,,,,,237.66991066902378,0.0,3496.0,6.022639041666666,0.14991968634259276,-0.015282332960508944
2022-09-04 13:17:06+00:00,22.7984499,,,,,289.52673995484326,0.0,3498.0,6.332902750000001,0.1831778122685186,-0.018672559864273047
2022-09-04 13:17:08+00:00,24.3529227,,,,,309.7367685041311,0.0,3500.0,6.76470075,0.1722950115740741,-0.01756320199531846
2022-09-04 13:17:10+00:00,25.44604677,,,,,332.50152162910126,0.0,3502.0,7.068346324999999,0.17208134606481482,-0.017541421617208442
2022-09-04 13:17:12+00:00,26.47704818,,,,,366.83137740951724,0.0,3504.0,7.354735605555556,0.18236407847222233,-0.01858961044569035
2022-09-04 13:17:14+00:00,28.10823857,,,,,371.2057884981401,0.0,3506.0,7.807844047222222,0.15331372870370386,-0.015628310775097232
2022-09-04 13:17:16+00:00,29.56885909,,,,,253.22090545344085,0.0,3508.0,8.213571969444445,0.030888654629629714,-0.0031486905840601136
2022-09-04 13:17:18+00:00,28.97738894,,,,,12.28344634196332,0.0,3510.0,8.049274705555556,-0.1555603081018518,0.01585731988805829
2022-09-04 13:17:20+00:00,26.94228769,,,,,-148.03263710386994,0.0,3512.0,7.4839688027777775,-0.3077849921296296,0.03137461693472269
2022-09-04 13:17:22+00:00,24.01460466,,,,,-189.9452740969347,0.0,3514.0,6.6707235166666665,-0.3549687736111111,0.03618438059236607
2022-09-04 13:17:24+00:00,21.23533171,,,,,-112.27800434388807,0.0,3516.0,5.898703252777778,-0.25923324467592584,0.02642540720447766
2022-09-04 13:17:26+00:00,19.3496939,,,,,24.582192877175114,0.0,3518.0,5.374914972222221,-0.06364780624999988,0.006488053644240558
2022-09-04 13:17:28+00:00,20.40832228,,,,,150.35440460697527,0.0,3520.0,5.6689784111111114,0.07350713819444454,-0.007493082384754795
2022-09-04 13:17:30+00:00,22.09202886,,,,,183.3396414554293,0.0,3522.0,6.136674683333333,0.08439091597222226,-0.008602539854456907
2022-09-04 13:17:32+00:00,21.66850512,,,,,100.13878937463393,0.0,3524.0,6.019029199999999,0.0006021171296296165,-6.137789292860514e-05
2022-09-04 13:17:34+00:00,21.73519863,,,,,55.801846709344154,0.0,3526.0,6.037555175,-0.04824647847222215,0.004918091587382482
2022-09-04 13:17:36+00:00,20.79116397,,,,,88.9830618158037,0.0,3528.0,5.775323325,-0.0016842293981480516,0.00017168495393965868
2022-09-04 13:17:38+00:00,20.88512214,,,,,144.92176279885334,0.0,3530.0,5.801422816666666,0.0603692354166668,-0.0061538466275909065
2022-09-04 13:17:40+00:00,22.4458229,,,,,155.7454577736935,0.0,3532.0,6.234950805555555,0.04990300810185203,-0.005086952915581247
2022-09-04 13:17:42+00:00,22.68849067,,,,,51.80322963686809,0.0,3534.0,6.302358519444445,-0.06149132152777762,0.006268228494166934
2022-09-04 13:17:44+00:00,21.14360539,,,,,-50.120172997397795,0.0,3536.0,5.873223719444445,-0.1737780122685185,0.01771437433929852
2022-09-04 13:17:46+00:00,19.53091456,,,,,-70.85912535646978,0.0,3538.0,5.425254044444444,-0.2002165372685185,0.020409432952958054
2022-09-04 13:17:48+00:00,18.09618888,,,,,-40.95831751095648,0.0,3540.0,5.026719133333333,-0.15216679675925918,0.015511396203798081
2022-09-04 13:17:50+00:00,17.08655277,,,,,0.8979238568047027,0.0,3542.0,4.746264658333334,-0.07959087499999991,0.008113239041794078
2022-09-04 13:17:52+00:00,17.01436156,,,,,40.14832843210803,0.0,3544.0,4.726211544444444,-0.02484593564814815,0.002532715152716427
2022-09-04 13:17:54+00:00,17.17441608,,,,,53.10675088645347,0.0,3546.0,4.770671133333333,-0.008431278935185174,0.0008594575876845233
2022-09-04 13:17:56+00:00,16.93498115,,,,,27.02267603076382,0.0,3548.0,4.704161430555555,-0.04243174791666656,0.004325356566428803
2022-09-04 13:17:58+00:00,16.80170193,,,,,-8.542149632969766,0.0,3550.0,4.667139425,-0.09412622083333318,0.009594925671083911
2022-09-04 13:18:00+00:00,15.5540242,,,,,-33.690140838319124,0.0,3552.0,4.3205622777777775,-0.13610323703703694,0.0138739283422056
2022-09-04 13:18:02+00:00,14.48912029,,,,,-37.015505434577705,0.0,3554.0,4.024755636111111,-0.14246251967592585,0.014522173259523532
2022-09-04 13:18:04+00:00,13.36790295,,,,,-10.83016348909165,0.0,3556.0,3.7133063749999997,-0.08688103287037026,0.008856374400649363
2022-09-04 13:18:06+00:00,12.83344233,,,,,41.05297692978829,0.0,3558.0,3.5648450916666667,0.01423112754629637,-0.0014506755908558992
2022-09-04 13:18:08+00:00,13.45644154,,,,,103.90581772939348,0.0,3560.0,3.737900427777778,0.1182699178240741,-0.012056056862800622
2022-09-04 13:18:10+00:00,15.01536641,,,,,140.9632258118806,0.0,3562.0,4.170935113888889,0.15066859282407408,-0.01535867409011968
2022-09-04 13:18:12+00:00,16.29523932,,,,,126.24726617544835,0.0,3564.0,4.526455366666666,0.10581567291666671,-0.010786511000679583
2022-09-04 13:18:14+00:00,16.50352776,,,,,106.4211378814192,0.0,3566.0,4.584313266666666,0.07414734166666677,-0.007558342677539936
2022-09-04 13:18:16+00:00,16.53951726,,,,,110.59483088118068,0.0,3568.0,4.59431035,0.07957897893518528,-0.008112026395023984
2022-09-04 13:18:18+00:00,17.97425363,,,,,159.39493513104887,0.0,3570.0,4.9928482305555555,0.12331824351851865,-0.012570667025333195
2022-09-04 13:18:20+00:00,18.26232534,,,,,204.9593825653102,0.0,3572.0,5.07286815,0.17719869259259272,-0.018063067542568065
2022-09-04 13:18:22+00:00,20.1080678,,,,,241.1548204348581,0.0,3574.0,5.585574388888889,0.18438541990740753,-0.018795659521652144
2022-09-04 13:18:24+00:00,22.06068661,,,,,213.2578990402409,0.0,3576.0,6.127968502777778,0.11683931226851858,-0.01191022551157172
2022-09-04 13:18:26+00:00,22.1413425,,,,,89.48916142236995,0.0,3578.0,6.150372916666667,-0.016261164120370337,0.0016576110214444786
2022-09-04 13:18:28+00:00,21.27650893,,,,,20.316594824173112,0.0,3580.0,5.910141369444444,-0.08319050509259251,0.008480173811681193
2022-09-04 13:18:30+00:00,20.18976319,,,,,67.02291086624639,0.0,3582.0,5.608267552777778,-0.020498040972222114,0.0020895046862611736
2022-09-04 13:18:32+00:00,20.4184361,,,,,188.6993380169995,0.0,3584.0,5.671787805555556,0.1176087652777779,-0.0119886610884585
2022-09-04 13:18:34+00:00,22.11389996,,,,,276.7687810579306,0.0,3586.0,6.142749988888889,0.18360210810185187,-0.018715811223430363
2022-09-04 13:18:36+00:00,24.43307082,,,,,206.71628676012548,0.0,3588.0,6.786964116666667,0.07135255833333336,-0.007273451410125724
2022-09-04 13:18:38+00:00,24.10673954,,,,,-12.553335671463454,0.0,3590.0,6.696316538888889,-0.14070664930555554,0.01434318545418507
2022-09-04 13:18:40+00:00,21.50802704,,,,,-132.76559207465937,0.0,3592.0,5.974451955555556,-0.28679662893518515,0.029235130370559137
2022-09-04 13:18:42+00:00,18.96041649,,,,,-121.53377298497456,0.0,3594.0,5.266782358333333,-0.2777457030092592,0.02831250795201419
2022-09-04 13:18:44+00:00,17.1897795,,,,,-59.78335858626578,0.0,3596.0,4.77493875,-0.1825500657407407,0.018608569392532182
2022-09-04 13:18:46+00:00,16.42637271,,,,,8.989564717109404,0.0,3598.0,4.562881308333333,-0.06451160162037024,0.006576106179446508
2022-09-04 13:18:48+00:00,16.15590798,,,,,78.59945622184131,0.0,3600.0,4.487752216666666,0.038594384490740895,-0.003934188021482252
2022-09-04 13:18:50+00:00,17.20738682,,,,,140.35524524318274,0.0,3602.0,4.779829672222222,0.11073105509259278,-0.011287569326462056
2022-09-04 13:18:52+00:00,18.0760428,,,,,180.5397801755874,0.0,3604.0,5.021123,0.14913805254629642,-0.015202655713180063
2022-09-04 13:18:54+00:00,19.28981947,,,,,210.46020327706242,0.0,3606.0,5.3582831861111115,0.1638637483796297,-0.016703746012194667
2022-09-04 13:18:56+00:00,20.5162392,,,,,205.25215271219798,0.0,3608.0,5.698955333333333,0.1349629182870371,-0.01375768789878054
2022-09-04 13:18:58+00:00,21.84610435,,,,,187.0637732420765,0.0,3610.0,6.068362319444445,0.09228049629629642,-0.009406778419602082
2022-09-04 13:19:00+00:00,21.35015599,,,,,167.9958738305906,0.0,3612.0,5.930598886111111,0.07923626296296304,-0.008077091025786243
2022-09-04 13:19:02+00:00,22.44242012,,,,,194.50012664142932,0.0,3614.0,6.2340055888888894,0.09064226388888885,-0.009239782251670627
2022-09-04 13:19:04+00:00,23.34292999,,,,,208.98558943711487,0.0,3616.0,6.484147219444444,0.09100937152777777,-0.009277204029335144
2022-09-04 13:19:06+00:00,23.76907615,,,,,175.07399188989405,0.0,3618.0,6.602521152777777,0.05050335069444456,-0.005148149917884257
2022-09-04 13:19:08+00:00,23.95510481,,,,,147.5429815059324,0.0,3620.0,6.654195780555556,0.020701234953703834,-0.0021102176303469757
2022-09-04 13:19:10+00:00,24.01199005,,,,,131.95714682691423,0.0,3622.0,6.6699972361111115,0.004640557407407468,-0.00047304356854306503
2022-09-04 13:19:12+00:00,23.99430944,,,,,122.8791256224512,0.0,3624.0,6.665085955555555,-0.00404782106481479,0.0004126219230188369
2022-09-04 13:19:14+00:00,23.9303436,,,,,104.76404305840536,0.0,3626.0,6.647317666666667,-0.021088596064814762,0.0021497039821421777
2022-09-04 13:19:16+00:00,23.86188539,,,,,72.48270343048448,0.0,3628.0,6.628301497222222,-0.05216444629629624,0.005317476686676477
2022-09-04 13:19:18+00:00,23.23338675,,,,,33.05598803578055,0.0,3630.0,6.4537185416666665,-0.08563715324074073,0.00872957729263412
2022-09-04 13:19:20+00:00,22.43776221,,,,,3.33196896407508,0.0,3632.0,6.232711725,-0.11004353472222217,0.011217485700532331
2022-09-04 13:19:22+00:00,21.65494176,,,,,-0.3550837538348936,0.0,3634.0,6.0152616,-0.10868095532407396,0.011078588718050352
2022-09-04 13:19:24+00:00,20.68644968,,,,,40.46214948711134,0.0,3636.0,5.746236022222222,-0.05577142083333316,0.005685160125722034
2022-09-04 13:19:26+00:00,20.28968201,,,,,118.71831268663631,0.0,3638.0,5.636022780555556,0.03852814745370381,-0.003927436029939226
2022-09-04 13:19:28+00:00,21.39369658,,,,,206.11995209218102,0.0,3640.0,5.942693494444445,0.12056201388888892,-0.012289705799071245
2022-09-04 13:19:30+00:00,22.61211083,,,,,204.75737470445154,0.0,3642.0,6.281141897222222,0.09861609166666667,-0.010052608732585797
2022-09-04 13:19:32+00:00,23.57229986,,,,,117.8155716473264,0.0,3644.0,6.547861072222222,-0.0038443094907406974,0.00039187660456072346
2022-09-04 13:19:34+00:00,22.37129389,,,,,28.272951773597672,0.0,3646.0,6.2142483027777775,-0.08330218240740732,0.008491557839694935
2022-09-04 13:19:36+00:00,21.46843935,,,,,22.66061565356597,0.0,3648.0,5.963455375,-0.08208781412037025,0.008367769023483206
2022-09-04 13:19:38+00:00,21.11731706,,,,,85.11754192126816,0.0,3650.0,5.8659214055555555,-0.009669281944444311,0.0009856556518291857
2022-09-04 13:19:40+00:00,21.28008312,,,,,148.86447684586128,0.0,3652.0,5.9111342,0.05912446921296303,-0.006026959145052296
2022-09-04 13:19:42+00:00,22.14193714,,,,,200.97187814622708,0.0,3654.0,6.150538094444444,0.10237305324074075,-0.010435581370106091
2022-09-04 13:19:44+00:00,22.99799634,,,,,217.42198460589688,0.0,3656.0,6.388332316666666,0.10528970856481479,-0.010732895878166645
2022-09-04 13:19:46+00:00,23.82191974,,,,,198.43184471925784,0.0,3658.0,6.6171999277777775,0.07283396527777779,-0.007424461292332088
2022-09-04 13:19:48+00:00,24.14861593,,,,,150.55261034855354,0.0,3660.0,6.707948869444444,0.021035188888888962,-0.0021442598255748176
2022-09-04 13:19:50+00:00,24.13774485,,,,,111.37113986957425,0.0,3662.0,6.704929125,-0.017067009027777653,0.0017397562719447149
2022-09-04 13:19:52+00:00,23.59089139,,,,,90.37345833648817,0.0,3664.0,6.553025386111111,-0.03148315416666655,0.003209291963982319
2022-09-04 13:19:54+00:00,23.64234949,,,,,110.83140529548359,0.0,3666.0,6.567319302777777,-0.011665725694444426,0.0011891667374561085
2022-09-04 13:19:56+00:00,23.28393903,,,,,140.94149889697698,0.0,3668.0,6.467760841666666,0.02310781967592594,-0.0023555371738966297
2022-09-04 13:19:58+00:00,23.94073786,,,,,149.38507567814358,0.0,3670.0,6.65020496111111,0.022707840046296408,-0.0023147645307131912
2022-09-04 13:20:00+00:00,24.29076083,,,,,72.58826609275134,0.0,3672.0,6.7474335638888885,-0.05651999699074054,0.005761467583153979
2022-09-04 13:20:02+00:00,23.61650638,,,,,-46.11434226357272,0.0,3674.0,6.560140661111111,-0.1787430692129628,0.018220496351983972
2022-09-04 13:20:04+00:00,21.16650664,,,,,-85.44374624633781,0.0,3676.0,5.879585177777778,-0.2224014270833333,0.02267088961094121
2022-09-04 13:20:06+00:00,19.34329146,,,,,-44.68105035963799,0.0,3678.0,5.3731365166666665,-0.16074221226851848,0.01638554661248914
2022-09-04 13:20:08+00:00,18.9562341,,,,,27.636312707724624,0.0,3680.0,5.265620583333333,-0.056898829166666554,0.005800084522595978
2022-09-04 13:20:10+00:00,18.88271535,,,,,106.89597690191617,0.0,3682.0,5.245198708333334,0.04257289884259271,-0.004339745040019644
2022-09-04 13:20:12+00:00,19.16905333,,,,,175.4700165189072,0.0,3684.0,5.324737036111111,0.123189975,-0.012557591743119264
2022-09-04 13:20:14+00:00,20.96962146,,,,,211.63498829694188,0.0,3686.0,5.82489485,0.13412921851851847,-0.013672703212896887
2022-09-04 13:20:16+00:00,22.19113491,,,,,150.775769503073,0.0,3688.0,6.164204141666666,0.04826084513888892,-0.004919556079397443
2022-09-04 13:20:18+00:00,21.65501601,,,,,39.05701228338001,0.0,3690.0,6.015282225,-0.06570503657407396,0.0066977611186619735
2022-09-04 13:20:20+00:00,20.56852729,,,,,-3.3583180300929403,0.0,3692.0,5.713479802777777,-0.10585861782407398,0.010790888667081954
2022-09-04 13:20:22+00:00,19.7537715,,,,,21.208739332108788,0.0,3694.0,5.48715875,-0.07072818773148144,0.007209805069468037
2022-09-04 13:20:24+00:00,19.51928713,,,,,37.62498555887474,0.0,3696.0,5.422024202777777,-0.04918225717592587,0.005013481873183065
2022-09-04 13:20:26+00:00,19.64879846,,,,,27.107331873933237,0.0,3698.0,5.457999572222222,-0.06287944166666663,0.006409729018008831
2022-09-04 13:20:28+00:00,18.54882682,,,,,12.061466949960518,0.0,3700.0,5.152451894444444,-0.073566548148148,0.007499138445275026
2022-09-04 13:20:30+00:00,18.00783993,,,,,24.31246167198748,0.0,3702.0,5.002177758333333,-0.054016661111110954,0.005506285536300811
2022-09-04 13:20:32+00:00,17.98217078,,,,,51.23478253460246,0.0,3704.0,4.995047438888889,-0.01854964791666654,0.0018908917346245199
2022-09-04 13:20:34+00:00,17.88193474,,,,,61.82621117925755,0.0,3706.0,4.967204094444444,-0.003660599999999903,0.0003731498470947913
2022-09-04 13:20:36+00:00,17.87338722,,,,,69.29532399225364,0.0,3708.0,4.964829783333333,0.006272643981481529,-0.0006394132498961804
2022-09-04 13:20:38+00:00,17.95848557,,,,,78.94004777843655,0.0,3710.0,4.988468213888889,0.018023117824074175,-0.0018372189423113328
2022-09-04 13:20:40+00:00,18.17659817,,,,,82.16102678827431,0.0,3712.0,5.049055047222222,0.019736752083333437,-0.002011901333673133
2022-09-04 13:20:42+00:00,18.35732248,,,,,75.74919885122567,0.0,3714.0,5.099256244444445,0.009436654398148262,-0.0009619423443576209
2022-09-04 13:20:44+00:00,18.327178,,,,,76.64604583222892,0.0,3716.0,5.090882777777778,0.010920718287037149,-0.0011132230669762637
2022-09-04 13:20:46+00:00,18.21556921,,,,,96.48809687737699,0.0,3718.0,5.059880336111111,0.03782299537037045,-0.0038555550836259374
2022-09-04 13:20:48+00:00,18.79012647,,,,,129.81851692563018,0.0,3720.0,5.219479575,0.07251557708333345,-0.007392005818892298
2022-09-04 13:20:50+00:00,19.52832741,,,,,148.45003989159233,0.0,3722.0,5.424535391666667,0.08446792060185193,-0.008610389459923744
2022-09-04 13:20:52+00:00,20.14709273,,,,,152.38208869740012,0.0,3724.0,5.596414647222223,0.0797682365740741,-0.008131318712953526
2022-09-04 13:20:54+00:00,20.50761712,,,,,154.8268138781281,0.0,3726.0,5.696560311111111,0.07717708078703704,-0.00786718458583456
2022-09-04 13:20:56+00:00,21.25682458,,,,,153.74649807974149,0.0,3728.0,5.904673494444444,0.06486967777777781,-0.006612607316796922
2022-09-04 13:20:58+00:00,21.75264545,,,,,142.0168645998208,0.0,3730.0,6.042401513888889,0.04498039490740746,-0.004585157482916153
2022-09-04 13:21:00+00:00,21.70443448,,,,,135.54655085778435,0.0,3732.0,6.029009577777778,0.03862160578703707,-0.003936962873296338
2022-09-04 13:21:02+00:00,22.00316028,,,,,162.97479039747176,0.0,3734.0,6.111988966666666,0.06397770370370377,-0.006521682334730251
2022-09-04 13:21:04+00:00,22.67476312,,,,,213.75211985569274,0.0,3736.0,6.298545311111111,0.10693501620370378,-0.010900613272548805
2022-09-04 13:21:06+00:00,23.54615361,,,,,236.1251668511054,0.0,3738.0,6.540598225,0.114874457638889,-0.011709934519764422
2022-09-04 13:21:08+00:00,24.78103385,,,,,182.86137225259034,0.0,3740.0,6.883620513888888,0.0432215189814816,-0.004405863300864587
2022-09-04 13:21:10+00:00,24.85946612,,,,,77.07598951958278,0.0,3742.0,6.905407255555556,-0.05820046412037024,0.005932769023483205
2022-09-04 13:21:12+00:00,23.22862023,,,,,39.01066299633384,0.0,3744.0,6.452394508333334,-0.0795554631944444,0.008109629275682406
2022-09-04 13:21:14+00:00,22.58430718,,,,,82.41548526724867,0.0,3746.0,6.273418661111111,-0.028573891203703683,0.0029127310095518532
2022-09-04 13:21:16+00:00,23.61939678,,,,,134.2239498746418,0.0,3748.0,6.560943549999999,0.011946724074074119,-0.0012178108128515922
2022-09-04 13:21:18+00:00,23.23429747,,,,,117.5293971497538,0.0,3750.0,6.453971519444445,2.5780324074187178e-05,-2.6279637180618935e-06
2022-09-04 13:21:20+00:00,23.09472842,,,,,62.265499528888164,0.0,3752.0,6.415202338888888,-0.05463971851851834,0.0055697980141201165
2022-09-04 13:21:22+00:00,23.11008925,,,,,14.79008347239904,0.0,3754.0,6.419469236111111,-0.10319886782407399,0.010519762265450967
2022-09-04 13:21:24+00:00,21.38316916,,,,,2.24501528038984,0.0,3756.0,5.939769211111112,-0.10392086921296295,0.010593360776041075
2022-09-04 13:21:26+00:00,20.48766564,,,,,38.56256036907857,0.0,3758.0,5.691018233333333,-0.056243067129629676,0.005733238239513728
2022-09-04 13:21:28+00:00,21.22777048,,,,,107.07995467406059,0.0,3760.0,5.896602911111111,0.013492217129629669,-0.0013753534280968062
2022-09-04 13:21:30+00:00,20.83578743,,,,,142.99546686908263,0.0,3762.0,5.7877187305555555,0.058896257407407525,-0.006003695964057852
2022-09-04 13:21:32+00:00,21.61791115,,,,,197.72619298794456,0.0,3764.0,6.004975319444444,0.10756649351851862,-0.010964984048778655
2022-09-04 13:21:34+00:00,22.64184329,,,,,238.59666456766297,0.0,3766.0,6.289400913888889,0.1333447370370371,-0.013592735681655156
2022-09-04 13:21:36+00:00,24.06858714,,,,,134.44383739119465,0.0,3768.0,6.68571865,0.006349679861111124,-0.000647266040887984
2022-09-04 13:21:38+00:00,24.14560408,,,,,-121.9891380446208,0.0,3770.0,6.707112244444444,-0.27282187037037037,0.027810588213085664
2022-09-04 13:21:40+00:00,20.38845653,,,,,-307.8819936074079,0.0,3772.0,5.663460147222222,-0.5392640680555555,0.05497085301279872
2022-09-04 13:21:42+00:00,14.5360691,,,,,-267.8839210264511,0.0,3774.0,4.037796972222222,-0.6044682133796294,0.06161755488069617
2022-09-04 13:21:44+00:00,10.38191438,,,,,-140.2425611161765,0.0,3776.0,2.8838651055555555,-0.4453141465277777,0.045393898728621575
2022-09-04 13:21:46+00:00,8.039119412,,,,,-58.38585157281417,0.0,3778.0,2.2330887255555556,-0.2569478130555555,0.026192437620342044
2022-09-04 13:21:48+00:00,7.647835088,,,,,-37.85231891737541,0.0,3780.0,2.1243986355555555,-0.18870239722222215,0.019235718371276467
2022-09-04 13:21:50+00:00,6.170002868,,,,,-31.722735091343537,0.0,3782.0,1.7138896855555554,-0.19113024611111107,0.01948320551591346
2022-09-04 13:21:52+00:00,4.099087364,,,,,-0.0,22.19202125439236,3784.0,1.1386353788888888,-0.18001716918981472,0.018350374025465313
2022-09-04 13:21:54+00:00,3.331040504,,,,,-0.0,11.359085469817147,3786.0,0.9252890288888889,-0.12667080405092582,0.012912416315079084
2022-09-04 13:21:56+00:00,2.710055743,,,,,-0.0,5.029731786281507,3788.0,0.7527932619444444,-0.08540088101851843,0.00870549245856457
2022-09-04 13:21:58+00:00,2.086855754,,,,,-0.0,2.6877714676069386,3790.0,0.5796821538888889,-0.0700672604629629,0.007142432259221497
2022-09-04 13:22:00+00:00,1.653954054,,,,,-0.0,1.2130047760820746,3792.0,0.45943168166666665,-0.055297505949074004,0.0056368507593347605
2022-09-04 13:22:02+00:00,1.360236541,,,,,-0.0,0.05142863642516801,3794.0,0.3778434836111111,-0.03694880543981474,0.0037664429602257635
2022-09-04 13:22:04+00:00,1.047822699,,,,,1.0853515140725003,0.0,3796.0,0.2910618608333333,-0.011434954861111032,0.0011656426973609614
2022-09-04 13:22:06+00:00,1.096798714,,,,,2.347498287892741,0.0,3798.0,0.30466630944444445,0.014574888287037116,-0.0014857174604523053
2022-09-04 13:22:08+00:00,1.423401831,,,,,3.979429107134287,0.0,3800.0,0.3953893975,0.029891162129629698,-0.0030470093913995615
2022-09-04 13:22:10+00:00,1.614292583,,,,,4.5831473781732495,0.0,3802.0,0.44841460638888886,0.03082386326388896,-0.0031420859596217082
2022-09-04 13:22:12+00:00,1.821627034,,,,,5.912653384067794,0.0,3804.0,0.5060075094444444,0.04029708418981489,-0.004107755778778276
2022-09-04 13:22:14+00:00,2.030164404,,,,,7.596897976854175,0.0,3806.0,0.5639345566666667,0.051865174444444516,-0.005286969872012693
2022-09-04 13:22:16+00:00,2.748364047,,,,,16.371794492475445,0.0,3808.0,0.7634344574999999,0.10352573932870378,-0.01055308250037755
2022-09-04 13:22:18+00:00,2.928131106,,,,,32.09491941741556,0.0,3810.0,0.8133697516666666,0.22127952256944453,-0.022556526255804742
2022-09-04 13:22:20+00:00,5.395972271,,,,,83.14560054140574,0.0,3812.0,1.498881186388889,0.3229117556018519,-0.03291659078510213
2022-09-04 13:22:22+00:00,8.941831555,,,,,148.49500730228675,0.0,3814.0,2.483842098611111,0.34327635331018524,-0.034992492692169745
2022-09-04 13:22:24+00:00,10.68445144,,,,,130.7567881418199,0.0,3816.0,2.9679031777777776,0.23504315726851865,-0.023959547122173155
2022-09-04 13:22:26+00:00,12.4691904,,,,,75.77455246577861,0.0,3818.0,3.463664,0.08347366655092607,-0.008509038384396133
2022-09-04 13:22:28+00:00,12.02247782,,,,,10.892360192030663,0.0,3820.0,3.3395771722222225,-0.03668032777777771,0.0037390752067051687
2022-09-04 13:22:30+00:00,11.20986757,,,,,-5.973887111356833,0.0,3822.0,3.113852102777778,-0.07061188148148145,0.007197949182617885
2022-09-04 13:22:32+00:00,10.35918411,,,,,45.66076939438342,0.0,3824.0,2.8775511416666664,0.05159182407407411,-0.005259105410201234
2022-09-04 13:22:34+00:00,11.08205083,,,,,137.08407823851792,0.0,3826.0,3.078347452777778,0.2368120412037038,-0.02413986148865482
2022-09-04 13:22:36+00:00,14.37906136,,,,,244.7575503686961,0.0,3828.0,3.994183711111111,0.33344332685185196,-0.0339901454487107
2022-09-04 13:22:38+00:00,17.4202705,,,,,265.4833301319227,0.0,3830.0,4.838964027777778,0.2764973569444445,-0.028185255549892405
2022-09-04 13:22:40+00:00,18.42571616,,,,,184.09467633298487,0.0,3832.0,5.118254488888889,0.14724370972222225,-0.015009552469135806
2022-09-04 13:22:42+00:00,18.98008185,,,,,148.40186393816415,0.0,3834.0,5.272244958333333,0.09284764745370373,-0.009464591993241971
2022-09-04 13:22:44+00:00,19.18017827,,,,,137.72174792246426,0.0,3836.0,5.327827297222222,0.07662358009259267,-0.0078107624966965
2022-09-04 13:22:46+00:00,20.67682676,,,,,54.503436610338575,0.0,3838.0,5.743562988888889,-0.03968673472222221,0.004045538707667911
2022-09-04 13:22:48+00:00,20.03910991,,,,,-140.84284936031227,0.0,3840.0,5.566419419444444,-0.3022461194444444,0.030810001982104422
2022-09-04 13:22:50+00:00,16.40668327,,,,,-252.73801819779712,0.0,3842.0,4.557412019444444,-0.525440298449074,0.05356170218644995
2022-09-04 13:22:52+00:00,10.3932894,,,,,-178.02807533028204,0.0,3844.0,2.8870248333333333,-0.5506825977777776,0.05613482138407519
2022-09-04 13:22:54+00:00,7.623626377,,,,,-93.88141270355086,0.0,3846.0,2.117673993611111,-0.4029032116666665,0.041070663778457334
2022-09-04 13:22:56+00:00,5.032678579,,,,,-18.03807869071816,0.0,3848.0,1.3979662719444443,-0.14385758953703695,0.01466438221580397
2022-09-04 13:22:58+00:00,4.361875347,,,,,25.84986322360319,0.0,3850.0,1.2116320408333332,0.10103011303240748,-0.010298686343772423
2022-09-04 13:23:00+00:00,7.440392562,,,,,102.5380776877146,0.0,3852.0,2.0667757116666667,0.2805016275694445,-0.028593438080473446
2022-09-04 13:23:02+00:00,9.580413277,,,,,149.64135498708302,0.0,3854.0,2.6612259102777776,0.3181832736342593,-0.03243458446832408
2022-09-04 13:23:04+00:00,11.93181096,,,,,114.01520678646541,0.0,3856.0,3.3143919333333334,0.16747083405092603,-0.01707144077991091
2022-09-04 13:23:06+00:00,13.61597437,,,,,-15.689820588381913,0.0,3858.0,3.7822151027777777,-0.09786979224537025,0.00997653335834559
2022-09-04 13:23:08+00:00,10.6395715,,,,,-91.06392934978783,0.0,3860.0,2.955436527777778,-0.3021702850694444,0.030802271668648764
2022-09-04 13:23:10+00:00,6.644677712,,,,,-41.39181435624556,0.0,3862.0,1.845743808888889,-0.2237182936342592,0.02280512677209574
2022-09-04 13:23:12+00:00,5.849351303,,,,,22.725673927298125,0.0,3864.0,1.6248198063888888,0.05058372430555561,-0.005156342946539817
2022-09-04 13:23:14+00:00,8.741564282,,,,,105.35416575640248,0.0,3866.0,2.428212300555556,0.23649923275462972,-0.02410797479659834
2022-09-04 13:23:16+00:00,10.72790182,,,,,153.22161094361414,0.0,3868.0,2.9799727277777777,0.2830748452546297,-0.028855743654906188
2022-09-04 13:23:18+00:00,11.98289405,,,,,183.07632317097358,0.0,3870.0,3.3285816805555557,0.30212651569444454,-0.030797809958658974
2022-09-04 13:23:20+00:00,14.83685485,,,,,237.2162102523556,0.0,3872.0,4.121348569444445,0.3070217217592593,-0.03129681159625477
2022-09-04 13:23:22+00:00,17.68447673,,,,,219.01446409282175,0.0,3874.0,4.912354647222222,0.20778039861111117,-0.021180468767697365
2022-09-04 13:23:24+00:00,18.28965752,,,,,125.43644064429527,0.0,3876.0,5.080460422222222,0.07419490231481496,-0.0075631908577793025
2022-09-04 13:23:26+00:00,17.5062046,,,,,73.19422572263885,0.0,3878.0,4.862834611111111,0.015446084027777918,-0.0015745243657265971
2022-09-04 13:23:28+00:00,18.22034676,,,,,52.050222153245365,0.0,3880.0,5.061207433333334,-0.019706360416666586,0.002008803304451232
2022-09-04 13:23:30+00:00,18.42105832,,,,,-55.086255835550055,0.0,3882.0,5.116960644444444,-0.17515164768518518,0.017854398336919996
2022-09-04 13:23:32+00:00,16.52348903,,,,,-179.46157023033356,0.0,3884.0,4.589858063888889,-0.39385836548611114,0.040148661109695324
2022-09-04 13:23:34+00:00,11.63651115,,,,,-175.3611690902122,0.0,3886.0,3.2323642083333333,-0.4950139409259258,0.050460136689696816
2022-09-04 13:23:36+00:00,7.990212541,,,,,-99.5834472980392,0.0,3888.0,2.219503483611111,-0.40811271104166663,0.04160170347009853
2022-09-04 13:23:38+00:00,5.569732561,,,,,-33.78745360988672,0.0,3890.0,1.5471479336111111,-0.21694399976851844,0.022114576938686892
2022-09-04 13:23:40+00:00,4.959798502,,,,,4.57443853955404,0.0,3892.0,1.3777218061111112,-0.01774477018518511,0.0018088450749424168
2022-09-04 13:23:42+00:00,5.294944399,,,,,45.501914120059475,0.0,3894.0,1.4708178886111112,0.16248409000000008,-0.016563108053007144
2022-09-04 13:23:44+00:00,7.498426631,,,,,98.98468747433942,0.0,3896.0,2.082896286388889,0.2666877837731482,-0.02718529905944426
2022-09-04 13:23:46+00:00,10.05041712,,,,,127.9321451991876,0.0,3898.0,2.7917825333333335,0.24864617731481486,-0.025346195444935254
2022-09-04 13:23:48+00:00,11.72523804,,,,,92.32239645366025,0.0,3900.0,3.2570105666666667,0.12859861479166668,-0.013108931171423718
2022-09-04 13:23:50+00:00,11.80964785,,,,,25.045635604003408,0.0,3902.0,3.280457736111111,-0.007271218518518492,0.0007412047419488779
2022-09-04 13:23:52+00:00,11.29465606,,,,,-21.093740935010807,0.0,3904.0,3.1374044611111107,-0.10973385608796286,0.011185918051780108
2022-09-04 13:23:54+00:00,10.16688246,,,,,-22.65064720692435,0.0,3906.0,2.8241340166666666,-0.11647165300925914,0.011872747503492266
2022-09-04 13:23:56+00:00,8.627500847,,,,,12.19932230397255,0.0,3908.0,2.3965280130555557,-0.01386644599537031,0.0014135011208328552
2022-09-04 13:23:58+00:00,9.445227653,,,,,90.8722396822302,0.0,3910.0,2.6236743480555553,0.1772336572453704,-0.01806663172735682
2022-09-04 13:24:00+00:00,11.4172804,,,,,194.34742109047562,0.0,3912.0,3.1714667777777774,0.345270475,-0.03519576707441387
2022-09-04 13:24:02+00:00,15.0335969,,,,,272.2018426714913,0.0,3914.0,4.175999138888889,0.3560188112731482,-0.036291418070657305
2022-09-04 13:24:04+00:00,17.95481612,,,,,247.86653997801992,0.0,3916.0,4.987448922222222,0.23976131087962968,-0.02444050059935063
2022-09-04 13:24:06+00:00,18.28770458,,,,,133.0183211573653,0.0,3918.0,5.079917938888888,0.08399243263888893,-0.008561919738928536
2022-09-04 13:24:08+00:00,18.52086135,,,,,57.496537608015956,0.0,3920.0,5.144683708333333,-0.015577145601851713,0.0015878843630837626
2022-09-04 13:24:10+00:00,18.09602476,,,,,34.678206825980055,0.0,3922.0,5.026673544444444,-0.041166442129629464,0.00419637534450861
2022-09-04 13:24:12+00:00,17.47356325,,,,,41.43833008321929,0.0,3924.0,4.853767569444445,-0.027017073148148052,0.0027540339600558663
2022-09-04 13:24:14+00:00,17.55661238,,,,,87.94160627709026,0.0,3926.0,4.876836772222222,0.03468306435185187,-0.003535480565938009
2022-09-04 13:24:16+00:00,17.89313617,,,,,132.67007878376424,0.0,3928.0,4.970315602777777,0.0895213599537037,-0.009125520892324535
2022-09-04 13:24:18+00:00,19.17476022,,,,,179.3127716492004,0.0,3930.0,5.326322283333333,0.1278142486111112,-0.013028975393589317
2022-09-04 13:24:20+00:00,19.72273816,,,,,207.51859800730452,0.0,3932.0,5.478538377777777,0.1520938178240742,-0.01550395696473743
2022-09-04 13:24:22+00:00,21.24858593,,,,,221.49756999468846,0.0,3934.0,5.9023849805555555,0.14012252800925937,-0.014283641998905134
2022-09-04 13:24:24+00:00,22.38976339,,,,,202.7824673184194,0.0,3936.0,6.219378719444444,0.10020425810185192,-0.010214501335560847
2022-09-04 13:24:26+00:00,22.5610282,,,,,113.92019722424575,0.0,3938.0,6.2669522777777775,0.0045821606481482036,-0.0004670907898214275
2022-09-04 13:24:28+00:00,22.73911984,,,,,31.30232495571903,0.0,3940.0,6.316422177777778,-0.08321111458333326,0.008482274677200127
2022-09-04 13:24:30+00:00,21.09717882,,,,,-5.766199891500373,0.0,3942.0,5.86032745,-0.11246672499999992,0.011464497961264008
2022-09-04 13:24:32+00:00,20.25889262,,,,,28.548533553591604,0.0,3944.0,5.627470172222222,-0.06594798587962954,0.006722526593234407
2022-09-04 13:24:34+00:00,20.1826929,,,,,99.98384189567909,0.0,3946.0,5.606303583333333,0.01805595810185201,-0.0018405665751123352
2022-09-04 13:24:36+00:00,20.80465277,,,,,152.80262852919728,0.0,3948.0,5.779070213888889,0.07044652245370386,-0.007181093012609976
2022-09-04 13:24:38+00:00,21.33143606,,,,,158.12882829542926,0.0,3950.0,5.925398905555556,0.06862298912037046,-0.006995207861403716
2022-09-04 13:24:40+00:00,22.15343923,,,,,116.55443179562941,0.0,3952.0,6.1537331194444445,0.012392090046296303,-0.001263209994525617
2022-09-04 13:24:42+00:00,21.79841957,,,,,86.49456396823895,0.0,3954.0,6.055116547222222,-0.01566943912037037,0.0015972924689470305
2022-09-04 13:24:44+00:00,20.87300755,,,,,84.17248247922925,0.0,3956.0,5.798057652777778,-0.008037767824074024,0.0008193443245743143
2022-09-04 13:24:46+00:00,21.93494797,,,,,65.17214942871644,0.0,3958.0,6.093041102777778,-0.04008054120370367,0.004085682079888243
2022-09-04 13:24:48+00:00,21.66967926,,,,,-19.566492621584533,0.0,3960.0,6.01935535,-0.13457014143518511,0.013717649483708981
2022-09-04 13:24:50+00:00,19.27026848,,,,,-60.43796765048567,0.0,3962.0,5.352852355555555,-0.18434778611111105,0.018791823252916517
2022-09-04 13:24:52+00:00,17.72425693,,,,,-7.43491516060777,0.0,3964.0,4.923404702777778,-0.09646569884259255,0.009833404571110352
2022-09-04 13:24:54+00:00,17.91654594,,,,,53.36761573856606,0.0,3966.0,4.976818316666666,-0.015134275462962865,0.0015427395986710361
2022-09-04 13:24:56+00:00,18.85608361,,,,,-4.352154244715548,0.0,3968.0,5.237801002777777,-0.09738099282407393,0.009926706709895405
2022-09-04 13:24:58+00:00,17.4846411,,,,,-136.1519697955506,0.0,3970.0,4.8568447500000005,-0.30948719259259244,0.03154813380148751
2022-09-04 13:25:00+00:00,13.94930288,,,,,-200.09640116579294,0.0,3972.0,3.874806355555555,-0.48306507284722217,0.04924210732387586
2022-09-04 13:25:02+00:00,9.45347995,,,,,-143.27716067536522,0.0,3974.0,2.6259666527777776,-0.4903979638194444,0.04998959875835315
2022-09-04 13:25:04+00:00,6.018833613,,,,,-68.59858357079641,0.0,3976.0,1.6718982258333333,-0.3728343727546295,0.03800554258456977
2022-09-04 13:25:06+00:00,4.22991833,,,,,-0.0,31.686255672655452,3978.0,1.174977313888889,-0.2345677588888888,0.02391108653301619
2022-09-04 13:25:08+00:00,3.066419597,,,,,-0.0,12.43595742507919,3980.0,0.8517832213888888,-0.14330825002314806,0.014608384304092564
2022-09-04 13:25:10+00:00,2.272566782,,,,,-0.0,4.817927694171247,3982.0,0.6312685505555556,-0.09197798527777772,0.00937594141465624
2022-09-04 13:25:12+00:00,1.78526876,,,,,-0.0,1.4548401879514088,3984.0,0.4959079888888889,-0.05750162009259252,0.0058615311001623364
2022-09-04 13:25:14+00:00,1.537620203,,,,,-0.0,0.22260101937910592,3986.0,0.42711672305555554,-0.039828751319444376,0.004060015425019814
2022-09-04 13:25:16+00:00,1.317296188,,,,,0.13716740691488657,0.0,3988.0,0.36591560777777776,-0.033487490208333255,0.0034136075645599647
2022-09-04 13:25:18+00:00,1.019937297,,,,,0.25988091780126277,0.0,3990.0,0.2833159158333333,-0.029829592731481405,0.003040733204024608
2022-09-04 13:25:20+00:00,0.856292089,,,,,0.4472607102300721,0.0,3992.0,0.2378589136111111,-0.02347831835648141,0.002393304623494537
2022-09-04 13:25:22+00:00,0.709985896,,,,,0.5787465434473037,0.0,3994.0,0.19721830444444444,-0.01654274488425919,0.0016863144632272363
2022-09-04 13:25:24+00:00,0.612984236,,,,,0.6203128400403352,0.0,3996.0,0.17027339888888887,-0.01188549097222215,0.0012115689064446636
2022-09-04 13:25:26+00:00,0.548598571,,,,,0.7290703441616173,0.0,3998.0,0.15238849194444443,-0.004403941527777702,0.00044892370313738046
2022-09-04 13:25:28+00:00,0.504226204,,,,,1.111259575565515,0.0,4000.0,0.14006283444444442,0.016219633657407487,-0.001653377538981395
2022-09-04 13:25:30+00:00,0.628493654,,,,,2.744997927525023,0.0,4002.0,0.17458157055555557,0.06718230416666673,-0.0068483490485898805
2022-09-04 13:25:32+00:00,1.233777327,,,,,9.45040411875511,0.0,4004.0,0.3427159241666667,0.14458297844907414,-0.014738326039660972
2022-09-04 13:25:34+00:00,2.721322988,,,,,35.23875261997183,0.0,4006.0,0.7559230522222221,0.26831031814814815,-0.027350695020198587
2022-09-04 13:25:36+00:00,4.657381539,,,,,96.63924991256809,0.0,4008.0,1.2937170941666667,0.4499105423842593,-0.045862440610016236
2022-09-04 13:25:38+00:00,8.795895186,,,,,240.84840236653764,0.0,4010.0,2.443304218333333,0.5975780153472223,-0.06091519014752521
2022-09-04 13:25:40+00:00,14.59534056,,,,,441.7632107171865,0.0,4012.0,4.054261266666667,0.6445888200231483,-0.0657073211032771
2022-09-04 13:25:42+00:00,18.59873423,,,,,514.4233816456517,0.0,4014.0,5.166315063888889,0.562572202638889,-0.057346809647185415
2022-09-04 13:25:44+00:00,22.70077952,,,,,490.24185443607195,0.0,4016.0,6.305772088888889,0.39349696157407416,-0.040111820751689516
2022-09-04 13:25:46+00:00,24.99357538,,,,,357.60832201057036,0.0,4018.0,6.942659827777778,0.20485586898148153,-0.020882351578132674
2022-09-04 13:25:48+00:00,25.19956815,,,,,196.59396288754118,0.0,4020.0,6.999880041666667,0.04993918333333336,-0.0050906405028882116
2022-09-04 13:25:50+00:00,24.94971914,,,,,119.7211866953148,0.0,4022.0,6.930477538888889,-0.0188840194444444,0.0019249764979046278
2022-09-04 13:25:52+00:00,24.90200848,,,,,102.56375105196815,0.0,4024.0,6.917224577777778,-0.034534803935185154,0.003520367373617243
2022-09-04 13:25:54+00:00,24.47534541,,,,,90.64760031597152,0.0,4026.0,6.798707058333333,-0.041056696296296304,0.004185188205534791
2022-09-04 13:25:56+00:00,24.18203835,,,,,78.83151012130152,0.0,4028.0,6.717232875,-0.04930468958333334,0.005025962240910635
2022-09-04 13:25:58+00:00,23.89603999,,,,,54.851629881940184,0.0,4030.0,6.63778888611111,-0.06990486226851848,0.007125877907086491
2022-09-04 13:26:00+00:00,23.35135131,,,,,-9.278717790624018,0.0,4032.0,6.4864864749999995,-0.13157233402777768,0.013412062592026267
2022-09-04 13:26:02+00:00,22.2861424,,,,,-73.64459733880538,0.0,4034.0,6.190595111111111,-0.20862482152777764,0.02126654653698039
2022-09-04 13:26:04+00:00,20.10801111,,,,,-86.50133229488974,0.0,4036.0,5.585558641666666,-0.22335574027777763,0.022768169243402407
2022-09-04 13:26:06+00:00,18.1267879,,,,,-17.792625916935123,0.0,4038.0,5.035218861111111,-0.11504945486111096,0.01172777317646391
2022-09-04 13:26:08+00:00,17.86173783,,,,,99.4281676335163,0.0,4040.0,4.961593841666667,0.04614859097222235,-0.004704239650583318
2022-09-04 13:26:10+00:00,19.56227923,,,,,182.13047209447612,0.0,4042.0,5.433966452777778,0.12452133495370384,-0.012693306315362266
2022-09-04 13:26:12+00:00,20.66613891,,,,,158.30309738086805,0.0,4044.0,5.740594141666667,0.0787666319444446,-0.008029218342960713
2022-09-04 13:26:14+00:00,20.70170849,,,,,96.28151212708721,0.0,4046.0,5.750474580555556,0.007633091666666776,-0.0007780929323819343
2022-09-04 13:26:16+00:00,20.12502707,,,,,40.87960168299901,0.0,4048.0,5.590285297222223,-0.050452971759259224,0.00514301445048514
2022-09-04 13:26:18+00:00,20.43314063,,,,,38.08858742210597,0.0,4050.0,5.675872397222222,-0.05632619907407407,0.005741712443840374
2022-09-04 13:26:20+00:00,18.75513839,,,,,58.79943061029067,0.0,4052.0,5.209760663888889,-0.016204707638888777,0.0016518560284290293
2022-09-04 13:26:22+00:00,19.63830537,,,,,67.61697508762181,0.0,4054.0,5.455084825,-0.014191544212962906,0.0014466405925548324
2022-09-04 13:26:24+00:00,20.21981896,,,,,-16.222816516660465,0.0,4056.0,5.6166163777777784,-0.12224917106481481,0.0124616892013063
2022-09-04 13:26:26+00:00,18.35538535,,,,,-159.45308044493092,0.0,4058.0,5.098718152777777,-0.34049723495370365,0.03470919826235511
2022-09-04 13:26:28+00:00,14.75689422,,,,,-204.65267100620295,0.0,4060.0,4.0991372833333335,-0.4727956919444443,0.04819527950504019
2022-09-04 13:26:30+00:00,10.39174956,,,,,-141.61104275429062,0.0,4062.0,2.8865971,-0.4488047844907406,0.04574972318967794
2022-09-04 13:26:32+00:00,7.758680858,,,,,-79.61254799575222,0.0,4064.0,2.155189127222222,-0.3434880522453703,0.035014072604013284
2022-09-04 13:26:34+00:00,5.965232022,,,,,-39.32189218697681,0.0,4066.0,1.6570088950000001,-0.23293936386574066,0.023745093156548484
2022-09-04 13:26:36+00:00,4.344727901,,,,,-0.0,17.45498406479544,4068.0,1.2068688613888887,-0.14377810668981475,0.014656279988768067
2022-09-04 13:26:38+00:00,3.742721998,,,,,-0.0,4.5133311592590735,4070.0,1.0396449994444443,-0.06941189726851844,0.0070756266328764975
2022-09-04 13:26:40+00:00,3.769976673,,,,,-0.0,1.2062972067746518,4072.0,1.0472157425,-0.04624855349537027,0.004714429510231424
2022-09-04 13:26:42+00:00,3.541389288,,,,,-0.0,1.0095021402832596,4074.0,0.9837192466666667,-0.04507587562499991,0.004594890481651366
2022-09-04 13:26:44+00:00,2.5481231,,,,,2.6742456109897157,0.0,4076.0,0.7078119722222223,-0.011947052361111024,0.001217844277381348
2022-09-04 13:26:46+00:00,3.017297744,,,,,9.07157486876221,0.0,4078.0,0.8381382622222222,0.03376374131944452,-0.0034417677185978103
2022-09-04 13:26:48+00:00,3.777955555,,,,,14.380168999616581,0.0,4080.0,1.0494320986111112,0.05181077347222229,-0.005281424411031834
2022-09-04 13:26:50+00:00,3.770150458,,,,,12.0198222973394,0.0,4082.0,1.047264016111111,0.03725327784722229,-0.0037974799028768894
2022-09-04 13:26:52+00:00,4.0334958,,,,,12.156536969971361,0.0,4084.0,1.1204155,0.03282925493055563,-0.0033465091672329893
2022-09-04 13:26:54+00:00,4.371099102,,,,,16.039722911746207,0.0,4086.0,1.214194195,0.047838663981481545,-0.004876520283535325
2022-09-04 13:26:56+00:00,4.595230724,,,,,25.452210270002592,0.0,4088.0,1.276452978888889,0.09157622173611117,-0.009334986925189722
2022-09-04 13:26:58+00:00,5.275045818,,,,,44.152341494080446,0.0,4090.0,1.4652905049999998,0.1572519262500001,-0.016029758027522944
2022-09-04 13:27:00+00:00,7.085641863,,,,,75.56740699987559,0.0,4092.0,1.9682338508333332,0.2078647526620371,-0.021189067549647004
2022-09-04 13:27:02+00:00,8.673971177,,,,,102.41112014028866,0.0,4094.0,2.4094364380555557,0.23089929511574084,-0.02353713507805717
2022-09-04 13:27:04+00:00,10.17606268,,,,,129.02937286154327,0.0,4096.0,2.8266840777777777,0.24709039444444447,-0.025187603918903616
2022-09-04 13:27:06+00:00,12.15947455,,,,,165.4783274087432,0.0,4098.0,3.3776318194444443,0.26213622437500006,-0.026721327663098884
2022-09-04 13:27:08+00:00,14.27444353,,,,,197.92071753570642,0.0,4100.0,3.9651232027777774,0.2595303972222223,-0.026455697983916646
2022-09-04 13:27:10+00:00,15.89987522,,,,,217.0882465090657,0.0,4102.0,4.416632005555556,0.24695040162037044,-0.02517333349850871
2022-09-04 13:27:12+00:00,17.64737517,,,,,275.65066500547334,0.0,4104.0,4.902048658333333,0.28422010023148153,-0.028972487281496588
2022-09-04 13:27:14+00:00,19.45480026,,,,,354.193564184681,0.0,4106.0,5.404111183333333,0.3347846125,-0.034126871814475025
2022-09-04 13:27:16+00:00,22.99782682,,,,,369.16477706694184,0.0,4108.0,6.388285227777778,0.26076863750000007,-0.026581920234454645
2022-09-04 13:27:18+00:00,25.01211883,,,,,237.08595901965413,0.0,4110.0,6.947810786111111,0.09091972523148151,-0.009268065772831957
2022-09-04 13:27:20+00:00,23.35526174,,,,,66.25013045950065,0.0,4112.0,6.487572705555555,-0.053200027083333344,0.00542304047740401
2022-09-04 13:27:22+00:00,23.02509747,,,,,32.30512669829131,0.0,4114.0,6.395860408333332,-0.08461201087962955,0.008625077561634002
2022-09-04 13:27:24+00:00,22.68660701,,,,,49.01216488912024,0.0,4116.0,6.301835280555555,-0.06437259745370356,0.006561936539623197
2022-09-04 13:27:26+00:00,22.02553469,,,,,46.44780133957833,0.0,4118.0,6.1182040805555555,-0.061016342129629475,0.006219810614641129
2022-09-04 13:27:28+00:00,21.57392831,,,,,59.29862596624936,0.0,4120.0,5.9927578638888885,-0.04289467638888881,0.004372546013138513
2022-09-04 13:27:30+00:00,21.50187019,,,,,61.21248014983926,0.0,4122.0,5.9727417194444445,-0.04010015972222214,0.004087681928870758
2022-09-04 13:27:32+00:00,21.35722149,,,,,62.67474026039408,0.0,4124.0,5.932561525,-0.0370736097222221,0.003779165109298889
2022-09-04 13:27:34+00:00,20.50991461,,,,,39.44426333665777,0.0,4126.0,5.697198502777778,-0.05541928472222213,0.005649264497678096
2022-09-04 13:27:36+00:00,20.96430395,,,,,17.213834502602054,0.0,4128.0,5.823417763888889,-0.08430311064814806,0.008593589260769426
2022-09-04 13:27:38+00:00,19.50067463,,,,,-1.1791540380391832,0.0,4130.0,5.416854063888889,-0.09624976736111113,0.009811393207044966
2022-09-04 13:27:40+00:00,18.72456709,,,,,17.106537824249617,0.0,4132.0,5.201268636111111,-0.06837463425925927,0.0069698913618001295
2022-09-04 13:27:42+00:00,18.59166152,,,,,47.29917092209553,0.0,4134.0,5.164350422222221,-0.029186581944444418,0.002975186742552948
2022-09-04 13:27:44+00:00,18.91953286,,,,,27.052620419531284,0.0,4136.0,5.255425794444444,-0.05734414999999989,0.0058454791029561555
2022-09-04 13:27:46+00:00,18.04484852,,,,,-4.4342093141464805,0.0,4138.0,5.012457922222222,-0.09318498703703693,0.00949897931060519
2022-09-04 13:27:48+00:00,16.79411281,,,,,0.21064625189627875,0.0,4140.0,4.665031336111111,-0.07900112708333329,0.008053122026843352
2022-09-04 13:27:50+00:00,16.69149013,,,,,44.21042666660351,0.0,4142.0,4.63652503611111,-0.01635262407407397,0.00166693415637859
2022-09-04 13:27:52+00:00,16.86004256,,,,,85.52659622405119,0.0,4144.0,4.683345155555555,0.039892308564814925,-0.004066494247177872
2022-09-04 13:27:54+00:00,17.27248541,,,,,113.75281481077675,0.0,4146.0,4.797912613888889,0.07336766597222229,-0.0074788650328463085
2022-09-04 13:27:56+00:00,17.93646526,,,,,168.40521408243205,0.0,4148.0,4.982351461111111,0.13580542754629632,-0.013843570595952733
2022-09-04 13:27:58+00:00,18.7845506,,,,,242.44420861603615,0.0,4150.0,5.2179307222222215,0.21387574930555556,-0.02180180930739608
2022-09-04 13:28:00+00:00,21.21477184,,,,,291.84461378522093,0.0,4152.0,5.892992177777778,0.21887187523148155,-0.0223110983926077
2022-09-04 13:28:02+00:00,23.2336112,,,,,200.78238624018493,0.0,4154.0,6.453780888888888,0.08446980162037043,-0.008610581204930726
2022-09-04 13:28:04+00:00,22.94266967,,,,,-7.069569365205465,0.0,4156.0,6.372963797222222,-0.1260507664351851,0.012849211665156481
2022-09-04 13:28:06+00:00,20.7057482,,,,,-112.28936871141848,0.0,4158.0,5.751596722222222,-0.2597477696759258,0.02647785623607806
2022-09-04 13:28:08+00:00,18.29724173,,,,,-122.56717621598584,0.0,4160.0,5.082567147222222,-0.2823255124999999,0.028779359072375114
2022-09-04 13:28:10+00:00,16.65793549,,,,,-116.772127728275,0.0,4162.0,4.627204302777778,-0.2825193620370369,0.028799119473704067
2022-09-04 13:28:12+00:00,14.79402024,,,,,-139.23044665729748,0.0,4164.0,4.109450066666667,-0.3433069067129629,0.03499560720825309
2022-09-04 13:28:14+00:00,12.00413325,,,,,-147.2120946651513,0.0,4166.0,3.3344814583333333,-0.414715725787037,0.042274793658209686
2022-09-04 13:28:16+00:00,8.1201856,,,,,-99.83852789270824,0.0,4168.0,2.255607111111111,-0.40354713824074073,0.04113630359232831
2022-09-04 13:28:18+00:00,5.416050776,,,,,-49.437890520711015,0.0,4170.0,1.5044585488888886,-0.30575258631944435,0.031167439991788413
2022-09-04 13:28:20+00:00,3.948866342,,,,,-0.0,23.179071329653826,4172.0,1.0969073172222221,-0.19176674800925916,0.01954808848208554
2022-09-04 13:28:22+00:00,2.966940779,,,,,-0.0,9.765127289910106,4174.0,0.824150216388889,-0.12320678976851841,0.012559305786801062
2022-09-04 13:28:24+00:00,2.284972083,,,,,-0.0,4.392801187837852,4176.0,0.6347144674999999,-0.08681416835648141,0.008849558446124506
2022-09-04 13:28:26+00:00,1.757411717,,,,,-0.0,0.7635013429238546,4178.0,0.4881699213888889,-0.0475250291203703,0.004844549349680968
2022-09-04 13:28:28+00:00,1.408023331,,,,,2.827716805168589,0.0,4180.0,0.39111759194444445,0.011343207060185259,-0.0011562902202023708
2022-09-04 13:28:30+00:00,1.790808273,,,,,8.49973047734325,0.0,4182.0,0.4974467425,0.0756715546296297,-0.007713716068259908
2022-09-04 13:28:32+00:00,2.741602072,,,,,21.787914839495983,0.0,4184.0,0.7615561311111111,0.15042838442129636,-0.015334188014403298
2022-09-04 13:28:34+00:00,3.692844136,,,,,41.56590774092718,0.0,4186.0,1.0257900377777778,0.22744553108796303,-0.023185069427926912
2022-09-04 13:28:36+00:00,6.004493675,,,,,76.60978781443656,0.0,4188.0,1.6679149097222221,0.2593931127314815,-0.026441703642352855
2022-09-04 13:28:38+00:00,8.353563613,,,,,103.07887048803599,0.0,4190.0,2.3204343369444445,0.2442976618981482,-0.02490292170215578
2022-09-04 13:28:40+00:00,9.286665065,,,,,110.64009347117043,0.0,4192.0,2.579629184722222,0.23172208384259266,-0.023621007527277537
2022-09-04 13:28:42+00:00,10.96433174,,,,,148.62060259497994,0.0,4194.0,3.0456477055555555,0.26513629564814817,-0.027027145326008986
2022-09-04 13:28:44+00:00,13.40411957,,,,,210.78981746835876,0.0,4196.0,3.723366547222222,0.3070931667824074,-0.031304094473232146
2022-09-04 13:28:46+00:00,15.68999708,,,,,222.61837069415628,0.0,4198.0,4.358332522222222,0.2605847335648148,-0.026563173655944426
2022-09-04 13:28:48+00:00,17.82742453,,,,,177.19382648931327,0.0,4200.0,4.952062369444444,0.14937826712962973,-0.0152271424189225
2022-09-04 13:28:50+00:00,17.79828727,,,,,90.59334770153782,0.0,4202.0,4.943968686111111,0.03526951203703721,-0.003595261165854965
2022-09-04 13:28:52+00:00,17.74897052,,,,,9.563410668800648,0.0,4204.0,4.930269588888889,-0.07170189305555537,0.007309061473553044
2022-09-04 13:28:54+00:00,17.29209401,,,,,-57.97053723504587,0.0,4206.0,4.803359447222222,-0.17944736574074063,0.01829229008570241
2022-09-04 13:28:56+00:00,15.23609601,,,,,-97.43756604443278,0.0,4208.0,4.232248891666667,-0.257619586574074,0.02626091606259674
2022-09-04 13:28:58+00:00,12.55903558,,,,,-66.61056722968365,0.0,4210.0,3.488620994444444,-0.2143612583333333,0.021851300543662924
2022-09-04 13:29:00+00:00,11.35286281,,,,,4.277590986411578,0.0,4212.0,3.1535730027777777,-0.04672954722222215,0.0047634604711745306
2022-09-04 13:29:02+00:00,11.91492085,,,,,76.77884235036208,0.0,4214.0,3.309700236111111,0.09421152777777786,-0.009603621587948813
2022-09-04 13:29:04+00:00,13.8614943,,,,,66.40475997097468,0.0,4216.0,3.8504150833333335,0.04749225208333341,-0.004841208163438675
2022-09-04 13:29:06+00:00,14.12034209,,,,,-45.29356999829873,0.0,4218.0,3.922317247222222,-0.15982619363425918,0.016292170604919387
2022-09-04 13:29:08+00:00,11.19910686,,,,,-111.2659552687299,0.0,4220.0,3.110863016666667,-0.3440971826388888,0.035076165406614554
2022-09-04 13:29:10+00:00,7.672816725,,,,,-86.89076770888003,0.0,4222.0,2.1313379791666667,-0.37421840689814806,0.03814662659512212
2022-09-04 13:29:12+00:00,5.444021375,,,,,-45.67842288219085,0.0,4224.0,1.5122281597222222,-0.28434599462962956,0.028985320553479056
2022-09-04 13:29:14+00:00,3.709192397,,,,,-0.0,20.30866596026666,4226.0,1.0303312213888889,-0.1811520842592592,0.018466063634990742
2022-09-04 13:29:16+00:00,2.87898422,,,,,-0.0,7.885030895102787,4228.0,0.7997178388888888,-0.10866212189814807,0.011076668898893789
2022-09-04 13:29:18+00:00,2.41208384,,,,,-0.0,2.6150787225308796,4230.0,0.670023288888889,-0.06495784414351845,0.006621594713916253
2022-09-04 13:29:20+00:00,2.046926266,,,,,-0.0,1.0826244508803102,4232.0,0.5685906294444444,-0.05016841689814808,0.0051140078387510775
2022-09-04 13:29:22+00:00,1.735071484,,,,,0.04396739969005489,0.0,4234.0,0.4819643011111111,-0.0355412504166666,0.0036229613064899693
2022-09-04 13:29:24+00:00,1.388720966,,,,,1.042764747079438,0.0,4236.0,0.38575582388888885,-0.01827752245370363,0.001863152135953479
2022-09-04 13:29:26+00:00,1.534907122,,,,,1.7330933201437235,0.0,4238.0,0.4263630894444444,-0.009430966944444369,0.000961362583531536
2022-09-04 13:29:28+00:00,1.457501658,,,,,1.3407254580348227,0.0,4240.0,0.40486157166666664,-0.014325599166666586,0.0014603057254502126
2022-09-04 13:29:30+00:00,1.25887302,,,,,1.6299114186334347,0.0,4242.0,0.34968695,-0.005409096828703626,0.0005513860171971076
2022-09-04 13:29:32+00:00,1.045889184,,,,,5.779647467177922,0.0,4244.0,0.2905247733333333,0.09437217254629637,-0.009619997201457326
2022-09-04 13:29:34+00:00,1.712846613,,,,,24.022898696985106,0.0,4246.0,0.4757907258333333,0.29435658474537046,-0.030005768067825733
2022-09-04 13:29:36+00:00,5.080405919,,,,,109.2506330540966,0.0,4248.0,1.411223866388889,0.467054898587963,-0.04761008140550081
2022-09-04 13:29:38+00:00,9.940560746,,,,,236.65475164289384,0.0,4250.0,2.761266873888889,0.5100224948611111,-0.05199006063823762
2022-09-04 13:29:40+00:00,12.99494667,,,,,281.0120240496867,0.0,4252.0,3.609707408333333,0.44776500173611117,-0.045643731063823766
2022-09-04 13:29:42+00:00,15.83127764,,,,,275.0699599906162,0.0,4254.0,4.397577122222222,0.3349824313425927,-0.03414703683410731
2022-09-04 13:29:44+00:00,18.5331371,,,,,224.30427425430054,0.0,4256.0,5.148093638888889,0.19638885578703721,-0.020019251354438043
2022-09-04 13:29:46+00:00,18.87361135,,,,,144.69877067069896,0.0,4258.0,5.242669819444445,0.08988706296296305,-0.009162799486540574
2022-09-04 13:29:48+00:00,18.43661153,,,,,95.17100659622734,0.0,4260.0,5.1212809805555555,0.03339006643518524,-0.0034036764969607785
2022-09-04 13:29:50+00:00,19.81092433,,,,,41.871327976923645,0.0,4262.0,5.503034536111111,-0.04657429444444435,0.004747634499943359
2022-09-04 13:29:52+00:00,19.03827499,,,,,-37.254701771701654,0.0,4264.0,5.288409719444445,-0.14866042175925917,0.015153967559557509
2022-09-04 13:29:54+00:00,16.25993837,,,,,-20.584938277543777,0.0,4266.0,4.516649547222222,-0.1133945351851852,0.011559075961792578
2022-09-04 13:29:56+00:00,15.56546727,,,,,127.83910108041346,0.0,4268.0,4.323740908333333,0.12038084768518509,-0.012271238296145268
2022-09-04 13:29:58+00:00,18.38508813,,,,,332.9458501943553,0.0,4270.0,5.106968924999999,0.33877353726851855,-0.0345334900375656
2022-09-04 13:30:00+00:00,22.11357785,,,,,430.33219924970825,0.0,4272.0,6.142660513888888,0.3472416733796298,-0.03539670472779101
2022-09-04 13:30:02+00:00,24.3468446,,,,,306.3998638933264,0.0,4274.0,6.763012388888889,0.1691860527777779,-0.017246284686827512
2022-09-04 13:30:04+00:00,24.60455109,,,,,83.29529627018466,0.0,4276.0,6.834597525,-0.04953707615740736,0.005049650984445194
2022-09-04 13:30:06+00:00,23.20295237,,,,,-63.39614664824748,0.0,4278.0,6.445264547222221,-0.19842790810185185,0.020227105820780005
2022-09-04 13:30:08+00:00,21.11746839,,,,,-109.0908513181098,0.0,4280.0,5.865963441666667,-0.25492908287037025,0.02598665472684712
2022-09-04 13:30:10+00:00,19.26184167,,,,,-100.1965293714983,0.0,4282.0,5.350511575,-0.2443843185185183,0.024911755200664455
2022-09-04 13:30:12+00:00,17.53272541,,,,,-53.33004157267121,0.0,4284.0,4.870201502777778,-0.1717053293981481,0.017503091681768407
2022-09-04 13:30:14+00:00,16.23029279,,,,,39.02562848841682,0.0,4286.0,4.508414663888889,-0.019758119675925927,0.00201407947766829
2022-09-04 13:30:16+00:00,16.73134704,,,,,150.18042953263267,0.0,4288.0,4.647596399999999,0.13253578634259258,-0.013510273837165401
2022-09-04 13:30:18+00:00,19.20966927,,,,,221.18176305902128,0.0,4290.0,5.3360192416666665,0.1785653567129631,-0.01820238090855893
2022-09-04 13:30:20+00:00,20.2788949,,,,,176.9601912485526,0.0,4292.0,5.633026361111111,0.10634497592592614,-0.010840466455242215
2022-09-04 13:30:22+00:00,20.39676834,,,,,100.74586503047924,0.0,4294.0,5.665768983333334,0.016367475925926023,-0.0016684481066183508
2022-09-04 13:30:24+00:00,20.13835093,,,,,76.36531350460031,0.0,4296.0,5.593986369444445,-0.009046221064814786,0.0009221428200626693
2022-09-04 13:30:26+00:00,20.0572882,,,,,73.43693952616354,0.0,4298.0,5.571468944444444,-0.01162141620370368,0.0011846499697965014
2022-09-04 13:30:28+00:00,20.22757829,,,,,51.92628426200145,0.0,4300.0,5.6187717472222225,-0.038467131712962864,0.003921216280628223
2022-09-04 13:30:30+00:00,19.8054958,,,,,-2.216177292128507,0.0,4302.0,5.501526611111111,-0.09959908171296283,0.010152811591535457
2022-09-04 13:30:32+00:00,18.72836324,,,,,-47.39923865731397,0.0,4304.0,5.202323122222222,-0.16354967592592584,0.016671730471552074
2022-09-04 13:30:34+00:00,17.25382292,,,,,-64.11509800505819,0.0,4306.0,4.792728588888889,-0.189819268287037,0.01934956863272548
2022-09-04 13:30:36+00:00,15.71390517,,,,,-52.626641886134706,0.0,4308.0,4.364973658333334,-0.17129220833333333,0.017460979442745498
2022-09-04 13:30:38+00:00,14.61976148,,,,,-29.172161709604715,0.0,4310.0,4.061044855555555,-0.12677964236111108,0.01292351094404802
2022-09-04 13:30:40+00:00,13.96260128,,,,,-8.29832519136895,0.0,4312.0,3.8785003555555555,-0.08311609259259252,0.008472588439611878
2022-09-04 13:30:42+00:00,13.52824626,,,,,4.893663691658747,0.0,4314.0,3.757846183333333,-0.05545589837962953,0.005652996776720646
2022-09-04 13:30:44+00:00,13.21480519,,,,,12.48867241498255,0.0,4316.0,3.6707792194444444,-0.040414364120370284,0.004119710919507674
2022-09-04 13:30:46+00:00,12.97186276,,,,,16.555842789594244,0.0,4318.0,3.603295211111111,-0.03162521249999991,0.003223772935779807
2022-09-04 13:30:48+00:00,12.77308425,,,,,18.863763259288717,0.0,4320.0,3.5480789583333334,-0.026108028240740655,0.002661368831879781
2022-09-04 13:30:50+00:00,12.60375802,,,,,20.22946879409182,0.0,4322.0,3.5010438944444444,-0.02242260532407399,0.0022856886161135566
2022-09-04 13:30:52+00:00,12.45504311,,,,,21.051004091073406,0.0,4324.0,3.459734197222222,-0.019840362962962915,0.0020224630951032533
2022-09-04 13:30:54+00:00,12.32124735,,,,,21.534900503826645,0.0,4326.0,3.4225687083333334,-0.0179697379629629,0.0018317775701287358
2022-09-04 13:30:56+00:00,12.19849124,,,,,21.79628228083487,0.0,4328.0,3.3884697888888886,-0.016584831481481415,0.0016906046362366374
2022-09-04 13:30:58+00:00,12.08401721,,,,,21.904233496188024,0.0,4330.0,3.3566714472222223,-0.01554553055555552,0.0015846616264582588
2022-09-04 13:31:00+00:00,11.97580853,,,,,21.903090715154878,0.0,4332.0,3.3266134805555554,-0.014759157175925871,0.0015045012411749104
2022-09-04 13:31:02+00:00,11.87236314,,,,,21.822897611532678,0.0,4334.0,3.2978786499999995,-0.014161241666666583,0.0014435516479782448
2022-09-04 13:31:04+00:00,11.77254972,,,,,21.684840461158856,0.0,4336.0,3.2701527,-0.013705307638888775,0.0013970751925472757
2022-09-04 13:31:06+00:00,11.67551038,,,,,21.504270632744802,0.0,4338.0,3.2431973277777777,-0.013357053240740657,0.0013615752538981302
2022-09-04 13:31:08+00:00,11.580592,,,,,21.29250941581682,0.0,4340.0,3.216831111111111,-0.013090785648148104,0.0013344327877826813
2022-09-04 13:31:10+00:00,11.48729616,,,,,21.05799886224167,0.0,4342.0,3.1909156,-0.012887086574074003,0.00131366835617472
2022-09-04 13:31:12+00:00,11.395242,,,,,20.80707673427783,0.0,4344.0,3.165345,-0.012731201388888799,0.0012977779193566563
2022-09-04 13:31:14+00:00,11.30413824,,,,,20.544520070056024,0.0,4346.0,3.1400384,-0.012611883796296186,0.0012856150658813645
2022-09-04 13:31:16+00:00,11.21376202,,,,,20.273937860663995,0.0,4348.0,3.1149338944444445,-0.012520545601851748,0.0012763043426964064
2022-09-04 13:31:18+00:00,11.12394276,,,,,19.998059797415102,0.0,4350.0,3.0899841,-0.01245062106481476,0.0012691764592063974
2022-09-04 13:31:20+00:00,11.03454991,,,,,19.718951153479455,0.0,4352.0,3.0651527527777778,-0.01239708773148144,0.0012637194425567217
2022-09-04 13:31:22+00:00,10.94548352,,,,,19.438173791713787,0.0,4354.0,3.0404120888888886,-0.01235610254629623,0.0012595415439649572
2022-09-04 13:31:24+00:00,10.85666707,,,,,19.156907935912496,0.0,4356.0,3.015740852777778,-0.012324724074073997,0.0012563429229433228
2022-09-04 13:31:26+00:00,10.76804197,,,,,18.876044397755585,0.0,4358.0,2.9911227694444444,-0.012300699999999906,0.0012538939857288385
2022-09-04 13:31:28+00:00,10.67956338,,,,,18.596253733182,0.0,4360.0,2.966545383333333,-0.012282306481481356,0.0012520190093253166
2022-09-04 13:31:30+00:00,10.59119697,,,,,18.318039132089655,0.0,4362.0,2.9419991583333336,-0.012268224074073944,0.0012505834937893928
2022-09-04 13:31:32+00:00,10.50291643,,,,,18.0417766349607,0.0,4364.0,2.9174767861111115,-0.012257442592592538,0.0012494844640767112
2022-09-04 13:31:34+00:00,10.41470164,,,,,17.76774606924359,0.0,4366.0,2.892972677777778,-0.012249187962962963,0.0012486430135538187
2022-09-04 13:31:36+00:00,10.32653719,,,,,17.496153594613173,0.0,4368.0,2.8684825527777775,-0.012242867824074022,0.0012479987588250787
2022-09-04 13:31:38+00:00,10.23841129,,,,,17.227149408449325,0.0,4370.0,2.844003136111111,-0.012238028935185071,0.0012475054979801295
2022-09-04 13:31:40+00:00,10.15031489,,,,,16.9608412193777,0.0,4372.0,2.819531913888889,-0.012234324212962888,0.0012471278504549324
2022-09-04 13:31:42+00:00,10.06224109,,,,,16.697304600441242,0.0,4374.0,2.7950669694444445,-0.012231487824074053,0.0012468387180503621
2022-09-04 13:31:44+00:00,9.974184584,,,,,16.436590525440288,0.0,4376.0,2.7706068288888885,-0.012229316157407374,0.0012466173453014651
2022-09-04 13:31:46+00:00,9.886141322,,,,,16.178731235919795,0.0,4378.0,2.746150367222222,-0.012227653564814736,0.0012464478659342238
2022-09-04 13:31:48+00:00,9.7981082,,,,,15.923744913994346,0.0,4380.0,2.721696722222222,-0.012226380578703585,0.0012463181018046467
2022-09-04 13:31:50+00:00,9.71008284,,,,,15.671638841329681,0.0,4382.0,2.697245233333333,-0.012225405949073953,0.0012462187511798116
2022-09-04 13:31:52+00:00,9.622063425,,,,,15.422412138294408,0.0,4384.0,2.6727953958333335,-0.012224659768518423,0.0012461426879223673
2022-09-04 13:31:54+00:00,9.53404856,,,,,15.17605769860694,0.0,4386.0,2.6483468222222224,-0.012224088472222153,0.0012460844518065394
2022-09-04 13:31:56+00:00,9.446037178,,,,,14.932563664459533,0.0,4388.0,2.623899216111111,-0.012223651087962936,0.0012460398662551412
2022-09-04 13:31:58+00:00,9.358028465,,,,,14.691914613666098,0.0,4390.0,2.599452351388889,-0.012223316180555499,0.001246005726866004
2022-09-04 13:32:00+00:00,9.270021793,,,,,14.454092333309688,0.0,4392.0,2.575006053611111,-0.012223059768518452,0.0012459795890436749
2022-09-04 13:32:02+00:00,9.182016686,,,,,14.219076558097957,0.0,4394.0,2.5505601905555557,-0.01222286347222216,0.001245959579227539
2022-09-04 13:32:04+00:00,9.094012775,,,,,13.986845440171528,0.0,4396.0,2.526114659722222,-0.012222713194444346,0.0012459442603918803
2022-09-04 13:32:06+00:00,9.006009781,,,,,13.757375938372173,0.0,4398.0,2.501669383611111,-0.012222598148148042,0.001245932532940677
2022-09-04 13:32:08+00:00,8.918007488,,,,,13.530644111196578,0.0,4400.0,2.4772243022222225,-0.01222251002314804,0.0012459235497602487
2022-09-04 13:32:10+00:00,8.830005733,,,,,13.30662529202157,0.0,4402.0,2.452779370277778,-0.012222442546296267,0.00124591667138596
2022-09-04 13:32:12+00:00,8.74200439,,,,,13.08529429311292,0.0,4404.0,2.4283345527777778,-0.012222390902777769,0.0012459114070109856
2022-09-04 13:32:14+00:00,8.654003361,,,,,12.866625532076629,0.0,4406.0,2.4038898224999996,-0.01222235138888883,0.0012459073790916239
2022-09-04 13:32:16+00:00,8.566002573,,,,,12.650593141705363,0.0,4408.0,2.3794451591666665,-0.012222321134259176,0.0012459042950315163
2022-09-04 13:32:18+00:00,8.47800197,,,,,12.437171020564236,0.0,4410.0,2.355000547222222,-0.012222297939814738,0.0012459019306640916
2022-09-04 13:32:20+00:00,8.390001508,,,,,12.226332863880591,0.0,4412.0,2.330555974444444,-0.01222228018518512,0.0012459001208139774
2022-09-04 13:32:22+00:00,8.302001155,,,,,12.01805225400022,0.0,4414.0,2.3061114319444442,-0.012222266597222106,0.0012458987357005203
2022-09-04 13:32:24+00:00,8.214000884,,,,,11.81230266489129,0.0,4416.0,2.281666912222222,-0.012222256203703577,0.0012458976762185093
2022-09-04 13:32:26+00:00,8.126000677,,,,,11.609057508071091,0.0,4418.0,2.257222410277778,-0.01222224824074066,0.0012458968644995575
2022-09-04 13:32:28+00:00,8.038000518,,,,,11.408290127177297,0.0,4420.0,2.2327779216666666,-0.01222224212962956,0.0012458962415524525
2022-09-04 13:32:30+00:00,7.950000397,,,,,11.209973817862897,0.0,4422.0,2.208333443611111,-0.012222237453703618,0.0012458957649035289
2022-09-04 13:32:32+00:00,7.862000304,,,,,11.014081839846916,0.0,4424.0,2.1838889733333335,-0.012222233888888804,0.001245895401517717
2022-09-04 13:32:34+00:00,7.774000233,,,,,10.820587434990982,0.0,4426.0,2.1594445091666667,-0.012222231180555506,0.0012458951254388894
2022-09-04 13:32:36+00:00,7.686000178,,,,,10.629463834496766,0.0,4428.0,2.1350000494444443,-0.012222229097222185,0.001245894913070559
2022-09-04 13:32:38+00:00,7.598000136,,,,,10.440684250787838,0.0,4430.0,2.1105555933333333,-0.012222227476851791,0.0012458947478951876
2022-09-04 13:32:40+00:00,7.510000104,,,,,10.254221872077897,0.0,4432.0,2.08611114,-0.012222226226851762,0.0012458946204741857
2022-09-04 13:32:42+00:00,7.42200008,,,,,10.070049880320603,0.0,4434.0,2.061666688888889,-0.012222225277777684,0.001245894523728612
2022-09-04 13:32:44+00:00,7.334000061,,,,,9.888141454600717,0.0,4436.0,2.037222239166667,-0.012222224560185105,0.0012458944505795214
2022-09-04 13:32:46+00:00,7.246000047,,,,,8.522644963931645,0.0,4438.0,2.0127777908333333,-0.01607846807870365,0.0016389875717332976
2022-09-04 13:32:48+00:00,7.158000036,,,,,4.430321019926601,0.0,4440.0,1.9883333433333332,-0.029013329074074,0.0029575258994978594
2022-09-04 13:32:50+00:00,6.903410284,,,,,-1.6345573391117965,0.0,4442.0,1.9176139677777777,-0.049931938657407325,0.005089902003813183
2022-09-04 13:32:52+00:00,6.423214008,,,,,-6.461863656119163,0.0,4444.0,1.7842261133333335,-0.07132007759259253,0.007270140427379462
2022-09-04 13:32:54+00:00,5.823726325,,,,,-9.054390822171538,0.0,4446.0,1.6177017569444443,-0.08614739321759256,0.008781589522690373
2022-09-04 13:32:56+00:00,5.156656643,,,,,-9.71032126169662,0.0,4448.0,1.4324046230555554,-0.09456570143518513,0.00963972491694038
2022-09-04 13:32:58+00:00,4.448400262,,,,,-0.0,9.648108336482792,4450.0,1.2356667394444443,-0.09551899877314805,0.00973690099624343
2022-09-04 13:33:00+00:00,3.713301769,,,,,-0.0,5.4195042938602365,4452.0,1.031472713611111,-0.07601737840277767,0.0077489682367765204
2022-09-04 13:33:02+00:00,3.140660452,,,,0.49,-0.0,1.6559769040106376,4454.0,0.8724056811111112,-0.051003264629629536,0.005199109544304743
2022-09-04 13:33:04+00:00,3.180445706,,,,,-0.0,1.5282692757125125,4456.0,0.8834571405555556,-0.04981816768518511,0.00507830455506474
2022-09-04 13:33:06+00:00,2.777915293,,,,,-0.0,3.236206640086662,4458.0,0.7716431369444444,-0.06736750865740733,0.006867228201570573
2022-09-04 13:33:08+00:00,1.923902084,,,,,-0.0,2.5676202004920667,4460.0,0.5344172455555556,-0.07118721793981474,0.00725659713963453
2022-09-04 13:33:10+00:00,1.4869277,,,,,-0.0,0.6694395814094436,4462.0,0.41303547222222226,-0.047802189328703636,0.004872802174179779
2022-09-04 13:33:12+00:00,1.396145484,,,,,0.8397202869435954,0.0,4464.0,0.38781819,-0.021801722824074003,0.002222397841393884
2022-09-04 13:33:14+00:00,1.240617314,,,,,1.869605142792011,0.0,4466.0,0.34461592055555557,-0.00040048516203696854,4.082417553893665e-05
2022-09-04 13:33:16+00:00,1.228378044,,,,,2.734879704328929,0.0,4468.0,0.34121612333333334,0.016556327777777848,-0.0016876990599161924
2022-09-04 13:33:18+00:00,1.637394181,,,,,3.919166495304693,0.0,4470.0,0.4548317169444444,0.020313066412037107,-0.0020706489716653524
2022-09-04 13:33:20+00:00,1.714601977,,,,,3.024303981276874,0.0,4472.0,0.47627832694444444,0.005435324675926001,-0.0005540595999924567
2022-09-04 13:33:22+00:00,1.63191785,,,,,1.5034788421942982,0.0,4474.0,0.4533105138888889,-0.014375566111111035,0.0014653991958319098
2022-09-04 13:33:24+00:00,1.468660401,,,,,0.8133274239082481,0.0,4476.0,0.4079612225,-0.022957074722222148,0.002340170715822849
2022-09-04 13:33:26+00:00,1.262311301,,,,,0.7875240058746207,0.0,4478.0,0.35064202805555555,-0.02121843069444437,0.0021629389087099255
2022-09-04 13:33:28+00:00,1.092462898,,,,,1.3091986377930198,0.0,4480.0,0.3034619161111111,-0.0076188542592591875,0.000776641616642119
2022-09-04 13:33:30+00:00,1.091479147,,,,,1.8246075987828558,0.0,4482.0,0.30318865194444444,0.003533948518518589,-0.00036023940046061046
2022-09-04 13:33:32+00:00,1.310358051,,,,,1.9505359214621318,0.0,4484.0,0.3639883475,-0.0008626096527777072,8.793166694981724e-05
2022-09-04 13:33:34+00:00,1.197082724,,,,,1.0181296403499969,0.0,4486.0,0.3325229788888889,-0.01585328793981474,0.0016160334291350398
2022-09-04 13:33:36+00:00,0.949594584,,,,,0.4066114544476758,0.0,4488.0,0.2637762733333333,-0.02572237303240733,0.002622056374353448
2022-09-04 13:33:38+00:00,0.767380575,,,,,0.44355768461035455,0.0,4490.0,0.21316127083333333,-0.02214366780092585,0.002257254617831381
2022-09-04 13:33:40+00:00,0.628853685,,,,,0.5735494414565897,0.0,4492.0,0.17468157916666668,-0.014242549907407332,0.00145183994978668
2022-09-04 13:33:42+00:00,0.561217174,,,,,0.6794543772167572,0.0,4494.0,0.15589365944444444,-0.0071934214351851156,0.0007332743562879832
2022-09-04 13:33:44+00:00,0.540479829,,,,,0.7762813819712747,0.0,4496.0,0.15013328583333332,-0.0018738859259258556,0.00019101793332577529
2022-09-04 13:33:46+00:00,0.544998625,,,,,0.8554381452114799,0.0,4498.0,0.15138850694444442,0.0012671742361111866,-0.00012917168563824532
2022-09-04 13:33:48+00:00,0.564120362,,,,,0.9291045855346939,0.0,4500.0,0.15670010055555555,0.0030872914120371165,-0.0003147086046928763
2022-09-04 13:33:50+00:00,0.592318568,,,,,1.0041698952857825,0.0,4502.0,0.16453293555555557,0.004220926643518597,-0.0004302677516328845
2022-09-04 13:33:52+00:00,0.626530875,,,,,1.0823485450890675,0.0,4504.0,0.17403635416666668,0.004973358564814889,-0.0005069682532940764
2022-09-04 13:33:54+00:00,0.664932143,,,,,1.172421163374326,0.0,4506.0,0.18470337305555556,0.005806744537037109,-0.0005919209517876768
2022-09-04 13:33:56+00:00,0.706355877,,,,,1.4238151880893428,0.0,4508.0,0.19620996583333333,0.011747778101851925,-0.001197530897232612
2022-09-04 13:33:58+00:00,0.76334493,,,,,1.614820011929339,0.0,4510.0,0.21204025833333334,0.014084901875000074,-0.001435769813965349
2022-09-04 13:34:00+00:00,1.035622102,,,,,1.9160306071470588,0.0,4512.0,0.2876728061111111,0.007757064050925998,-0.000790730280420591
2022-09-04 13:34:02+00:00,0.944133679,,,,,1.2475186837004066,0.0,4514.0,0.2622593552777778,-0.004675097245370299,0.0004765644490693475
2022-09-04 13:34:04+00:00,0.860672295,,,,,0.8959623379178581,0.0,4516.0,0.2390756375,-0.011257488078703632,0.0011475523016007778
2022-09-04 13:34:06+00:00,0.736330536,,,,,0.8486341415483137,0.0,4518.0,0.20453626,-0.008599074305555482,0.0008765621106580511
2022-09-04 13:34:08+00:00,0.75710176,,,,,0.9497914871243357,0.0,4520.0,0.21030604444444442,-0.006200575648148072,0.0006320668346736058
2022-09-04 13:34:10+00:00,0.676224204,,,,,0.9087376558816777,0.0,4522.0,0.18784005666666667,-0.00407768016203696,0.0004156656638162039
2022-09-04 13:34:12+00:00,0.652913759,,,,,1.016475279637709,0.0,4524.0,0.18136493305555557,0.0009458965740741487,-9.642166912070832e-05
2022-09-04 13:34:14+00:00,0.664362754,,,,,1.7479646367991735,0.0,4526.0,0.18454520944444444,0.026255861689814888,-0.002676438500490814
2022-09-04 13:34:16+00:00,0.809825942,,,,,4.007318891613816,0.0,4528.0,0.22495165055555555,0.08082744189814822,-0.008239290713368829
2022-09-04 13:34:18+00:00,1.653565246,,,,,12.147209182659276,0.0,4530.0,0.45932367944444447,0.13700452412037045,-0.013965802662626956
2022-09-04 13:34:20+00:00,3.155456757,,,,,24.94771038078013,0.0,4532.0,0.8765157658333333,0.1490863276157408,-0.015197383039321184
2022-09-04 13:34:22+00:00,4.237327381,,,,,21.929953406969272,0.0,4534.0,1.1770353836111112,0.08350189092592598,-0.008511915486842608
2022-09-04 13:34:24+00:00,4.66659316,,,,,3.4591578118492636,0.0,4536.0,1.2962758777777776,-0.02157425157407401,0.0021992101502623864
2022-09-04 13:34:26+00:00,3.749710531,,,,,-0.0,9.196462545581078,4538.0,1.041586258611111,-0.10206044863425918,0.010403715457111027
2022-09-04 13:34:28+00:00,2.711065939,,,,,-0.0,9.101717842590169,4540.0,0.7530738719444444,-0.12470837472222214,0.012712372550685233
2022-09-04 13:34:30+00:00,1.783843221,,,,,-0.0,4.268043524139623,4542.0,0.4955120058333333,-0.0988078227777777,0.010072153188356544
2022-09-04 13:34:32+00:00,1.245058682,,,,,-0.0,1.3673177891463821,4544.0,0.3458496338888889,-0.06466524870370362,0.006591768471325547
2022-09-04 13:34:34+00:00,0.947219844,,,,,0.28750074985249086,0.0,4546.0,0.26311662333333335,-0.02865945326388882,0.002921452932098758
2022-09-04 13:34:36+00:00,0.754150572,,,,,1.1632298333446764,0.0,4548.0,0.20948627,0.0005847315740741404,-5.960566504323552e-05
2022-09-04 13:34:38+00:00,1.03666295,,,,,2.063807177226822,0.0,4550.0,0.2879619305555555,0.011071961180555624,-0.0011286402834409402
2022-09-04 13:34:40+00:00,1.18087598,,,,,1.8269858113661417,0.0,4552.0,0.3280211055555555,0.0005679390277778529,-5.7893886623634336e-05
2022-09-04 13:34:42+00:00,0.998803159,,,,,0.8110085471312983,0.0,4554.0,0.27744532194444443,-0.016693819074074,0.0017017144825763504
2022-09-04 13:34:44+00:00,0.816545329,,,,,0.5404793452913234,0.0,4556.0,0.22681814694444444,-0.020178852523148074,0.002056967637425899
2022-09-04 13:34:46+00:00,0.679820617,,,,,0.6855322500072358,0.0,4558.0,0.18883906027777775,-0.01198259932870363,0.0012214678214784536
2022-09-04 13:34:48+00:00,0.628132093,,,,,0.9886398130912635,0.0,4560.0,0.17448113694444442,0.0013539062962963713,-0.00013801287424020095
2022-09-04 13:34:50+00:00,0.669568104,,,,,1.3012160607044028,0.0,4562.0,0.18599114,0.010050705902777853,-0.001024536789273991
2022-09-04 13:34:52+00:00,0.885286594,,,,,1.5346486340186323,0.0,4564.0,0.24591294277777775,0.005053730208333405,-0.000515161081379552
2022-09-04 13:34:54+00:00,0.856856611,,,,,1.062101633413084,0.0,4566.0,0.23801572527777776,-0.006578394212962889,0.0006705804498433118
2022-09-04 13:34:56+00:00,0.659164731,,,,,0.6179088560089531,0.0,4568.0,0.18310131416666664,-0.013651098958333255,0.0013915493331634306
2022-09-04 13:34:58+00:00,0.611503337,,,,,0.6751136768779432,0.0,4570.0,0.16986203805555555,-0.0097157709027777,0.000990394587439113
2022-09-04 13:35:00+00:00,0.540912393,,,,,0.7444195420420748,0.0,4572.0,0.1502534425,-0.003289012777777702,0.0003352714350435986
2022-09-04 13:35:02+00:00,0.555387646,,,,,0.8232405301537553,0.0,4574.0,0.1542743461111111,-0.0007925071990739982,8.078564720428115e-05
2022-09-04 13:35:04+00:00,0.57319507,,,,,0.9359523519200051,0.0,4576.0,0.15922085277777778,0.002752781805555632,-0.0002806097661116852
2022-09-04 13:35:06+00:00,0.544984349,,,,,0.9320898453305538,0.0,4578.0,0.1513845413888889,0.004582355879629703,-0.0004671106910937516
2022-09-04 13:35:08+00:00,0.670235864,,,,,1.1865955631614131,0.0,4580.0,0.1861766288888889,0.005975204722222294,-0.0006090932438554836
2022-09-04 13:35:10+00:00,0.656304626,,,,,1.3081387947707477,0.0,4582.0,0.18230684055555554,0.011227417731481552,-0.0011444870266545924
2022-09-04 13:35:12+00:00,0.720003637,,,,,1.888556333183278,0.0,4584.0,0.20000101027777778,0.02605407606481489,-0.0026558691197568693
2022-09-04 13:35:14+00:00,0.980241022,,,,,2.8257058560235926,0.0,4586.0,0.27228917277777775,0.032104707615740816,-0.003272651133103039
2022-09-04 13:35:16+00:00,1.471835554,,,,,4.374915475288563,0.0,4588.0,0.40884320944444447,0.03403326402777785,-0.003469242000792849
2022-09-04 13:35:18+00:00,1.291396078,,,,,3.9173574597948098,0.0,4590.0,0.3587211327777778,0.035547928425926,-0.0036236420413787974
2022-09-04 13:35:20+00:00,1.879085587,,,,,4.609071458404632,0.0,4592.0,0.5219682186111111,0.02157865108796304,-0.0021996586226262016
2022-09-04 13:35:22+00:00,2.108661497,,,,,3.4368058889774726,0.0,4594.0,0.5857393047222222,0.0020447690046297103,-0.0002084372074036402
2022-09-04 13:35:24+00:00,1.586767862,,,,,2.119899250310765,0.0,4596.0,0.4407688505555556,-0.004581482337962887,0.00046702164505228207
2022-09-04 13:35:26+00:00,1.672047824,,,,,8.802797954949629,0.0,4598.0,0.4644577288888889,0.08794987245370378,-0.008965328486616084
2022-09-04 13:35:28+00:00,2.117779223,,,,,27.821056455987364,0.0,4600.0,0.5882720063888889,0.2731867350694445,-0.0278477813526447
2022-09-04 13:35:30+00:00,5.377084626,,,,,106.58106348011917,0.0,4602.0,1.4936346183333333,0.42691827055555565,-0.04351868201381811
2022-09-04 13:35:32+00:00,9.683398015,,,,,224.90387566614612,0.0,4604.0,2.6898327819444443,0.49710636784722234,-0.05067343199258128
2022-09-04 13:35:34+00:00,12.54929832,,,,,276.7914189699226,0.0,4606.0,3.4859162,0.45969606780092603,-0.04685994574932987
2022-09-04 13:35:36+00:00,16.42056062,,,,,303.17210823421703,0.0,4608.0,4.561266838888889,0.357676803587963,-0.03646042850030204
2022-09-04 13:35:38+00:00,18.49879215,,,,,252.89672116990894,0.0,4610.0,5.138553375,0.2335359231481482,-0.023805904500320916
2022-09-04 13:35:40+00:00,19.1855421,,,,,180.46810670583088,0.0,4612.0,5.32931725,0.12904542152777787,-0.013154477219956969
2022-09-04 13:35:42+00:00,19.87306872,,,,,183.6805064052764,0.0,4614.0,5.5202968666666665,0.12103266018518528,-0.012337681976063738
2022-09-04 13:35:44+00:00,20.62104626,,,,,222.9533143836856,0.0,4616.0,5.728068405555556,0.1533249909722223,-0.01562945881470156
2022-09-04 13:35:46+00:00,22.29189891,,,,,253.4238062257706,0.0,4618.0,6.192194141666667,0.15534790810185184,-0.0158356685119115
2022-09-04 13:35:48+00:00,23.39035152,,,,,244.47976884109806,0.0,4620.0,6.4973198666666665,0.12599602499999993,-0.01284363149847094
2022-09-04 13:35:50+00:00,23.81479309,,,,,242.14933841715194,0.0,4622.0,6.615220302777777,0.1162016504629629,-0.01184522430815116
2022-09-04 13:35:52+00:00,24.54118036,,,,,259.99970678415536,0.0,4624.0,6.8169945444444435,0.12081639953703711,-0.012315637057801948
2022-09-04 13:35:54+00:00,26.16098137,,,,,238.51451219408813,0.0,4626.0,7.2669392694444435,0.07330445856481498,-0.007472421872050456
2022-09-04 13:35:56+00:00,26.2634317,,,,,123.72139933891103,0.0,4628.0,7.2953976944444445,-0.03135706226851842,0.003196438559482
2022-09-04 13:35:58+00:00,25.25929436,,,,,56.44876915865309,0.0,4630.0,7.016470655555555,-0.08169886504629627,0.008328120799826326
2022-09-04 13:36:00+00:00,24.08824228,,,,,77.73589537355751,0.0,4632.0,6.69117841111111,-0.049377049074073996,0.005033338335787359
2022-09-04 13:36:02+00:00,24.80677982,,,,,14.697150203285544,0.0,4634.0,6.8907721722222215,-0.11689340902777756,0.011915739962056835
2022-09-04 13:36:04+00:00,24.58285772,,,,,-215.66102501078504,0.0,4636.0,6.828571588888889,-0.3843528143518517,0.03917969565258427
2022-09-04 13:36:06+00:00,19.71488365,,,,,-382.7393488038637,0.0,4638.0,5.4763565694444445,-0.6605529476388887,0.06733465317419865
2022-09-04 13:36:08+00:00,12.57609687,,,,,-257.97799006815296,0.0,4640.0,3.4933602416666667,-0.6568875917592591,0.06696101852795709
2022-09-04 13:36:10+00:00,8.277653332,,,,,-82.48768578759294,0.0,4642.0,2.2993481477777777,-0.3361647306944444,0.03426755664571299
2022-09-04 13:36:12+00:00,7.642544074,,,,,5.445178631468698,0.0,4644.0,2.1229289094444446,-0.02791818946759254,0.00284589087335296
2022-09-04 13:36:14+00:00,10.12612008,,,,,48.63560079001956,0.0,4646.0,2.812811133333333,0.061643283773148205,-0.006283719039056901
2022-09-04 13:36:16+00:00,9.521564337,,,,,27.717385526243405,0.0,4648.0,2.6448789825,0.01889872784722228,-0.0019264758254049213
2022-09-04 13:36:18+00:00,9.061622928,,,,,8.196193092963217,0.0,4650.0,2.51711748,-0.027060095069444363,0.0027584194770075804
2022-09-04 13:36:20+00:00,9.523466269,,,,,29.08348747170858,0.0,4652.0,2.645407296944444,0.02225953277777785,-0.002269065522709261
2022-09-04 13:36:22+00:00,8.955222041,,,,,70.22848423216583,0.0,4654.0,2.4875616780555556,0.1367135526157408,-0.013936141958791112
2022-09-04 13:36:24+00:00,10.58957704,,,,,157.9302681784663,0.0,4656.0,2.9415491777777776,0.29840461990740746,-0.03041841181523012
2022-09-04 13:36:26+00:00,13.90153763,,,,,267.3153177508947,0.0,4658.0,3.8615382305555555,0.38754619488425934,-0.039505218642636016
2022-09-04 13:36:28+00:00,17.46823026,,,,,280.20351117127393,0.0,4660.0,4.852286183333333,0.2951092844907408,-0.030082495870615778
2022-09-04 13:36:30+00:00,18.81856444,,,,,183.41215819635573,0.0,4662.0,5.227379011111111,0.13921133356481494,-0.014190757753803764
2022-09-04 13:36:32+00:00,18.42127132,,,,,109.06114654060748,0.0,4664.0,5.117019811111111,0.051346434722222334,-0.005234091205119504
2022-09-04 13:36:34+00:00,18.96242618,,,,,105.66383695191125,0.0,4666.0,5.267340605555556,0.04001444699074086,-0.004078944647374195
2022-09-04 13:36:36+00:00,19.5425345,,,,,127.967661628221,0.0,4668.0,5.428481805555555,0.05955497986111117,-0.006070844022539364
2022-09-04 13:36:38+00:00,19.42592537,,,,,164.8789020528315,0.0,4670.0,5.396090380555556,0.10595735023148152,-0.01080095313266886
2022-09-04 13:36:40+00:00,20.53054726,,,,,217.06193307887492,0.0,4672.0,5.702929794444444,0.14826229236111113,-0.015113383523049044
2022-09-04 13:36:42+00:00,22.55177095,,,,,221.87653082600033,0.0,4674.0,6.264380819444445,0.11749577430555558,-0.011977143150413412
2022-09-04 13:36:44+00:00,22.82161995,,,,,68.46160535431117,0.0,4676.0,6.339338874999999,-0.045542282407407285,0.004642434496167918
2022-09-04 13:36:46+00:00,22.21067013,,,,,-107.41869724868774,0.0,4678.0,6.1696305916666665,-0.2526684092592591,0.02575620889492957
2022-09-04 13:36:48+00:00,18.90422148,,,,,-147.22278032898842,0.0,4680.0,5.251172633333334,-0.3175026224537036,0.032365201065617084
2022-09-04 13:36:50+00:00,15.55389414,,,,,-46.76676727583525,0.0,4682.0,4.32052615,-0.16056074004629628,0.01636704791501491
2022-09-04 13:36:52+00:00,15.76228265,,,,,106.71101482405996,0.0,4684.0,4.378411847222222,0.08542551180555558,-0.008708003242156532
2022-09-04 13:36:54+00:00,18.41638499,,,,,229.73189086235917,0.0,4686.0,5.115662497222222,0.20580866736111117,-0.020979476795220303
2022-09-04 13:36:56+00:00,19.73211274,,,,,210.32809539415965,0.0,4688.0,5.481142427777778,0.1552738557870371,-0.015828119855967084
2022-09-04 13:36:58+00:00,20.47499848,,,,,133.0736556257355,0.0,4690.0,5.6874995777777775,0.05263265000000006,-0.005365203873598375
2022-09-04 13:37:00+00:00,20.41149973,,,,,98.70248468912365,0.0,4692.0,5.669861036111111,0.013831555092592707,-0.0014099444538830485
2022-09-04 13:37:02+00:00,20.01072848,,,,,94.21128066809263,0.0,4694.0,5.558535688888889,0.013330700231481604,-0.0013588889124853825
2022-09-04 13:37:04+00:00,20.79390592,,,,,123.86298814455111,0.0,4696.0,5.776084977777778,0.03781073865740744,-0.0038543056735379647
2022-09-04 13:37:06+00:00,20.66847854,,,,,153.6608580559068,0.0,4698.0,5.741244038888889,0.07343873634259264,-0.007486109718918719
2022-09-04 13:37:08+00:00,21.38717358,,,,,206.21920076442973,0.0,4700.0,5.940881549999999,0.12078376736111118,-0.012312310638237633
2022-09-04 13:37:10+00:00,22.59001423,,,,,242.17270633138637,0.0,4702.0,6.275003952777778,0.13800721296296303,-0.014068013553818861
2022-09-04 13:37:12+00:00,24.09022898,,,,,219.781937189891,0.0,4704.0,6.691730272222221,0.08954290717592595,-0.00912771734718919
2022-09-04 13:37:14+00:00,23.92733474,,,,,113.12189121296845,0.0,4706.0,6.646481872222222,-0.012822543749999952,0.0013070890672782825
2022-09-04 13:37:16+00:00,23.91810666,,,,,-54.595447656119944,0.0,4708.0,6.643918516666666,-0.19055955925925913,0.019425031524898995
2022-09-04 13:37:18+00:00,22.20820266,,,,,-183.44553556487426,0.0,4710.0,6.168945183333333,-0.35225596041666657,0.03590784509853889
2022-09-04 13:37:20+00:00,17.5771881,,,,,-163.63050027944377,0.0,4712.0,4.88255225,-0.3542743687499999,0.036113595183486225
2022-09-04 13:37:22+00:00,15.05079581,,,,,-52.73107413778636,0.0,4714.0,4.180776613888889,-0.17263114398148138,0.017597466257031742
2022-09-04 13:37:24+00:00,15.77086078,,,,,61.78413907946304,0.0,4716.0,4.380794661111111,0.018170538425926013,-0.0018522465265979626
2022-09-04 13:37:26+00:00,16.55686456,,,,,111.41740910313196,0.0,4718.0,4.599129044444445,0.08049578032407408,-0.008205482194095216
2022-09-04 13:37:28+00:00,16.85608661,,,,,124.59905751940983,0.0,4720.0,4.682246280555555,0.0945615740740741,-0.009639304186959644
2022-09-04 13:37:30+00:00,17.44298769,,,,,138.65531422941143,0.0,4722.0,4.845274358333333,0.10457589652777788,-0.010660132163891731
2022-09-04 13:37:32+00:00,18.96979765,,,,,154.74971827123252,0.0,4724.0,5.269388236111111,0.10089298472222241,-0.010284707922754578
2022-09-04 13:37:34+00:00,18.96083225,,,,,149.7662330363577,0.0,4726.0,5.266897847222222,0.09484323148148155,-0.009668015441537364
2022-09-04 13:37:36+00:00,19.69681899,,,,,172.74171422767412,0.0,4728.0,5.471338608333333,0.11097393240740742,-0.011312327462528788
2022-09-04 13:37:38+00:00,20.81319395,,,,,214.0404027146259,0.0,4730.0,5.781442763888888,0.13965080393518528,-0.014235555956695747
2022-09-04 13:37:40+00:00,21.91150983,,,,,221.53790323825805,0.0,4732.0,6.086530508333333,0.1283090231481483,-0.013079411126212873
2022-09-04 13:37:42+00:00,22.77905614,,,,,224.73114893908374,0.0,4734.0,6.327515594444445,0.11654195277777786,-0.011879913636878476
2022-09-04 13:37:44+00:00,23.2739066,,,,,271.5053590698601,0.0,4736.0,6.4649740555555555,0.15543075879629634,-0.015844114046513386
2022-09-04 13:37:46+00:00,24.48540954,,,,,373.763504207969,0.0,4738.0,6.80150265,0.231288994212963,-0.023576859756673087
2022-09-04 13:37:48+00:00,26.91976521,,,,,476.1371370819792,0.0,4740.0,7.477712558333334,0.2690171203703704,-0.02742274417638842
2022-09-04 13:37:50+00:00,29.12488208,,,,,470.9708388741217,0.0,4742.0,8.090245022222222,0.21416702546296298,-0.021831501066560954
2022-09-04 13:37:52+00:00,30.25597366,,,,,380.54239507654086,0.0,4744.0,8.404437127777777,0.11910706990740742,-0.012141393466606261
2022-09-04 13:37:54+00:00,30.40121659,,,,,327.79270789540533,0.0,4746.0,8.444782386111111,0.07544280810185196,-0.0076903983793936755
2022-09-04 13:37:56+00:00,30.78885612,,,,,323.8254401917431,0.0,4748.0,8.552460033333332,0.06553898796296302,-0.006680834654736291
2022-09-04 13:37:58+00:00,31.85112893,,,,,259.7374723799696,0.0,4750.0,8.84753581388889,-0.000431142361111118,4.394927228451763e-05
2022-09-04 13:38:00+00:00,31.6373456,,,,,60.169712912337175,0.0,4752.0,8.788151555555554,-0.14567232453703696,0.014849370493072065
2022-09-04 13:38:02+00:00,29.53410176,,,,,-106.23060212575872,0.0,4754.0,8.203917155555555,-0.275223660648148,0.028055419026314782
2022-09-04 13:38:04+00:00,26.81283887,,,,,-127.90486511279187,0.0,4756.0,7.4480107972222225,-0.2856425141203702,0.02911748360044548
2022-09-04 13:38:06+00:00,24.78597352,,,,,-45.82118064952984,0.0,4758.0,6.884992644444444,-0.18447404583333316,0.018804693764865765
2022-09-04 13:38:08+00:00,24.04571723,,,,,94.59712066497384,0.0,4760.0,6.6793658972222225,-0.03240278634259249,0.0033030363244232917
2022-09-04 13:38:10+00:00,24.33194462,,,,,232.2104323498523,0.0,4762.0,6.758873505555556,0.0976330127314815,-0.009952396812587309
2022-09-04 13:38:12+00:00,25.8670674,,,,,323.5122236650167,0.0,4764.0,7.1852965,0.15553947800925924,-0.015855196535092684
2022-09-04 13:38:14+00:00,27.1823695,,,,,325.768111636372,0.0,4766.0,7.550658194444444,0.1324425175925926,-0.013500766319326462
2022-09-04 13:38:16+00:00,27.9145978,,,,,260.7050763195868,0.0,4768.0,7.754054944444444,0.06387302731481492,-0.00651101195869673
2022-09-04 13:38:18+00:00,28.00593098,,,,,182.28119010144766,0.0,4770.0,7.7794252722222215,-0.003618943055555398,0.0003689034715143117
2022-09-04 13:38:20+00:00,27.8028207,,,,,109.64504801568333,0.0,4772.0,7.7230057500000004,-0.06230635624999992,0.006351310524974507
2022-09-04 13:38:22+00:00,27.13780826,,,,,-16.006172792294446,0.0,4774.0,7.538280072222222,-0.16674049143518518,0.016996991991354248
2022-09-04 13:38:24+00:00,26.09108593,,,,,-221.0567902260976,0.0,4776.0,7.247523869444444,-0.38743748842592596,0.039494137454222825
2022-09-04 13:38:26+00:00,22.51447652,,,,,-400.0,7.132962095231903,4778.0,6.254021255555555,-0.6392100959259258,0.06515903118510966
2022-09-04 13:38:28+00:00,15.68885294,,,,,-360.4301819687934,0.0,4780.0,4.358014705555555,-0.7420679401157405,0.07564403059283797
2022-09-04 13:38:30+00:00,9.926165106,,,,,-195.14651585959797,0.0,4782.0,2.7572680849999998,-0.6228340720833332,0.06348971173122663
2022-09-04 13:38:32+00:00,6.622062331,,,,,-82.53260628694282,0.0,4784.0,1.8394617586111113,-0.4050234448379628,0.0412867935614641
2022-09-04 13:38:34+00:00,4.674835215,,,,,-0.0,36.399531493503055,4786.0,1.2985653375,-0.24291165437499992,0.0247616365316004
2022-09-04 13:38:36+00:00,3.443170014,,,,,-0.0,15.211361031749773,4788.0,0.956436115,-0.15317340879629623,0.015614007012874234
2022-09-04 13:38:38+00:00,2.611273954,,,,,-0.0,6.158564764519643,4790.0,0.7253538761111111,-0.0984759616203703,0.010038324324196768
2022-09-04 13:38:40+00:00,2.068532332,,,,,-0.0,2.103806483086767,4792.0,0.5745923144444445,-0.06296283064814807,0.006418229423868305
2022-09-04 13:38:42+00:00,1.795311355,,,,,-0.0,0.6443066961404391,4794.0,0.49869759861111107,-0.04556746534722215,0.004645001564446702
2022-09-04 13:38:44+00:00,1.539138329,,,,,-0.0,0.2519337958382202,4796.0,0.4275384247222222,-0.04032470620370363,0.004110571478461124
2022-09-04 13:38:46+00:00,1.172153454,,,,,-0.0,0.07228925898286638,4798.0,0.32559818166666665,-0.03749992731481474,0.0038226225601238266
2022-09-04 13:38:48+00:00,0.949662925,,,,,0.24889498072242622,0.0,4800.0,0.26379525694444445,-0.029636479976851777,0.0030210479079359606
2022-09-04 13:38:50+00:00,0.764789899,,,,,0.5156243818187553,0.0,4802.0,0.21244163861111112,-0.019876498263888816,0.0020261466120172086
2022-09-04 13:38:52+00:00,0.666205949,,,,,0.6425997521514107,0.0,4804.0,0.18505720805555553,-0.013012687685185112,0.0013264717314154038
2022-09-04 13:38:54+00:00,0.596945705,,,,,0.6759184149519568,0.0,4806.0,0.1658182513888889,-0.009046864768518443,0.0009222084371578433
2022-09-04 13:38:56+00:00,0.555359011,,,,,0.6700153999280806,0.0,4808.0,0.15426639194444444,-0.007291975624999923,0.0007433206549439269
2022-09-04 13:38:58+00:00,0.484812279,,,,,0.5849491011330036,0.0,4810.0,0.1346700775,-0.007278432407407334,0.000741940102691879
2022-09-04 13:39:00+00:00,0.463326028,,,,,0.5416644835111243,0.0,4812.0,0.12870167444444444,-0.008158190879629558,0.0008316198654056633
2022-09-04 13:39:02+00:00,0.374550408,,,,,0.43110705507930797,0.0,4814.0,0.10404178,-0.008572709629629558,0.0008738745799826257
2022-09-04 13:39:04+00:00,0.313187036,,,,,0.37092318391616946,0.0,4816.0,0.08699639888888888,-0.007780296828703632,0.0007930985554234079
2022-09-04 13:39:06+00:00,0.264610215,,,,,0.33774911057763485,0.0,4818.0,0.07350283749999999,-0.0056068754166665935,0.0005715469334012837
2022-09-04 13:39:08+00:00,0.237157398,,,,,0.36649994914066364,0.0,4820.0,0.06587705499999999,0.0007335096759260006,-7.477162853476051e-05
2022-09-04 13:39:10+00:00,0.208363028,,,,,0.416457628937122,0.0,4822.0,0.057878618888888886,0.011417474120370445,-0.0011638607666024918
2022-09-04 13:39:12+00:00,0.401121841,,,,,0.9324618443748252,0.0,4824.0,0.1114227336111111,0.019079238506944554,-0.0019448765042756936
