date,spd,Unnamed: 2,Unnamed: 3,Unnamed: 4,Unnamed: 5
2022-09-04 12:18:48+00:00,18.696,,,,
2022-09-04 12:18:50+00:00,18.9338125,,,,
2022-09-04 12:18:52+00:00,19.09269672,,,,
2022-09-04 12:18:54+00:00,19.08308744,,,,
2022-09-04 12:18:56+00:00,19.23007186,,,,
2022-09-04 12:18:58+00:00,20.25327595,,,,
2022-09-04 12:19:00+00:00,20.60932509,,,,
2022-09-04 12:19:02+00:00,20.61074566,,,,
2022-09-04 12:19:04+00:00,21.05976832,,,,
2022-09-04 12:19:06+00:00,21.20456062,,,,
2022-09-04 12:19:08+00:00,21.16555647,,,,
2022-09-04 12:19:10+00:00,21.02874822,,,,
2022-09-04 12:19:12+00:00,20.83613208,,,,
2022-09-04 12:19:14+00:00,20.60926507,,,,
2022-09-04 12:19:16+00:00,20.53024914,,,,
2022-09-04 12:19:18+00:00,20.71560771,,,,
2022-09-04 12:19:20+00:00,20.92248578,,,,
2022-09-04 12:19:22+00:00,21.14509404,,,,
2022-09-04 12:19:24+00:00,21.37941432,,,,
2022-09-04 12:19:26+00:00,21.6225543,,,,
2022-09-04 12:19:28+00:00,21.87238141,,,,
2022-09-04 12:19:30+00:00,22.12729926,,,,
2022-09-04 12:19:32+00:00,22.38610177,,,,
2022-09-04 12:19:34+00:00,22.64787273,,,,
2022-09-04 12:19:36+00:00,22.91191386,,,,
2022-09-04 12:19:38+00:00,23.17769194,,,,
2022-09-04 12:19:40+00:00,23.44479938,,,,
2022-09-04 12:19:42+00:00,23.71292438,,,,
2022-09-04 12:19:44+00:00,23.98182836,,,,
2022-09-04 12:19:46+00:00,24.10386317,,,,
2022-09-04 12:19:48+00:00,23.08214343,,,,
2022-09-04 12:19:50+00:00,22.22583123,,,,
2022-09-04 12:19:52+00:00,21.74179211,,,,
2022-09-04 12:19:54+00:00,21.56085274,,,,
2022-09-04 12:19:56+00:00,21.53421547,,,,
2022-09-04 12:19:58+00:00,21.56202091,,,,
2022-09-04 12:20:00+00:00,22.28951101,,,,
2022-09-04 12:20:02+00:00,22.88129631,,,,
2022-09-04 12:20:04+00:00,22.7210753,,,,
2022-09-04 12:20:06+00:00,22.13938091,,,,
2022-09-04 12:20:08+00:00,21.33292663,,,,
2022-09-04 12:20:10+00:00,20.39791528,,,,
2022-09-04 12:20:12+00:00,19.38382175,,,,
2022-09-04 12:20:14+00:00,18.31777842,,,,
2022-09-04 12:20:16+00:00,17.2157821,,,,
2022-09-04 12:20:18+00:00,15.9773159,,,,
2022-09-04 12:20:20+00:00,15.33069078,,,,
2022-09-04 12:20:22+00:00,15.70174576,,,,
2022-09-04 12:20:24+00:00,16.14774896,,,,
2022-09-04 12:20:26+00:00,15.93104663,,,,
2022-09-04 12:20:28+00:00,14.69034844,,,,
2022-09-04 12:20:30+00:00,13.92357938,,,,
2022-09-04 12:20:32+00:00,13.27583426,,,,
2022-09-04 12:20:34+00:00,12.90346341,,,,
2022-09-04 12:20:36+00:00,12.92048,,,,
2022-09-04 12:20:38+00:00,14.2156662,,,,
2022-09-04 12:20:40+00:00,15.65170358,,,,
2022-09-04 12:20:42+00:00,15.60445628,,,,
2022-09-04 12:20:44+00:00,15.51061133,,,,
2022-09-04 12:20:46+00:00,16.07003588,,,,
2022-09-04 12:20:48+00:00,16.4869847,,,,
2022-09-04 12:20:50+00:00,16.83077657,,,,
2022-09-04 12:20:52+00:00,16.08171227,,,,
2022-09-04 12:20:54+00:00,15.24064105,,,,
2022-09-04 12:20:56+00:00,14.81659932,,,,
2022-09-04 12:20:58+00:00,14.82269805,,,,
2022-09-04 12:21:00+00:00,15.46822409,,,,
2022-09-04 12:21:02+00:00,16.03051975,,,,
2022-09-04 12:21:04+00:00,16.59834087,,,,
2022-09-04 12:21:06+00:00,17.60498215,,,,
2022-09-04 12:21:08+00:00,18.03931379,,,,
2022-09-04 12:21:10+00:00,18.29150645,,,,
2022-09-04 12:21:12+00:00,18.65680554,,,,
2022-09-04 12:21:14+00:00,19.38876423,,,,
2022-09-04 12:21:16+00:00,20.08494233,,,,
2022-09-04 12:21:18+00:00,20.52676565,,,,
2022-09-04 12:21:20+00:00,20.71336278,,,,
2022-09-04 12:21:22+00:00,20.39831561,,,,
2022-09-04 12:21:24+00:00,18.9619668,,,,
2022-09-04 12:21:26+00:00,17.45482812,,,,
2022-09-04 12:21:28+00:00,16.89835366,,,,
2022-09-04 12:21:30+00:00,18.75918609,,,,
2022-09-04 12:21:32+00:00,19.62427325,,,,
2022-09-04 12:21:34+00:00,18.92934718,,,,
2022-09-04 12:21:36+00:00,16.51033408,,,,
2022-09-04 12:21:38+00:00,12.43459689,,,,
2022-09-04 12:21:40+00:00,8.962105122,,,,
2022-09-04 12:21:42+00:00,7.68545882,,,,
2022-09-04 12:21:44+00:00,7.355594086,,,,
2022-09-04 12:21:46+00:00,7.4725888,,,,
2022-09-04 12:21:48+00:00,7.818656169,,,,
2022-09-04 12:21:50+00:00,7.833194348,,,,
2022-09-04 12:21:52+00:00,7.564756687,,,,
2022-09-04 12:21:54+00:00,6.221262706,,,,
2022-09-04 12:21:56+00:00,6.048739228,,,,
2022-09-04 12:21:58+00:00,6.985812069,,,,
2022-09-04 12:22:00+00:00,11.36835785,,,,
2022-09-04 12:22:02+00:00,16.2798442,,,,
2022-09-04 12:22:04+00:00,19.41444664,,,,
2022-09-04 12:22:06+00:00,20.70037821,,,,
2022-09-04 12:22:08+00:00,20.86944237,,,,
2022-09-04 12:22:10+00:00,21.16625702,,,,
2022-09-04 12:22:12+00:00,21.49256564,,,,
2022-09-04 12:22:14+00:00,21.81109335,,,,
2022-09-04 12:22:16+00:00,22.11016948,,,,
2022-09-04 12:22:18+00:00,22.38835552,,,,
2022-09-04 12:22:20+00:00,22.64788203,,,,
2022-09-04 12:22:22+00:00,22.89193767,,,,
2022-09-04 12:22:24+00:00,23.12362188,,,,
2022-09-04 12:22:26+00:00,23.4687581,,,,
2022-09-04 12:22:28+00:00,24.49769149,,,,
2022-09-04 12:22:30+00:00,25.40044858,,,,
2022-09-04 12:22:32+00:00,25.47716168,,,,
2022-09-04 12:22:34+00:00,25.20801001,,,,
2022-09-04 12:22:36+00:00,24.69310988,,,,
2022-09-04 12:22:38+00:00,23.44381879,,,,
2022-09-04 12:22:40+00:00,21.95205722,,,,
2022-09-04 12:22:42+00:00,21.35090174,,,,
2022-09-04 12:22:44+00:00,21.18899183,,,,
2022-09-04 12:22:46+00:00,21.25554612,,,,
2022-09-04 12:22:48+00:00,21.44909245,,,,
2022-09-04 12:22:50+00:00,21.71856666,,,,
2022-09-04 12:22:52+00:00,22.03670632,,,,
2022-09-04 12:22:54+00:00,22.38789799,,,,
2022-09-04 12:22:56+00:00,22.7625251,,,,
2022-09-04 12:22:58+00:00,23.15426387,,,,
2022-09-04 12:23:00+00:00,23.55873437,,,,
2022-09-04 12:23:02+00:00,23.97278844,,,,
2022-09-04 12:23:04+00:00,24.39410695,,,,
2022-09-04 12:23:06+00:00,24.82095488,,,,
2022-09-04 12:23:08+00:00,25.25202185,,,,
2022-09-04 12:23:10+00:00,24.96690847,,,,
2022-09-04 12:23:12+00:00,24.72587659,,,,
2022-09-04 12:23:14+00:00,24.47387487,,,,
2022-09-04 12:23:16+00:00,23.69882808,,,,
2022-09-04 12:23:18+00:00,24.05050989,,,,
2022-09-04 12:23:20+00:00,24.326863,,,,
2022-09-04 12:23:22+00:00,24.87552704,,,,
2022-09-04 12:23:24+00:00,24.99426597,,,,
2022-09-04 12:23:26+00:00,23.87545847,,,,
2022-09-04 12:23:28+00:00,22.00020907,,,,
2022-09-04 12:23:30+00:00,22.26731573,,,,
2022-09-04 12:23:32+00:00,22.69709738,,,,
2022-09-04 12:23:34+00:00,23.77715796,,,,
2022-09-04 12:23:36+00:00,24.16949655,,,,
2022-09-04 12:23:38+00:00,23.20358704,,,,
2022-09-04 12:23:40+00:00,21.89597369,,,,
2022-09-04 12:23:42+00:00,20.72634653,,,,
2022-09-04 12:23:44+00:00,19.60648904,,,,
2022-09-04 12:23:46+00:00,18.60628809,,,,
2022-09-04 12:23:48+00:00,19.34481639,,,,
2022-09-04 12:23:50+00:00,19.67530249,,,,
2022-09-04 12:23:52+00:00,19.49297807,,,,
2022-09-04 12:23:54+00:00,19.05888773,,,,
2022-09-04 12:23:56+00:00,18.49464115,,,,
2022-09-04 12:23:58+00:00,17.85856684,,,,
2022-09-04 12:24:00+00:00,17.17986526,,,,
2022-09-04 12:24:02+00:00,16.47402311,,,,
2022-09-04 12:24:04+00:00,15.74984408,,,,
2022-09-04 12:24:06+00:00,15.01271151,,,,
2022-09-04 12:24:08+00:00,14.26614387,,,,
2022-09-04 12:24:10+00:00,13.51256695,,,,
2022-09-04 12:24:12+00:00,12.75371886,,,,
2022-09-04 12:24:14+00:00,11.99087738,,,,
2022-09-04 12:24:16+00:00,11.2249973,,,,
2022-09-04 12:24:18+00:00,10.45679916,,,,
2022-09-04 12:24:20+00:00,10.29949932,,,,
2022-09-04 12:24:22+00:00,13.2506222,,,,
2022-09-04 12:24:24+00:00,15.18666981,,,,
2022-09-04 12:24:26+00:00,16.85656407,,,,
2022-09-04 12:24:28+00:00,18.90684353,,,,
2022-09-04 12:24:30+00:00,20.85329407,,,,
2022-09-04 12:24:32+00:00,21.34757402,,,,
2022-09-04 12:24:34+00:00,20.14889488,,,,
2022-09-04 12:24:36+00:00,17.71738407,,,,
2022-09-04 12:24:38+00:00,15.57589809,,,,
2022-09-04 12:24:40+00:00,11.10084669,,,,
2022-09-04 12:24:42+00:00,7.495371729,,,,
2022-09-04 12:24:44+00:00,5.512694694,,,,
2022-09-04 12:24:46+00:00,5.731557887,,,,
2022-09-04 12:24:48+00:00,6.814839735,,,,
2022-09-04 12:24:50+00:00,5.735784634,,,,
2022-09-04 12:24:52+00:00,4.625717538,,,,
2022-09-04 12:24:54+00:00,3.706512736,,,,
2022-09-04 12:24:56+00:00,3.331317256,,,,
2022-09-04 12:24:58+00:00,3.506617415,,,,
2022-09-04 12:25:00+00:00,3.975580132,,,,
2022-09-04 12:25:02+00:00,4.612573505,,,,
2022-09-04 12:25:04+00:00,5.352968797,,,,
2022-09-04 12:25:06+00:00,6.161310494,,,,
2022-09-04 12:25:08+00:00,7.016686684,,,,
2022-09-04 12:25:10+00:00,7.933857226,,,,
2022-09-04 12:25:12+00:00,9.218784542,,,,
2022-09-04 12:25:14+00:00,9.819560433,,,,
2022-09-04 12:25:16+00:00,10.25484002,,,,
2022-09-04 12:25:18+00:00,11.0107737,,,,
2022-09-04 12:25:20+00:00,11.82656705,,,,
2022-09-04 12:25:22+00:00,12.39177802,,,,
2022-09-04 12:25:24+00:00,12.75854379,,,,
2022-09-04 12:25:26+00:00,13.01997031,,,,
2022-09-04 12:25:28+00:00,13.22145548,,,,
2022-09-04 12:25:30+00:00,13.38625208,,,,
2022-09-04 12:25:32+00:00,13.52704967,,,,
2022-09-04 12:25:34+00:00,13.65129108,,,,
2022-09-04 12:25:36+00:00,13.76366472,,,,
2022-09-04 12:25:38+00:00,13.86731121,,,,
2022-09-04 12:25:40+00:00,13.96443559,,,,
2022-09-04 12:25:42+00:00,14.05663742,,,,
2022-09-04 12:25:44+00:00,14.41127809,,,,
2022-09-04 12:25:46+00:00,14.22825676,,,,
2022-09-04 12:25:48+00:00,14.93359107,,,,
2022-09-04 12:25:50+00:00,15.16048724,,,,
2022-09-04 12:25:52+00:00,15.37719402,,,,
2022-09-04 12:25:54+00:00,15.55617489,,,,
2022-09-04 12:25:56+00:00,15.08994074,,,,
2022-09-04 12:25:58+00:00,14.72194517,,,,
2022-09-04 12:26:00+00:00,15.0552316,,,,
2022-09-04 12:26:02+00:00,15.40549161,,,,
2022-09-04 12:26:04+00:00,16.25573309,,,,
2022-09-04 12:26:06+00:00,16.67134654,,,,
2022-09-04 12:26:08+00:00,15.8454251,,,,
2022-09-04 12:26:10+00:00,14.64768988,,,,
2022-09-04 12:26:12+00:00,13.88183985,,,,
2022-09-04 12:26:14+00:00,13.61963436,,,,
2022-09-04 12:26:16+00:00,13.60994445,,,,
2022-09-04 12:26:18+00:00,13.73443687,,,,
2022-09-04 12:26:20+00:00,13.9353738,,,,
2022-09-04 12:26:22+00:00,14.18315463,,,,
2022-09-04 12:26:24+00:00,14.46160746,,,,
2022-09-04 12:26:26+00:00,14.7612356,,,,
2022-09-04 12:26:28+00:00,15.07605035,,,,
2022-09-04 12:26:30+00:00,15.40203644,,,,
2022-09-04 12:26:32+00:00,15.73637298,,,,
2022-09-04 12:26:34+00:00,16.07701279,,,,
2022-09-04 12:26:36+00:00,16.4224385,,,,
2022-09-04 12:26:38+00:00,17.7003592,,,,
2022-09-04 12:26:40+00:00,20.41391044,,,,
2022-09-04 12:26:42+00:00,20.84813746,,,,
2022-09-04 12:26:44+00:00,21.0371482,,,,
2022-09-04 12:26:46+00:00,20.75254401,,,,
2022-09-04 12:26:48+00:00,19.99718078,,,,
2022-09-04 12:26:50+00:00,19.41078538,,,,
2022-09-04 12:26:52+00:00,19.327776,,,,
2022-09-04 12:26:54+00:00,19.33037142,,,,
2022-09-04 12:26:56+00:00,19.06454997,,,,
2022-09-04 12:26:58+00:00,18.83178565,,,,
2022-09-04 12:27:00+00:00,19.66882778,,,,
2022-09-04 12:27:02+00:00,19.78594267,,,,
2022-09-04 12:27:04+00:00,19.47584339,,,,
2022-09-04 12:27:06+00:00,19.03069459,,,,
2022-09-04 12:27:08+00:00,19.41555004,,,,
2022-09-04 12:27:10+00:00,20.26364972,,,,
2022-09-04 12:27:12+00:00,20.96707647,,,,
2022-09-04 12:27:14+00:00,21.03605721,,,,
2022-09-04 12:27:16+00:00,21.00411613,,,,
2022-09-04 12:27:18+00:00,21.15813841,,,,
2022-09-04 12:27:20+00:00,21.07921825,,,,
2022-09-04 12:27:22+00:00,20.54850693,,,,
2022-09-04 12:27:24+00:00,19.88674541,,,,
2022-09-04 12:27:26+00:00,19.30058019,,,,
2022-09-04 12:27:28+00:00,18.79067065,,,,
2022-09-04 12:27:30+00:00,18.13005369,,,,
2022-09-04 12:27:32+00:00,17.27507634,,,,
2022-09-04 12:27:34+00:00,16.29828765,,,,
2022-09-04 12:27:36+00:00,16.18888113,,,,
2022-09-04 12:27:38+00:00,16.91082946,,,,
2022-09-04 12:27:40+00:00,17.64964484,,,,
2022-09-04 12:27:42+00:00,19.2759373,,,,
2022-09-04 12:27:44+00:00,20.58446164,,,,
2022-09-04 12:27:46+00:00,21.22289246,,,,
2022-09-04 12:27:48+00:00,21.32337424,,,,
2022-09-04 12:27:50+00:00,20.98644952,,,,
2022-09-04 12:27:52+00:00,20.63313882,,,,
2022-09-04 12:27:54+00:00,20.41417301,,,,
2022-09-04 12:27:56+00:00,19.92019337,,,,
2022-09-04 12:27:58+00:00,19.81390974,,,,
2022-09-04 12:28:00+00:00,19.75031506,,,,
2022-09-04 12:28:02+00:00,19.71665501,,,,
2022-09-04 12:28:04+00:00,19.69979602,,,,
2022-09-04 12:28:06+00:00,19.69308137,,,,
2022-09-04 12:28:08+00:00,19.69292507,,,,
2022-09-04 12:28:10+00:00,19.69725292,,,,
2022-09-04 12:28:12+00:00,19.60170382,,,,
2022-09-04 12:28:14+00:00,19.1177604,,,,
2022-09-04 12:28:16+00:00,18.49328307,,,,
2022-09-04 12:28:18+00:00,18.19655775,,,,
2022-09-04 12:28:20+00:00,18.47797442,,,,
2022-09-04 12:28:22+00:00,18.1259251,,,,
2022-09-04 12:28:24+00:00,17.8990882,,,,
2022-09-04 12:28:26+00:00,17.65342562,,,,
2022-09-04 12:28:28+00:00,17.67850064,,,,
2022-09-04 12:28:30+00:00,17.82545751,,,,
2022-09-04 12:28:32+00:00,17.40854472,,,,
2022-09-04 12:28:34+00:00,16.50309722,,,,
2022-09-04 12:28:36+00:00,16.20298611,,,,
2022-09-04 12:28:38+00:00,15.80496573,,,,
2022-09-04 12:28:40+00:00,15.12974624,,,,
2022-09-04 12:28:42+00:00,14.8070171,,,,
2022-09-04 12:28:44+00:00,13.00925461,,,,
2022-09-04 12:28:46+00:00,11.81170679,,,,
2022-09-04 12:28:48+00:00,12.42361064,,,,
2022-09-04 12:28:50+00:00,13.47513904,,,,
2022-09-04 12:28:52+00:00,14.09208372,,,,
2022-09-04 12:28:54+00:00,14.50510955,,,,
2022-09-04 12:28:56+00:00,14.85177943,,,,
2022-09-04 12:28:58+00:00,15.38176178,,,,
2022-09-04 12:29:00+00:00,15.73948819,,,,
2022-09-04 12:29:02+00:00,14.44004159,,,,
2022-09-04 12:29:04+00:00,13.72146754,,,,
2022-09-04 12:29:06+00:00,13.26486584,,,,
2022-09-04 12:29:08+00:00,13.54916294,,,,
2022-09-04 12:29:10+00:00,15.40063692,,,,
2022-09-04 12:29:12+00:00,16.76612152,,,,
2022-09-04 12:29:14+00:00,18.48272893,,,,
2022-09-04 12:29:16+00:00,19.5965282,,,,
2022-09-04 12:29:18+00:00,19.35452307,,,,
2022-09-04 12:29:20+00:00,18.61623099,,,,
2022-09-04 12:29:22+00:00,17.13566403,,,,
2022-09-04 12:29:24+00:00,16.42162249,,,,
2022-09-04 12:29:26+00:00,15.59219917,,,,
2022-09-04 12:29:28+00:00,13.20289725,,,,
2022-09-04 12:29:30+00:00,12.95957699,,,,
2022-09-04 12:29:32+00:00,15.07159601,,,,
2022-09-04 12:29:34+00:00,16.36807175,,,,
2022-09-04 12:29:36+00:00,16.30291328,,,,
2022-09-04 12:29:38+00:00,16.16134411,,,,
2022-09-04 12:29:40+00:00,16.21007959,,,,
2022-09-04 12:29:42+00:00,16.3493686,,,,
2022-09-04 12:29:44+00:00,16.93026294,,,,
2022-09-04 12:29:46+00:00,16.65294623,,,,
2022-09-04 12:29:48+00:00,16.51118747,,,,
2022-09-04 12:29:50+00:00,15.50543092,,,,
2022-09-04 12:29:52+00:00,14.73510174,,,,
2022-09-04 12:29:54+00:00,15.3009053,,,,
2022-09-04 12:29:56+00:00,15.29404697,,,,
2022-09-04 12:29:58+00:00,15.1958217,,,,
2022-09-04 12:30:00+00:00,15.42527521,,,,
2022-09-04 12:30:02+00:00,14.74595793,,,,
2022-09-04 12:30:04+00:00,15.43763669,,,,
2022-09-04 12:30:06+00:00,17.07782122,,,,
2022-09-04 12:30:08+00:00,18.96102881,,,,
2022-09-04 12:30:10+00:00,18.56156966,,,,
2022-09-04 12:30:12+00:00,17.3263132,,,,
2022-09-04 12:30:14+00:00,16.17816085,,,,
2022-09-04 12:30:16+00:00,15.83540751,,,,
2022-09-04 12:30:18+00:00,14.70448873,,,,
2022-09-04 12:30:20+00:00,15.16886939,,,,
2022-09-04 12:30:22+00:00,15.83479545,,,,
2022-09-04 12:30:24+00:00,16.55462504,,,,
2022-09-04 12:30:26+00:00,17.52011067,,,,
2022-09-04 12:30:28+00:00,17.81047332,,,,
2022-09-04 12:30:30+00:00,17.61037189,,,,
2022-09-04 12:30:32+00:00,16.60607715,,,,
2022-09-04 12:30:34+00:00,15.45471334,,,,
2022-09-04 12:30:36+00:00,15.43149319,,,,
2022-09-04 12:30:38+00:00,15.69900163,,,,
2022-09-04 12:30:40+00:00,16.12636713,,,,
2022-09-04 12:30:42+00:00,16.65641419,,,,
2022-09-04 12:30:44+00:00,17.55788235,,,,
2022-09-04 12:30:46+00:00,18.46468631,,,,
2022-09-04 12:30:48+00:00,18.5492976,,,,
2022-09-04 12:30:50+00:00,18.05456582,,,,
2022-09-04 12:30:52+00:00,17.73753133,,,,
2022-09-04 12:30:54+00:00,16.75981673,,,,
2022-09-04 12:30:56+00:00,16.50168771,,,,
2022-09-04 12:30:58+00:00,15.56777822,,,,
2022-09-04 12:31:00+00:00,14.89334137,,,,
2022-09-04 12:31:02+00:00,15.7882125,,,,
2022-09-04 12:31:04+00:00,16.00730418,,,,
2022-09-04 12:31:06+00:00,16.83721764,,,,
2022-09-04 12:31:08+00:00,16.31832479,,,,
2022-09-04 12:31:10+00:00,16.43762104,,,,
2022-09-04 12:31:12+00:00,16.251233,,,,
2022-09-04 12:31:14+00:00,16.00421124,,,,
2022-09-04 12:31:16+00:00,15.07777356,,,,
2022-09-04 12:31:18+00:00,14.8185673,,,,
2022-09-04 12:31:20+00:00,15.46621839,,,,
2022-09-04 12:31:22+00:00,15.38948789,,,,
2022-09-04 12:31:24+00:00,14.51030947,,,,
2022-09-04 12:31:26+00:00,13.77513555,,,,
2022-09-04 12:31:28+00:00,13.79182434,,,,
2022-09-04 12:31:30+00:00,14.94423437,,,,
2022-09-04 12:31:32+00:00,16.33555171,,,,
2022-09-04 12:31:34+00:00,16.60305487,,,,
2022-09-04 12:31:36+00:00,16.48326582,,,,
2022-09-04 12:31:38+00:00,15.41884986,,,,
2022-09-04 12:31:40+00:00,14.71774002,,,,
2022-09-04 12:31:42+00:00,14.37662886,,,,
2022-09-04 12:31:44+00:00,14.31094318,,,,
2022-09-04 12:31:46+00:00,14.85689607,,,,
2022-09-04 12:31:48+00:00,15.55421129,,,,
2022-09-04 12:31:50+00:00,15.41151673,,,,
2022-09-04 12:31:52+00:00,16.2797947,,,,
2022-09-04 12:31:54+00:00,16.54346463,,,,
2022-09-04 12:31:56+00:00,17.39863036,,,,
2022-09-04 12:31:58+00:00,18.48133384,,,,
2022-09-04 12:32:00+00:00,18.02898635,,,,
2022-09-04 12:32:02+00:00,17.1143612,,,,
2022-09-04 12:32:04+00:00,16.68718131,,,,
2022-09-04 12:32:06+00:00,15.273251,,,,
2022-09-04 12:32:08+00:00,14.73702155,,,,
2022-09-04 12:32:10+00:00,15.3142549,,,,
2022-09-04 12:32:12+00:00,14.07884972,,,,
2022-09-04 12:32:14+00:00,13.00872274,,,,
2022-09-04 12:32:16+00:00,11.23469653,,,,
2022-09-04 12:32:18+00:00,11.20320456,,,,
2022-09-04 12:32:20+00:00,12.61742545,,,,
2022-09-04 12:32:22+00:00,13.61308683,,,,
2022-09-04 12:32:24+00:00,14.11969319,,,,
2022-09-04 12:32:26+00:00,14.39302776,,,,
2022-09-04 12:32:28+00:00,14.78493041,,,,
2022-09-04 12:32:30+00:00,15.41245669,,,,
2022-09-04 12:32:32+00:00,15.74335011,,,,
2022-09-04 12:32:34+00:00,16.73804678,,,,
2022-09-04 12:32:36+00:00,18.07329958,,,,
2022-09-04 12:32:38+00:00,19.38905716,,,,
2022-09-04 12:32:40+00:00,20.44659049,,,,
2022-09-04 12:32:42+00:00,21.70088953,,,,
2022-09-04 12:32:44+00:00,21.32004213,,,,
2022-09-04 12:32:46+00:00,19.20091148,,,,
2022-09-04 12:32:48+00:00,14.56847057,,,,
2022-09-04 12:32:50+00:00,11.17357176,,,,
2022-09-04 12:32:52+00:00,8.950512651,,,,
2022-09-04 12:32:54+00:00,7.485238286,,,,
2022-09-04 12:32:56+00:00,8.013728829,,,,
2022-09-04 12:32:58+00:00,9.92867585,,,,
2022-09-04 12:33:00+00:00,12.41482156,,,,
2022-09-04 12:33:02+00:00,15.2506791,,,,
2022-09-04 12:33:04+00:00,18.31534601,,,,
2022-09-04 12:33:06+00:00,21.36043901,,,,
2022-09-04 12:33:08+00:00,24.55370516,,,,
2022-09-04 12:33:10+00:00,25.14824731,,,,
2022-09-04 12:33:12+00:00,24.36968084,,,,
2022-09-04 12:33:14+00:00,23.65738033,,,,
2022-09-04 12:33:16+00:00,22.93120946,,,,
2022-09-04 12:33:18+00:00,22.8481848,,,,
2022-09-04 12:33:20+00:00,23.43180513,,,,
2022-09-04 12:33:22+00:00,22.48656936,,,,
2022-09-04 12:33:24+00:00,21.93731709,,,,
2022-09-04 12:33:26+00:00,22.04986183,,,,
2022-09-04 12:33:28+00:00,22.32747213,,,,
2022-09-04 12:33:30+00:00,22.64805756,,,,
2022-09-04 12:33:32+00:00,22.663409,,,,
2022-09-04 12:33:34+00:00,21.95266804,,,,
2022-09-04 12:33:36+00:00,21.26864258,,,,
2022-09-04 12:33:38+00:00,20.75025048,,,,
2022-09-04 12:33:40+00:00,20.30814925,,,,
2022-09-04 12:33:42+00:00,19.90200394,,,,
2022-09-04 12:33:44+00:00,19.6829563,,,,
2022-09-04 12:33:46+00:00,18.70628432,,,,
2022-09-04 12:33:48+00:00,17.54378252,,,,
2022-09-04 12:33:50+00:00,17.48233107,,,,
2022-09-04 12:33:52+00:00,19.20234614,,,,
2022-09-04 12:33:54+00:00,20.59147981,,,,
2022-09-04 12:33:56+00:00,22.0196347,,,,
2022-09-04 12:33:58+00:00,22.65859955,,,,
2022-09-04 12:34:00+00:00,22.52272827,,,,
2022-09-04 12:34:02+00:00,22.4721703,,,,
2022-09-04 12:34:04+00:00,22.88303813,,,,
2022-09-04 12:34:06+00:00,23.41017048,,,,
2022-09-04 12:34:08+00:00,23.77134262,,,,
2022-09-04 12:34:10+00:00,23.42618124,,,,
2022-09-04 12:34:12+00:00,22.77714439,,,,
2022-09-04 12:34:14+00:00,21.42233007,,,,
2022-09-04 12:34:16+00:00,20.60689888,,,,
2022-09-04 12:34:18+00:00,20.22682956,,,,
2022-09-04 12:34:20+00:00,21.44622573,,,,
2022-09-04 12:34:22+00:00,21.70042143,,,,
2022-09-04 12:34:24+00:00,21.95078037,,,,
2022-09-04 12:34:26+00:00,22.49935992,,,,
2022-09-04 12:34:28+00:00,22.41344603,,,,
2022-09-04 12:34:30+00:00,21.82222108,,,,
2022-09-04 12:34:32+00:00,21.55635533,,,,
2022-09-04 12:34:34+00:00,21.87811169,,,,
2022-09-04 12:34:36+00:00,22.25689618,,,,
2022-09-04 12:34:38+00:00,22.65893186,,,,
2022-09-04 12:34:40+00:00,22.94957266,,,,
2022-09-04 12:34:42+00:00,23.20352691,,,,
2022-09-04 12:34:44+00:00,23.44005558,,,,
2022-09-04 12:34:46+00:00,23.48648171,,,,
2022-09-04 12:34:48+00:00,23.19116469,,,,
2022-09-04 12:34:50+00:00,23.7992628,,,,
2022-09-04 12:34:52+00:00,24.36623939,,,,
2022-09-04 12:34:54+00:00,24.18403359,,,,
2022-09-04 12:34:56+00:00,23.50760155,,,,
2022-09-04 12:34:58+00:00,22.30481037,,,,
2022-09-04 12:35:00+00:00,21.86192014,,,,
2022-09-04 12:35:02+00:00,21.79104455,,,,
2022-09-04 12:35:04+00:00,21.91175509,,,,
2022-09-04 12:35:06+00:00,22.13770985,,,,
2022-09-04 12:35:08+00:00,22.42582492,,,,
2022-09-04 12:35:10+00:00,22.93507678,,,,
2022-09-04 12:35:12+00:00,22.50036148,,,,
2022-09-04 12:35:14+00:00,22.22297379,,,,
2022-09-04 12:35:16+00:00,22.9694998,,,,
2022-09-04 12:35:18+00:00,23.76467447,,,,
2022-09-04 12:35:20+00:00,23.81737525,,,,
2022-09-04 12:35:22+00:00,24.54635826,,,,
2022-09-04 12:35:24+00:00,24.34911832,,,,
2022-09-04 12:35:26+00:00,24.13114454,,,,
2022-09-04 12:35:28+00:00,23.96696276,,,,
2022-09-04 12:35:30+00:00,23.95067138,,,,
2022-09-04 12:35:32+00:00,23.65300565,,,,
2022-09-04 12:35:34+00:00,22.96969504,,,,
2022-09-04 12:35:36+00:00,22.74393809,,,,
2022-09-04 12:35:38+00:00,22.77274413,,,,
2022-09-04 12:35:40+00:00,22.65297707,,,,
2022-09-04 12:35:42+00:00,23.61219995,,,,
2022-09-04 12:35:44+00:00,24.44533656,,,,
2022-09-04 12:35:46+00:00,25.45594165,,,,
2022-09-04 12:35:48+00:00,24.81362737,,,,
2022-09-04 12:35:50+00:00,22.91031895,,,,
2022-09-04 12:35:52+00:00,20.33512386,,,,
2022-09-04 12:35:54+00:00,17.37598753,,,,
2022-09-04 12:35:56+00:00,13.26319623,,,,
2022-09-04 12:35:58+00:00,8.86964274,,,,
2022-09-04 12:36:00+00:00,6.719601816,,,,
2022-09-04 12:36:02+00:00,6.204574378,,,,
2022-09-04 12:36:04+00:00,6.487433472,,,,
2022-09-04 12:36:06+00:00,7.221509128,,,,
2022-09-04 12:36:08+00:00,8.230085103,,,,
2022-09-04 12:36:10+00:00,9.417286557,,,,
2022-09-04 12:36:12+00:00,10.72723089,,,,
2022-09-04 12:36:14+00:00,12.12492034,,,,
2022-09-04 12:36:16+00:00,13.58702081,,,,
2022-09-04 12:36:18+00:00,15.99475685,,,,
2022-09-04 12:36:20+00:00,17.17583237,,,,
2022-09-04 12:36:22+00:00,17.24783128,,,,
2022-09-04 12:36:24+00:00,18.86319663,,,,
2022-09-04 12:36:26+00:00,20.50556792,,,,
2022-09-04 12:36:28+00:00,20.92662205,,,,
2022-09-04 12:36:30+00:00,20.749556,,,,
2022-09-04 12:36:32+00:00,20.45226842,,,,
2022-09-04 12:36:34+00:00,20.43494811,,,,
2022-09-04 12:36:36+00:00,19.75169136,,,,
2022-09-04 12:36:38+00:00,19.00539355,,,,
2022-09-04 12:36:40+00:00,18.55154763,,,,
2022-09-04 12:36:42+00:00,18.31590391,,,,
2022-09-04 12:36:44+00:00,18.1891696,,,,
2022-09-04 12:36:46+00:00,18.11997388,,,,
2022-09-04 12:36:48+00:00,18.08334439,,,,
2022-09-04 12:36:50+00:00,18.38390116,,,,
2022-09-04 12:36:52+00:00,17.79285349,,,,
2022-09-04 12:36:54+00:00,15.92980947,,,,
2022-09-04 12:36:56+00:00,15.04118388,,,,
2022-09-04 12:36:58+00:00,15.40399394,,,,
2022-09-04 12:37:00+00:00,15.1826801,,,,
2022-09-04 12:37:02+00:00,16.77167919,,,,
2022-09-04 12:37:04+00:00,18.51441163,,,,
2022-09-04 12:37:06+00:00,19.16803782,,,,
2022-09-04 12:37:08+00:00,20.10263486,,,,
2022-09-04 12:37:10+00:00,22.0185123,,,,
2022-09-04 12:37:12+00:00,22.72458445,,,,
2022-09-04 12:37:14+00:00,22.97025859,,,,
2022-09-04 12:37:16+00:00,22.17408279,,,,
2022-09-04 12:37:18+00:00,21.22810941,,,,
2022-09-04 12:37:20+00:00,20.95919103,,,,
2022-09-04 12:37:22+00:00,20.80803941,,,,
2022-09-04 12:37:24+00:00,20.12026741,,,,
2022-09-04 12:37:26+00:00,18.69045948,,,,
2022-09-04 12:37:28+00:00,17.31415201,,,,
2022-09-04 12:37:30+00:00,16.72888945,,,,
2022-09-04 12:37:32+00:00,16.57126242,,,,
2022-09-04 12:37:34+00:00,16.63927282,,,,
2022-09-04 12:37:36+00:00,16.83480532,,,,
2022-09-04 12:37:38+00:00,17.10786901,,,,
2022-09-04 12:37:40+00:00,17.43135789,,,,
2022-09-04 12:37:42+00:00,18.15237546,,,,
2022-09-04 12:37:44+00:00,19.69575616,,,,
2022-09-04 12:37:46+00:00,20.47529332,,,,
2022-09-04 12:37:48+00:00,20.81709851,,,,
2022-09-04 12:37:50+00:00,20.93549942,,,,
2022-09-04 12:37:52+00:00,20.93251613,,,,
2022-09-04 12:37:54+00:00,20.85866902,,,,
2022-09-04 12:37:56+00:00,20.74037612,,,,
2022-09-04 12:37:58+00:00,20.59241411,,,,
2022-09-04 12:38:00+00:00,20.42367433,,,,
2022-09-04 12:38:02+00:00,20.23988775,,,,
2022-09-04 12:38:04+00:00,20.0449637,,,,
2022-09-04 12:38:06+00:00,19.84168264,,,,
2022-09-04 12:38:08+00:00,19.78145385,,,,
2022-09-04 12:38:10+00:00,19.93963634,,,,
2022-09-04 12:38:12+00:00,19.9323951,,,,
2022-09-04 12:38:14+00:00,19.65162962,,,,
2022-09-04 12:38:16+00:00,19.67956668,,,,
2022-09-04 12:38:18+00:00,19.99330654,,,,
2022-09-04 12:38:20+00:00,20.56118999,,,,
2022-09-04 12:38:22+00:00,21.13281083,,,,
2022-09-04 12:38:24+00:00,21.71902201,,,,
2022-09-04 12:38:26+00:00,22.31920492,,,,
2022-09-04 12:38:28+00:00,22.93132982,,,,
2022-09-04 12:38:30+00:00,23.55315109,,,,
2022-09-04 12:38:32+00:00,24.18264205,,,,
2022-09-04 12:38:34+00:00,24.19602786,,,,
2022-09-04 12:38:36+00:00,23.22020413,,,,
2022-09-04 12:38:38+00:00,22.25504308,,,,
2022-09-04 12:38:40+00:00,20.52882816,,,,
2022-09-04 12:38:42+00:00,18.39341108,,,,
2022-09-04 12:38:44+00:00,17.2090507,,,,
2022-09-04 12:38:46+00:00,16.71546487,,,,
2022-09-04 12:38:48+00:00,16.6295991,,,,
2022-09-04 12:38:50+00:00,17.74804766,,,,
2022-09-04 12:38:52+00:00,19.3638434,,,,
2022-09-04 12:38:54+00:00,20.25159984,,,,
2022-09-04 12:38:56+00:00,20.49298573,,,,
2022-09-04 12:38:58+00:00,20.01583939,,,,
2022-09-04 12:39:00+00:00,19.52988342,,,,
2022-09-04 12:39:02+00:00,19.532924,,,,
2022-09-04 12:39:04+00:00,21.42153625,,,,
2022-09-04 12:39:06+00:00,24.05114673,,,,
2022-09-04 12:39:08+00:00,24.7310484,,,,
2022-09-04 12:39:10+00:00,24.57091316,,,,
2022-09-04 12:39:12+00:00,23.96855081,,,,
2022-09-04 12:39:14+00:00,24.54031959,,,,
2022-09-04 12:39:16+00:00,25.36008818,,,,
2022-09-04 12:39:18+00:00,24.76518198,,,,
2022-09-04 12:39:20+00:00,23.86915722,,,,
2022-09-04 12:39:22+00:00,23.27390089,,,,
2022-09-04 12:39:24+00:00,20.89495505,,,,
2022-09-04 12:39:26+00:00,20.31247412,,,,
2022-09-04 12:39:28+00:00,21.31181124,,,,
2022-09-04 12:39:30+00:00,21.20375261,,,,
2022-09-04 12:39:32+00:00,21.39837946,,,,
2022-09-04 12:39:34+00:00,20.61895307,,,,
2022-09-04 12:39:36+00:00,21.42138875,,,,
2022-09-04 12:39:38+00:00,21.70987353,,,,
2022-09-04 12:39:40+00:00,20.94248204,,,,
2022-09-04 12:39:42+00:00,20.52212634,,,,
2022-09-04 12:39:44+00:00,20.82260135,,,,
2022-09-04 12:39:46+00:00,20.2232576,,,,
2022-09-04 12:39:48+00:00,19.08361924,,,,
2022-09-04 12:39:50+00:00,16.32044605,,,,
2022-09-04 12:39:52+00:00,14.27613112,,,,
2022-09-04 12:39:54+00:00,13.00280202,,,,
2022-09-04 12:39:56+00:00,11.55714533,,,,
2022-09-04 12:39:58+00:00,8.010550516,,,,
2022-09-04 12:40:00+00:00,5.262328516,,,,
2022-09-04 12:40:02+00:00,3.681095616,,,,
2022-09-04 12:40:04+00:00,2.755790374,,,,
2022-09-04 12:40:06+00:00,2.132644357,,,,
2022-09-04 12:40:08+00:00,1.646923965,,,,
2022-09-04 12:40:10+00:00,1.323200884,,,,
2022-09-04 12:40:12+00:00,1.073222082,,,,
2022-09-04 12:40:14+00:00,0.883396559,,,,
2022-09-04 12:40:16+00:00,0.905590058,,,,
2022-09-04 12:40:18+00:00,0.82144539,,,,
2022-09-04 12:40:20+00:00,0.680905878,,,,
2022-09-04 12:40:22+00:00,0.572069619,,,,
2022-09-04 12:40:24+00:00,0.52603641,,,,
2022-09-04 12:40:26+00:00,0.615336341,,,,
2022-09-04 12:40:28+00:00,0.586163704,,,,
2022-09-04 12:40:30+00:00,0.581601005,,,,
2022-09-04 12:40:32+00:00,0.550537872,,,,
2022-09-04 12:40:34+00:00,0.539543576,,,,
2022-09-04 12:40:36+00:00,0.703799392,,,,
2022-09-04 12:40:38+00:00,0.614405617,,,,
2022-09-04 12:40:40+00:00,0.480965337,,,,
2022-09-04 12:40:42+00:00,0.450818297,,,,
2022-09-04 12:40:44+00:00,0.534661713,,,,
2022-09-04 12:40:46+00:00,0.660230604,,,,
2022-09-04 12:40:48+00:00,0.650074714,,,,
2022-09-04 12:40:50+00:00,0.659796662,,,,
2022-09-04 12:40:52+00:00,0.908152134,,,,
2022-09-04 12:40:54+00:00,0.914616327,,,,
2022-09-04 12:40:56+00:00,0.972594273,,,,
2022-09-04 12:40:58+00:00,1.055665046,,,,
2022-09-04 12:41:00+00:00,1.151570899,,,,
2022-09-04 12:41:02+00:00,1.254469558,,,,
2022-09-04 12:41:04+00:00,1.361462504,,,,
2022-09-04 12:41:06+00:00,1.471030328,,,,
2022-09-04 12:41:08+00:00,1.582320735,,,,
2022-09-04 12:41:10+00:00,1.694819416,,,,
2022-09-04 12:41:12+00:00,1.808194034,,,,
2022-09-04 12:41:14+00:00,1.922217449,,,,
2022-09-04 12:41:16+00:00,2.036727891,,,,
2022-09-04 12:41:18+00:00,2.151606898,,,,
2022-09-04 12:41:20+00:00,2.26676617,,,,
2022-09-04 12:41:22+00:00,2.382139168,,,,
2022-09-04 12:41:24+00:00,2.49767542,,,,
2022-09-04 12:41:26+00:00,2.613336497,,,,
2022-09-04 12:41:28+00:00,2.729093067,,,,
2022-09-04 12:41:30+00:00,2.844922716,,,,
2022-09-04 12:41:32+00:00,2.9608083,,,,
2022-09-04 12:41:34+00:00,3.076736705,,,,
2022-09-04 12:41:36+00:00,3.19269789,,,,
2022-09-04 12:41:38+00:00,3.308684172,,,,
2022-09-04 12:41:40+00:00,3.424689668,,,,
2022-09-04 12:41:42+00:00,3.540709874,,,,
2022-09-04 12:41:44+00:00,3.656741343,,,,
2022-09-04 12:41:46+00:00,3.772781434,,,,
2022-09-04 12:41:48+00:00,3.888828128,,,,
2022-09-04 12:41:50+00:00,4.004879876,,,,
2022-09-04 12:41:52+00:00,4.120935494,,,,
2022-09-04 12:41:54+00:00,4.236994074,,,,
2022-09-04 12:41:56+00:00,4.353054924,,,,
2022-09-04 12:41:58+00:00,4.469117509,,,,
2022-09-04 12:42:00+00:00,4.585181425,,,,
2022-09-04 12:42:02+00:00,4.701246359,,,,
2022-09-04 12:42:04+00:00,4.817312072,,,,
2022-09-04 12:42:06+00:00,4.933378382,,,,
2022-09-04 12:42:08+00:00,5.049445149,,,,
2022-09-04 12:42:10+00:00,5.165512265,,,,
2022-09-04 12:42:12+00:00,5.28157965,,,,
2022-09-04 12:42:14+00:00,5.397647239,,,,
2022-09-04 12:42:16+00:00,5.513714986,,,,
2022-09-04 12:42:18+00:00,5.629782853,,,,
2022-09-04 12:42:20+00:00,5.745850811,,,,
2022-09-04 12:42:22+00:00,5.861918841,,,,
2022-09-04 12:42:24+00:00,5.977986924,,,,
2022-09-04 12:42:26+00:00,6.094055048,,,,
2022-09-04 12:42:28+00:00,6.210123204,,,,
2022-09-04 12:42:30+00:00,6.326191385,,,,
2022-09-04 12:42:32+00:00,6.442259583,,,,
2022-09-04 12:42:34+00:00,6.558327796,,,,
2022-09-04 12:42:36+00:00,6.67439602,,,,
2022-09-04 12:42:38+00:00,6.790464253,,,,
2022-09-04 12:42:40+00:00,6.906532491,,,,
2022-09-04 12:42:42+00:00,7.022600735,,,,
2022-09-04 12:42:44+00:00,7.138668982,,,,
2022-09-04 12:42:46+00:00,7.254737232,,,,
2022-09-04 12:42:48+00:00,7.370805484,,,,
2022-09-04 12:42:50+00:00,7.486873738,,,,
2022-09-04 12:42:52+00:00,7.602941993,,,,
2022-09-04 12:42:54+00:00,7.719010249,,,,
2022-09-04 12:42:56+00:00,7.835078506,,,,
2022-09-04 12:42:58+00:00,7.951146764,,,,
2022-09-04 12:43:00+00:00,8.067215022,,,,
2022-09-04 12:43:02+00:00,8.18328328,,,,
2022-09-04 12:43:04+00:00,8.299351539,,,,
2022-09-04 12:43:06+00:00,8.415419797,,,,
2022-09-04 12:43:08+00:00,8.531488056,,,,
2022-09-04 12:43:10+00:00,8.647556315,,,,
2022-09-04 12:43:12+00:00,8.763624574,,,,
2022-09-04 12:43:14+00:00,8.879692833,,,,
2022-09-04 12:43:16+00:00,8.995761093,,,,
2022-09-04 12:43:18+00:00,9.111829352,,,,
2022-09-04 12:43:20+00:00,9.227897611,,,,
2022-09-04 12:43:22+00:00,9.343965871,,,,
2022-09-04 12:43:24+00:00,9.46003413,,,,
2022-09-04 12:43:26+00:00,9.576102389,,,,
2022-09-04 12:43:28+00:00,9.692170649,,,,
2022-09-04 12:43:30+00:00,9.808238908,,,,
2022-09-04 12:43:32+00:00,9.924307167,,,,
2022-09-04 12:43:34+00:00,10.04037543,,,,
2022-09-04 12:43:36+00:00,10.15644369,,,,
2022-09-04 12:43:38+00:00,10.27251195,,,,
2022-09-04 12:43:40+00:00,10.3885802,,,,
2022-09-04 12:43:42+00:00,10.50464846,,,,
2022-09-04 12:43:44+00:00,10.62071672,,,,
2022-09-04 12:43:46+00:00,10.73678498,,,,
2022-09-04 12:43:48+00:00,10.85285324,,,,
2022-09-04 12:43:50+00:00,10.9689215,,,,
2022-09-04 12:43:52+00:00,11.08498976,,,,
2022-09-04 12:43:54+00:00,11.20105802,,,,
2022-09-04 12:43:56+00:00,11.31712628,,,,
2022-09-04 12:43:58+00:00,11.43319454,,,,
2022-09-04 12:44:00+00:00,11.5492628,,,,
2022-09-04 12:44:02+00:00,11.66533106,,,,
2022-09-04 12:44:04+00:00,11.78139932,,,,
2022-09-04 12:44:06+00:00,11.89746758,,,,
2022-09-04 12:44:08+00:00,12.01353584,,,,
2022-09-04 12:44:10+00:00,12.1296041,,,,
2022-09-04 12:44:12+00:00,12.24567235,,,,
2022-09-04 12:44:14+00:00,12.36174061,,,,
2022-09-04 12:44:16+00:00,12.47780887,,,,
2022-09-04 12:44:18+00:00,12.59387713,,,,
2022-09-04 12:44:20+00:00,12.70994539,,,,
2022-09-04 12:44:22+00:00,12.82601365,,,,
2022-09-04 12:44:24+00:00,12.94208191,,,,
2022-09-04 12:44:26+00:00,13.05815017,,,,
2022-09-04 12:44:28+00:00,13.17421843,,,,
2022-09-04 12:44:30+00:00,13.29028669,,,,
2022-09-04 12:44:32+00:00,13.40635495,,,,
2022-09-04 12:44:34+00:00,13.52242321,,,,
2022-09-04 12:44:36+00:00,13.63849147,,,,
2022-09-04 12:44:38+00:00,13.75455973,,,,
2022-09-04 12:44:40+00:00,13.87062799,,,,
2022-09-04 12:44:42+00:00,13.98669625,,,,
2022-09-04 12:44:44+00:00,14.10276451,,,,
2022-09-04 12:44:46+00:00,14.21883276,,,,
2022-09-04 12:44:48+00:00,14.33490102,,,,
2022-09-04 12:44:50+00:00,14.45096928,,,,
2022-09-04 12:44:52+00:00,14.56703754,,,,
2022-09-04 12:44:54+00:00,14.6831058,,,,
2022-09-04 12:44:56+00:00,14.79917406,,,,
2022-09-04 12:44:58+00:00,14.91524232,,,,
2022-09-04 12:45:00+00:00,15.03131058,,,,
2022-09-04 12:45:02+00:00,15.14737884,,,,
2022-09-04 12:45:04+00:00,15.2634471,,,,
2022-09-04 12:45:06+00:00,15.37951536,,,,
2022-09-04 12:45:08+00:00,15.49558362,,,,
2022-09-04 12:45:10+00:00,15.61165188,,,,
2022-09-04 12:45:12+00:00,15.72772014,,,,
2022-09-04 12:45:14+00:00,15.8437884,,,,
2022-09-04 12:45:16+00:00,15.95985666,,,,
2022-09-04 12:45:18+00:00,16.07592491,,,,
2022-09-04 12:45:20+00:00,16.19199317,,,,
2022-09-04 12:45:22+00:00,16.30806143,,,,
2022-09-04 12:45:24+00:00,16.42412969,,,,
2022-09-04 12:45:26+00:00,16.54019795,,,,
2022-09-04 12:45:28+00:00,16.65626621,,,,
2022-09-04 12:45:30+00:00,16.77233447,,,,
2022-09-04 12:45:32+00:00,16.88840273,,,,
2022-09-04 12:45:34+00:00,17.00447099,,,,
2022-09-04 12:45:36+00:00,17.12053925,,,,
2022-09-04 12:45:38+00:00,17.23660751,,,,
2022-09-04 12:45:40+00:00,17.35267577,,,,
2022-09-04 12:45:42+00:00,17.46874403,,,,
2022-09-04 12:45:44+00:00,17.58481229,,,,
2022-09-04 12:45:46+00:00,17.65162628,,,,
2022-09-04 12:45:48+00:00,16.60287414,,,,
2022-09-04 12:45:50+00:00,14.3497023,,,,
2022-09-04 12:45:52+00:00,13.39966523,,,,
2022-09-04 12:45:54+00:00,15.01271356,,,,
2022-09-04 12:45:56+00:00,13.88530724,,,,
2022-09-04 12:45:58+00:00,14.04925571,,,,
2022-09-04 12:46:00+00:00,17.88330731,,,,
2022-09-04 12:46:02+00:00,19.81805048,,,,
2022-09-04 12:46:04+00:00,19.48324818,,,,
2022-09-04 12:46:06+00:00,18.07683695,,,,
2022-09-04 12:46:08+00:00,18.24288666,,,,
2022-09-04 12:46:10+00:00,19.36073256,,,,
2022-09-04 12:46:12+00:00,19.54229655,,,,
2022-09-04 12:46:14+00:00,19.08385263,,,,
2022-09-04 12:46:16+00:00,19.35349854,,,,
2022-09-04 12:46:18+00:00,19.77020376,,,,
2022-09-04 12:46:20+00:00,20.415129,,,,
2022-09-04 12:46:22+00:00,21.15120656,,,,
2022-09-04 12:46:24+00:00,21.16940571,,,,
2022-09-04 12:46:26+00:00,21.12069608,,,,
2022-09-04 12:46:28+00:00,21.26099755,,,,
2022-09-04 12:46:30+00:00,21.51092531,,,,
2022-09-04 12:46:32+00:00,21.81598143,,,,
2022-09-04 12:46:34+00:00,22.1504433,,,,
2022-09-04 12:46:36+00:00,22.50172923,,,,
2022-09-04 12:46:38+00:00,22.86336729,,,,
2022-09-04 12:46:40+00:00,23.23180732,,,,
2022-09-04 12:46:42+00:00,23.60495558,,,,
2022-09-04 12:46:44+00:00,23.75083218,,,,
2022-09-04 12:46:46+00:00,23.07421531,,,,
2022-09-04 12:46:48+00:00,21.94740167,,,,
2022-09-04 12:46:50+00:00,20.5713666,,,,
2022-09-04 12:46:52+00:00,19.04694826,,,,
2022-09-04 12:46:54+00:00,17.42778035,,,,
2022-09-04 12:46:56+00:00,15.74445042,,,,
2022-09-04 12:46:58+00:00,14.01572118,,,,
2022-09-04 12:47:00+00:00,12.2538885,,,,
2022-09-04 12:47:02+00:00,10.46744676,,,,
2022-09-04 12:47:04+00:00,8.662490706,,,,
2022-09-04 12:47:06+00:00,6.843504959,,,,
2022-09-04 12:47:08+00:00,5.013842324,,,,
2022-09-04 12:47:10+00:00,3.292553902,,,,
2022-09-04 12:47:12+00:00,2.462714922,,,,
2022-09-04 12:47:14+00:00,2.376931925,,,,
2022-09-04 12:47:16+00:00,2.69103062,,,,
2022-09-04 12:47:18+00:00,3.235828218,,,,
2022-09-04 12:47:20+00:00,3.923716654,,,,
2022-09-04 12:47:22+00:00,4.706253231,,,,
2022-09-04 12:47:24+00:00,5.55463,,,,
2022-09-04 12:47:26+00:00,6.450471314,,,,
2022-09-04 12:47:28+00:00,7.381344069,,,,
2022-09-04 12:47:30+00:00,8.338456171,,,,
2022-09-04 12:47:32+00:00,9.315399283,,,,
2022-09-04 12:47:34+00:00,10.30741063,,,,
2022-09-04 12:47:36+00:00,11.31090753,,,,
2022-09-04 12:47:38+00:00,12.32317537,,,,
2022-09-04 12:47:40+00:00,13.34214837,,,,
2022-09-04 12:47:42+00:00,14.36625053,,,,
2022-09-04 12:47:44+00:00,15.39427771,,,,
2022-09-04 12:47:46+00:00,16.42530909,,,,
2022-09-04 12:47:48+00:00,17.45864018,,,,
2022-09-04 12:47:50+00:00,18.69618246,,,,
2022-09-04 12:47:52+00:00,19.79090226,,,,
2022-09-04 12:47:54+00:00,20.65853318,,,,
2022-09-04 12:47:56+00:00,21.10318886,,,,
2022-09-04 12:47:58+00:00,22.45212176,,,,
2022-09-04 12:48:00+00:00,23.30806571,,,,
2022-09-04 12:48:02+00:00,22.18582628,,,,
2022-09-04 12:48:04+00:00,21.74759034,,,,
2022-09-04 12:48:06+00:00,21.44864673,,,,
2022-09-04 12:48:08+00:00,20.99794282,,,,
2022-09-04 12:48:10+00:00,20.37270032,,,,
2022-09-04 12:48:12+00:00,18.73235301,,,,
2022-09-04 12:48:14+00:00,17.41768539,,,,
2022-09-04 12:48:16+00:00,17.53382209,,,,
2022-09-04 12:48:18+00:00,18.53809316,,,,
2022-09-04 12:48:20+00:00,19.32611425,,,,
2022-09-04 12:48:22+00:00,19.63200585,,,,
2022-09-04 12:48:24+00:00,19.5463432,,,,
2022-09-04 12:48:26+00:00,19.48743067,,,,
2022-09-04 12:48:28+00:00,19.18527068,,,,
2022-09-04 12:48:30+00:00,18.01913064,,,,
2022-09-04 12:48:32+00:00,15.59698438,,,,
2022-09-04 12:48:34+00:00,12.41688283,,,,
2022-09-04 12:48:36+00:00,9.131212487,,,,
2022-09-04 12:48:38+00:00,6.359691092,,,,
2022-09-04 12:48:40+00:00,4.357915006,,,,
2022-09-04 12:48:42+00:00,3.087172405,,,,
2022-09-04 12:48:44+00:00,2.29148928,,,,
2022-09-04 12:48:46+00:00,1.825104578,,,,
2022-09-04 12:48:48+00:00,1.701312486,,,,
2022-09-04 12:48:50+00:00,2.707767891,,,,
2022-09-04 12:48:52+00:00,5.316470439,,,,
2022-09-04 12:48:54+00:00,7.486926023,,,,
2022-09-04 12:48:56+00:00,9.2233945,,,,
2022-09-04 12:48:58+00:00,9.559073726,,,,
2022-09-04 12:49:00+00:00,10.04456435,,,,
2022-09-04 12:49:02+00:00,11.11545295,,,,
2022-09-04 12:49:04+00:00,12.91783003,,,,
2022-09-04 12:49:06+00:00,15.06939019,,,,
2022-09-04 12:49:08+00:00,14.86079562,,,,
2022-09-04 12:49:10+00:00,15.7040661,,,,
2022-09-04 12:49:12+00:00,16.95068078,,,,
2022-09-04 12:49:14+00:00,16.11997491,,,,
2022-09-04 12:49:16+00:00,16.17447409,,,,
2022-09-04 12:49:18+00:00,15.53221764,,,,
2022-09-04 12:49:20+00:00,15.59141454,,,,
2022-09-04 12:49:22+00:00,15.64317582,,,,
2022-09-04 12:49:24+00:00,16.06794844,,,,
2022-09-04 12:49:26+00:00,17.45805833,,,,
2022-09-04 12:49:28+00:00,18.90834508,,,,
2022-09-04 12:49:30+00:00,19.424113,,,,
2022-09-04 12:49:32+00:00,18.64172764,,,,
2022-09-04 12:49:34+00:00,18.53671184,,,,
2022-09-04 12:49:36+00:00,17.29938461,,,,
2022-09-04 12:49:38+00:00,17.58437769,,,,
2022-09-04 12:49:40+00:00,19.31729491,,,,
2022-09-04 12:49:42+00:00,19.57119536,,,,
2022-09-04 12:49:44+00:00,19.30530097,,,,
2022-09-04 12:49:46+00:00,20.24438279,,,,
2022-09-04 12:49:48+00:00,22.79235038,,,,
2022-09-04 12:49:50+00:00,23.3798215,,,,
2022-09-04 12:49:52+00:00,23.57909186,,,,
2022-09-04 12:49:54+00:00,23.2577153,,,,
2022-09-04 12:49:56+00:00,20.54057215,,,,
2022-09-04 12:49:58+00:00,17.64628922,,,,
2022-09-04 12:50:00+00:00,14.3516667,,,,
2022-09-04 12:50:02+00:00,12.94409052,,,,
2022-09-04 12:50:04+00:00,12.47351958,,,,
2022-09-04 12:50:06+00:00,12.76809867,,,,
2022-09-04 12:50:08+00:00,12.62151204,,,,
2022-09-04 12:50:10+00:00,13.05414332,,,,
2022-09-04 12:50:12+00:00,13.66187072,,,,
2022-09-04 12:50:14+00:00,14.79245452,,,,
2022-09-04 12:50:16+00:00,16.91823288,,,,
2022-09-04 12:50:18+00:00,16.76420352,,,,
2022-09-04 12:50:20+00:00,16.9425429,,,,
2022-09-04 12:50:22+00:00,17.26277303,,,,
2022-09-04 12:50:24+00:00,17.64935441,,,,
2022-09-04 12:50:26+00:00,18.06794316,,,,
2022-09-04 12:50:28+00:00,19.22286488,,,,
2022-09-04 12:50:30+00:00,20.79790271,,,,
2022-09-04 12:50:32+00:00,20.04994908,,,,
2022-09-04 12:50:34+00:00,19.96875621,,,,
2022-09-04 12:50:36+00:00,18.98335254,,,,
2022-09-04 12:50:38+00:00,17.18893837,,,,
2022-09-04 12:50:40+00:00,14.77872734,,,,
2022-09-04 12:50:42+00:00,12.65306429,,,,
2022-09-04 12:50:44+00:00,11.95165148,,,,
2022-09-04 12:50:46+00:00,12.18425084,,,,
2022-09-04 12:50:48+00:00,8.660866568,,,,
2022-09-04 12:50:50+00:00,5.836053531,,,,
2022-09-04 12:50:52+00:00,4.075231708,,,,
2022-09-04 12:50:54+00:00,2.963267375,,,,
2022-09-04 12:50:56+00:00,2.385267267,,,,
2022-09-04 12:50:58+00:00,2.172859166,,,,
2022-09-04 12:51:00+00:00,1.907719539,,,,
2022-09-04 12:51:02+00:00,1.515232851,,,,
2022-09-04 12:51:04+00:00,1.440715742,,,,
2022-09-04 12:51:06+00:00,2.790724364,,,,
2022-09-04 12:51:08+00:00,6.441549646,,,,
2022-09-04 12:51:10+00:00,9.238038416,,,,
2022-09-04 12:51:12+00:00,13.27219973,,,,
2022-09-04 12:51:14+00:00,16.43530501,,,,
2022-09-04 12:51:16+00:00,17.8443341,,,,
2022-09-04 12:51:18+00:00,19.16017897,,,,
2022-09-04 12:51:20+00:00,21.58178343,,,,
2022-09-04 12:51:22+00:00,23.66273607,,,,
2022-09-04 12:51:24+00:00,24.81712758,,,,
2022-09-04 12:51:26+00:00,24.23019037,,,,
2022-09-04 12:51:28+00:00,23.91491265,,,,
2022-09-04 12:51:30+00:00,23.58941806,,,,
2022-09-04 12:51:32+00:00,22.69203734,,,,
2022-09-04 12:51:34+00:00,21.63119459,,,,
2022-09-04 12:51:36+00:00,21.282662,,,,
2022-09-04 12:51:38+00:00,22.01007166,,,,
2022-09-04 12:51:40+00:00,22.38556284,,,,
2022-09-04 12:51:42+00:00,21.92485981,,,,
2022-09-04 12:51:44+00:00,19.51368398,,,,
2022-09-04 12:51:46+00:00,19.18885974,,,,
2022-09-04 12:51:48+00:00,20.12912358,,,,
2022-09-04 12:51:50+00:00,20.41265733,,,,
2022-09-04 12:51:52+00:00,19.38830198,,,,
2022-09-04 12:51:54+00:00,17.72084313,,,,
2022-09-04 12:51:56+00:00,15.6373654,,,,
2022-09-04 12:51:58+00:00,11.8290077,,,,
2022-09-04 12:52:00+00:00,8.519581155,,,,
2022-09-04 12:52:02+00:00,7.983657217,,,,
2022-09-04 12:52:04+00:00,9.906870093,,,,
2022-09-04 12:52:06+00:00,12.67088653,,,,
2022-09-04 12:52:08+00:00,15.76709613,,,,
2022-09-04 12:52:10+00:00,19.23072265,,,,
2022-09-04 12:52:12+00:00,21.5201716,,,,
2022-09-04 12:52:14+00:00,22.50769328,,,,
2022-09-04 12:52:16+00:00,23.03730795,,,,
2022-09-04 12:52:18+00:00,23.31248014,,,,
2022-09-04 12:52:20+00:00,23.43557482,,,,
2022-09-04 12:52:22+00:00,23.46122629,,,,
2022-09-04 12:52:24+00:00,23.4207133,,,,
2022-09-04 12:52:26+00:00,23.33329447,,,,
2022-09-04 12:52:28+00:00,23.21163063,,,,
2022-09-04 12:52:30+00:00,23.06448894,,,,
2022-09-04 12:52:32+00:00,22.89817012,,,,
2022-09-04 12:52:34+00:00,22.71731518,,,,
2022-09-04 12:52:36+00:00,22.52539607,,,,
2022-09-04 12:52:38+00:00,22.32503487,,,,
2022-09-04 12:52:40+00:00,22.11822304,,,,
2022-09-04 12:52:42+00:00,21.90647817,,,,
2022-09-04 12:52:44+00:00,21.69095898,,,,
2022-09-04 12:52:46+00:00,21.47255119,,,,
2022-09-04 12:52:48+00:00,21.25193232,,,,
2022-09-04 12:52:50+00:00,21.02962083,,,,
2022-09-04 12:52:52+00:00,20.80601351,,,,
2022-09-04 12:52:54+00:00,20.58141412,,,,
2022-09-04 12:52:56+00:00,20.3560552,,,,
2022-09-04 12:52:58+00:00,20.13011477,,,,
2022-09-04 12:53:00+00:00,19.90372912,,,,
2022-09-04 12:53:02+00:00,19.67700261,,,,
2022-09-04 12:53:04+00:00,19.45001512,,,,
2022-09-04 12:53:06+00:00,19.22282783,,,,
2022-09-04 12:53:08+00:00,18.99548756,,,,
2022-09-04 12:53:10+00:00,18.76803016,,,,
2022-09-04 12:53:12+00:00,18.54048309,,,,
2022-09-04 12:53:14+00:00,18.31286737,,,,
2022-09-04 12:53:16+00:00,18.08519908,,,,
2022-09-04 12:53:18+00:00,17.85749054,,,,
2022-09-04 12:53:20+00:00,17.6297512,,,,
2022-09-04 12:53:22+00:00,17.40198826,,,,
2022-09-04 12:53:24+00:00,17.17420726,,,,
2022-09-04 12:53:26+00:00,16.94641244,,,,
2022-09-04 12:53:28+00:00,16.75384702,,,,
2022-09-04 12:53:30+00:00,17.0815544,,,,
2022-09-04 12:53:32+00:00,15.8262698,,,,
2022-09-04 12:53:34+00:00,15.26139129,,,,
2022-09-04 12:53:36+00:00,14.09824453,,,,
2022-09-04 12:53:38+00:00,13.71933637,,,,
2022-09-04 12:53:40+00:00,14.58869708,,,,
2022-09-04 12:53:42+00:00,16.20024295,,,,
2022-09-04 12:53:44+00:00,16.67331373,,,,
2022-09-04 12:53:46+00:00,16.14593064,,,,
2022-09-04 12:53:48+00:00,14.48695168,,,,
2022-09-04 12:53:50+00:00,13.68036617,,,,
2022-09-04 12:53:52+00:00,13.5368137,,,,
2022-09-04 12:53:54+00:00,13.54375587,,,,
2022-09-04 12:53:56+00:00,13.78281659,,,,
2022-09-04 12:53:58+00:00,13.0891962,,,,
2022-09-04 12:54:00+00:00,13.40830504,,,,
2022-09-04 12:54:02+00:00,11.85894471,,,,
2022-09-04 12:54:04+00:00,8.804610304,,,,
2022-09-04 12:54:06+00:00,6.700461688,,,,
2022-09-04 12:54:08+00:00,5.153260724,,,,
2022-09-04 12:54:10+00:00,3.879177985,,,,
2022-09-04 12:54:12+00:00,2.987043571,,,,
2022-09-04 12:54:14+00:00,2.307323756,,,,
2022-09-04 12:54:16+00:00,1.700493261,,,,
2022-09-04 12:54:18+00:00,2.037125602,,,,
2022-09-04 12:54:20+00:00,3.292128238,,,,
2022-09-04 12:54:22+00:00,5.644924938,,,,
2022-09-04 12:54:24+00:00,8.250242269,,,,
2022-09-04 12:54:26+00:00,9.907940232,,,,
2022-09-04 12:54:28+00:00,13.19757788,,,,
2022-09-04 12:54:30+00:00,15.00095051,,,,
2022-09-04 12:54:32+00:00,16.1877348,,,,
2022-09-04 12:54:34+00:00,17.4647619,,,,
2022-09-04 12:54:36+00:00,18.7473733,,,,
2022-09-04 12:54:38+00:00,18.86000323,,,,
2022-09-04 12:54:40+00:00,17.8039116,,,,
2022-09-04 12:54:42+00:00,17.0952461,,,,
2022-09-04 12:54:44+00:00,18.32365948,,,,
2022-09-04 12:54:46+00:00,18.91094517,,,,
2022-09-04 12:54:48+00:00,17.63567279,,,,
2022-09-04 12:54:50+00:00,17.68247688,,,,
2022-09-04 12:54:52+00:00,18.05686548,,,,
2022-09-04 12:54:54+00:00,18.48692669,,,,
2022-09-04 12:54:56+00:00,18.89028866,,,,
2022-09-04 12:54:58+00:00,18.96564638,,,,
2022-09-04 12:55:00+00:00,18.83174514,,,,
2022-09-04 12:55:02+00:00,18.5866509,,,,
2022-09-04 12:55:04+00:00,18.2782116,,,,
2022-09-04 12:55:06+00:00,17.93095687,,,,
2022-09-04 12:55:08+00:00,17.5582877,,,,
2022-09-04 12:55:10+00:00,17.16807332,,,,
2022-09-04 12:55:12+00:00,16.88583848,,,,
2022-09-04 12:55:14+00:00,16.86789307,,,,
2022-09-04 12:55:16+00:00,16.73041292,,,,
2022-09-04 12:55:18+00:00,16.53600703,,,,
2022-09-04 12:55:20+00:00,16.31339205,,,,
2022-09-04 12:55:22+00:00,16.0760127,,,,
2022-09-04 12:55:24+00:00,15.83036633,,,,
2022-09-04 12:55:26+00:00,15.5797403,,,,
2022-09-04 12:55:28+00:00,14.6011918,,,,
2022-09-04 12:55:30+00:00,13.84551664,,,,
2022-09-04 12:55:32+00:00,15.29497136,,,,
2022-09-04 12:55:34+00:00,15.27907253,,,,
2022-09-04 12:55:36+00:00,14.59005411,,,,
2022-09-04 12:55:38+00:00,14.61940191,,,,
2022-09-04 12:55:40+00:00,14.92029952,,,,
2022-09-04 12:55:42+00:00,13.79967013,,,,
2022-09-04 12:55:44+00:00,12.78422113,,,,
2022-09-04 12:55:46+00:00,11.96070449,,,,
2022-09-04 12:55:48+00:00,10.66837011,,,,
2022-09-04 12:55:50+00:00,9.837983315,,,,
2022-09-04 12:55:52+00:00,10.36663165,,,,
2022-09-04 12:55:54+00:00,11.89033251,,,,
2022-09-04 12:55:56+00:00,13.38809368,,,,
2022-09-04 12:55:58+00:00,14.90700716,,,,
2022-09-04 12:56:00+00:00,16.4603431,,,,
2022-09-04 12:56:02+00:00,18.04813496,,,,
2022-09-04 12:56:04+00:00,18.66459518,,,,
2022-09-04 12:56:06+00:00,17.42164997,,,,
2022-09-04 12:56:08+00:00,16.69731142,,,,
2022-09-04 12:56:10+00:00,16.47660185,,,,
2022-09-04 12:56:12+00:00,19.14601467,,,,
2022-09-04 12:56:14+00:00,21.70740671,,,,
2022-09-04 12:56:16+00:00,21.93105833,,,,
2022-09-04 12:56:18+00:00,21.34100337,,,,
2022-09-04 12:56:20+00:00,22.17445472,,,,
2022-09-04 12:56:22+00:00,22.60297965,,,,
2022-09-04 12:56:24+00:00,21.9678571,,,,
2022-09-04 12:56:26+00:00,19.97664304,,,,
2022-09-04 12:56:28+00:00,16.89405591,,,,
2022-09-04 12:56:30+00:00,13.9885893,,,,
2022-09-04 12:56:32+00:00,11.10470361,,,,
2022-09-04 12:56:34+00:00,8.202886138,,,,
2022-09-04 12:56:36+00:00,5.461401442,,,,
2022-09-04 12:56:38+00:00,3.837503684,,,,
2022-09-04 12:56:40+00:00,2.833648238,,,,
2022-09-04 12:56:42+00:00,2.11407309,,,,
2022-09-04 12:56:44+00:00,1.654551891,,,,
2022-09-04 12:56:46+00:00,1.307448511,,,,
2022-09-04 12:56:48+00:00,1.067762919,,,,
2022-09-04 12:56:50+00:00,0.986682025,,,,
2022-09-04 12:56:52+00:00,0.97160736,,,,
2022-09-04 12:56:54+00:00,1.260362245,,,,
2022-09-04 12:56:56+00:00,1.644113615,,,,
2022-09-04 12:56:58+00:00,1.918576718,,,,
2022-09-04 12:57:00+00:00,1.847280736,,,,
2022-09-04 12:57:02+00:00,1.598759785,,,,
2022-09-04 12:57:04+00:00,1.331292615,,,,
2022-09-04 12:57:06+00:00,1.183111171,,,,
2022-09-04 12:57:08+00:00,1.420699885,,,,
2022-09-04 12:57:10+00:00,1.099100747,,,,
2022-09-04 12:57:12+00:00,0.994399381,,,,
2022-09-04 12:57:14+00:00,0.964678163,,,,
2022-09-04 12:57:16+00:00,0.967684724,,,,
2022-09-04 12:57:18+00:00,0.745603008,,,,
2022-09-04 12:57:20+00:00,0.951991477,,,,
2022-09-04 12:57:22+00:00,1.098940746,,,,
2022-09-04 12:57:24+00:00,1.036550991,,,,
2022-09-04 12:57:26+00:00,1.023270233,,,,
2022-09-04 12:57:28+00:00,1.116210691,,,,
2022-09-04 12:57:30+00:00,1.75499633,,,,
2022-09-04 12:57:32+00:00,3.597012407,,,,
2022-09-04 12:57:34+00:00,4.615490221,,,,
2022-09-04 12:57:36+00:00,5.443538632,,,,
2022-09-04 12:57:38+00:00,6.427031846,,,,
2022-09-04 12:57:40+00:00,7.617339626,,,,
2022-09-04 12:57:42+00:00,9.911012982,,,,
2022-09-04 12:57:44+00:00,12.12455466,,,,
2022-09-04 12:57:46+00:00,14.43638898,,,,
2022-09-04 12:57:48+00:00,15.78146251,,,,
2022-09-04 12:57:50+00:00,15.65217904,,,,
2022-09-04 12:57:52+00:00,15.98124677,,,,
2022-09-04 12:57:54+00:00,16.1137672,,,,
2022-09-04 12:57:56+00:00,16.35965169,,,,
2022-09-04 12:57:58+00:00,18.32840773,,,,
2022-09-04 12:58:00+00:00,18.25439316,,,,
2022-09-04 12:58:02+00:00,18.06772937,,,,
2022-09-04 12:58:04+00:00,18.73747623,,,,
2022-09-04 12:58:06+00:00,16.99784024,,,,
2022-09-04 12:58:08+00:00,18.18833907,,,,
2022-09-04 12:58:10+00:00,18.37445772,,,,
2022-09-04 12:58:12+00:00,18.56237599,,,,
2022-09-04 12:58:14+00:00,18.82453187,,,,
2022-09-04 12:58:16+00:00,19.28048093,,,,
2022-09-04 12:58:18+00:00,18.96150514,,,,
2022-09-04 12:58:20+00:00,19.25709171,,,,
2022-09-04 12:58:22+00:00,19.92035401,,,,
2022-09-04 12:58:24+00:00,19.53042842,,,,
2022-09-04 12:58:26+00:00,19.52927296,,,,
2022-09-04 12:58:28+00:00,19.01054736,,,,
2022-09-04 12:58:30+00:00,19.25149655,,,,
2022-09-04 12:58:32+00:00,20.75551009,,,,
2022-09-04 12:58:34+00:00,21.38728335,,,,
2022-09-04 12:58:36+00:00,21.40583423,,,,
2022-09-04 12:58:38+00:00,20.86474118,,,,
2022-09-04 12:58:40+00:00,20.19154357,,,,
2022-09-04 12:58:42+00:00,19.17117465,,,,
2022-09-04 12:58:44+00:00,18.50046908,,,,
2022-09-04 12:58:46+00:00,19.41617138,,,,
2022-09-04 12:58:48+00:00,19.07867971,,,,
2022-09-04 12:58:50+00:00,18.58070863,,,,
2022-09-04 12:58:52+00:00,18.81089703,,,,
2022-09-04 12:58:54+00:00,19.13816031,,,,
2022-09-04 12:58:56+00:00,19.27621861,,,,
2022-09-04 12:58:58+00:00,20.98561623,,,,
2022-09-04 12:59:00+00:00,22.13210706,,,,
2022-09-04 12:59:02+00:00,22.4961768,,,,
2022-09-04 12:59:04+00:00,22.38250738,,,,
2022-09-04 12:59:06+00:00,22.42240796,,,,
2022-09-04 12:59:08+00:00,22.97901807,,,,
2022-09-04 12:59:10+00:00,23.71504537,,,,
2022-09-04 12:59:12+00:00,24.54831871,,,,
2022-09-04 12:59:14+00:00,25.83383985,,,,
2022-09-04 12:59:16+00:00,28.58436268,,,,
2022-09-04 12:59:18+00:00,27.45134059,,,,
2022-09-04 12:59:20+00:00,25.31200921,,,,
2022-09-04 12:59:22+00:00,23.46989525,,,,
2022-09-04 12:59:24+00:00,24.24938053,,,,
2022-09-04 12:59:26+00:00,25.41119229,,,,
2022-09-04 12:59:28+00:00,26.96300077,,,,
2022-09-04 12:59:30+00:00,27.29676015,,,,
2022-09-04 12:59:32+00:00,28.48104457,,,,
2022-09-04 12:59:34+00:00,28.94822757,,,,
2022-09-04 12:59:36+00:00,28.89094076,,,,
2022-09-04 12:59:38+00:00,27.47656442,,,,
2022-09-04 12:59:40+00:00,23.98125176,,,,
2022-09-04 12:59:42+00:00,19.08750321,,,,
2022-09-04 12:59:44+00:00,15.00484443,,,,
2022-09-04 12:59:46+00:00,10.58498601,,,,
2022-09-04 12:59:48+00:00,7.02102385,,,,
2022-09-04 12:59:50+00:00,4.866445081,,,,
2022-09-04 12:59:52+00:00,3.797544352,,,,
2022-09-04 12:59:54+00:00,3.265849266,,,,
2022-09-04 12:59:56+00:00,2.524184454,,,,
2022-09-04 12:59:58+00:00,1.928152966,,,,
2022-09-04 13:00:00+00:00,1.784608445,,,,
2022-09-04 13:00:02+00:00,3.202288376,,,,
2022-09-04 13:00:04+00:00,3.696270387,,,,
2022-09-04 13:00:06+00:00,2.983399198,,,,
2022-09-04 13:00:08+00:00,2.26772612,,,,
2022-09-04 13:00:10+00:00,1.78641122,,,,
2022-09-04 13:00:12+00:00,1.415056078,,,,
2022-09-04 13:00:14+00:00,1.053690082,,,,
2022-09-04 13:00:16+00:00,0.862119785,,,,
2022-09-04 13:00:18+00:00,0.688802489,,,,
2022-09-04 13:00:20+00:00,0.787034474,,,,
2022-09-04 13:00:22+00:00,0.784690522,,,,
2022-09-04 13:00:24+00:00,0.735407182,,,,
2022-09-04 13:00:26+00:00,0.744870597,,,,
2022-09-04 13:00:28+00:00,1.139425344,,,,
2022-09-04 13:00:30+00:00,3.431716715,,,,
2022-09-04 13:00:32+00:00,5.323352748,,,,
2022-09-04 13:00:34+00:00,7.218639565,,,,
2022-09-04 13:00:36+00:00,10.73137611,,,,
2022-09-04 13:00:38+00:00,14.70209686,,,,
2022-09-04 13:00:40+00:00,18.73420103,,,,
2022-09-04 13:00:42+00:00,21.33765822,,,,
2022-09-04 13:00:44+00:00,24.1263201,,,,
2022-09-04 13:00:46+00:00,25.28210434,,,,
2022-09-04 13:00:48+00:00,25.25617011,,,,
2022-09-04 13:00:50+00:00,24.76660437,,,,
2022-09-04 13:00:52+00:00,23.49576025,,,,
2022-09-04 13:00:54+00:00,24.89716395,,,,
2022-09-04 13:00:56+00:00,25.21821227,,,,
2022-09-04 13:00:58+00:00,24.55030524,,,,
2022-09-04 13:01:00+00:00,25.34311657,,,,
2022-09-04 13:01:02+00:00,25.98642435,,,,
2022-09-04 13:01:04+00:00,25.69988702,,,,
2022-09-04 13:01:06+00:00,26.56742028,,,,
2022-09-04 13:01:08+00:00,27.13496888,,,,
2022-09-04 13:01:10+00:00,26.58461274,,,,
2022-09-04 13:01:12+00:00,25.35618607,,,,
2022-09-04 13:01:14+00:00,24.1898118,,,,
2022-09-04 13:01:16+00:00,24.01394506,,,,
2022-09-04 13:01:18+00:00,22.82804617,,,,
2022-09-04 13:01:20+00:00,21.82882803,,,,
2022-09-04 13:01:22+00:00,19.84991682,,,,
2022-09-04 13:01:24+00:00,15.56923565,,,,
2022-09-04 13:01:26+00:00,12.96754783,,,,
2022-09-04 13:01:28+00:00,11.09098724,,,,
2022-09-04 13:01:30+00:00,8.641681822,,,,
2022-09-04 13:01:32+00:00,5.594216548,,,,
2022-09-04 13:01:34+00:00,3.958995307,,,,
2022-09-04 13:01:36+00:00,3.044102927,,,,
2022-09-04 13:01:38+00:00,2.373407395,,,,
2022-09-04 13:01:40+00:00,2.372980522,,,,
2022-09-04 13:01:42+00:00,1.901051345,,,,
2022-09-04 13:01:44+00:00,1.576525356,,,,
2022-09-04 13:01:46+00:00,1.309361301,,,,
2022-09-04 13:01:48+00:00,1.023003224,,,,
2022-09-04 13:01:50+00:00,0.761222973,,,,
2022-09-04 13:01:52+00:00,0.629881562,,,,
2022-09-04 13:01:54+00:00,0.553516921,,,,
2022-09-04 13:01:56+00:00,0.582000881,,,,
2022-09-04 13:01:58+00:00,0.528089059,,,,
2022-09-04 13:02:00+00:00,0.515888717,,,,
2022-09-04 13:02:02+00:00,0.562460035,,,,
2022-09-04 13:02:04+00:00,0.542174403,,,,
2022-09-04 13:02:06+00:00,0.521863528,,,,
2022-09-04 13:02:08+00:00,1.096417875,,,,
2022-09-04 13:02:10+00:00,1.415225707,,,,
2022-09-04 13:02:12+00:00,1.21083058,,,,
2022-09-04 13:02:14+00:00,1.482754646,,,,
2022-09-04 13:02:16+00:00,1.165165268,,,,
2022-09-04 13:02:18+00:00,1.356590766,,,,
2022-09-04 13:02:20+00:00,1.854339186,,,,
2022-09-04 13:02:22+00:00,3.011865665,,,,
2022-09-04 13:02:24+00:00,6.258274111,,,,
2022-09-04 13:02:26+00:00,8.977741987,,,,
2022-09-04 13:02:28+00:00,9.277733402,,,,
2022-09-04 13:02:30+00:00,10.08812978,,,,
2022-09-04 13:02:32+00:00,11.65239359,,,,
2022-09-04 13:02:34+00:00,12.85949114,,,,
2022-09-04 13:02:36+00:00,13.15505587,,,,
2022-09-04 13:02:38+00:00,14.36474249,,,,
2022-09-04 13:02:40+00:00,16.78844196,,,,
2022-09-04 13:02:42+00:00,17.78849048,,,,
2022-09-04 13:02:44+00:00,18.49607507,,,,
2022-09-04 13:02:46+00:00,18.77426769,,,,
2022-09-04 13:02:48+00:00,19.93998935,,,,
2022-09-04 13:02:50+00:00,21.79193075,,,,
2022-09-04 13:02:52+00:00,23.7637601,,,,
2022-09-04 13:02:54+00:00,24.09530272,,,,
2022-09-04 13:02:56+00:00,23.08208509,,,,
2022-09-04 13:02:58+00:00,22.29051732,,,,
2022-09-04 13:03:00+00:00,20.95837829,,,,
2022-09-04 13:03:02+00:00,18.52162547,,,,
2022-09-04 13:03:04+00:00,14.01778266,,,,
2022-09-04 13:03:06+00:00,9.090919998,,,,
2022-09-04 13:03:08+00:00,6.22186083,,,,
2022-09-04 13:03:10+00:00,4.534528956,,,,
2022-09-04 13:03:12+00:00,3.250621458,,,,
2022-09-04 13:03:14+00:00,2.676217849,,,,
2022-09-04 13:03:16+00:00,2.288763949,,,,
2022-09-04 13:03:18+00:00,1.868655858,,,,
2022-09-04 13:03:20+00:00,1.512648262,,,,
2022-09-04 13:03:22+00:00,1.254672379,,,,
2022-09-04 13:03:24+00:00,1.042165953,,,,
2022-09-04 13:03:26+00:00,0.87180188,,,,
2022-09-04 13:03:28+00:00,0.695866986,,,,
2022-09-04 13:03:30+00:00,0.630371737,,,,
2022-09-04 13:03:32+00:00,0.735151339,,,,
2022-09-04 13:03:34+00:00,0.656738929,,,,
2022-09-04 13:03:36+00:00,0.532648213,,,,
2022-09-04 13:03:38+00:00,0.487109331,,,,
2022-09-04 13:03:40+00:00,0.502291934,,,,
2022-09-04 13:03:42+00:00,0.974263974,,,,
2022-09-04 13:03:44+00:00,4.017216616,,,,
2022-09-04 13:03:46+00:00,7.813132365,,,,
2022-09-04 13:03:48+00:00,9.702515281,,,,
2022-09-04 13:03:50+00:00,11.53593612,,,,
2022-09-04 13:03:52+00:00,13.71196264,,,,
2022-09-04 13:03:54+00:00,17.38546264,,,,
2022-09-04 13:03:56+00:00,20.17881386,,,,
2022-09-04 13:03:58+00:00,20.38656699,,,,
2022-09-04 13:04:00+00:00,20.9712911,,,,
2022-09-04 13:04:02+00:00,22.34074786,,,,
2022-09-04 13:04:04+00:00,22.54542743,,,,
2022-09-04 13:04:06+00:00,21.25838948,,,,
2022-09-04 13:04:08+00:00,20.02674252,,,,
2022-09-04 13:04:10+00:00,20.65078333,,,,
2022-09-04 13:04:12+00:00,20.8613723,,,,
2022-09-04 13:04:14+00:00,21.37646695,,,,
2022-09-04 13:04:16+00:00,21.93988974,,,,
2022-09-04 13:04:18+00:00,22.06692644,,,,
2022-09-04 13:04:20+00:00,21.50935649,,,,
2022-09-04 13:04:22+00:00,18.69927412,,,,
2022-09-04 13:04:24+00:00,17.19921213,,,,
2022-09-04 13:04:26+00:00,14.52300196,,,,
2022-09-04 13:04:28+00:00,11.51202915,,,,
2022-09-04 13:04:30+00:00,9.801176963,,,,
2022-09-04 13:04:32+00:00,8.3652129,,,,
2022-09-04 13:04:34+00:00,6.920594977,,,,
2022-09-04 13:04:36+00:00,5.479883629,,,,
2022-09-04 13:04:38+00:00,4.385531726,,,,
2022-09-04 13:04:40+00:00,3.915802815,,,,
2022-09-04 13:04:42+00:00,3.588490181,,,,
2022-09-04 13:04:44+00:00,2.592830389,,,,
2022-09-04 13:04:46+00:00,1.953723447,,,,
2022-09-04 13:04:48+00:00,1.73015015,,,,
2022-09-04 13:04:50+00:00,1.942595242,,,,
2022-09-04 13:04:52+00:00,1.815828913,,,,
2022-09-04 13:04:54+00:00,1.402215425,,,,
2022-09-04 13:04:56+00:00,1.67580848,,,,
2022-09-04 13:04:58+00:00,2.359806054,,,,
2022-09-04 13:05:00+00:00,2.037705482,,,,
2022-09-04 13:05:02+00:00,4.804015164,,,,
2022-09-04 13:05:04+00:00,7.795170651,,,,
2022-09-04 13:05:06+00:00,8.213456547,,,,
2022-09-04 13:05:08+00:00,10.29576695,,,,
2022-09-04 13:05:10+00:00,12.40735084,,,,
2022-09-04 13:05:12+00:00,14.39121044,,,,
2022-09-04 13:05:14+00:00,15.52920992,,,,
2022-09-04 13:05:16+00:00,15.97244456,,,,
2022-09-04 13:05:18+00:00,15.4381679,,,,
2022-09-04 13:05:20+00:00,13.72988524,,,,
2022-09-04 13:05:22+00:00,11.53873455,,,,
2022-09-04 13:05:24+00:00,9.486424435,,,,
2022-09-04 13:05:26+00:00,7.653013645,,,,
2022-09-04 13:05:28+00:00,6.213210627,,,,
2022-09-04 13:05:30+00:00,5.328703356,,,,
2022-09-04 13:05:32+00:00,4.694946104,,,,
2022-09-04 13:05:34+00:00,4.072742321,,,,
2022-09-04 13:05:36+00:00,3.327329794,,,,
2022-09-04 13:05:38+00:00,2.801675992,,,,
2022-09-04 13:05:40+00:00,2.35736029,,,,
2022-09-04 13:05:42+00:00,1.780304909,,,,
2022-09-04 13:05:44+00:00,1.337656084,,,,
2022-09-04 13:05:46+00:00,1.531233557,,,,
2022-09-04 13:05:48+00:00,2.282307633,,,,
2022-09-04 13:05:50+00:00,1.783830977,,,,
2022-09-04 13:05:52+00:00,1.572451207,,,,
2022-09-04 13:05:54+00:00,3.939589618,,,,
2022-09-04 13:05:56+00:00,8.956502651,,,,
2022-09-04 13:05:58+00:00,13.01323747,,,,
2022-09-04 13:06:00+00:00,14.58382638,,,,
2022-09-04 13:06:02+00:00,15.319598,,,,
2022-09-04 13:06:04+00:00,16.58476707,,,,
2022-09-04 13:06:06+00:00,17.70522819,,,,
2022-09-04 13:06:08+00:00,18.24951338,,,,
2022-09-04 13:06:10+00:00,18.46293073,,,,
2022-09-04 13:06:12+00:00,18.37105572,,,,
2022-09-04 13:06:14+00:00,19.02176982,,,,
2022-09-04 13:06:16+00:00,19.49968167,,,,
2022-09-04 13:06:18+00:00,19.26892923,,,,
2022-09-04 13:06:20+00:00,18.31811123,,,,
2022-09-04 13:06:22+00:00,17.40793993,,,,
2022-09-04 13:06:24+00:00,17.16869501,,,,
2022-09-04 13:06:26+00:00,18.19022604,,,,
2022-09-04 13:06:28+00:00,18.25356133,,,,
2022-09-04 13:06:30+00:00,17.64147213,,,,
2022-09-04 13:06:32+00:00,16.95811467,,,,
2022-09-04 13:06:34+00:00,17.70118297,,,,
2022-09-04 13:06:36+00:00,18.03026745,,,,
2022-09-04 13:06:38+00:00,17.13014679,,,,
2022-09-04 13:06:40+00:00,15.50624287,,,,
2022-09-04 13:06:42+00:00,14.36349741,,,,
2022-09-04 13:06:44+00:00,15.67599322,,,,
2022-09-04 13:06:46+00:00,17.13230517,,,,
2022-09-04 13:06:48+00:00,18.32922228,,,,
2022-09-04 13:06:50+00:00,19.66565993,,,,
2022-09-04 13:06:52+00:00,21.86119341,,,,
2022-09-04 13:06:54+00:00,22.57109802,,,,
2022-09-04 13:06:56+00:00,21.58088439,,,,
2022-09-04 13:06:58+00:00,20.92613405,,,,
2022-09-04 13:07:00+00:00,20.80712168,,,,
2022-09-04 13:07:02+00:00,20.46875962,,,,
2022-09-04 13:07:04+00:00,19.20224237,,,,
2022-09-04 13:07:06+00:00,17.09736813,,,,
2022-09-04 13:07:08+00:00,15.60141681,,,,
2022-09-04 13:07:10+00:00,16.60506834,,,,
2022-09-04 13:07:12+00:00,17.1819808,,,,
2022-09-04 13:07:14+00:00,17.57159587,,,,
2022-09-04 13:07:16+00:00,18.12426751,,,,
2022-09-04 13:07:18+00:00,18.04658622,,,,
2022-09-04 13:07:20+00:00,19.81489959,,,,
2022-09-04 13:07:22+00:00,19.15127103,,,,
2022-09-04 13:07:24+00:00,17.66674582,,,,
2022-09-04 13:07:26+00:00,16.99787276,,,,
2022-09-04 13:07:28+00:00,17.14998461,,,,
2022-09-04 13:07:30+00:00,18.66517398,,,,
2022-09-04 13:07:32+00:00,19.33380431,,,,
2022-09-04 13:07:34+00:00,18.85411024,,,,
2022-09-04 13:07:36+00:00,18.34489791,,,,
2022-09-04 13:07:38+00:00,19.44446569,,,,
2022-09-04 13:07:40+00:00,21.09713645,,,,
2022-09-04 13:07:42+00:00,21.04744936,,,,
2022-09-04 13:07:44+00:00,20.37954072,,,,
2022-09-04 13:07:46+00:00,19.87755523,,,,
2022-09-04 13:07:48+00:00,20.07475697,,,,
2022-09-04 13:07:50+00:00,20.02912635,,,,
2022-09-04 13:07:52+00:00,19.90990053,,,,
2022-09-04 13:07:54+00:00,19.78912483,,,,
2022-09-04 13:07:56+00:00,20.0045165,,,,
2022-09-04 13:07:58+00:00,22.37029433,,,,
2022-09-04 13:08:00+00:00,24.21949638,,,,
2022-09-04 13:08:02+00:00,23.54997098,,,,
2022-09-04 13:08:04+00:00,21.51972306,,,,
2022-09-04 13:08:06+00:00,20.65907754,,,,
2022-09-04 13:08:08+00:00,19.98389119,,,,
2022-09-04 13:08:10+00:00,19.28615445,,,,
2022-09-04 13:08:12+00:00,20.05257461,,,,
2022-09-04 13:08:14+00:00,20.40824346,,,,
2022-09-04 13:08:16+00:00,19.61989421,,,,
2022-09-04 13:08:18+00:00,17.58280651,,,,
2022-09-04 13:08:20+00:00,13.0670779,,,,
2022-09-04 13:08:22+00:00,8.386950036,,,,
2022-09-04 13:08:24+00:00,5.716574491,,,,
2022-09-04 13:08:26+00:00,4.096205231,,,,
2022-09-04 13:08:28+00:00,3.048657024,,,,
2022-09-04 13:08:30+00:00,2.309270348,,,,
2022-09-04 13:08:32+00:00,1.77198725,,,,
2022-09-04 13:08:34+00:00,1.365986328,,,,
2022-09-04 13:08:36+00:00,1.082907933,,,,
2022-09-04 13:08:38+00:00,0.910266509,,,,
2022-09-04 13:08:40+00:00,0.910600351,,,,
2022-09-04 13:08:42+00:00,0.768864945,,,,
2022-09-04 13:08:44+00:00,0.60159583,,,,
2022-09-04 13:08:46+00:00,0.57117841,,,,
2022-09-04 13:08:48+00:00,0.50395585,,,,
2022-09-04 13:08:50+00:00,0.459774755,,,,
2022-09-04 13:08:52+00:00,0.477863989,,,,
2022-09-04 13:08:54+00:00,0.411964146,,,,
2022-09-04 13:08:56+00:00,0.382961229,,,,
2022-09-04 13:08:58+00:00,0.362289938,,,,
2022-09-04 13:09:00+00:00,0.327968204,,,,
2022-09-04 13:09:02+00:00,0.311522588,,,,
2022-09-04 13:09:04+00:00,0.30281159,,,,
2022-09-04 13:09:06+00:00,0.314866755,,,,
2022-09-04 13:09:08+00:00,0.320762251,,,,
2022-09-04 13:09:10+00:00,0.301804523,,,,
2022-09-04 13:09:12+00:00,0.321566582,,,,
2022-09-04 13:09:14+00:00,0.336087189,,,,
2022-09-04 13:09:16+00:00,0.486871043,,,,
2022-09-04 13:09:18+00:00,0.769816021,,,,
2022-09-04 13:09:20+00:00,0.859088615,,,,
2022-09-04 13:09:22+00:00,0.770595181,,,,
2022-09-04 13:09:24+00:00,0.608311585,,,,
2022-09-04 13:09:26+00:00,0.504174512,,,,
2022-09-04 13:09:28+00:00,0.473622508,,,,
2022-09-04 13:09:30+00:00,2.208931742,,,,
2022-09-04 13:09:32+00:00,5.238130925,,,,
2022-09-04 13:09:34+00:00,7.83926846,,,,
2022-09-04 13:09:36+00:00,10.05230635,,,,
2022-09-04 13:09:38+00:00,11.72234532,,,,
2022-09-04 13:09:40+00:00,13.30443168,,,,
2022-09-04 13:09:42+00:00,15.49642221,,,,
2022-09-04 13:09:44+00:00,17.26749249,,,,
2022-09-04 13:09:46+00:00,19.87490193,,,,
2022-09-04 13:09:48+00:00,21.61314256,,,,
2022-09-04 13:09:50+00:00,22.45997845,,,,
2022-09-04 13:09:52+00:00,22.68616153,,,,
2022-09-04 13:09:54+00:00,21.82055349,,,,
2022-09-04 13:09:56+00:00,21.06048632,,,,
2022-09-04 13:09:58+00:00,20.45409111,,,,
2022-09-04 13:10:00+00:00,19.46470519,,,,
2022-09-04 13:10:02+00:00,18.48509315,,,,
2022-09-04 13:10:04+00:00,18.16195436,,,,
2022-09-04 13:10:06+00:00,18.94317002,,,,
2022-09-04 13:10:08+00:00,20.75713967,,,,
2022-09-04 13:10:10+00:00,21.93876567,,,,
2022-09-04 13:10:12+00:00,21.15786162,,,,
2022-09-04 13:10:14+00:00,19.65701993,,,,
2022-09-04 13:10:16+00:00,19.45812155,,,,
2022-09-04 13:10:18+00:00,17.34234169,,,,
2022-09-04 13:10:20+00:00,16.6979485,,,,
2022-09-04 13:10:22+00:00,16.70499502,,,,
2022-09-04 13:10:24+00:00,17.18873199,,,,
2022-09-04 13:10:26+00:00,16.69122078,,,,
2022-09-04 13:10:28+00:00,17.90380107,,,,
2022-09-04 13:10:30+00:00,17.77960776,,,,
2022-09-04 13:10:32+00:00,17.08654445,,,,
2022-09-04 13:10:34+00:00,17.23534784,,,,
2022-09-04 13:10:36+00:00,18.04280683,,,,
2022-09-04 13:10:38+00:00,20.08445171,,,,
2022-09-04 13:10:40+00:00,21.98198386,,,,
2022-09-04 13:10:42+00:00,22.15653857,,,,
2022-09-04 13:10:44+00:00,21.45970928,,,,
2022-09-04 13:10:46+00:00,21.03999619,,,,
2022-09-04 13:10:48+00:00,21.59376099,,,,
2022-09-04 13:10:50+00:00,22.9636843,,,,
2022-09-04 13:10:52+00:00,24.18722361,,,,
2022-09-04 13:10:54+00:00,22.80267836,,,,
2022-09-04 13:10:56+00:00,21.06260588,,,,
2022-09-04 13:10:58+00:00,19.368919,,,,
2022-09-04 13:11:00+00:00,15.47157949,,,,
2022-09-04 13:11:02+00:00,12.50716455,,,,
2022-09-04 13:11:04+00:00,13.49283214,,,,
2022-09-04 13:11:06+00:00,13.72131207,,,,
2022-09-04 13:11:08+00:00,14.10268787,,,,
2022-09-04 13:11:10+00:00,16.99835118,,,,
2022-09-04 13:11:12+00:00,20.03897387,,,,
2022-09-04 13:11:14+00:00,20.52612839,,,,
2022-09-04 13:11:16+00:00,21.26616079,,,,
2022-09-04 13:11:18+00:00,21.46264393,,,,
2022-09-04 13:11:20+00:00,19.21372101,,,,
2022-09-04 13:11:22+00:00,18.06613427,,,,
2022-09-04 13:11:24+00:00,19.5225456,,,,
2022-09-04 13:11:26+00:00,21.48973605,,,,
2022-09-04 13:11:28+00:00,22.52681787,,,,
2022-09-04 13:11:30+00:00,22.4563781,,,,
2022-09-04 13:11:32+00:00,22.56516187,,,,
2022-09-04 13:11:34+00:00,22.52236061,,,,
2022-09-04 13:11:36+00:00,21.07352018,,,,
2022-09-04 13:11:38+00:00,21.78682445,,,,
2022-09-04 13:11:40+00:00,21.70339702,,,,
2022-09-04 13:11:42+00:00,21.49406621,,,,
2022-09-04 13:11:44+00:00,20.56306654,,,,
2022-09-04 13:11:46+00:00,20.22487917,,,,
2022-09-04 13:11:48+00:00,21.17524955,,,,
2022-09-04 13:11:50+00:00,21.7662476,,,,
2022-09-04 13:11:52+00:00,21.44116262,,,,
2022-09-04 13:11:54+00:00,18.50048579,,,,
2022-09-04 13:11:56+00:00,16.59256722,,,,
2022-09-04 13:11:58+00:00,15.11258358,,,,
2022-09-04 13:12:00+00:00,16.34413121,,,,
2022-09-04 13:12:02+00:00,20.12318242,,,,
2022-09-04 13:12:04+00:00,22.28832019,,,,
2022-09-04 13:12:06+00:00,21.49050593,,,,
2022-09-04 13:12:08+00:00,21.37777409,,,,
2022-09-04 13:12:10+00:00,23.32919337,,,,
2022-09-04 13:12:12+00:00,24.03640635,,,,
2022-09-04 13:12:14+00:00,22.04914813,,,,
2022-09-04 13:12:16+00:00,20.03871633,,,,
2022-09-04 13:12:18+00:00,20.13755945,,,,
2022-09-04 13:12:20+00:00,20.2861676,,,,
2022-09-04 13:12:22+00:00,19.43362008,,,,
2022-09-04 13:12:24+00:00,18.78154574,,,,
2022-09-04 13:12:26+00:00,19.0713539,,,,
2022-09-04 13:12:28+00:00,19.84232413,,,,
2022-09-04 13:12:30+00:00,20.53104263,,,,
2022-09-04 13:12:32+00:00,21.75737706,,,,
2022-09-04 13:12:34+00:00,21.69460669,,,,
2022-09-04 13:12:36+00:00,18.96751208,,,,
2022-09-04 13:12:38+00:00,15.06376217,,,,
2022-09-04 13:12:40+00:00,10.46852754,,,,
2022-09-04 13:12:42+00:00,7.415844292,,,,
2022-09-04 13:12:44+00:00,5.58155221,,,,
2022-09-04 13:12:46+00:00,4.505889599,,,,
2022-09-04 13:12:48+00:00,4.080725725,,,,
2022-09-04 13:12:50+00:00,3.757712619,,,,
2022-09-04 13:12:52+00:00,3.515580649,,,,
2022-09-04 13:12:54+00:00,3.336560831,,,,
2022-09-04 13:12:56+00:00,3.206389049,,,,
2022-09-04 13:12:58+00:00,3.017244868,,,,
2022-09-04 13:13:00+00:00,2.867408715,,,,
2022-09-04 13:13:02+00:00,2.766499792,,,,
2022-09-04 13:13:04+00:00,2.6953789,,,,
2022-09-04 13:13:06+00:00,2.643654747,,,,
2022-09-04 13:13:08+00:00,2.605265789,,,,
2022-09-04 13:13:10+00:00,2.576413063,,,,
2022-09-04 13:13:12+00:00,2.554562171,,,,
2022-09-04 13:13:14+00:00,2.944439015,,,,
2022-09-04 13:13:16+00:00,3.366037861,,,,
2022-09-04 13:13:18+00:00,2.986441566,,,,
2022-09-04 13:13:20+00:00,2.891017971,,,,
2022-09-04 13:13:22+00:00,2.915904476,,,,
2022-09-04 13:13:24+00:00,3.664051906,,,,
2022-09-04 13:13:26+00:00,7.254518926,,,,
2022-09-04 13:13:28+00:00,11.86896791,,,,
2022-09-04 13:13:30+00:00,14.81249466,,,,
2022-09-04 13:13:32+00:00,15.97296366,,,,
2022-09-04 13:13:34+00:00,14.7197825,,,,
2022-09-04 13:13:36+00:00,17.17398007,,,,
2022-09-04 13:13:38+00:00,16.9880499,,,,
2022-09-04 13:13:40+00:00,18.96369216,,,,
2022-09-04 13:13:42+00:00,23.78192649,,,,
2022-09-04 13:13:44+00:00,25.35871371,,,,
2022-09-04 13:13:46+00:00,26.10657268,,,,
2022-09-04 13:13:48+00:00,25.90443624,,,,
2022-09-04 13:13:50+00:00,24.85474273,,,,
2022-09-04 13:13:52+00:00,23.80281281,,,,
2022-09-04 13:13:54+00:00,22.22751902,,,,
2022-09-04 13:13:56+00:00,20.76927334,,,,
2022-09-04 13:13:58+00:00,18.45994061,,,,
2022-09-04 13:14:00+00:00,15.29163373,,,,
2022-09-04 13:14:02+00:00,10.33362908,,,,
2022-09-04 13:14:04+00:00,7.421370243,,,,
2022-09-04 13:14:06+00:00,5.721558609,,,,
2022-09-04 13:14:08+00:00,4.857249623,,,,
2022-09-04 13:14:10+00:00,3.756315104,,,,
2022-09-04 13:14:12+00:00,2.907588023,,,,
2022-09-04 13:14:14+00:00,2.850192868,,,,
2022-09-04 13:14:16+00:00,2.430429125,,,,
2022-09-04 13:14:18+00:00,1.770203643,,,,
2022-09-04 13:14:20+00:00,1.325079567,,,,
2022-09-04 13:14:22+00:00,1.410119,,,,
2022-09-04 13:14:24+00:00,1.655644701,,,,
2022-09-04 13:14:26+00:00,1.837977488,,,,
2022-09-04 13:14:28+00:00,1.699253381,,,,
2022-09-04 13:14:30+00:00,1.438697949,,,,
2022-09-04 13:14:32+00:00,1.354883347,,,,
2022-09-04 13:14:34+00:00,1.203664748,,,,
2022-09-04 13:14:36+00:00,1.025991655,,,,
2022-09-04 13:14:38+00:00,0.853065787,,,,
2022-09-04 13:14:40+00:00,0.892927932,,,,
2022-09-04 13:14:42+00:00,1.06124631,,,,
2022-09-04 13:14:44+00:00,1.134015283,,,,
2022-09-04 13:14:46+00:00,1.018681208,,,,
2022-09-04 13:14:48+00:00,0.843701053,,,,
2022-09-04 13:14:50+00:00,0.79304187,,,,
2022-09-04 13:14:52+00:00,0.839199266,,,,
2022-09-04 13:14:54+00:00,0.847301531,,,,
2022-09-04 13:14:56+00:00,0.798597414,,,,
2022-09-04 13:14:58+00:00,0.783759198,,,,
2022-09-04 13:15:00+00:00,1.05244977,,,,
2022-09-04 13:15:02+00:00,2.457987304,,,,
2022-09-04 13:15:04+00:00,7.251095479,,,,
2022-09-04 13:15:06+00:00,11.85531604,,,,
2022-09-04 13:15:08+00:00,16.89588987,,,,
2022-09-04 13:15:10+00:00,22.26123489,,,,
2022-09-04 13:15:12+00:00,23.91836511,,,,
2022-09-04 13:15:14+00:00,24.22099382,,,,
2022-09-04 13:15:16+00:00,23.646686,,,,
2022-09-04 13:15:18+00:00,23.12519332,,,,
2022-09-04 13:15:20+00:00,22.17238765,,,,
2022-09-04 13:15:22+00:00,21.01232691,,,,
2022-09-04 13:15:24+00:00,19.27260396,,,,
2022-09-04 13:15:26+00:00,16.55973417,,,,
2022-09-04 13:15:28+00:00,11.52305615,,,,
2022-09-04 13:15:30+00:00,7.534851108,,,,
2022-09-04 13:15:32+00:00,5.188559405,,,,
2022-09-04 13:15:34+00:00,3.732543556,,,,
2022-09-04 13:15:36+00:00,2.956564609,,,,
2022-09-04 13:15:38+00:00,2.259026034,,,,
2022-09-04 13:15:40+00:00,1.698212643,,,,
2022-09-04 13:15:42+00:00,1.353529704,,,,
2022-09-04 13:15:44+00:00,1.110084246,,,,
2022-09-04 13:15:46+00:00,0.936515447,,,,
2022-09-04 13:15:48+00:00,0.84656381,,,,
2022-09-04 13:15:50+00:00,0.836663104,,,,
2022-09-04 13:15:52+00:00,0.831749438,,,,
2022-09-04 13:15:54+00:00,1.121620469,,,,
2022-09-04 13:15:56+00:00,0.980525308,,,,
2022-09-04 13:15:58+00:00,0.913091193,,,,
2022-09-04 13:16:00+00:00,0.902273614,,,,
2022-09-04 13:16:02+00:00,0.861723672,,,,
2022-09-04 13:16:04+00:00,0.780940574,,,,
2022-09-04 13:16:06+00:00,0.617350244,,,,
2022-09-04 13:16:08+00:00,0.585206194,,,,
2022-09-04 13:16:10+00:00,0.722736231,,,,
2022-09-04 13:16:12+00:00,1.560470033,,,,
2022-09-04 13:16:14+00:00,3.421491861,,,,
2022-09-04 13:16:16+00:00,7.04099948,,,,
2022-09-04 13:16:18+00:00,9.551257349,,,,
2022-09-04 13:16:20+00:00,12.61583068,,,,
2022-09-04 13:16:22+00:00,15.40185685,,,,
2022-09-04 13:16:24+00:00,15.51911703,,,,
2022-09-04 13:16:26+00:00,15.18318512,,,,
2022-09-04 13:16:28+00:00,12.22505398,,,,
2022-09-04 13:16:30+00:00,10.1496117,,,,
2022-09-04 13:16:32+00:00,10.16158121,,,,
2022-09-04 13:16:34+00:00,13.43431286,,,,
2022-09-04 13:16:36+00:00,15.47998289,,,,
2022-09-04 13:16:38+00:00,15.21502909,,,,
2022-09-04 13:16:40+00:00,14.98127887,,,,
2022-09-04 13:16:42+00:00,13.93498901,,,,
2022-09-04 13:16:44+00:00,12.68218521,,,,
2022-09-04 13:16:46+00:00,9.195984804,,,,
2022-09-04 13:16:48+00:00,6.412345671,,,,
2022-09-04 13:16:50+00:00,5.258840124,,,,
2022-09-04 13:16:52+00:00,7.216801762,,,,
2022-09-04 13:16:54+00:00,10.75508362,,,,
2022-09-04 13:16:56+00:00,13.98223288,,,,
2022-09-04 13:16:58+00:00,18.62876723,,,,
2022-09-04 13:17:00+00:00,20.47065472,,,,
2022-09-04 13:17:02+00:00,20.20418743,,,,
2022-09-04 13:17:04+00:00,21.68150055,,,,
2022-09-04 13:17:06+00:00,22.7984499,,,,
2022-09-04 13:17:08+00:00,24.3529227,,,,
2022-09-04 13:17:10+00:00,25.44604677,,,,
2022-09-04 13:17:12+00:00,26.47704818,,,,
2022-09-04 13:17:14+00:00,28.10823857,,,,
2022-09-04 13:17:16+00:00,29.56885909,,,,
2022-09-04 13:17:18+00:00,28.97738894,,,,
2022-09-04 13:17:20+00:00,26.94228769,,,,
2022-09-04 13:17:22+00:00,24.01460466,,,,
2022-09-04 13:17:24+00:00,21.23533171,,,,
2022-09-04 13:17:26+00:00,19.3496939,,,,
2022-09-04 13:17:28+00:00,20.40832228,,,,
2022-09-04 13:17:30+00:00,22.09202886,,,,
2022-09-04 13:17:32+00:00,21.66850512,,,,
2022-09-04 13:17:34+00:00,21.73519863,,,,
2022-09-04 13:17:36+00:00,20.79116397,,,,
2022-09-04 13:17:38+00:00,20.88512214,,,,
2022-09-04 13:17:40+00:00,22.4458229,,,,
2022-09-04 13:17:42+00:00,22.68849067,,,,
2022-09-04 13:17:44+00:00,21.14360539,,,,
2022-09-04 13:17:46+00:00,19.53091456,,,,
2022-09-04 13:17:48+00:00,18.09618888,,,,
2022-09-04 13:17:50+00:00,17.08655277,,,,
2022-09-04 13:17:52+00:00,17.01436156,,,,
2022-09-04 13:17:54+00:00,17.17441608,,,,
2022-09-04 13:17:56+00:00,16.93498115,,,,
2022-09-04 13:17:58+00:00,16.80170193,,,,
2022-09-04 13:18:00+00:00,15.5540242,,,,
2022-09-04 13:18:02+00:00,14.48912029,,,,
2022-09-04 13:18:04+00:00,13.36790295,,,,
2022-09-04 13:18:06+00:00,12.83344233,,,,
2022-09-04 13:18:08+00:00,13.45644154,,,,
2022-09-04 13:18:10+00:00,15.01536641,,,,
2022-09-04 13:18:12+00:00,16.29523932,,,,
2022-09-04 13:18:14+00:00,16.50352776,,,,
2022-09-04 13:18:16+00:00,16.53951726,,,,
2022-09-04 13:18:18+00:00,17.97425363,,,,
2022-09-04 13:18:20+00:00,18.26232534,,,,
2022-09-04 13:18:22+00:00,20.1080678,,,,
2022-09-04 13:18:24+00:00,22.06068661,,,,
2022-09-04 13:18:26+00:00,22.1413425,,,,
2022-09-04 13:18:28+00:00,21.27650893,,,,
2022-09-04 13:18:30+00:00,20.18976319,,,,
2022-09-04 13:18:32+00:00,20.4184361,,,,
2022-09-04 13:18:34+00:00,22.11389996,,,,
2022-09-04 13:18:36+00:00,24.43307082,,,,
2022-09-04 13:18:38+00:00,24.10673954,,,,
2022-09-04 13:18:40+00:00,21.50802704,,,,
2022-09-04 13:18:42+00:00,18.96041649,,,,
2022-09-04 13:18:44+00:00,17.1897795,,,,
2022-09-04 13:18:46+00:00,16.42637271,,,,
2022-09-04 13:18:48+00:00,16.15590798,,,,
2022-09-04 13:18:50+00:00,17.20738682,,,,
2022-09-04 13:18:52+00:00,18.0760428,,,,
2022-09-04 13:18:54+00:00,19.28981947,,,,
2022-09-04 13:18:56+00:00,20.5162392,,,,
2022-09-04 13:18:58+00:00,21.84610435,,,,
2022-09-04 13:19:00+00:00,21.35015599,,,,
2022-09-04 13:19:02+00:00,22.44242012,,,,
2022-09-04 13:19:04+00:00,23.34292999,,,,
2022-09-04 13:19:06+00:00,23.76907615,,,,
2022-09-04 13:19:08+00:00,23.95510481,,,,
2022-09-04 13:19:10+00:00,24.01199005,,,,
2022-09-04 13:19:12+00:00,23.99430944,,,,
2022-09-04 13:19:14+00:00,23.9303436,,,,
2022-09-04 13:19:16+00:00,23.86188539,,,,
2022-09-04 13:19:18+00:00,23.23338675,,,,
2022-09-04 13:19:20+00:00,22.43776221,,,,
2022-09-04 13:19:22+00:00,21.65494176,,,,
2022-09-04 13:19:24+00:00,20.68644968,,,,
2022-09-04 13:19:26+00:00,20.28968201,,,,
2022-09-04 13:19:28+00:00,21.39369658,,,,
2022-09-04 13:19:30+00:00,22.61211083,,,,
2022-09-04 13:19:32+00:00,23.57229986,,,,
2022-09-04 13:19:34+00:00,22.37129389,,,,
2022-09-04 13:19:36+00:00,21.46843935,,,,
2022-09-04 13:19:38+00:00,21.11731706,,,,
2022-09-04 13:19:40+00:00,21.28008312,,,,
2022-09-04 13:19:42+00:00,22.14193714,,,,
2022-09-04 13:19:44+00:00,22.99799634,,,,
2022-09-04 13:19:46+00:00,23.82191974,,,,
2022-09-04 13:19:48+00:00,24.14861593,,,,
2022-09-04 13:19:50+00:00,24.13774485,,,,
2022-09-04 13:19:52+00:00,23.59089139,,,,
2022-09-04 13:19:54+00:00,23.64234949,,,,
2022-09-04 13:19:56+00:00,23.28393903,,,,
2022-09-04 13:19:58+00:00,23.94073786,,,,
2022-09-04 13:20:00+00:00,24.29076083,,,,
2022-09-04 13:20:02+00:00,23.61650638,,,,
2022-09-04 13:20:04+00:00,21.16650664,,,,
2022-09-04 13:20:06+00:00,19.34329146,,,,
2022-09-04 13:20:08+00:00,18.9562341,,,,
2022-09-04 13:20:10+00:00,18.88271535,,,,
2022-09-04 13:20:12+00:00,19.16905333,,,,
2022-09-04 13:20:14+00:00,20.96962146,,,,
2022-09-04 13:20:16+00:00,22.19113491,,,,
2022-09-04 13:20:18+00:00,21.65501601,,,,
2022-09-04 13:20:20+00:00,20.56852729,,,,
2022-09-04 13:20:22+00:00,19.7537715,,,,
2022-09-04 13:20:24+00:00,19.51928713,,,,
2022-09-04 13:20:26+00:00,19.64879846,,,,
2022-09-04 13:20:28+00:00,18.54882682,,,,
2022-09-04 13:20:30+00:00,18.00783993,,,,
2022-09-04 13:20:32+00:00,17.98217078,,,,
2022-09-04 13:20:34+00:00,17.88193474,,,,
2022-09-04 13:20:36+00:00,17.87338722,,,,
2022-09-04 13:20:38+00:00,17.95848557,,,,
2022-09-04 13:20:40+00:00,18.17659817,,,,
2022-09-04 13:20:42+00:00,18.35732248,,,,
2022-09-04 13:20:44+00:00,18.327178,,,,
2022-09-04 13:20:46+00:00,18.21556921,,,,
2022-09-04 13:20:48+00:00,18.79012647,,,,
2022-09-04 13:20:50+00:00,19.52832741,,,,
2022-09-04 13:20:52+00:00,20.14709273,,,,
2022-09-04 13:20:54+00:00,20.50761712,,,,
2022-09-04 13:20:56+00:00,21.25682458,,,,
2022-09-04 13:20:58+00:00,21.75264545,,,,
2022-09-04 13:21:00+00:00,21.70443448,,,,
2022-09-04 13:21:02+00:00,22.00316028,,,,
2022-09-04 13:21:04+00:00,22.67476312,,,,
2022-09-04 13:21:06+00:00,23.54615361,,,,
2022-09-04 13:21:08+00:00,24.78103385,,,,
2022-09-04 13:21:10+00:00,24.85946612,,,,
2022-09-04 13:21:12+00:00,23.22862023,,,,
2022-09-04 13:21:14+00:00,22.58430718,,,,
2022-09-04 13:21:16+00:00,23.61939678,,,,
2022-09-04 13:21:18+00:00,23.23429747,,,,
2022-09-04 13:21:20+00:00,23.09472842,,,,
2022-09-04 13:21:22+00:00,23.11008925,,,,
2022-09-04 13:21:24+00:00,21.38316916,,,,
2022-09-04 13:21:26+00:00,20.48766564,,,,
2022-09-04 13:21:28+00:00,21.22777048,,,,
2022-09-04 13:21:30+00:00,20.83578743,,,,
2022-09-04 13:21:32+00:00,21.61791115,,,,
2022-09-04 13:21:34+00:00,22.64184329,,,,
2022-09-04 13:21:36+00:00,24.06858714,,,,
2022-09-04 13:21:38+00:00,24.14560408,,,,
2022-09-04 13:21:40+00:00,20.38845653,,,,
2022-09-04 13:21:42+00:00,14.5360691,,,,
2022-09-04 13:21:44+00:00,10.38191438,,,,
2022-09-04 13:21:46+00:00,8.039119412,,,,
2022-09-04 13:21:48+00:00,7.647835088,,,,
2022-09-04 13:21:50+00:00,6.170002868,,,,
2022-09-04 13:21:52+00:00,4.099087364,,,,
2022-09-04 13:21:54+00:00,3.331040504,,,,
2022-09-04 13:21:56+00:00,2.710055743,,,,
2022-09-04 13:21:58+00:00,2.086855754,,,,
2022-09-04 13:22:00+00:00,1.653954054,,,,
2022-09-04 13:22:02+00:00,1.360236541,,,,
2022-09-04 13:22:04+00:00,1.047822699,,,,
2022-09-04 13:22:06+00:00,1.096798714,,,,
2022-09-04 13:22:08+00:00,1.423401831,,,,
2022-09-04 13:22:10+00:00,1.614292583,,,,
2022-09-04 13:22:12+00:00,1.821627034,,,,
2022-09-04 13:22:14+00:00,2.030164404,,,,
2022-09-04 13:22:16+00:00,2.748364047,,,,
2022-09-04 13:22:18+00:00,2.928131106,,,,
2022-09-04 13:22:20+00:00,5.395972271,,,,
2022-09-04 13:22:22+00:00,8.941831555,,,,
2022-09-04 13:22:24+00:00,10.68445144,,,,
2022-09-04 13:22:26+00:00,12.4691904,,,,
2022-09-04 13:22:28+00:00,12.02247782,,,,
2022-09-04 13:22:30+00:00,11.20986757,,,,
2022-09-04 13:22:32+00:00,10.35918411,,,,
2022-09-04 13:22:34+00:00,11.08205083,,,,
2022-09-04 13:22:36+00:00,14.37906136,,,,
2022-09-04 13:22:38+00:00,17.4202705,,,,
2022-09-04 13:22:40+00:00,18.42571616,,,,
2022-09-04 13:22:42+00:00,18.98008185,,,,
2022-09-04 13:22:44+00:00,19.18017827,,,,
2022-09-04 13:22:46+00:00,20.67682676,,,,
2022-09-04 13:22:48+00:00,20.03910991,,,,
2022-09-04 13:22:50+00:00,16.40668327,,,,
2022-09-04 13:22:52+00:00,10.3932894,,,,
2022-09-04 13:22:54+00:00,7.623626377,,,,
2022-09-04 13:22:56+00:00,5.032678579,,,,
2022-09-04 13:22:58+00:00,4.361875347,,,,
2022-09-04 13:23:00+00:00,7.440392562,,,,
2022-09-04 13:23:02+00:00,9.580413277,,,,
2022-09-04 13:23:04+00:00,11.93181096,,,,
2022-09-04 13:23:06+00:00,13.61597437,,,,
2022-09-04 13:23:08+00:00,10.6395715,,,,
2022-09-04 13:23:10+00:00,6.644677712,,,,
2022-09-04 13:23:12+00:00,5.849351303,,,,
2022-09-04 13:23:14+00:00,8.741564282,,,,
2022-09-04 13:23:16+00:00,10.72790182,,,,
2022-09-04 13:23:18+00:00,11.98289405,,,,
2022-09-04 13:23:20+00:00,14.83685485,,,,
2022-09-04 13:23:22+00:00,17.68447673,,,,
2022-09-04 13:23:24+00:00,18.28965752,,,,
2022-09-04 13:23:26+00:00,17.5062046,,,,
2022-09-04 13:23:28+00:00,18.22034676,,,,
2022-09-04 13:23:30+00:00,18.42105832,,,,
2022-09-04 13:23:32+00:00,16.52348903,,,,
2022-09-04 13:23:34+00:00,11.63651115,,,,
2022-09-04 13:23:36+00:00,7.990212541,,,,
2022-09-04 13:23:38+00:00,5.569732561,,,,
2022-09-04 13:23:40+00:00,4.959798502,,,,
2022-09-04 13:23:42+00:00,5.294944399,,,,
2022-09-04 13:23:44+00:00,7.498426631,,,,
2022-09-04 13:23:46+00:00,10.05041712,,,,
2022-09-04 13:23:48+00:00,11.72523804,,,,
2022-09-04 13:23:50+00:00,11.80964785,,,,
2022-09-04 13:23:52+00:00,11.29465606,,,,
2022-09-04 13:23:54+00:00,10.16688246,,,,
2022-09-04 13:23:56+00:00,8.627500847,,,,
2022-09-04 13:23:58+00:00,9.445227653,,,,
2022-09-04 13:24:00+00:00,11.4172804,,,,
2022-09-04 13:24:02+00:00,15.0335969,,,,
2022-09-04 13:24:04+00:00,17.95481612,,,,
2022-09-04 13:24:06+00:00,18.28770458,,,,
2022-09-04 13:24:08+00:00,18.52086135,,,,
2022-09-04 13:24:10+00:00,18.09602476,,,,
2022-09-04 13:24:12+00:00,17.47356325,,,,
2022-09-04 13:24:14+00:00,17.55661238,,,,
2022-09-04 13:24:16+00:00,17.89313617,,,,
2022-09-04 13:24:18+00:00,19.17476022,,,,
2022-09-04 13:24:20+00:00,19.72273816,,,,
2022-09-04 13:24:22+00:00,21.24858593,,,,
2022-09-04 13:24:24+00:00,22.38976339,,,,
2022-09-04 13:24:26+00:00,22.5610282,,,,
2022-09-04 13:24:28+00:00,22.73911984,,,,
2022-09-04 13:24:30+00:00,21.09717882,,,,
2022-09-04 13:24:32+00:00,20.25889262,,,,
2022-09-04 13:24:34+00:00,20.1826929,,,,
2022-09-04 13:24:36+00:00,20.80465277,,,,
2022-09-04 13:24:38+00:00,21.33143606,,,,
2022-09-04 13:24:40+00:00,22.15343923,,,,
2022-09-04 13:24:42+00:00,21.79841957,,,,
2022-09-04 13:24:44+00:00,20.87300755,,,,
2022-09-04 13:24:46+00:00,21.93494797,,,,
2022-09-04 13:24:48+00:00,21.66967926,,,,
2022-09-04 13:24:50+00:00,19.27026848,,,,
2022-09-04 13:24:52+00:00,17.72425693,,,,
2022-09-04 13:24:54+00:00,17.91654594,,,,
2022-09-04 13:24:56+00:00,18.85608361,,,,
2022-09-04 13:24:58+00:00,17.4846411,,,,
2022-09-04 13:25:00+00:00,13.94930288,,,,
2022-09-04 13:25:02+00:00,9.45347995,,,,
2022-09-04 13:25:04+00:00,6.018833613,,,,
2022-09-04 13:25:06+00:00,4.22991833,,,,
2022-09-04 13:25:08+00:00,3.066419597,,,,
2022-09-04 13:25:10+00:00,2.272566782,,,,
2022-09-04 13:25:12+00:00,1.78526876,,,,
2022-09-04 13:25:14+00:00,1.537620203,,,,
2022-09-04 13:25:16+00:00,1.317296188,,,,
2022-09-04 13:25:18+00:00,1.019937297,,,,
2022-09-04 13:25:20+00:00,0.856292089,,,,
2022-09-04 13:25:22+00:00,0.709985896,,,,
2022-09-04 13:25:24+00:00,0.612984236,,,,
2022-09-04 13:25:26+00:00,0.548598571,,,,
2022-09-04 13:25:28+00:00,0.504226204,,,,
2022-09-04 13:25:30+00:00,0.628493654,,,,
2022-09-04 13:25:32+00:00,1.233777327,,,,
2022-09-04 13:25:34+00:00,2.721322988,,,,
2022-09-04 13:25:36+00:00,4.657381539,,,,
2022-09-04 13:25:38+00:00,8.795895186,,,,
2022-09-04 13:25:40+00:00,14.59534056,,,,
2022-09-04 13:25:42+00:00,18.59873423,,,,
2022-09-04 13:25:44+00:00,22.70077952,,,,
2022-09-04 13:25:46+00:00,24.99357538,,,,
2022-09-04 13:25:48+00:00,25.19956815,,,,
2022-09-04 13:25:50+00:00,24.94971914,,,,
2022-09-04 13:25:52+00:00,24.90200848,,,,
2022-09-04 13:25:54+00:00,24.47534541,,,,
2022-09-04 13:25:56+00:00,24.18203835,,,,
2022-09-04 13:25:58+00:00,23.89603999,,,,
2022-09-04 13:26:00+00:00,23.35135131,,,,
2022-09-04 13:26:02+00:00,22.2861424,,,,
2022-09-04 13:26:04+00:00,20.10801111,,,,
2022-09-04 13:26:06+00:00,18.1267879,,,,
2022-09-04 13:26:08+00:00,17.86173783,,,,
2022-09-04 13:26:10+00:00,19.56227923,,,,
2022-09-04 13:26:12+00:00,20.66613891,,,,
2022-09-04 13:26:14+00:00,20.70170849,,,,
2022-09-04 13:26:16+00:00,20.12502707,,,,
2022-09-04 13:26:18+00:00,20.43314063,,,,
2022-09-04 13:26:20+00:00,18.75513839,,,,
2022-09-04 13:26:22+00:00,19.63830537,,,,
2022-09-04 13:26:24+00:00,20.21981896,,,,
2022-09-04 13:26:26+00:00,18.35538535,,,,
2022-09-04 13:26:28+00:00,14.75689422,,,,
2022-09-04 13:26:30+00:00,10.39174956,,,,
2022-09-04 13:26:32+00:00,7.758680858,,,,
2022-09-04 13:26:34+00:00,5.965232022,,,,
2022-09-04 13:26:36+00:00,4.344727901,,,,
2022-09-04 13:26:38+00:00,3.742721998,,,,
2022-09-04 13:26:40+00:00,3.769976673,,,,
2022-09-04 13:26:42+00:00,3.541389288,,,,
2022-09-04 13:26:44+00:00,2.5481231,,,,
2022-09-04 13:26:46+00:00,3.017297744,,,,
2022-09-04 13:26:48+00:00,3.777955555,,,,
2022-09-04 13:26:50+00:00,3.770150458,,,,
2022-09-04 13:26:52+00:00,4.0334958,,,,
2022-09-04 13:26:54+00:00,4.371099102,,,,
2022-09-04 13:26:56+00:00,4.595230724,,,,
2022-09-04 13:26:58+00:00,5.275045818,,,,
2022-09-04 13:27:00+00:00,7.085641863,,,,
2022-09-04 13:27:02+00:00,8.673971177,,,,
2022-09-04 13:27:04+00:00,10.17606268,,,,
2022-09-04 13:27:06+00:00,12.15947455,,,,
2022-09-04 13:27:08+00:00,14.27444353,,,,
2022-09-04 13:27:10+00:00,15.89987522,,,,
2022-09-04 13:27:12+00:00,17.64737517,,,,
2022-09-04 13:27:14+00:00,19.45480026,,,,
2022-09-04 13:27:16+00:00,22.99782682,,,,
2022-09-04 13:27:18+00:00,25.01211883,,,,
2022-09-04 13:27:20+00:00,23.35526174,,,,
2022-09-04 13:27:22+00:00,23.02509747,,,,
2022-09-04 13:27:24+00:00,22.68660701,,,,
2022-09-04 13:27:26+00:00,22.02553469,,,,
2022-09-04 13:27:28+00:00,21.57392831,,,,
2022-09-04 13:27:30+00:00,21.50187019,,,,
2022-09-04 13:27:32+00:00,21.35722149,,,,
2022-09-04 13:27:34+00:00,20.50991461,,,,
2022-09-04 13:27:36+00:00,20.96430395,,,,
2022-09-04 13:27:38+00:00,19.50067463,,,,
2022-09-04 13:27:40+00:00,18.72456709,,,,
2022-09-04 13:27:42+00:00,18.59166152,,,,
2022-09-04 13:27:44+00:00,18.91953286,,,,
2022-09-04 13:27:46+00:00,18.04484852,,,,
2022-09-04 13:27:48+00:00,16.79411281,,,,
2022-09-04 13:27:50+00:00,16.69149013,,,,
2022-09-04 13:27:52+00:00,16.86004256,,,,
2022-09-04 13:27:54+00:00,17.27248541,,,,
2022-09-04 13:27:56+00:00,17.93646526,,,,
2022-09-04 13:27:58+00:00,18.7845506,,,,
2022-09-04 13:28:00+00:00,21.21477184,,,,
2022-09-04 13:28:02+00:00,23.2336112,,,,
2022-09-04 13:28:04+00:00,22.94266967,,,,
2022-09-04 13:28:06+00:00,20.7057482,,,,
2022-09-04 13:28:08+00:00,18.29724173,,,,
2022-09-04 13:28:10+00:00,16.65793549,,,,
2022-09-04 13:28:12+00:00,14.79402024,,,,
2022-09-04 13:28:14+00:00,12.00413325,,,,
2022-09-04 13:28:16+00:00,8.1201856,,,,
2022-09-04 13:28:18+00:00,5.416050776,,,,
2022-09-04 13:28:20+00:00,3.948866342,,,,
2022-09-04 13:28:22+00:00,2.966940779,,,,
2022-09-04 13:28:24+00:00,2.284972083,,,,
2022-09-04 13:28:26+00:00,1.757411717,,,,
2022-09-04 13:28:28+00:00,1.408023331,,,,
2022-09-04 13:28:30+00:00,1.790808273,,,,
2022-09-04 13:28:32+00:00,2.741602072,,,,
2022-09-04 13:28:34+00:00,3.692844136,,,,
2022-09-04 13:28:36+00:00,6.004493675,,,,
2022-09-04 13:28:38+00:00,8.353563613,,,,
2022-09-04 13:28:40+00:00,9.286665065,,,,
2022-09-04 13:28:42+00:00,10.96433174,,,,
2022-09-04 13:28:44+00:00,13.40411957,,,,
2022-09-04 13:28:46+00:00,15.68999708,,,,
2022-09-04 13:28:48+00:00,17.82742453,,,,
2022-09-04 13:28:50+00:00,17.79828727,,,,
2022-09-04 13:28:52+00:00,17.74897052,,,,
2022-09-04 13:28:54+00:00,17.29209401,,,,
2022-09-04 13:28:56+00:00,15.23609601,,,,
2022-09-04 13:28:58+00:00,12.55903558,,,,
2022-09-04 13:29:00+00:00,11.35286281,,,,
2022-09-04 13:29:02+00:00,11.91492085,,,,
2022-09-04 13:29:04+00:00,13.8614943,,,,
2022-09-04 13:29:06+00:00,14.12034209,,,,
2022-09-04 13:29:08+00:00,11.19910686,,,,
2022-09-04 13:29:10+00:00,7.672816725,,,,
2022-09-04 13:29:12+00:00,5.444021375,,,,
2022-09-04 13:29:14+00:00,3.709192397,,,,
2022-09-04 13:29:16+00:00,2.87898422,,,,
2022-09-04 13:29:18+00:00,2.41208384,,,,
2022-09-04 13:29:20+00:00,2.046926266,,,,
2022-09-04 13:29:22+00:00,1.735071484,,,,
2022-09-04 13:29:24+00:00,1.388720966,,,,
2022-09-04 13:29:26+00:00,1.534907122,,,,
2022-09-04 13:29:28+00:00,1.457501658,,,,
2022-09-04 13:29:30+00:00,1.25887302,,,,
2022-09-04 13:29:32+00:00,1.045889184,,,,
2022-09-04 13:29:34+00:00,1.712846613,,,,
2022-09-04 13:29:36+00:00,5.080405919,,,,
2022-09-04 13:29:38+00:00,9.940560746,,,,
2022-09-04 13:29:40+00:00,12.99494667,,,,
2022-09-04 13:29:42+00:00,15.83127764,,,,
2022-09-04 13:29:44+00:00,18.5331371,,,,
2022-09-04 13:29:46+00:00,18.87361135,,,,
2022-09-04 13:29:48+00:00,18.43661153,,,,
2022-09-04 13:29:50+00:00,19.81092433,,,,
2022-09-04 13:29:52+00:00,19.03827499,,,,
2022-09-04 13:29:54+00:00,16.25993837,,,,
2022-09-04 13:29:56+00:00,15.56546727,,,,
2022-09-04 13:29:58+00:00,18.38508813,,,,
2022-09-04 13:30:00+00:00,22.11357785,,,,
2022-09-04 13:30:02+00:00,24.3468446,,,,
2022-09-04 13:30:04+00:00,24.60455109,,,,
2022-09-04 13:30:06+00:00,23.20295237,,,,
2022-09-04 13:30:08+00:00,21.11746839,,,,
2022-09-04 13:30:10+00:00,19.26184167,,,,
2022-09-04 13:30:12+00:00,17.53272541,,,,
2022-09-04 13:30:14+00:00,16.23029279,,,,
2022-09-04 13:30:16+00:00,16.73134704,,,,
2022-09-04 13:30:18+00:00,19.20966927,,,,
2022-09-04 13:30:20+00:00,20.2788949,,,,
2022-09-04 13:30:22+00:00,20.39676834,,,,
2022-09-04 13:30:24+00:00,20.13835093,,,,
2022-09-04 13:30:26+00:00,20.0572882,,,,
2022-09-04 13:30:28+00:00,20.22757829,,,,
2022-09-04 13:30:30+00:00,19.8054958,,,,
2022-09-04 13:30:32+00:00,18.72836324,,,,
2022-09-04 13:30:34+00:00,17.25382292,,,,
2022-09-04 13:30:36+00:00,15.71390517,,,,
2022-09-04 13:30:38+00:00,14.61976148,,,,
2022-09-04 13:30:40+00:00,13.96260128,,,,
2022-09-04 13:30:42+00:00,13.52824626,,,,
2022-09-04 13:30:44+00:00,13.21480519,,,,
2022-09-04 13:30:46+00:00,12.97186276,,,,
2022-09-04 13:30:48+00:00,12.77308425,,,,
2022-09-04 13:30:50+00:00,12.60375802,,,,
2022-09-04 13:30:52+00:00,12.45504311,,,,
2022-09-04 13:30:54+00:00,12.32124735,,,,
2022-09-04 13:30:56+00:00,12.19849124,,,,
2022-09-04 13:30:58+00:00,12.08401721,,,,
2022-09-04 13:31:00+00:00,11.97580853,,,,
2022-09-04 13:31:02+00:00,11.87236314,,,,
2022-09-04 13:31:04+00:00,11.77254972,,,,
2022-09-04 13:31:06+00:00,11.67551038,,,,
2022-09-04 13:31:08+00:00,11.580592,,,,
2022-09-04 13:31:10+00:00,11.48729616,,,,
2022-09-04 13:31:12+00:00,11.395242,,,,
2022-09-04 13:31:14+00:00,11.30413824,,,,
2022-09-04 13:31:16+00:00,11.21376202,,,,
2022-09-04 13:31:18+00:00,11.12394276,,,,
2022-09-04 13:31:20+00:00,11.03454991,,,,
2022-09-04 13:31:22+00:00,10.94548352,,,,
2022-09-04 13:31:24+00:00,10.85666707,,,,
2022-09-04 13:31:26+00:00,10.76804197,,,,
2022-09-04 13:31:28+00:00,10.67956338,,,,
2022-09-04 13:31:30+00:00,10.59119697,,,,
2022-09-04 13:31:32+00:00,10.50291643,,,,
2022-09-04 13:31:34+00:00,10.41470164,,,,
2022-09-04 13:31:36+00:00,10.32653719,,,,
2022-09-04 13:31:38+00:00,10.23841129,,,,
2022-09-04 13:31:40+00:00,10.15031489,,,,
2022-09-04 13:31:42+00:00,10.06224109,,,,
2022-09-04 13:31:44+00:00,9.974184584,,,,
2022-09-04 13:31:46+00:00,9.886141322,,,,
2022-09-04 13:31:48+00:00,9.7981082,,,,
2022-09-04 13:31:50+00:00,9.71008284,,,,
2022-09-04 13:31:52+00:00,9.622063425,,,,
2022-09-04 13:31:54+00:00,9.53404856,,,,
2022-09-04 13:31:56+00:00,9.446037178,,,,
2022-09-04 13:31:58+00:00,9.358028465,,,,
2022-09-04 13:32:00+00:00,9.270021793,,,,
2022-09-04 13:32:02+00:00,9.182016686,,,,
2022-09-04 13:32:04+00:00,9.094012775,,,,
2022-09-04 13:32:06+00:00,9.006009781,,,,
2022-09-04 13:32:08+00:00,8.918007488,,,,
2022-09-04 13:32:10+00:00,8.830005733,,,,
2022-09-04 13:32:12+00:00,8.74200439,,,,
2022-09-04 13:32:14+00:00,8.654003361,,,,
2022-09-04 13:32:16+00:00,8.566002573,,,,
2022-09-04 13:32:18+00:00,8.47800197,,,,
2022-09-04 13:32:20+00:00,8.390001508,,,,
2022-09-04 13:32:22+00:00,8.302001155,,,,
2022-09-04 13:32:24+00:00,8.214000884,,,,
2022-09-04 13:32:26+00:00,8.126000677,,,,
2022-09-04 13:32:28+00:00,8.038000518,,,,
2022-09-04 13:32:30+00:00,7.950000397,,,,
2022-09-04 13:32:32+00:00,7.862000304,,,,
2022-09-04 13:32:34+00:00,7.774000233,,,,
2022-09-04 13:32:36+00:00,7.686000178,,,,
2022-09-04 13:32:38+00:00,7.598000136,,,,
2022-09-04 13:32:40+00:00,7.510000104,,,,
2022-09-04 13:32:42+00:00,7.42200008,,,,
2022-09-04 13:32:44+00:00,7.334000061,,,,
2022-09-04 13:32:46+00:00,7.246000047,,,,
2022-09-04 13:32:48+00:00,7.158000036,,,,
2022-09-04 13:32:50+00:00,6.903410284,,,,
2022-09-04 13:32:52+00:00,6.423214008,,,,
2022-09-04 13:32:54+00:00,5.823726325,,,,
2022-09-04 13:32:56+00:00,5.156656643,,,,
2022-09-04 13:32:58+00:00,4.448400262,,,,
2022-09-04 13:33:00+00:00,3.713301769,,,,
2022-09-04 13:33:02+00:00,3.140660452,,,,0.49
2022-09-04 13:33:04+00:00,3.180445706,,,,
2022-09-04 13:33:06+00:00,2.777915293,,,,
2022-09-04 13:33:08+00:00,1.923902084,,,,
2022-09-04 13:33:10+00:00,1.4869277,,,,
2022-09-04 13:33:12+00:00,1.396145484,,,,
2022-09-04 13:33:14+00:00,1.240617314,,,,
2022-09-04 13:33:16+00:00,1.228378044,,,,
2022-09-04 13:33:18+00:00,1.637394181,,,,
2022-09-04 13:33:20+00:00,1.714601977,,,,
2022-09-04 13:33:22+00:00,1.63191785,,,,
2022-09-04 13:33:24+00:00,1.468660401,,,,
2022-09-04 13:33:26+00:00,1.262311301,,,,
2022-09-04 13:33:28+00:00,1.092462898,,,,
2022-09-04 13:33:30+00:00,1.091479147,,,,
2022-09-04 13:33:32+00:00,1.310358051,,,,
2022-09-04 13:33:34+00:00,1.197082724,,,,
2022-09-04 13:33:36+00:00,0.949594584,,,,
2022-09-04 13:33:38+00:00,0.767380575,,,,
2022-09-04 13:33:40+00:00,0.628853685,,,,
2022-09-04 13:33:42+00:00,0.561217174,,,,
2022-09-04 13:33:44+00:00,0.540479829,,,,
2022-09-04 13:33:46+00:00,0.544998625,,,,
2022-09-04 13:33:48+00:00,0.564120362,,,,
2022-09-04 13:33:50+00:00,0.592318568,,,,
2022-09-04 13:33:52+00:00,0.626530875,,,,
2022-09-04 13:33:54+00:00,0.664932143,,,,
2022-09-04 13:33:56+00:00,0.706355877,,,,
2022-09-04 13:33:58+00:00,0.76334493,,,,
2022-09-04 13:34:00+00:00,1.035622102,,,,
2022-09-04 13:34:02+00:00,0.944133679,,,,
2022-09-04 13:34:04+00:00,0.860672295,,,,
2022-09-04 13:34:06+00:00,0.736330536,,,,
2022-09-04 13:34:08+00:00,0.75710176,,,,
2022-09-04 13:34:10+00:00,0.676224204,,,,
2022-09-04 13:34:12+00:00,0.652913759,,,,
2022-09-04 13:34:14+00:00,0.664362754,,,,
2022-09-04 13:34:16+00:00,0.809825942,,,,
2022-09-04 13:34:18+00:00,1.653565246,,,,
2022-09-04 13:34:20+00:00,3.155456757,,,,
2022-09-04 13:34:22+00:00,4.237327381,,,,
2022-09-04 13:34:24+00:00,4.66659316,,,,
2022-09-04 13:34:26+00:00,3.749710531,,,,
2022-09-04 13:34:28+00:00,2.711065939,,,,
2022-09-04 13:34:30+00:00,1.783843221,,,,
2022-09-04 13:34:32+00:00,1.245058682,,,,
2022-09-04 13:34:34+00:00,0.947219844,,,,
2022-09-04 13:34:36+00:00,0.754150572,,,,
2022-09-04 13:34:38+00:00,1.03666295,,,,
2022-09-04 13:34:40+00:00,1.18087598,,,,
2022-09-04 13:34:42+00:00,0.998803159,,,,
2022-09-04 13:34:44+00:00,0.816545329,,,,
2022-09-04 13:34:46+00:00,0.679820617,,,,
2022-09-04 13:34:48+00:00,0.628132093,,,,
2022-09-04 13:34:50+00:00,0.669568104,,,,
2022-09-04 13:34:52+00:00,0.885286594,,,,
2022-09-04 13:34:54+00:00,0.856856611,,,,
2022-09-04 13:34:56+00:00,0.659164731,,,,
2022-09-04 13:34:58+00:00,0.611503337,,,,
2022-09-04 13:35:00+00:00,0.540912393,,,,
2022-09-04 13:35:02+00:00,0.555387646,,,,
2022-09-04 13:35:04+00:00,0.57319507,,,,
2022-09-04 13:35:06+00:00,0.544984349,,,,
2022-09-04 13:35:08+00:00,0.670235864,,,,
2022-09-04 13:35:10+00:00,0.656304626,,,,
2022-09-04 13:35:12+00:00,0.720003637,,,,
2022-09-04 13:35:14+00:00,0.980241022,,,,
2022-09-04 13:35:16+00:00,1.471835554,,,,
2022-09-04 13:35:18+00:00,1.291396078,,,,
2022-09-04 13:35:20+00:00,1.879085587,,,,
2022-09-04 13:35:22+00:00,2.108661497,,,,
2022-09-04 13:35:24+00:00,1.586767862,,,,
2022-09-04 13:35:26+00:00,1.672047824,,,,
2022-09-04 13:35:28+00:00,2.117779223,,,,
2022-09-04 13:35:30+00:00,5.377084626,,,,
2022-09-04 13:35:32+00:00,9.683398015,,,,
2022-09-04 13:35:34+00:00,12.54929832,,,,
2022-09-04 13:35:36+00:00,16.42056062,,,,
2022-09-04 13:35:38+00:00,18.49879215,,,,
2022-09-04 13:35:40+00:00,19.1855421,,,,
2022-09-04 13:35:42+00:00,19.87306872,,,,
2022-09-04 13:35:44+00:00,20.62104626,,,,
2022-09-04 13:35:46+00:00,22.29189891,,,,
2022-09-04 13:35:48+00:00,23.39035152,,,,
2022-09-04 13:35:50+00:00,23.81479309,,,,
2022-09-04 13:35:52+00:00,24.54118036,,,,
2022-09-04 13:35:54+00:00,26.16098137,,,,
2022-09-04 13:35:56+00:00,26.2634317,,,,
2022-09-04 13:35:58+00:00,25.25929436,,,,
2022-09-04 13:36:00+00:00,24.08824228,,,,
2022-09-04 13:36:02+00:00,24.80677982,,,,
2022-09-04 13:36:04+00:00,24.58285772,,,,
2022-09-04 13:36:06+00:00,19.71488365,,,,
2022-09-04 13:36:08+00:00,12.57609687,,,,
2022-09-04 13:36:10+00:00,8.277653332,,,,
2022-09-04 13:36:12+00:00,7.642544074,,,,
2022-09-04 13:36:14+00:00,10.12612008,,,,
2022-09-04 13:36:16+00:00,9.521564337,,,,
2022-09-04 13:36:18+00:00,9.061622928,,,,
2022-09-04 13:36:20+00:00,9.523466269,,,,
2022-09-04 13:36:22+00:00,8.955222041,,,,
2022-09-04 13:36:24+00:00,10.58957704,,,,
2022-09-04 13:36:26+00:00,13.90153763,,,,
2022-09-04 13:36:28+00:00,17.46823026,,,,
2022-09-04 13:36:30+00:00,18.81856444,,,,
2022-09-04 13:36:32+00:00,18.42127132,,,,
2022-09-04 13:36:34+00:00,18.96242618,,,,
2022-09-04 13:36:36+00:00,19.5425345,,,,
2022-09-04 13:36:38+00:00,19.42592537,,,,
2022-09-04 13:36:40+00:00,20.53054726,,,,
2022-09-04 13:36:42+00:00,22.55177095,,,,
2022-09-04 13:36:44+00:00,22.82161995,,,,
2022-09-04 13:36:46+00:00,22.21067013,,,,
2022-09-04 13:36:48+00:00,18.90422148,,,,
2022-09-04 13:36:50+00:00,15.55389414,,,,
2022-09-04 13:36:52+00:00,15.76228265,,,,
2022-09-04 13:36:54+00:00,18.41638499,,,,
2022-09-04 13:36:56+00:00,19.73211274,,,,
2022-09-04 13:36:58+00:00,20.47499848,,,,
2022-09-04 13:37:00+00:00,20.41149973,,,,
2022-09-04 13:37:02+00:00,20.01072848,,,,
2022-09-04 13:37:04+00:00,20.79390592,,,,
2022-09-04 13:37:06+00:00,20.66847854,,,,
2022-09-04 13:37:08+00:00,21.38717358,,,,
2022-09-04 13:37:10+00:00,22.59001423,,,,
2022-09-04 13:37:12+00:00,24.09022898,,,,
2022-09-04 13:37:14+00:00,23.92733474,,,,
2022-09-04 13:37:16+00:00,23.91810666,,,,
2022-09-04 13:37:18+00:00,22.20820266,,,,
2022-09-04 13:37:20+00:00,17.5771881,,,,
2022-09-04 13:37:22+00:00,15.05079581,,,,
2022-09-04 13:37:24+00:00,15.77086078,,,,
2022-09-04 13:37:26+00:00,16.55686456,,,,
2022-09-04 13:37:28+00:00,16.85608661,,,,
2022-09-04 13:37:30+00:00,17.44298769,,,,
2022-09-04 13:37:32+00:00,18.96979765,,,,
2022-09-04 13:37:34+00:00,18.96083225,,,,
2022-09-04 13:37:36+00:00,19.69681899,,,,
2022-09-04 13:37:38+00:00,20.81319395,,,,
2022-09-04 13:37:40+00:00,21.91150983,,,,
2022-09-04 13:37:42+00:00,22.77905614,,,,
2022-09-04 13:37:44+00:00,23.2739066,,,,
2022-09-04 13:37:46+00:00,24.48540954,,,,
2022-09-04 13:37:48+00:00,26.91976521,,,,
2022-09-04 13:37:50+00:00,29.12488208,,,,
2022-09-04 13:37:52+00:00,30.25597366,,,,
2022-09-04 13:37:54+00:00,30.40121659,,,,
2022-09-04 13:37:56+00:00,30.78885612,,,,
2022-09-04 13:37:58+00:00,31.85112893,,,,
2022-09-04 13:38:00+00:00,31.6373456,,,,
2022-09-04 13:38:02+00:00,29.53410176,,,,
2022-09-04 13:38:04+00:00,26.81283887,,,,
2022-09-04 13:38:06+00:00,24.78597352,,,,
2022-09-04 13:38:08+00:00,24.04571723,,,,
2022-09-04 13:38:10+00:00,24.33194462,,,,
2022-09-04 13:38:12+00:00,25.8670674,,,,
2022-09-04 13:38:14+00:00,27.1823695,,,,
2022-09-04 13:38:16+00:00,27.9145978,,,,
2022-09-04 13:38:18+00:00,28.00593098,,,,
2022-09-04 13:38:20+00:00,27.8028207,,,,
2022-09-04 13:38:22+00:00,27.13780826,,,,
2022-09-04 13:38:24+00:00,26.09108593,,,,
2022-09-04 13:38:26+00:00,22.51447652,,,,
2022-09-04 13:38:28+00:00,15.68885294,,,,
2022-09-04 13:38:30+00:00,9.926165106,,,,
2022-09-04 13:38:32+00:00,6.622062331,,,,
2022-09-04 13:38:34+00:00,4.674835215,,,,
2022-09-04 13:38:36+00:00,3.443170014,,,,
2022-09-04 13:38:38+00:00,2.611273954,,,,
2022-09-04 13:38:40+00:00,2.068532332,,,,
2022-09-04 13:38:42+00:00,1.795311355,,,,
2022-09-04 13:38:44+00:00,1.539138329,,,,
2022-09-04 13:38:46+00:00,1.172153454,,,,
2022-09-04 13:38:48+00:00,0.949662925,,,,
2022-09-04 13:38:50+00:00,0.764789899,,,,
2022-09-04 13:38:52+00:00,0.666205949,,,,
2022-09-04 13:38:54+00:00,0.596945705,,,,
2022-09-04 13:38:56+00:00,0.555359011,,,,
2022-09-04 13:38:58+00:00,0.484812279,,,,
2022-09-04 13:39:00+00:00,0.463326028,,,,
2022-09-04 13:39:02+00:00,0.374550408,,,,
2022-09-04 13:39:04+00:00,0.313187036,,,,
2022-09-04 13:39:06+00:00,0.264610215,,,,
2022-09-04 13:39:08+00:00,0.237157398,,,,
2022-09-04 13:39:10+00:00,0.208363028,,,,
2022-09-04 13:39:12+00:00,0.401121841,,,,
