date,spd,Unnamed: 2,Unnamed: 3,Unnamed: 4,Unnamed: 5,t_s,v_ms,P_batt_W,P_mech_total_W
2022-09-04 12:18:48+00:00,18.696,,,,,0.0,5.193333333333333,95.23149600635278,0.0
2022-09-04 12:18:50+00:00,18.9338125,,,,,2.0,5.259392361111111,92.21894649989895,0.0
2022-09-04 12:18:52+00:00,19.09269672,,,,,4.0,5.303526866666666,87.40576535852912,0.0
2022-09-04 12:18:54+00:00,19.08308744,,,,,6.0,5.300857622222222,101.81616674155153,0.0
2022-09-04 12:18:56+00:00,19.23007186,,,,,8.0,5.3416866277777775,126.54673892053589,0.0
2022-09-04 12:18:58+00:00,20.25327595,,,,,10.0,5.625909986111111,143.0299567554166,0.0
2022-09-04 12:19:00+00:00,20.60932509,,,,,12.0,5.724812525,132.94068299401624,0.0
2022-09-04 12:19:02+00:00,20.61074566,,,,,14.0,5.725207127777778,117.05474477716244,0.0
2022-09-04 12:19:04+00:00,21.05976832,,,,,16.0,5.849935644444444,116.98452646462744,0.0
2022-09-04 12:19:06+00:00,21.20456062,,,,,18.0,5.890155727777778,105.59526697766798,0.0
2022-09-04 12:19:08+00:00,21.16555647,,,,,20.0,5.879321241666666,85.97511615596932,0.0
2022-09-04 12:19:10+00:00,21.02874822,,,,,22.0,5.84131895,73.77156741790586,0.0
2022-09-04 12:19:12+00:00,20.83613208,,,,,24.0,5.787814466666666,69.33058552923738,0.0
2022-09-04 12:19:14+00:00,20.60926507,,,,,26.0,5.724795852777778,76.12621061978118,0.0
2022-09-04 12:19:16+00:00,20.53024914,,,,,28.0,5.702846983333333,91.76724521367916,0.0
2022-09-04 12:19:18+00:00,20.71560771,,,,,30.0,5.754335475,108.60036741316247,0.0
2022-09-04 12:19:20+00:00,20.92248578,,,,,32.0,5.811801605555555,118.07371136116508,0.0
2022-09-04 12:19:22+00:00,21.14509404,,,,,34.0,5.8736372333333335,122.40003416287392,0.0
2022-09-04 12:19:24+00:00,21.37941432,,,,,36.0,5.9387262,126.48800886363472,0.0
2022-09-04 12:19:26+00:00,21.6225543,,,,,38.0,6.006265083333333,130.4261451773767,0.0
2022-09-04 12:19:28+00:00,21.87238141,,,,,40.0,6.075661502777777,134.27226580551715,0.0
2022-09-04 12:19:30+00:00,22.12729926,,,,,42.0,6.146472016666666,138.06635991674398,0.0
2022-09-04 12:19:32+00:00,22.38610177,,,,,44.0,6.218361602777778,141.83729199714054,0.0
2022-09-04 12:19:34+00:00,22.64787273,,,,,46.0,6.291075758333333,145.6065352122878,0.0
2022-09-04 12:19:36+00:00,22.91191386,,,,,48.0,6.364420516666666,149.3903994632218,0.0
2022-09-04 12:19:38+00:00,23.17769194,,,,,50.0,6.438247761111111,153.2014546714515,0.0
2022-09-04 12:19:40+00:00,23.44479938,,,,,52.0,6.512444272222222,157.04949635524963,0.0
2022-09-04 12:19:42+00:00,23.71292438,,,,,54.0,6.586923438888888,157.5070470073819,0.0
2022-09-04 12:19:44+00:00,23.98182836,,,,,56.0,6.661618988888889,127.50692121604786,0.0
2022-09-04 12:19:46+00:00,24.10386317,,,,,58.0,6.695517547222222,71.89833604767989,0.0
2022-09-04 12:19:48+00:00,23.08214343,,,,,60.0,6.411706508333332,22.2889519913801,0.0
2022-09-04 12:19:50+00:00,22.22583123,,,,,62.0,6.173842008333334,20.926409437472646,0.0
2022-09-04 12:19:52+00:00,21.74179211,,,,,64.0,6.039386697222222,53.11174030275445,0.0
2022-09-04 12:19:54+00:00,21.56085274,,,,,66.0,5.9891257611111115,79.97515408158439,0.0
2022-09-04 12:19:56+00:00,21.53421547,,,,,68.0,5.981726519444444,109.75929071091115,0.0
2022-09-04 12:19:58+00:00,21.56202091,,,,,70.0,5.989450252777778,142.4121295979787,0.0
2022-09-04 12:20:00+00:00,22.28951101,,,,,72.0,6.19153083611111,161.30866044484802,0.0
2022-09-04 12:20:02+00:00,22.88129631,,,,,74.0,6.355915641666666,135.95219709198832,0.0
2022-09-04 12:20:04+00:00,22.7210753,,,,,76.0,6.311409805555555,73.47962327143061,0.0
2022-09-04 12:20:06+00:00,22.13938091,,,,,78.0,6.149828030555556,20.54497917237435,0.0
2022-09-04 12:20:08+00:00,21.33292663,,,,,80.0,5.925812952777777,-0.0,9.370259842128398
2022-09-04 12:20:10+00:00,20.39791528,,,,,82.0,5.666087577777778,-0.0,26.1410465800933
2022-09-04 12:20:12+00:00,19.38382175,,,,,84.0,5.384394930555556,-33.094500836475234,0.0
2022-09-04 12:20:14+00:00,18.31777842,,,,,86.0,5.088271783333333,-40.893122368894545,0.0
2022-09-04 12:20:16+00:00,17.2157821,,,,,88.0,4.782161694444444,-39.34534321536518,0.0
2022-09-04 12:20:18+00:00,15.9773159,,,,,90.0,4.438143305555555,-0.0,17.719183080191147
2022-09-04 12:20:20+00:00,15.33069078,,,,,92.0,4.2585252166666665,26.62503074621341,0.0
2022-09-04 12:20:22+00:00,15.70174576,,,,,94.0,4.361596044444444,61.0704809304729,0.0
2022-09-04 12:20:24+00:00,16.14774896,,,,,96.0,4.4854858222222225,45.56340731944941,0.0
2022-09-04 12:20:26+00:00,15.93104663,,,,,98.0,4.425290730555556,0.02079367976597207,0.0
2022-09-04 12:20:28+00:00,14.69034844,,,,,100.0,4.080652344444444,-0.0,24.630037857525608
2022-09-04 12:20:30+00:00,13.92357938,,,,,102.0,3.8676609388888887,-0.0,19.766070442673477
2022-09-04 12:20:32+00:00,13.27583426,,,,,104.0,3.6877317388888886,-0.0,0.8365015770590134
2022-09-04 12:20:34+00:00,12.90346341,,,,,106.0,3.5842953916666667,32.83465528538103,0.0
2022-09-04 12:20:36+00:00,12.92048,,,,,108.0,3.589022222222222,80.52969605685784,0.0
2022-09-04 12:20:38+00:00,14.2156662,,,,,110.0,3.9487961666666664,116.23877773501977,0.0
2022-09-04 12:20:40+00:00,15.65170358,,,,,112.0,4.347695438888889,110.04200915888804,0.0
2022-09-04 12:20:42+00:00,15.60445628,,,,,114.0,4.334571188888889,74.82780992135851,0.0
2022-09-04 12:20:44+00:00,15.51061133,,,,,116.0,4.308503147222222,67.79646500249193,0.0
2022-09-04 12:20:46+00:00,16.07003588,,,,,118.0,4.463898855555555,86.34222188228111,0.0
2022-09-04 12:20:48+00:00,16.4869847,,,,,120.0,4.579717972222222,75.9469260555444,0.0
2022-09-04 12:20:50+00:00,16.83077657,,,,,122.0,4.675215713888889,36.361369330549216,0.0
2022-09-04 12:20:52+00:00,16.08171227,,,,,124.0,4.467142297222222,0.13590446128599976,0.0
2022-09-04 12:20:54+00:00,15.24064105,,,,,126.0,4.233511402777778,-0.0,2.4267433142622883
2022-09-04 12:20:56+00:00,14.81659932,,,,,128.0,4.115722033333333,28.76865189120349,0.0
2022-09-04 12:20:58+00:00,14.82269805,,,,,130.0,4.117416125,64.80731161253941,0.0
2022-09-04 12:21:00+00:00,15.46822409,,,,,132.0,4.296728913888889,93.13851115211342,0.0
2022-09-04 12:21:02+00:00,16.03051975,,,,,134.0,4.452922152777778,112.92066074845569,0.0
2022-09-04 12:21:04+00:00,16.59834087,,,,,136.0,4.610650241666667,122.74072234559145,0.0
2022-09-04 12:21:06+00:00,17.60498215,,,,,138.0,4.890272819444445,126.49160975091766,0.0
2022-09-04 12:21:08+00:00,18.03931379,,,,,140.0,5.010920497222222,114.48673630772113,0.0
2022-09-04 12:21:10+00:00,18.29150645,,,,,142.0,5.080974013888889,111.01115358182804,0.0
2022-09-04 12:21:12+00:00,18.65680554,,,,,144.0,5.182445983333333,128.47321648333076,0.0
2022-09-04 12:21:14+00:00,19.38876423,,,,,146.0,5.3857678416666666,146.97179856063892,0.0
2022-09-04 12:21:16+00:00,20.08494233,,,,,148.0,5.579150647222222,146.62146738838345,0.0
2022-09-04 12:21:18+00:00,20.52676565,,,,,150.0,5.7018793472222224,120.87613196463862,0.0
2022-09-04 12:21:20+00:00,20.71336278,,,,,152.0,5.753711883333334,64.22737840040779,0.0
2022-09-04 12:21:22+00:00,20.39831561,,,,,154.0,5.666198780555556,-0.0,9.053915987624574
2022-09-04 12:21:24+00:00,18.9619668,,,,,156.0,5.267213,-42.4729444376839,0.0
2022-09-04 12:21:26+00:00,17.45482812,,,,,158.0,4.848563366666666,-0.0,1.9433100120478877
2022-09-04 12:21:28+00:00,16.89835366,,,,,160.0,4.6939871277777785,89.90354703444699,0.0
2022-09-04 12:21:30+00:00,18.75918609,,,,,162.0,5.210885025,149.1389240343614,0.0
2022-09-04 12:21:32+00:00,19.62427325,,,,,164.0,5.451187013888889,75.11676819457733,0.0
2022-09-04 12:21:34+00:00,18.92934718,,,,,166.0,5.258151994444445,-82.89202551408559,0.0
2022-09-04 12:21:36+00:00,16.51033408,,,,,168.0,4.586203911111111,-181.22548907134924,0.0
2022-09-04 12:21:38+00:00,12.43459689,,,,,170.0,3.4540546916666663,-160.4670150667946,0.0
2022-09-04 12:21:40+00:00,8.962105122,,,,,172.0,2.489473645,-84.33578721585098,0.0
2022-09-04 12:21:42+00:00,7.68545882,,,,,174.0,2.1348496722222223,-28.33160056665923,0.0
2022-09-04 12:21:44+00:00,7.355594086,,,,,176.0,2.0432205794444442,3.9472253927733925,0.0
2022-09-04 12:21:46+00:00,7.4725888,,,,,178.0,2.075719111111111,18.535364904586725,0.0
2022-09-04 12:21:48+00:00,7.818656169,,,,,180.0,2.1718489358333333,19.350212092698747,0.0
2022-09-04 12:21:50+00:00,7.833194348,,,,,182.0,2.175887318888889,3.4306604021533578,0.0
2022-09-04 12:21:52+00:00,7.564756687,,,,,184.0,2.1013213019444446,-0.0,9.75422704865412
2022-09-04 12:21:54+00:00,6.221262706,,,,,186.0,1.7281285294444444,-0.0,3.1007131444367158
2022-09-04 12:21:56+00:00,6.048739228,,,,,188.0,1.6802053411111109,37.75411158687637,0.0
2022-09-04 12:21:58+00:00,6.985812069,,,,,190.0,1.9405033525,118.34849245848034,0.0
2022-09-04 12:22:00+00:00,11.36835785,,,,,192.0,3.1578771805555554,279.9163314779002,0.0
2022-09-04 12:22:02+00:00,16.2798442,,,,,194.0,4.522178944444444,400.98112109712224,0.0
2022-09-04 12:22:04+00:00,19.41444664,,,,,196.0,5.392901844444444,342.93952132333925,0.0
2022-09-04 12:22:06+00:00,20.70037821,,,,,198.0,5.750105058333333,218.517191569005,0.0
2022-09-04 12:22:08+00:00,20.86944237,,,,,200.0,5.797067325,143.41214213452534,0.0
2022-09-04 12:22:10+00:00,21.16625702,,,,,202.0,5.879515838888889,130.3396067677668,0.0
2022-09-04 12:22:12+00:00,21.49256564,,,,,204.0,5.970157122222222,137.5162287201107,0.0
2022-09-04 12:22:14+00:00,21.81109335,,,,,206.0,6.058637041666667,140.54640253375618,0.0
2022-09-04 12:22:16+00:00,22.11016948,,,,,208.0,6.141713744444444,142.0532427945679,0.0
2022-09-04 12:22:18+00:00,22.38835552,,,,,210.0,6.218987644444445,143.15194742590904,0.0
2022-09-04 12:22:20+00:00,22.64788203,,,,,212.0,6.291078341666667,144.2902065643158,0.0
2022-09-04 12:22:22+00:00,22.89193767,,,,,214.0,6.358871575,148.3946174912142,0.0
2022-09-04 12:22:24+00:00,23.12362188,,,,,216.0,6.4232283,171.2885611833066,0.0
2022-09-04 12:22:26+00:00,23.4687581,,,,,218.0,6.519099472222222,209.88923872252587,0.0
2022-09-04 12:22:28+00:00,24.49769149,,,,,220.0,6.804914302777778,236.717717891765,0.0
2022-09-04 12:22:30+00:00,25.40044858,,,,,222.0,7.055680161111111,213.86296021720355,0.0
2022-09-04 12:22:32+00:00,25.47716168,,,,,224.0,7.076989355555555,147.19214536845388,0.0
2022-09-04 12:22:34+00:00,25.20801001,,,,,226.0,7.002225002777777,75.43713182621092,0.0
2022-09-04 12:22:36+00:00,24.69310988,,,,,228.0,6.859197188888889,7.908075421316168,0.0
2022-09-04 12:22:38+00:00,23.44381879,,,,,230.0,6.512171886111111,-0.0,28.70096783054207
2022-09-04 12:22:40+00:00,21.95205722,,,,,232.0,6.097793672222222,-0.0,16.22652557643572
2022-09-04 12:22:42+00:00,21.35090174,,,,,234.0,5.930806038888889,34.30796102793066,0.0
2022-09-04 12:22:44+00:00,21.18899183,,,,,236.0,5.885831063888888,82.06877577416596,0.0
2022-09-04 12:22:46+00:00,21.25554612,,,,,238.0,5.904318366666667,108.32228238915275,0.0
2022-09-04 12:22:48+00:00,21.44909245,,,,,240.0,5.95808123611111,124.86309604898794,0.0
2022-09-04 12:22:50+00:00,21.71856666,,,,,242.0,6.032935183333334,136.82133981146555,0.0
2022-09-04 12:22:52+00:00,22.03670632,,,,,244.0,6.121307311111111,146.52818574094493,0.0
2022-09-04 12:22:54+00:00,22.38789799,,,,,246.0,6.218860552777778,155.08738792737134,0.0
2022-09-04 12:22:56+00:00,22.7625251,,,,,248.0,6.322923638888889,163.04693635270365,0.0
2022-09-04 12:22:58+00:00,23.15426387,,,,,250.0,6.431739963888889,170.6954344189223,0.0
2022-09-04 12:23:00+00:00,23.55873437,,,,,252.0,6.544092880555556,178.19603848421235,0.0
2022-09-04 12:23:02+00:00,23.97278844,,,,,254.0,6.6591078999999995,185.6483912200043,0.0
2022-09-04 12:23:04+00:00,24.39410695,,,,,256.0,6.776140819444445,193.11804935556563,0.0
2022-09-04 12:23:06+00:00,24.82095488,,,,,258.0,6.894709688888888,183.10953680409935,0.0
2022-09-04 12:23:08+00:00,25.25202185,,,,,260.0,7.014450513888888,155.77516020244184,0.0
2022-09-04 12:23:10+00:00,24.96690847,,,,,262.0,6.935252352777778,118.53558143675606,0.0
2022-09-04 12:23:12+00:00,24.72587659,,,,,264.0,6.868299052777777,86.95517108262707,0.0
2022-09-04 12:23:14+00:00,24.47387487,,,,,266.0,6.798298575,86.54825422482826,0.0
2022-09-04 12:23:16+00:00,23.69882808,,,,,268.0,6.583007799999999,104.09899186370485,0.0
2022-09-04 12:23:18+00:00,24.05050989,,,,,270.0,6.680697191666667,152.05249711009722,0.0
2022-09-04 12:23:20+00:00,24.326863,,,,,272.0,6.757461944444444,182.0015633634049,0.0
2022-09-04 12:23:22+00:00,24.87552704,,,,,274.0,6.9098686222222225,150.72850204430182,0.0
2022-09-04 12:23:24+00:00,24.99426597,,,,,276.0,6.942851658333334,58.64763750231489,0.0
2022-09-04 12:23:26+00:00,23.87545847,,,,,278.0,6.632071797222222,-0.0,5.32621532375987
2022-09-04 12:23:28+00:00,22.00020907,,,,,280.0,6.111169186111111,18.798626604873856,0.0
2022-09-04 12:23:30+00:00,22.26731573,,,,,282.0,6.185365480555555,119.2764867874404,0.0
2022-09-04 12:23:32+00:00,22.69709738,,,,,284.0,6.304749272222222,193.1442358987355,0.0
2022-09-04 12:23:34+00:00,23.77715796,,,,,286.0,6.6047661,180.4940016913292,0.0
2022-09-04 12:23:36+00:00,24.16949655,,,,,288.0,6.7137490416666665,96.62699137740466,0.0
2022-09-04 12:23:38+00:00,23.20358704,,,,,290.0,6.445440844444444,-0.0,3.8104248999454753
2022-09-04 12:23:40+00:00,21.89597369,,,,,292.0,6.0822149138888895,-39.99796614115805,0.0
2022-09-04 12:23:42+00:00,20.72634653,,,,,294.0,5.757318480555556,-40.82404144666852,0.0
2022-09-04 12:23:44+00:00,19.60648904,,,,,296.0,5.446246955555555,-0.0,9.734589381507291
2022-09-04 12:23:46+00:00,18.60628809,,,,,298.0,5.168413358333333,46.45499039077602,0.0
2022-09-04 12:23:48+00:00,19.34481639,,,,,300.0,5.373560108333333,94.96248737824148,0.0
2022-09-04 12:23:50+00:00,19.67530249,,,,,302.0,5.465361802777777,91.39368484824807,0.0
2022-09-04 12:23:52+00:00,19.49297807,,,,,304.0,5.414716130555555,50.04476224842927,0.0
2022-09-04 12:23:54+00:00,19.05888773,,,,,306.0,5.294135480555555,21.589312308772193,0.0
2022-09-04 12:23:56+00:00,18.49464115,,,,,308.0,5.137400319444445,5.689580041091431,0.0
2022-09-04 12:23:58+00:00,17.85856684,,,,,310.0,4.960713011111111,-0.0,3.592967936138831
2022-09-04 12:24:00+00:00,17.17986526,,,,,312.0,4.772184794444445,-0.0,9.358933312387112
2022-09-04 12:24:02+00:00,16.47402311,,,,,314.0,4.576117530555556,-0.0,13.420555669101471
2022-09-04 12:24:04+00:00,15.74984408,,,,,316.0,4.374956688888889,-0.0,16.38260527166825
2022-09-04 12:24:06+00:00,15.01271151,,,,,318.0,4.170197641666666,-0.0,18.557740674140415
2022-09-04 12:24:08+00:00,14.26614387,,,,,320.0,3.9628177416666666,-0.0,20.121800247428137
2022-09-04 12:24:10+00:00,13.51256695,,,,,322.0,3.7534908194444445,-0.0,21.183812490323543
2022-09-04 12:24:12+00:00,12.75371886,,,,,324.0,3.542699683333333,-0.0,21.8181534044587
2022-09-04 12:24:14+00:00,11.99087738,,,,,326.0,3.3307992722222224,-0.0,22.079834677094432
2022-09-04 12:24:16+00:00,11.2249973,,,,,328.0,3.1180548055555555,-0.0,15.931810988868707
2022-09-04 12:24:18+00:00,10.45679916,,,,,330.0,2.904666433333333,26.769200884437634,0.0
2022-09-04 12:24:20+00:00,10.29949932,,,,,332.0,2.8609720333333333,91.11528880091481,0.0
2022-09-04 12:24:22+00:00,13.2506222,,,,,334.0,3.680728388888889,182.25312295148535,0.0
2022-09-04 12:24:24+00:00,15.18666981,,,,,336.0,4.218519391666667,228.19050834093127,0.0
2022-09-04 12:24:26+00:00,16.85656407,,,,,338.0,4.682378908333334,244.4573130016199,0.0
2022-09-04 12:24:28+00:00,18.90684353,,,,,340.0,5.251900980555555,261.64882905521205,0.0
2022-09-04 12:24:30+00:00,20.85329407,,,,,342.0,5.792581686111111,208.53881635522507,0.0
2022-09-04 12:24:32+00:00,21.34757402,,,,,344.0,5.929881672222222,56.459274306165206,0.0
2022-09-04 12:24:34+00:00,20.14889488,,,,,346.0,5.596915244444444,-74.61443722598084,0.0
2022-09-04 12:24:36+00:00,17.71738407,,,,,348.0,4.921495575000001,-157.6329611304013,0.0
2022-09-04 12:24:38+00:00,15.57589809,,,,,350.0,4.326638358333334,-199.6419708924325,0.0
2022-09-04 12:24:40+00:00,11.10084669,,,,,352.0,3.0835685249999996,-158.2965773935711,0.0
2022-09-04 12:24:42+00:00,7.495371729,,,,,354.0,2.0820477025,-80.6123652470741,0.0
2022-09-04 12:24:44+00:00,5.512694694,,,,,356.0,1.5313040816666668,-0.0,20.985732976658433
2022-09-04 12:24:46+00:00,5.731557887,,,,,358.0,1.5920994130555555,7.337225749343939,0.0
2022-09-04 12:24:48+00:00,6.814839735,,,,,360.0,1.8930110374999998,6.484655548750964,0.0
2022-09-04 12:24:50+00:00,5.735784634,,,,,362.0,1.5932735094444443,-0.0,12.441026299659718
2022-09-04 12:24:52+00:00,4.625717538,,,,,364.0,1.2849215383333332,-0.0,15.658627669670969
2022-09-04 12:24:54+00:00,3.706512736,,,,,366.0,1.0295868711111111,-0.0,6.195932872379557
2022-09-04 12:24:56+00:00,3.331317256,,,,,368.0,0.9253659044444444,2.504116504663793,0.0
2022-09-04 12:24:58+00:00,3.506617415,,,,,370.0,0.9740603930555556,10.932194135431516,0.0
2022-09-04 12:25:00+00:00,3.975580132,,,,,372.0,1.1043278144444444,18.64584549270678,0.0
2022-09-04 12:25:02+00:00,4.612573505,,,,,374.0,1.2812704180555556,25.897428286046843,0.0
2022-09-04 12:25:04+00:00,5.352968797,,,,,376.0,1.4869357769444445,33.24669082852148,0.0
2022-09-04 12:25:06+00:00,6.161310494,,,,,378.0,1.7114751372222223,41.03539299099941,0.0
2022-09-04 12:25:08+00:00,7.016686684,,,,,380.0,1.9490796344444443,51.755106592039375,0.0
2022-09-04 12:25:10+00:00,7.933857226,,,,,382.0,2.2038492294444443,60.96440685616364,0.0
2022-09-04 12:25:12+00:00,9.218784542,,,,,384.0,2.5607734838888887,65.50173722188102,0.0
2022-09-04 12:25:14+00:00,9.819560433,,,,,386.0,2.7276556758333332,60.75621359558155,0.0
2022-09-04 12:25:16+00:00,10.25484002,,,,,388.0,2.8485666722222223,60.87457835254797,0.0
2022-09-04 12:25:18+00:00,11.0107737,,,,,390.0,3.05854825,70.25496382012511,0.0
2022-09-04 12:25:20+00:00,11.82656705,,,,,392.0,3.2851575138888887,73.89465005702394,0.0
2022-09-04 12:25:22+00:00,12.39177802,,,,,394.0,3.4421605611111112,67.05370028676305,0.0
2022-09-04 12:25:24+00:00,12.75854379,,,,,396.0,3.544039941666666,58.30384405874277,0.0
2022-09-04 12:25:26+00:00,13.01997031,,,,,398.0,3.616658419444444,52.83899791851179,0.0
2022-09-04 12:25:28+00:00,13.22145548,,,,,400.0,3.672626522222222,49.92553451253239,0.0
2022-09-04 12:25:30+00:00,13.38625208,,,,,402.0,3.7184033555555556,48.33104003716882,0.0
2022-09-04 12:25:32+00:00,13.52704967,,,,,404.0,3.7575137972222223,47.45276939999215,0.0
2022-09-04 12:25:34+00:00,13.65129108,,,,,406.0,3.7920252999999997,46.989940781432956,0.0
2022-09-04 12:25:36+00:00,13.76366472,,,,,408.0,3.8232402,46.78610770026984,0.0
2022-09-04 12:25:38+00:00,13.86731121,,,,,410.0,3.852030891666667,46.75490404427817,0.0
2022-09-04 12:25:40+00:00,13.96443559,,,,,412.0,3.879009886111111,50.49661346525351,0.0
2022-09-04 12:25:42+00:00,14.05663742,,,,,414.0,3.9046215055555553,50.66585865189319,0.0
2022-09-04 12:25:44+00:00,14.41127809,,,,,416.0,4.0031328027777775,57.61330484149734,0.0
2022-09-04 12:25:46+00:00,14.22825676,,,,,418.0,3.9522935444444447,63.17653382543423,0.0
2022-09-04 12:25:48+00:00,14.93359107,,,,,420.0,4.148219741666667,72.31468747488324,0.0
2022-09-04 12:25:50+00:00,15.16048724,,,,,422.0,4.211246455555555,72.20706195718721,0.0
2022-09-04 12:25:52+00:00,15.37719402,,,,,424.0,4.271442783333333,55.485581118025266,0.0
2022-09-04 12:25:54+00:00,15.55617489,,,,,426.0,4.321159691666667,37.169048267631645,0.0
2022-09-04 12:25:56+00:00,15.08994074,,,,,428.0,4.191650205555555,28.259652288416323,0.0
2022-09-04 12:25:58+00:00,14.72194517,,,,,430.0,4.089429213888889,40.55039708846386,0.0
2022-09-04 12:26:00+00:00,15.0552316,,,,,432.0,4.182008777777778,72.5423587773646,0.0
2022-09-04 12:26:02+00:00,15.40549161,,,,,434.0,4.279303225,94.99148648102005,0.0
2022-09-04 12:26:04+00:00,16.25573309,,,,,436.0,4.515481413888889,85.63867141543956,0.0
2022-09-04 12:26:06+00:00,16.67134654,,,,,438.0,4.630929594444444,36.52247753965571,0.0
2022-09-04 12:26:08+00:00,15.8454251,,,,,440.0,4.401506972222222,-0.0,16.514786437793546
2022-09-04 12:26:10+00:00,14.64768988,,,,,442.0,4.068802744444445,-0.0,26.42698278181979
2022-09-04 12:26:12+00:00,13.88183985,,,,,444.0,3.856066625,-0.0,5.337087717877267
2022-09-04 12:26:14+00:00,13.61963436,,,,,446.0,3.7832317666666664,21.345008268772617,0.0
2022-09-04 12:26:16+00:00,13.60994445,,,,,448.0,3.780540125,39.402296917440715,0.0
2022-09-04 12:26:18+00:00,13.73443687,,,,,450.0,3.8151213527777776,49.79231401108974,0.0
2022-09-04 12:26:20+00:00,13.9353738,,,,,452.0,3.8709371666666668,56.66170737413575,0.0
2022-09-04 12:26:22+00:00,14.18315463,,,,,454.0,3.9397651750000002,61.83804211042428,0.0
2022-09-04 12:26:24+00:00,14.46160746,,,,,456.0,4.017113183333334,66.16362912816054,0.0
2022-09-04 12:26:26+00:00,14.7612356,,,,,458.0,4.100343222222222,70.04418997273295,0.0
2022-09-04 12:26:28+00:00,15.07605035,,,,,460.0,4.187791763888889,73.6855937401853,0.0
2022-09-04 12:26:30+00:00,15.40203644,,,,,462.0,4.2783434555555555,77.19924197953657,0.0
2022-09-04 12:26:32+00:00,15.73637298,,,,,464.0,4.371214716666667,80.65012988136343,0.0
2022-09-04 12:26:34+00:00,16.07701279,,,,,466.0,4.465836886111111,98.74909677587831,0.0
2022-09-04 12:26:36+00:00,16.4224385,,,,,468.0,4.561788472222221,155.5855190711185,0.0
2022-09-04 12:26:38+00:00,17.7003592,,,,,470.0,4.916766444444445,215.56377595964736,0.0
2022-09-04 12:26:40+00:00,20.41391044,,,,,472.0,5.670530677777777,242.4132474571381,0.0
2022-09-04 12:26:42+00:00,20.84813746,,,,,474.0,5.791149294444445,166.31628857418625,0.0
2022-09-04 12:26:44+00:00,21.0371482,,,,,476.0,5.843652277777778,82.37250823778042,0.0
2022-09-04 12:26:46+00:00,20.75254401,,,,,478.0,5.764595558333333,39.57834755599592,0.0
2022-09-04 12:26:48+00:00,19.99718078,,,,,480.0,5.554772438888889,22.825130264542043,0.0
2022-09-04 12:26:50+00:00,19.41078538,,,,,482.0,5.391884827777778,37.5087467001432,0.0
2022-09-04 12:26:52+00:00,19.327776,,,,,484.0,5.368826666666666,57.418452531566956,0.0
2022-09-04 12:26:54+00:00,19.33037142,,,,,486.0,5.369547616666666,60.68266593757016,0.0
2022-09-04 12:26:56+00:00,19.06454997,,,,,488.0,5.2957083250000005,71.39416470258385,0.0
2022-09-04 12:26:58+00:00,18.83178565,,,,,490.0,5.231051569444444,91.95338468806942,0.0
2022-09-04 12:27:00+00:00,19.66882778,,,,,492.0,5.463563272222222,106.10605522466216,0.0
2022-09-04 12:27:02+00:00,19.78594267,,,,,494.0,5.496095186111111,80.91277208778536,0.0
2022-09-04 12:27:04+00:00,19.47584339,,,,,496.0,5.409956497222223,58.6792937728769,0.0
2022-09-04 12:27:06+00:00,19.03069459,,,,,498.0,5.286304052777777,81.85499524362697,0.0
2022-09-04 12:27:08+00:00,19.41555004,,,,,500.0,5.393208344444444,129.39360645172158,0.0
2022-09-04 12:27:10+00:00,20.26364972,,,,,502.0,5.628791588888888,156.097803971177,0.0
2022-09-04 12:27:12+00:00,20.96707647,,,,,504.0,5.824187908333333,140.87541764322145,0.0
2022-09-04 12:27:14+00:00,21.03605721,,,,,506.0,5.843349225,112.19928620949574,0.0
2022-09-04 12:27:16+00:00,21.00411613,,,,,508.0,5.834476702777778,97.45575789733536,0.0
2022-09-04 12:27:18+00:00,21.15813841,,,,,510.0,5.8772606694444445,85.6311845429019,0.0
2022-09-04 12:27:20+00:00,21.07921825,,,,,512.0,5.855338402777778,57.62938321950417,0.0
2022-09-04 12:27:22+00:00,20.54850693,,,,,514.0,5.707918591666666,26.491726525723397,0.0
2022-09-04 12:27:24+00:00,19.88674541,,,,,516.0,5.524095947222222,12.64240172785762,0.0
2022-09-04 12:27:26+00:00,19.30058019,,,,,518.0,5.361272275,9.775795096498648,0.0
2022-09-04 12:27:28+00:00,18.79067065,,,,,520.0,5.219630736111111,2.180874853053953,0.0
2022-09-04 12:27:30+00:00,18.13005369,,,,,522.0,5.036126025,-0.0,12.51120316210624
2022-09-04 12:27:32+00:00,17.27507634,,,,,524.0,4.798632316666666,-0.0,13.722413711828931
2022-09-04 12:27:34+00:00,16.29828765,,,,,526.0,4.527302124999999,16.18000840860381,0.0
2022-09-04 12:27:36+00:00,16.18888113,,,,,528.0,4.4969114249999995,68.05621473979815,0.0
2022-09-04 12:27:38+00:00,16.91082946,,,,,530.0,4.6974526277777775,131.07903597263729,0.0
2022-09-04 12:27:40+00:00,17.64964484,,,,,532.0,4.902679122222223,180.0284991652032,0.0
2022-09-04 12:27:42+00:00,19.2759373,,,,,534.0,5.354427027777778,213.42161365273947,0.0
2022-09-04 12:27:44+00:00,20.58446164,,,,,536.0,5.717906011111111,202.0728180905564,0.0
2022-09-04 12:27:46+00:00,21.22289246,,,,,538.0,5.895247905555555,145.94183071259926,0.0
2022-09-04 12:27:48+00:00,21.32337424,,,,,540.0,5.923159511111111,91.98892739253004,0.0
2022-09-04 12:27:50+00:00,20.98644952,,,,,542.0,5.829569311111111,61.53970223241622,0.0
2022-09-04 12:27:52+00:00,20.63313882,,,,,544.0,5.73142745,48.85374950305581,0.0
2022-09-04 12:27:54+00:00,20.41417301,,,,,546.0,5.670603613888889,48.935244071292175,0.0
2022-09-04 12:27:56+00:00,19.92019337,,,,,548.0,5.533387047222222,53.02039256295045,0.0
2022-09-04 12:27:58+00:00,19.81390974,,,,,550.0,5.503863816666667,64.17239165391332,0.0
2022-09-04 12:28:00+00:00,19.75031506,,,,,552.0,5.486198627777777,74.30641114965502,0.0
2022-09-04 12:28:02+00:00,19.71665501,,,,,554.0,5.4768486138888886,76.84161781204999,0.0
2022-09-04 12:28:04+00:00,19.69979602,,,,,556.0,5.472165561111111,78.43913086988837,0.0
2022-09-04 12:28:06+00:00,19.69308137,,,,,558.0,5.470300380555556,79.4362385484077,0.0
2022-09-04 12:28:08+00:00,19.69292507,,,,,560.0,5.470256963888889,78.12612279578855,0.0
2022-09-04 12:28:10+00:00,19.69725292,,,,,562.0,5.471459144444444,67.08514096782115,0.0
2022-09-04 12:28:12+00:00,19.60170382,,,,,564.0,5.444917727777778,44.85242144892332,0.0
2022-09-04 12:28:14+00:00,19.1177604,,,,,566.0,5.3104890000000005,25.806048360059627,0.0
2022-09-04 12:28:16+00:00,18.49328307,,,,,568.0,5.137023075,32.36162531254427,0.0
2022-09-04 12:28:18+00:00,18.19655775,,,,,570.0,5.054599375,49.09323198791158,0.0
2022-09-04 12:28:20+00:00,18.47797442,,,,,572.0,5.132770672222222,57.31806689003396,0.0
2022-09-04 12:28:22+00:00,18.1259251,,,,,574.0,5.034979194444444,46.551933335562886,0.0
2022-09-04 12:28:24+00:00,17.8990882,,,,,576.0,4.971968944444445,42.37252791206355,0.0
2022-09-04 12:28:26+00:00,17.65342562,,,,,578.0,4.903729338888889,53.80144349690333,0.0
2022-09-04 12:28:28+00:00,17.67850064,,,,,580.0,4.910694622222222,57.49820033001966,0.0
2022-09-04 12:28:30+00:00,17.82545751,,,,,582.0,4.9515159749999995,39.293348862290784,0.0
2022-09-04 12:28:32+00:00,17.40854472,,,,,584.0,4.8357068666666665,13.136782937036742,0.0
2022-09-04 12:28:34+00:00,16.50309722,,,,,586.0,4.584193672222223,2.1857067004342703,0.0
2022-09-04 12:28:36+00:00,16.20298611,,,,,588.0,4.500829475000001,5.067343179363751,0.0
2022-09-04 12:28:38+00:00,15.80496573,,,,,590.0,4.390268258333333,6.844600029854494,0.0
2022-09-04 12:28:40+00:00,15.12974624,,,,,592.0,4.202707288888889,-0.0,14.99643391494482
2022-09-04 12:28:42+00:00,14.8070171,,,,,594.0,4.113060305555555,-36.61573344163514,0.0
2022-09-04 12:28:44+00:00,13.00925461,,,,,596.0,3.6136818361111107,-31.36095494808875,0.0
2022-09-04 12:28:46+00:00,11.81170679,,,,,598.0,3.281029663888889,6.44876163193535,0.0
2022-09-04 12:28:48+00:00,12.42361064,,,,,600.0,3.4510029555555555,64.91155644483568,0.0
2022-09-04 12:28:50+00:00,13.47513904,,,,,602.0,3.7430941777777775,94.2012011789606,0.0
2022-09-04 12:28:52+00:00,14.09208372,,,,,604.0,3.9144677,87.5763277267017,0.0
2022-09-04 12:28:54+00:00,14.50510955,,,,,606.0,4.029197097222222,79.98475804755813,0.0
2022-09-04 12:28:56+00:00,14.85177943,,,,,608.0,4.1254942861111115,80.81293676884236,0.0
2022-09-04 12:28:58+00:00,15.38176178,,,,,610.0,4.272711605555555,59.60521370228996,0.0
2022-09-04 12:29:00+00:00,15.73948819,,,,,612.0,4.372080052777777,17.384291474038143,0.0
2022-09-04 12:29:02+00:00,14.44004159,,,,,614.0,4.011122663888889,-0.0,15.327879227344836
2022-09-04 12:29:04+00:00,13.72146754,,,,,616.0,3.8115187611111114,-0.0,6.871264687898798
2022-09-04 12:29:06+00:00,13.26486584,,,,,618.0,3.6846849555555554,45.6743768683352,0.0
2022-09-04 12:29:08+00:00,13.54916294,,,,,620.0,3.763656372222222,105.79169561095866,0.0
2022-09-04 12:29:10+00:00,15.40063692,,,,,622.0,4.2779546999999996,174.90241228948088,0.0
2022-09-04 12:29:12+00:00,16.76612152,,,,,624.0,4.657255977777777,206.68485181537812,0.0
2022-09-04 12:29:14+00:00,18.48272893,,,,,626.0,5.1340913694444446,192.60654921891157,0.0
2022-09-04 12:29:16+00:00,19.5965282,,,,,628.0,5.443480055555556,131.46392442142803,0.0
2022-09-04 12:29:18+00:00,19.35452307,,,,,630.0,5.376256408333333,32.63990824945747,0.0
2022-09-04 12:29:20+00:00,18.61623099,,,,,632.0,5.1711752749999995,-0.0,25.29817067870709
2022-09-04 12:29:22+00:00,17.13566403,,,,,634.0,4.759906675,-33.45904408740243,0.0
2022-09-04 12:29:24+00:00,16.42162249,,,,,636.0,4.561561802777778,-47.22212256895446,0.0
2022-09-04 12:29:26+00:00,15.59219917,,,,,638.0,4.331166436111111,-52.47273496304126,0.0
2022-09-04 12:29:28+00:00,13.20289725,,,,,640.0,3.667471458333333,-0.0,14.9046133654434
2022-09-04 12:29:30+00:00,12.95957699,,,,,642.0,3.599882497222222,67.57457263673717,0.0
2022-09-04 12:29:32+00:00,15.07159601,,,,,644.0,4.186554447222222,141.65295895031048,0.0
2022-09-04 12:29:34+00:00,16.36807175,,,,,646.0,4.546686597222222,124.84570875286651,0.0
2022-09-04 12:29:36+00:00,16.30291328,,,,,648.0,4.528587022222221,68.0455601135955,0.0
2022-09-04 12:29:38+00:00,16.16134411,,,,,650.0,4.489262252777778,50.40341342282292,0.0
2022-09-04 12:29:40+00:00,16.21007959,,,,,652.0,4.502799886111111,65.48363888820151,0.0
2022-09-04 12:29:42+00:00,16.3493686,,,,,654.0,4.541491277777777,72.89982176963157,0.0
2022-09-04 12:29:44+00:00,16.93026294,,,,,656.0,4.7028508166666665,67.54119485092706,0.0
2022-09-04 12:29:46+00:00,16.65294623,,,,,658.0,4.625818397222223,34.86258621509583,0.0
2022-09-04 12:29:48+00:00,16.51118747,,,,,660.0,4.586440963888888,0.3240439061014781,0.0
2022-09-04 12:29:50+00:00,15.50543092,,,,,662.0,4.307064144444444,0.29500046525882734,0.0
2022-09-04 12:29:52+00:00,14.73510174,,,,,664.0,4.093083816666667,22.728708086622824,0.0
2022-09-04 12:29:54+00:00,15.3009053,,,,,666.0,4.250251472222222,50.425313714247324,0.0
2022-09-04 12:29:56+00:00,15.29404697,,,,,668.0,4.248346380555556,55.426137942547186,0.0
2022-09-04 12:29:58+00:00,15.1958217,,,,,670.0,4.221061583333333,39.71206175668374,0.0
2022-09-04 12:30:00+00:00,15.42527521,,,,,672.0,4.284798669444444,42.80278915589703,0.0
2022-09-04 12:30:02+00:00,14.74595793,,,,,674.0,4.096099424999999,70.81222975537392,0.0
2022-09-04 12:30:04+00:00,15.43763669,,,,,676.0,4.288232413888888,136.50546692208988,0.0
2022-09-04 12:30:06+00:00,17.07782122,,,,,678.0,4.7438392277777774,181.67199532726036,0.0
2022-09-04 12:30:08+00:00,18.96102881,,,,,680.0,5.266952447222222,136.26803431124196,0.0
2022-09-04 12:30:10+00:00,18.56156966,,,,,682.0,5.155991572222222,23.86475586653035,0.0
2022-09-04 12:30:12+00:00,17.3263132,,,,,684.0,4.812864777777778,-27.050892256094304,0.0
2022-09-04 12:30:14+00:00,16.17816085,,,,,686.0,4.493933569444445,-0.0,29.437872708597684
2022-09-04 12:30:16+00:00,15.83540751,,,,,688.0,4.398724308333333,-0.0,5.803523101891712
2022-09-04 12:30:18+00:00,14.70448873,,,,,690.0,4.084580202777778,28.542497877280837,0.0
2022-09-04 12:30:20+00:00,15.16886939,,,,,692.0,4.213574830555555,73.43465431136067,0.0
2022-09-04 12:30:22+00:00,15.83479545,,,,,694.0,4.398554291666667,115.38890833906854,0.0
2022-09-04 12:30:24+00:00,16.55462504,,,,,696.0,4.598506955555556,125.20948802687622,0.0
2022-09-04 12:30:26+00:00,17.52011067,,,,,698.0,4.866697408333334,113.99827385642803,0.0
2022-09-04 12:30:28+00:00,17.81047332,,,,,700.0,4.9473537,66.52727258645447,0.0
2022-09-04 12:30:30+00:00,17.61037189,,,,,702.0,4.891769969444444,5.941955416648888,0.0
2022-09-04 12:30:32+00:00,16.60607715,,,,,704.0,4.612799208333334,-0.0,16.89871935703508
2022-09-04 12:30:34+00:00,15.45471334,,,,,706.0,4.2929759277777775,0.7750152959944473,0.0
2022-09-04 12:30:36+00:00,15.43149319,,,,,708.0,4.286525886111111,43.91355609807747,0.0
2022-09-04 12:30:38+00:00,15.69900163,,,,,710.0,4.360833786111111,78.41300925611907,0.0
2022-09-04 12:30:40+00:00,16.12636713,,,,,712.0,4.479546425,100.7953941476845,0.0
2022-09-04 12:30:42+00:00,16.65641419,,,,,714.0,4.626781719444444,124.22640378419207,0.0
2022-09-04 12:30:44+00:00,17.55788235,,,,,716.0,4.877189541666667,135.09086225402214,0.0
2022-09-04 12:30:46+00:00,18.46468631,,,,,718.0,5.129079530555556,112.62133300277685,0.0
2022-09-04 12:30:48+00:00,18.5492976,,,,,720.0,5.1525826666666665,65.77579205605039,0.0
2022-09-04 12:30:50+00:00,18.05456582,,,,,722.0,5.015157172222223,21.32745515055696,0.0
2022-09-04 12:30:52+00:00,17.73753133,,,,,724.0,4.927092036111111,5.243751665971446,0.0
2022-09-04 12:30:54+00:00,16.75981673,,,,,726.0,4.655504647222222,-0.0,4.51506001184345
2022-09-04 12:30:56+00:00,16.50168771,,,,,728.0,4.583802141666666,-0.0,9.857780077033308
2022-09-04 12:30:58+00:00,15.56777822,,,,,730.0,4.324382838888889,8.877565702576693,0.0
2022-09-04 12:31:00+00:00,14.89334137,,,,,732.0,4.137039269444444,40.22306672066931,0.0
2022-09-04 12:31:02+00:00,15.7882125,,,,,734.0,4.385614583333333,86.70031377343862,0.0
2022-09-04 12:31:04+00:00,16.00730418,,,,,736.0,4.446473383333333,90.05986674821695,0.0
2022-09-04 12:31:06+00:00,16.83721764,,,,,738.0,4.677004899999999,72.70687880378723,0.0
2022-09-04 12:31:08+00:00,16.31832479,,,,,740.0,4.532867997222222,50.731691513974475,0.0
2022-09-04 12:31:10+00:00,16.43762104,,,,,742.0,4.566005844444445,39.503291543466126,0.0
2022-09-04 12:31:12+00:00,16.251233,,,,,744.0,4.514231388888889,26.050946434970427,0.0
2022-09-04 12:31:14+00:00,16.00421124,,,,,746.0,4.445614233333333,7.232042965723642,0.0
2022-09-04 12:31:16+00:00,15.07777356,,,,,748.0,4.188270433333334,16.13673275287457,0.0
2022-09-04 12:31:18+00:00,14.8185673,,,,,750.0,4.116268694444444,40.49897651483608,0.0
2022-09-04 12:31:20+00:00,15.46621839,,,,,752.0,4.2961717749999995,47.75069647710257,0.0
2022-09-04 12:31:22+00:00,15.38948789,,,,,754.0,4.274857747222222,16.99608267100685,0.0
2022-09-04 12:31:24+00:00,14.51030947,,,,,756.0,4.030641519444444,-0.0,4.3725612625869665
2022-09-04 12:31:26+00:00,13.77513555,,,,,758.0,3.8264265416666667,22.263617335754287,0.0
2022-09-04 12:31:28+00:00,13.79182434,,,,,760.0,3.8310623166666664,78.66855823746342,0.0
2022-09-04 12:31:30+00:00,14.94423437,,,,,762.0,4.151176213888889,123.39093555958114,0.0
2022-09-04 12:31:32+00:00,16.33555171,,,,,764.0,4.537653252777778,123.15453396901587,0.0
2022-09-04 12:31:34+00:00,16.60305487,,,,,766.0,4.611959686111112,65.32782293906374,0.0
2022-09-04 12:31:36+00:00,16.48326582,,,,,768.0,4.5786849499999995,8.978519624939866,0.0
2022-09-04 12:31:38+00:00,15.41884986,,,,,770.0,4.28301385,-0.0,11.755771878584078
2022-09-04 12:31:40+00:00,14.71774002,,,,,772.0,4.088261116666667,-0.0,2.9423739298396576
2022-09-04 12:31:42+00:00,14.37662886,,,,,774.0,3.9935080166666665,27.5875488105049,0.0
2022-09-04 12:31:44+00:00,14.31094318,,,,,776.0,3.9752619944444447,59.415278423681464,0.0
2022-09-04 12:31:46+00:00,14.85689607,,,,,778.0,4.126915575,77.26669802643151,0.0
2022-09-04 12:31:48+00:00,15.55421129,,,,,780.0,4.320614247222222,86.80676520799906,0.0
2022-09-04 12:31:50+00:00,15.41151673,,,,,782.0,4.280976869444444,83.87804110745475,0.0
2022-09-04 12:31:52+00:00,16.2797947,,,,,784.0,4.522165194444445,100.56750440912401,0.0
2022-09-04 12:31:54+00:00,16.54346463,,,,,786.0,4.595406841666667,122.83789280270999,0.0
2022-09-04 12:31:56+00:00,17.39863036,,,,,788.0,4.832952877777777,123.9294204277249,0.0
2022-09-04 12:31:58+00:00,18.48133384,,,,,790.0,5.133703844444445,91.22309190890921,0.0
2022-09-04 12:32:00+00:00,18.02898635,,,,,792.0,5.008051763888889,28.94925872875577,0.0
2022-09-04 12:32:02+00:00,17.1143612,,,,,794.0,4.753989222222223,-0.0,15.913809412815203
2022-09-04 12:32:04+00:00,16.68718131,,,,,796.0,4.635328141666666,-0.0,25.544180862555763
2022-09-04 12:32:06+00:00,15.273251,,,,,798.0,4.242569722222222,-0.0,8.784353850612687
2022-09-04 12:32:08+00:00,14.73702155,,,,,800.0,4.093617097222222,6.151205893940554,0.0
2022-09-04 12:32:10+00:00,15.3142549,,,,,802.0,4.253959694444444,2.7895680435257053,0.0
2022-09-04 12:32:12+00:00,14.07884972,,,,,804.0,3.9107915888888884,-32.96269687255363,0.0
2022-09-04 12:32:14+00:00,13.00872274,,,,,806.0,3.6135340944444443,-44.33861297386032,0.0
2022-09-04 12:32:16+00:00,11.23469653,,,,,808.0,3.1207490361111114,-0.0,8.765940324300372
2022-09-04 12:32:18+00:00,11.20320456,,,,,810.0,3.1120012666666663,48.05954868334695,0.0
2022-09-04 12:32:20+00:00,12.61742545,,,,,812.0,3.504840402777778,97.91614743170882,0.0
2022-09-04 12:32:22+00:00,13.61308683,,,,,814.0,3.7814130083333333,99.91544547513767,0.0
2022-09-04 12:32:24+00:00,14.11969319,,,,,816.0,3.922136997222222,80.73641127152011,0.0
2022-09-04 12:32:26+00:00,14.39302776,,,,,818.0,3.9980632666666667,76.2086626562294,0.0
2022-09-04 12:32:28+00:00,14.78493041,,,,,820.0,4.106925113888889,81.98572799262472,0.0
2022-09-04 12:32:30+00:00,15.41245669,,,,,822.0,4.281237969444445,97.38078886600461,0.0
2022-09-04 12:32:32+00:00,15.74335011,,,,,824.0,4.373152808333333,120.80501796278168,0.0
2022-09-04 12:32:34+00:00,16.73804678,,,,,826.0,4.649457438888889,159.8185996920536,0.0
2022-09-04 12:32:36+00:00,18.07329958,,,,,828.0,5.020360994444444,196.6837207622503,0.0
2022-09-04 12:32:38+00:00,19.38905716,,,,,830.0,5.385849211111111,216.9307515410024,0.0
2022-09-04 12:32:40+00:00,20.44659049,,,,,832.0,5.679608469444444,198.7125974226393,0.0
2022-09-04 12:32:42+00:00,21.70088953,,,,,834.0,6.028024869444445,114.5435156228318,0.0
2022-09-04 12:32:44+00:00,21.32004213,,,,,836.0,5.9222339250000005,-64.46351509035702,0.0
2022-09-04 12:32:46+00:00,19.20091148,,,,,838.0,5.333586522222221,-200.0,3.1256511286920556
2022-09-04 12:32:48+00:00,14.56847057,,,,,840.0,4.046797380555556,-200.0,2.3823116982923978
2022-09-04 12:32:50+00:00,11.17357176,,,,,842.0,3.103769933333333,-132.99483001211604,0.0
2022-09-04 12:32:52+00:00,8.950512651,,,,,844.0,2.4862535141666666,-58.16404865740483,0.0
2022-09-04 12:32:54+00:00,7.485238286,,,,,846.0,2.0792328572222223,-0.0,1.7619818867348
2022-09-04 12:32:56+00:00,8.013728829,,,,,848.0,2.226035785833333,62.018291778941546,0.0
2022-09-04 12:32:58+00:00,9.92867585,,,,,850.0,2.7579655138888888,140.12305262982696,0.0
2022-09-04 12:33:00+00:00,12.41482156,,,,,852.0,3.4485615444444444,221.89903371442293,0.0
2022-09-04 12:33:02+00:00,15.2506791,,,,,854.0,4.23629975,306.0390294917921,0.0
2022-09-04 12:33:04+00:00,18.31534601,,,,,856.0,5.087596113888888,396.39294784854786,0.0
2022-09-04 12:33:06+00:00,21.36043901,,,,,858.0,5.933455280555555,434.9037396131381,0.0
2022-09-04 12:33:08+00:00,24.55370516,,,,,860.0,6.820473655555555,371.7387520957379,0.0
2022-09-04 12:33:10+00:00,25.14824731,,,,,862.0,6.985624252777777,194.66878272059958,0.0
2022-09-04 12:33:12+00:00,24.36968084,,,,,864.0,6.769355788888889,57.35794886354045,0.0
2022-09-04 12:33:14+00:00,23.65738033,,,,,866.0,6.571494536111111,35.839983525857306,0.0
2022-09-04 12:33:16+00:00,22.93120946,,,,,868.0,6.369780405555556,74.5089895318695,0.0
2022-09-04 12:33:18+00:00,22.8481848,,,,,870.0,6.346717999999999,97.83956028349384,0.0
2022-09-04 12:33:20+00:00,23.43180513,,,,,872.0,6.508834758333333,88.71851423690654,0.0
2022-09-04 12:33:22+00:00,22.48656936,,,,,874.0,6.246269266666666,58.028060994946756,0.0
2022-09-04 12:33:24+00:00,21.93731709,,,,,876.0,6.0936991916666665,69.29820867370378,0.0
2022-09-04 12:33:26+00:00,22.04986183,,,,,878.0,6.124961619444445,115.70000420823975,0.0
2022-09-04 12:33:28+00:00,22.32747213,,,,,880.0,6.2020755916666666,135.9092243568134,0.0
2022-09-04 12:33:30+00:00,22.64805756,,,,,882.0,6.291127100000001,115.85216631705407,0.0
2022-09-04 12:33:32+00:00,22.663409,,,,,884.0,6.2953913888888895,71.6632736145631,0.0
2022-09-04 12:33:34+00:00,21.95266804,,,,,886.0,6.097963344444444,31.67095325591244,0.0
2022-09-04 12:33:36+00:00,21.26864258,,,,,888.0,5.907956272222223,21.01771711215743,0.0
2022-09-04 12:33:38+00:00,20.75025048,,,,,890.0,5.763958466666666,28.679058740709618,0.0
2022-09-04 12:33:40+00:00,20.30814925,,,,,892.0,5.641152569444444,37.16398900680623,0.0
2022-09-04 12:33:42+00:00,19.90200394,,,,,894.0,5.528334427777778,29.688363086747202,0.0
2022-09-04 12:33:44+00:00,19.6829563,,,,,896.0,5.4674878611111115,3.2800878054856604,0.0
2022-09-04 12:33:46+00:00,18.70628432,,,,,898.0,5.19619008888889,-0.0,11.24058044742122
2022-09-04 12:33:48+00:00,17.54378252,,,,,900.0,4.873272922222222,32.62578026504189,0.0
2022-09-04 12:33:50+00:00,17.48233107,,,,,902.0,4.856203075,122.3995724851217,0.0
2022-09-04 12:33:52+00:00,19.20234614,,,,,904.0,5.333985038888889,218.6281390307836,0.0
2022-09-04 12:33:54+00:00,20.59147981,,,,,906.0,5.7198555027777775,250.18018302555902,0.0
2022-09-04 12:33:56+00:00,22.0196347,,,,,908.0,6.116565194444444,219.9551130149591,0.0
2022-09-04 12:33:58+00:00,22.65859955,,,,,910.0,6.294055430555556,163.7237455194265,0.0
2022-09-04 12:34:00+00:00,22.52272827,,,,,912.0,6.256313408333334,124.07023911384917,0.0
2022-09-04 12:34:02+00:00,22.4721703,,,,,914.0,6.242269527777777,133.05714164076622,0.0
2022-09-04 12:34:04+00:00,22.88303813,,,,,916.0,6.356399480555555,162.44846698899792,0.0
2022-09-04 12:34:06+00:00,23.41017048,,,,,918.0,6.502825133333333,162.02245788225983,0.0
2022-09-04 12:34:08+00:00,23.77134262,,,,,920.0,6.603150727777777,122.06001155329984,0.0
2022-09-04 12:34:10+00:00,23.42618124,,,,,922.0,6.507272566666666,51.22515502002246,0.0
2022-09-04 12:34:12+00:00,22.77714439,,,,,924.0,6.326984552777778,-0.0,3.236517097504177
2022-09-04 12:34:14+00:00,21.42233007,,,,,926.0,5.950647241666667,-0.0,14.435048580247868
2022-09-04 12:34:16+00:00,20.60689888,,,,,928.0,5.724138577777778,37.49182648261477,0.0
2022-09-04 12:34:18+00:00,20.22682956,,,,,930.0,5.618563766666666,107.14350542369785,0.0
2022-09-04 12:34:20+00:00,21.44622573,,,,,932.0,5.957284925,156.5731701993906,0.0
2022-09-04 12:34:22+00:00,21.70042143,,,,,934.0,6.027894841666666,159.13025005841874,0.0
2022-09-04 12:34:24+00:00,21.95078037,,,,,936.0,6.0974389916666665,140.7414311698485,0.0
2022-09-04 12:34:26+00:00,22.49935992,,,,,938.0,6.2498222,121.74144154788245,0.0
2022-09-04 12:34:28+00:00,22.41344603,,,,,940.0,6.225957230555555,84.24603603972989,0.0
2022-09-04 12:34:30+00:00,21.82222108,,,,,942.0,6.061728077777778,69.55735085035072,0.0
2022-09-04 12:34:32+00:00,21.55635533,,,,,944.0,5.987876480555555,96.25216478515917,0.0
2022-09-04 12:34:34+00:00,21.87811169,,,,,946.0,6.077253247222222,134.89836182400174,0.0
2022-09-04 12:34:36+00:00,22.25689618,,,,,948.0,6.182471161111111,153.59923725270815,0.0
2022-09-04 12:34:38+00:00,22.65893186,,,,,950.0,6.2941477388888885,155.58829549504182,0.0
2022-09-04 12:34:40+00:00,22.94957266,,,,,952.0,6.374881294444444,153.03521306325655,0.0
2022-09-04 12:34:42+00:00,23.20352691,,,,,954.0,6.445424141666667,147.17447492046003,0.0
2022-09-04 12:34:44+00:00,23.44005558,,,,,956.0,6.511126549999999,132.10079390307325,0.0
2022-09-04 12:34:46+00:00,23.48648171,,,,,958.0,6.524022697222222,128.59830464652214,0.0
2022-09-04 12:34:48+00:00,23.19116469,,,,,960.0,6.441990191666667,145.2074123938845,0.0
2022-09-04 12:34:50+00:00,23.7992628,,,,,962.0,6.610906333333333,168.29358843801012,0.0
2022-09-04 12:34:52+00:00,24.36623939,,,,,964.0,6.7683998305555555,148.63086445531755,0.0
2022-09-04 12:34:54+00:00,24.18403359,,,,,966.0,6.717787108333333,73.55235400129067,0.0
2022-09-04 12:34:56+00:00,23.50760155,,,,,968.0,6.529889319444444,19.627775000867647,0.0
2022-09-04 12:34:58+00:00,22.30481037,,,,,970.0,6.195780658333333,18.11264013008651,0.0
2022-09-04 12:35:00+00:00,21.86192014,,,,,972.0,6.072755594444444,56.37525044739689,0.0
2022-09-04 12:35:02+00:00,21.79104455,,,,,974.0,6.053067930555555,98.39973014465725,0.0
2022-09-04 12:35:04+00:00,21.91175509,,,,,976.0,6.086598636111111,121.82813095693172,0.0
2022-09-04 12:35:06+00:00,22.13770985,,,,,978.0,6.149363847222222,140.7875939154273,0.0
2022-09-04 12:35:08+00:00,22.42582492,,,,,980.0,6.229395811111111,138.51479730128398,0.0
2022-09-04 12:35:10+00:00,22.93507678,,,,,982.0,6.37085466111111,117.51136030242097,0.0
2022-09-04 12:35:12+00:00,22.50036148,,,,,984.0,6.25010041111111,105.11184612142296,0.0
2022-09-04 12:35:14+00:00,22.22297379,,,,,986.0,6.173048275,134.03621560270923,0.0
2022-09-04 12:35:16+00:00,22.9694998,,,,,988.0,6.380416611111111,178.82558838385702,0.0
2022-09-04 12:35:18+00:00,23.76467447,,,,,990.0,6.601298463888888,198.10979932361485,0.0
2022-09-04 12:35:20+00:00,23.81737525,,,,,992.0,6.615937569444444,175.3107673788793,0.0
2022-09-04 12:35:22+00:00,24.54635826,,,,,994.0,6.818432850000001,155.89956679667858,0.0
2022-09-04 12:35:24+00:00,24.34911832,,,,,996.0,6.763643977777777,125.26666925894497,0.0
2022-09-04 12:35:26+00:00,24.13114454,,,,,998.0,6.703095705555556,105.58788423919907,0.0
2022-09-04 12:35:28+00:00,23.96696276,,,,,1000.0,6.657489655555556,106.01119215412925,0.0
2022-09-04 12:35:30+00:00,23.95067138,,,,,1002.0,6.6529642722222215,91.72713480677729,0.0
2022-09-04 12:35:32+00:00,23.65300565,,,,,1004.0,6.570279347222222,71.45753900043884,0.0
2022-09-04 12:35:34+00:00,22.96969504,,,,,1006.0,6.380470844444445,67.23011607901917,0.0
2022-09-04 12:35:36+00:00,22.74393809,,,,,1008.0,6.3177605805555554,84.91416234322689,0.0
2022-09-04 12:35:38+00:00,22.77274413,,,,,1010.0,6.325762258333333,124.33426986376531,0.0
2022-09-04 12:35:40+00:00,22.65297707,,,,,1012.0,6.292493630555555,167.1406070687484,0.0
2022-09-04 12:35:42+00:00,23.61219995,,,,,1014.0,6.558944430555556,225.97339546805574,0.0
2022-09-04 12:35:44+00:00,24.44533656,,,,,1016.0,6.790371266666667,229.05652239047254,0.0
2022-09-04 12:35:46+00:00,25.45594165,,,,,1018.0,7.071094902777777,138.47231862281694,0.0
2022-09-04 12:35:48+00:00,24.81362737,,,,,1020.0,6.892674269444444,-0.0,21.95319908095844
2022-09-04 12:35:50+00:00,22.91031895,,,,,1022.0,6.363977486111111,-136.91248106649186,0.0
2022-09-04 12:35:52+00:00,20.33512386,,,,,1024.0,5.648645516666666,-200.0,7.559952822717861
2022-09-04 12:35:54+00:00,17.37598753,,,,,1026.0,4.826663202777778,-200.0,47.45568370906227
2022-09-04 12:35:56+00:00,13.26319623,,,,,1028.0,3.684221175,-200.0,5.333118373696607
2022-09-04 12:35:58+00:00,8.86964274,,,,,1030.0,2.46378965,-110.4413708977252,0.0
2022-09-04 12:36:00+00:00,6.719601816,,,,,1032.0,1.86655606,-40.62613377723715,0.0
2022-09-04 12:36:02+00:00,6.204574378,,,,,1034.0,1.7234928827777778,-0.0,0.44988893752622416
2022-09-04 12:36:04+00:00,6.487433472,,,,,1036.0,1.8020648533333334,27.720801242357286,0.0
2022-09-04 12:36:06+00:00,7.221509128,,,,,1038.0,2.0059747577777776,48.55880404347375,0.0
2022-09-04 12:36:08+00:00,8.230085103,,,,,1040.0,2.2861347508333334,68.15000798410696,0.0
2022-09-04 12:36:10+00:00,9.417286557,,,,,1042.0,2.6159129325,88.20310694648026,0.0
2022-09-04 12:36:12+00:00,10.72723089,,,,,1044.0,2.979786358333333,109.32766152744624,0.0
2022-09-04 12:36:14+00:00,12.12492034,,,,,1046.0,3.3680334277777773,142.46470497115422,0.0
2022-09-04 12:36:16+00:00,13.58702081,,,,,1048.0,3.774172447222222,174.75826255583195,0.0
2022-09-04 12:36:18+00:00,15.99475685,,,,,1050.0,4.442988013888889,187.9589304249939,0.0
2022-09-04 12:36:20+00:00,17.17583237,,,,,1052.0,4.771064547222221,169.4301752637614,0.0
2022-09-04 12:36:22+00:00,17.24783128,,,,,1054.0,4.791064244444445,164.8113675637447,0.0
2022-09-04 12:36:24+00:00,18.86319663,,,,,1056.0,5.239776841666667,202.48586159446103,0.0
2022-09-04 12:36:26+00:00,20.50556792,,,,,1058.0,5.695991088888889,199.7433173330341,0.0
2022-09-04 12:36:28+00:00,20.92662205,,,,,1060.0,5.812950569444444,129.5181538848363,0.0
2022-09-04 12:36:30+00:00,20.749556,,,,,1062.0,5.763765555555555,78.94409688365828,0.0
2022-09-04 12:36:32+00:00,20.45226842,,,,,1064.0,5.681185672222222,57.19078318358146,0.0
2022-09-04 12:36:34+00:00,20.43494811,,,,,1066.0,5.676374475,37.87205648468389,0.0
2022-09-04 12:36:36+00:00,19.75169136,,,,,1068.0,5.486580933333333,15.863450288584268,0.0
2022-09-04 12:36:38+00:00,19.00539355,,,,,1070.0,5.279275986111111,11.862720341387547,0.0
2022-09-04 12:36:40+00:00,18.55154763,,,,,1072.0,5.153207675,28.95251247989257,0.0
2022-09-04 12:36:42+00:00,18.31590391,,,,,1074.0,5.087751086111111,45.60904842927206,0.0
2022-09-04 12:36:44+00:00,18.1891696,,,,,1076.0,5.052547111111111,55.17027162628991,0.0
2022-09-04 12:36:46+00:00,18.11997388,,,,,1078.0,5.033326077777778,65.8100932253739,0.0
2022-09-04 12:36:48+00:00,18.08334439,,,,,1080.0,5.023151219444444,63.839824891806494,0.0
2022-09-04 12:36:50+00:00,18.38390116,,,,,1082.0,5.106639211111111,23.814411521889685,0.0
2022-09-04 12:36:52+00:00,17.79285349,,,,,1084.0,4.9424593027777775,-0.0,28.94263267172626
2022-09-04 12:36:54+00:00,15.92980947,,,,,1086.0,4.424947075,-31.624994352830726,0.0
2022-09-04 12:36:56+00:00,15.04118388,,,,,1088.0,4.178106633333333,-0.0,1.1071051696780752
2022-09-04 12:36:58+00:00,15.40399394,,,,,1090.0,4.278887205555555,62.192723084033766,0.0
2022-09-04 12:37:00+00:00,15.1826801,,,,,1092.0,4.217411138888889,118.15976198821966,0.0
2022-09-04 12:37:02+00:00,16.77167919,,,,,1094.0,4.658799775,173.26704155313595,0.0
2022-09-04 12:37:04+00:00,18.51441163,,,,,1096.0,5.142892119444444,202.7555290363845,0.0
2022-09-04 12:37:06+00:00,19.16803782,,,,,1098.0,5.32445495,203.95039285563726,0.0
2022-09-04 12:37:08+00:00,20.10263486,,,,,1100.0,5.584065238888888,223.19263349491843,0.0
2022-09-04 12:37:10+00:00,22.0185123,,,,,1102.0,6.116253416666667,242.36017537707292,0.0
2022-09-04 12:37:12+00:00,22.72458445,,,,,1104.0,6.312384569444443,178.9213415956688,0.0
2022-09-04 12:37:14+00:00,22.97025859,,,,,1106.0,6.380627386111111,84.07136974766131,0.0
2022-09-04 12:37:16+00:00,22.17408279,,,,,1108.0,6.159467441666666,28.729769989153006,0.0
2022-09-04 12:37:18+00:00,21.22810941,,,,,1110.0,5.8966970583333325,24.503138255905835,0.0
2022-09-04 12:37:20+00:00,20.95919103,,,,,1112.0,5.821997508333333,41.22901505513247,0.0
2022-09-04 12:37:22+00:00,20.80803941,,,,,1114.0,5.780010947222222,21.617428630323083,0.0
2022-09-04 12:37:24+00:00,20.12026741,,,,,1116.0,5.588963169444445,-0.0,26.97851895282355
2022-09-04 12:37:26+00:00,18.69045948,,,,,1118.0,5.191794300000001,-44.76603436071089,0.0
2022-09-04 12:37:28+00:00,17.31415201,,,,,1120.0,4.8094866694444445,-27.091970573215907,0.0
2022-09-04 12:37:30+00:00,16.72888945,,,,,1122.0,4.646913736111111,10.138587960085223,0.0
2022-09-04 12:37:32+00:00,16.57126242,,,,,1124.0,4.60312845,45.69486829233568,0.0
2022-09-04 12:37:34+00:00,16.63927282,,,,,1126.0,4.622020227777777,65.93189700448119,0.0
2022-09-04 12:37:36+00:00,16.83480532,,,,,1128.0,4.676334811111111,78.777798004295,0.0
2022-09-04 12:37:38+00:00,17.10786901,,,,,1130.0,4.752185836111112,94.22144555423128,0.0
2022-09-04 12:37:40+00:00,17.43135789,,,,,1132.0,4.842043858333334,128.0327833229516,0.0
2022-09-04 12:37:42+00:00,18.15237546,,,,,1134.0,5.042326516666666,167.17073000631606,0.0
2022-09-04 12:37:44+00:00,19.69575616,,,,,1136.0,5.471043377777777,190.4227919466089,0.0
2022-09-04 12:37:46+00:00,20.47529332,,,,,1138.0,5.687581477777777,165.87824010017613,0.0
2022-09-04 12:37:48+00:00,20.81709851,,,,,1140.0,5.782527363888889,125.43244908155104,0.0
2022-09-04 12:37:50+00:00,20.93549942,,,,,1142.0,5.815416505555556,102.18317067977489,0.0
2022-09-04 12:37:52+00:00,20.93251613,,,,,1144.0,5.814587813888889,88.73697970489306,0.0
2022-09-04 12:37:54+00:00,20.85866902,,,,,1146.0,5.794074727777778,80.1805774946694,0.0
2022-09-04 12:37:56+00:00,20.74037612,,,,,1148.0,5.761215588888889,74.16863349955355,0.0
2022-09-04 12:37:58+00:00,20.59241411,,,,,1150.0,5.720115030555555,69.56835931907098,0.0
2022-09-04 12:38:00+00:00,20.42367433,,,,,1152.0,5.673242869444445,65.81419395616014,0.0
2022-09-04 12:38:02+00:00,20.23988775,,,,,1154.0,5.6221910416666665,62.60854252778503,0.0
2022-09-04 12:38:04+00:00,20.0449637,,,,,1156.0,5.568045472222222,62.72525738907616,0.0
2022-09-04 12:38:06+00:00,19.84168264,,,,,1158.0,5.511578511111111,70.32418247811262,0.0
2022-09-04 12:38:08+00:00,19.78145385,,,,,1160.0,5.494848291666666,80.47221744949111,0.0
2022-09-04 12:38:10+00:00,19.93963634,,,,,1162.0,5.538787872222222,81.45823450995617,0.0
2022-09-04 12:38:12+00:00,19.9323951,,,,,1164.0,5.536776416666667,74.52223493527536,0.0
2022-09-04 12:38:14+00:00,19.65162962,,,,,1166.0,5.458786005555556,75.72108879608427,0.0
2022-09-04 12:38:16+00:00,19.67956668,,,,,1168.0,5.4665463,98.58262239535763,0.0
2022-09-04 12:38:18+00:00,19.99330654,,,,,1170.0,5.553696261111111,129.13424806737902,0.0
2022-09-04 12:38:20+00:00,20.56118999,,,,,1172.0,5.7114416638888885,152.39560472924964,0.0
2022-09-04 12:38:22+00:00,21.13281083,,,,,1174.0,5.870225230555556,166.26548186456128,0.0
2022-09-04 12:38:24+00:00,21.71902201,,,,,1176.0,6.033061669444444,176.012155520717,0.0
2022-09-04 12:38:26+00:00,22.31920492,,,,,1178.0,6.199779144444444,186.41715053998948,0.0
2022-09-04 12:38:28+00:00,22.93132982,,,,,1180.0,6.369813838888888,197.1615093115114,0.0
2022-09-04 12:38:30+00:00,23.55315109,,,,,1182.0,6.542541969444445,193.8012665083236,0.0
2022-09-04 12:38:32+00:00,24.18264205,,,,,1184.0,6.717400569444444,151.57291500215754,0.0
2022-09-04 12:38:34+00:00,24.19602786,,,,,1186.0,6.72111885,75.88071752224596,0.0
2022-09-04 12:38:36+00:00,23.22020413,,,,,1188.0,6.450056702777777,-0.0,9.259883560326719
2022-09-04 12:38:38+00:00,22.25504308,,,,,1190.0,6.181956411111111,-64.52199665955561,0.0
2022-09-04 12:38:40+00:00,20.52882816,,,,,1192.0,5.702452266666667,-90.10119606607594,0.0
2022-09-04 12:38:42+00:00,18.39341108,,,,,1194.0,5.109280855555555,-74.02455284496659,0.0
2022-09-04 12:38:44+00:00,17.2090507,,,,,1196.0,4.7802918611111105,-28.171502513840387,0.0
2022-09-04 12:38:46+00:00,16.71546487,,,,,1198.0,4.643184686111112,35.8496015266145,0.0
2022-09-04 12:38:48+00:00,16.6295991,,,,,1200.0,4.619333083333333,107.43211125869512,0.0
2022-09-04 12:38:50+00:00,17.74804766,,,,,1202.0,4.930013238888889,172.88942056475693,0.0
2022-09-04 12:38:52+00:00,19.3638434,,,,,1204.0,5.378845388888889,198.0880375104949,0.0
2022-09-04 12:38:54+00:00,20.25159984,,,,,1206.0,5.6254444,152.75785557688303,0.0
2022-09-04 12:38:56+00:00,20.49298573,,,,,1208.0,5.692496036111112,86.11217300170213,0.0
2022-09-04 12:38:58+00:00,20.01583939,,,,,1210.0,5.559955386111111,49.86997299642653,0.0
2022-09-04 12:39:00+00:00,19.52988342,,,,,1212.0,5.424967616666667,87.01116424663103,0.0
2022-09-04 12:39:02+00:00,19.532924,,,,,1214.0,5.4258122222222225,192.21838724601605,0.0
2022-09-04 12:39:04+00:00,21.42153625,,,,,1216.0,5.950426736111111,301.4867338488002,0.0
2022-09-04 12:39:06+00:00,24.05114673,,,,,1218.0,6.6808740916666665,324.9598129321506,0.0
2022-09-04 12:39:08+00:00,24.7310484,,,,,1220.0,6.869735666666666,211.23529510245427,0.0
2022-09-04 12:39:10+00:00,24.57091316,,,,,1222.0,6.825253655555556,127.9718522242604,0.0
2022-09-04 12:39:12+00:00,23.96855081,,,,,1224.0,6.657930780555556,140.76118369482236,0.0
2022-09-04 12:39:14+00:00,24.54031959,,,,,1226.0,6.8167554416666665,172.38969099776804,0.0
2022-09-04 12:39:16+00:00,25.36008818,,,,,1228.0,7.0444689388888895,148.5765810597264,0.0
2022-09-04 12:39:18+00:00,24.76518198,,,,,1230.0,6.8792172166666665,70.10907486865398,0.0
2022-09-04 12:39:20+00:00,23.86915722,,,,,1232.0,6.63032145,-0.0,12.84093633887942
2022-09-04 12:39:22+00:00,23.27390089,,,,,1234.0,6.464972469444445,-41.97393027138905,0.0
2022-09-04 12:39:24+00:00,20.89495505,,,,,1236.0,5.804154180555556,-0.0,19.59033532812116
2022-09-04 12:39:26+00:00,20.31247412,,,,,1238.0,5.642353922222222,52.77247595814774,0.0
2022-09-04 12:39:28+00:00,21.31181124,,,,,1240.0,5.919947566666667,125.00068890593205,0.0
2022-09-04 12:39:30+00:00,21.20375261,,,,,1242.0,5.8899312805555555,102.86310234794584,0.0
2022-09-04 12:39:32+00:00,21.39837946,,,,,1244.0,5.943994294444445,86.71994138952198,0.0
2022-09-04 12:39:34+00:00,20.61895307,,,,,1246.0,5.727486963888889,99.47235154821492,0.0
2022-09-04 12:39:36+00:00,21.42138875,,,,,1248.0,5.950385763888888,110.3153613638184,0.0
2022-09-04 12:39:38+00:00,21.70987353,,,,,1250.0,6.030520425,87.75223443926875,0.0
2022-09-04 12:39:40+00:00,20.94248204,,,,,1252.0,5.817356122222223,55.240914862166164,0.0
2022-09-04 12:39:42+00:00,20.52212634,,,,,1254.0,5.70059065,55.41380595830118,0.0
2022-09-04 12:39:44+00:00,20.82260135,,,,,1256.0,5.784055930555556,46.64737062880735,0.0
2022-09-04 12:39:46+00:00,20.2232576,,,,,1258.0,5.617571555555555,-0.0,29.803631756249064
2022-09-04 12:39:48+00:00,19.08361924,,,,,1260.0,5.3010053444444445,-98.32102766334843,0.0
2022-09-04 12:39:50+00:00,16.32044605,,,,,1262.0,4.533457236111111,-113.07488842760783,0.0
2022-09-04 12:39:52+00:00,14.27613112,,,,,1264.0,3.9655919777777777,-90.21074783558343,0.0
2022-09-04 12:39:54+00:00,13.00280202,,,,,1266.0,3.61188945,-86.4776248994809,0.0
2022-09-04 12:39:56+00:00,11.55714533,,,,,1268.0,3.2103181472222224,-106.42346445994852,0.0
2022-09-04 12:39:58+00:00,8.010550516,,,,,1270.0,2.225152921111111,-86.9858980791985,0.0
2022-09-04 12:40:00+00:00,5.262328516,,,,,1272.0,1.4617579211111111,-47.75527306154113,0.0
2022-09-04 12:40:02+00:00,3.681095616,,,,,1274.0,1.02252656,-0.0,21.977589447744304
2022-09-04 12:40:04+00:00,2.755790374,,,,,1276.0,0.7654973261111111,-0.0,8.703223268618771
2022-09-04 12:40:06+00:00,2.132644357,,,,,1278.0,0.5924012102777778,-0.0,3.573674341804468
2022-09-04 12:40:08+00:00,1.646923965,,,,,1280.0,0.4574788791666667,-0.0,1.3582848489567139
2022-09-04 12:40:10+00:00,1.323200884,,,,,1282.0,0.36755580111111114,-0.0,0.31608929336941327
2022-09-04 12:40:12+00:00,1.073222082,,,,,1284.0,0.298117245,0.3875809001160041,0.0
2022-09-04 12:40:14+00:00,0.883396559,,,,,1286.0,0.24538793305555556,0.7609815515330927,0.0
2022-09-04 12:40:16+00:00,0.905590058,,,,,1288.0,0.2515527938888889,0.9717112855770136,0.0
2022-09-04 12:40:18+00:00,0.82144539,,,,,1290.0,0.22817927500000001,0.8146752396680589,0.0
2022-09-04 12:40:20+00:00,0.680905878,,,,,1292.0,0.18914052166666667,0.6121973121519205,0.0
2022-09-04 12:40:22+00:00,0.572069619,,,,,1294.0,0.1589082275,0.6644151111670423,0.0
2022-09-04 12:40:24+00:00,0.52603641,,,,,1296.0,0.146121225,0.7707156368973864,0.0
2022-09-04 12:40:26+00:00,0.615336341,,,,,1298.0,0.17092676138888888,0.975187919404126,0.0
2022-09-04 12:40:28+00:00,0.586163704,,,,,1300.0,0.1628232511111111,0.8833915757733921,0.0
2022-09-04 12:40:30+00:00,0.581601005,,,,,1302.0,0.1615558347222222,0.818112094649951,0.0
2022-09-04 12:40:32+00:00,0.550537872,,,,,1304.0,0.1529271866666667,0.8754234843883372,0.0
2022-09-04 12:40:34+00:00,0.539543576,,,,,1306.0,0.14987321555555555,0.9164606353502305,0.0
2022-09-04 12:40:36+00:00,0.703799392,,,,,1308.0,0.1954998311111111,1.0714195009746683,0.0
2022-09-04 12:40:38+00:00,0.614405617,,,,,1310.0,0.17066822694444442,0.7436157504842983,0.0
2022-09-04 12:40:40+00:00,0.480965337,,,,,1312.0,0.1336014825,0.5716509338585173,0.0
2022-09-04 12:40:42+00:00,0.450818297,,,,,1314.0,0.1252273047222222,0.7271651704376875,0.0
2022-09-04 12:40:44+00:00,0.534661713,,,,,1316.0,0.1485171425,1.0092342164492123,0.0
2022-09-04 12:40:46+00:00,0.660230604,,,,,1318.0,0.18339739,1.2118015565160387,0.0
2022-09-04 12:40:48+00:00,0.650074714,,,,,1320.0,0.18057630944444444,1.2241825675671183,0.0
2022-09-04 12:40:50+00:00,0.659796662,,,,,1322.0,0.18327685055555554,1.3329037256174776,0.0
2022-09-04 12:40:52+00:00,0.908152134,,,,,1324.0,0.25226448166666665,1.8948246597918545,0.0
2022-09-04 12:40:54+00:00,0.914616327,,,,,1326.0,0.2540600908333333,1.8032336579630597,0.0
2022-09-04 12:40:56+00:00,0.972594273,,,,,1328.0,0.2701650758333333,1.845776143996709,0.0
2022-09-04 12:40:58+00:00,1.055665046,,,,,1330.0,0.29324029055555556,2.143934872729297,0.0
2022-09-04 12:41:00+00:00,1.151570899,,,,,1332.0,0.3198808052777778,2.4181884007627343,0.0
2022-09-04 12:41:02+00:00,1.254469558,,,,,1334.0,0.34846376611111113,2.6826211756398,0.0
2022-09-04 12:41:04+00:00,1.361462504,,,,,1336.0,0.37818402888888886,2.943417435058586,0.0
2022-09-04 12:41:06+00:00,1.471030328,,,,,1338.0,0.4086195355555556,3.2033777164004373,0.0
2022-09-04 12:41:08+00:00,1.582320735,,,,,1340.0,0.43953353749999996,3.4637333602596705,0.0
2022-09-04 12:41:10+00:00,1.694819416,,,,,1342.0,0.4707831711111111,3.7249851080759475,0.0
2022-09-04 12:41:12+00:00,1.808194034,,,,,1344.0,0.5022761205555556,3.987309254554749,0.0
2022-09-04 12:41:14+00:00,1.922217449,,,,,1346.0,0.5339492913888888,4.25075261742127,0.0
2022-09-04 12:41:16+00:00,2.036727891,,,,,1348.0,0.5657577475,4.515322074281416,0.0
2022-09-04 12:41:18+00:00,2.151606898,,,,,1350.0,0.5976685827777777,4.78102234599394,0.0
2022-09-04 12:41:20+00:00,2.26676617,,,,,1352.0,0.6296572694444444,5.04786937268303,0.0
2022-09-04 12:41:22+00:00,2.382139168,,,,,1354.0,0.6617053244444445,5.315892923126735,0.0
2022-09-04 12:41:24+00:00,2.49767542,,,,,1356.0,0.6937987277777778,5.5851349877066685,0.0
2022-09-04 12:41:26+00:00,2.613336497,,,,,1358.0,0.7259268047222223,5.855646987041774,0.0
2022-09-04 12:41:28+00:00,2.729093067,,,,,1360.0,0.7580814075,6.1274869905672205,0.0
2022-09-04 12:41:30+00:00,2.844922716,,,,,1362.0,0.79025631,6.4007174589286135,0.0
2022-09-04 12:41:32+00:00,2.9608083,,,,,1364.0,0.82244675,6.6754035067565445,0.0
2022-09-04 12:41:34+00:00,3.076736705,,,,,1366.0,0.8546490847222222,6.951611681415768,0.0
2022-09-04 12:41:36+00:00,3.19269789,,,,,1368.0,0.8868605249999999,7.229409112141042,0.0
2022-09-04 12:41:38+00:00,3.308684172,,,,,1370.0,0.9190789366666666,7.508862990256086,0.0
2022-09-04 12:41:40+00:00,3.424689668,,,,,1372.0,0.9513026855555555,7.790040241880909,0.0
2022-09-04 12:41:42+00:00,3.540709874,,,,,1374.0,0.9835305205555556,8.073007335234527,0.0
2022-09-04 12:41:44+00:00,3.656741343,,,,,1376.0,1.0157614841666667,8.357830220049795,0.0
2022-09-04 12:41:46+00:00,3.772781434,,,,,1378.0,1.0479948427777779,8.644574283868613,0.0
2022-09-04 12:41:48+00:00,3.888828128,,,,,1380.0,1.0802300355555556,8.933304387424188,0.0
2022-09-04 12:41:50+00:00,4.004879876,,,,,1382.0,1.1124666322222223,9.2240848875132,0.0
2022-09-04 12:41:52+00:00,4.120935494,,,,,1384.0,1.1447043038888889,9.516979712838896,0.0
2022-09-04 12:41:54+00:00,4.236994074,,,,,1386.0,1.1769427983333334,9.812052396171639,0.0
2022-09-04 12:41:56+00:00,4.353054924,,,,,1388.0,1.2091819233333334,10.109366143776782,0.0
2022-09-04 12:41:58+00:00,4.469117509,,,,,1390.0,1.2414215302777778,10.408983862727466,0.0
2022-09-04 12:42:00+00:00,4.585181425,,,,,1392.0,1.2736615069444444,10.710968230959175,0.0
2022-09-04 12:42:02+00:00,4.701246359,,,,,1394.0,1.3059017663888888,11.015381719989508,0.0
2022-09-04 12:42:04+00:00,4.817312072,,,,,1396.0,1.3381422422222222,11.32228662895057,0.0
2022-09-04 12:42:06+00:00,4.933378382,,,,,1398.0,1.3703828838888887,11.631745130632467,0.0
2022-09-04 12:42:08+00:00,5.049445149,,,,,1400.0,1.4026236525,11.943819283551242,0.0
2022-09-04 12:42:10+00:00,5.165512265,,,,,1402.0,1.4348645180555557,12.2585710442942,0.0
2022-09-04 12:42:12+00:00,5.28157965,,,,,1404.0,1.4671054583333334,12.576062310699603,0.0
2022-09-04 12:42:14+00:00,5.397647239,,,,,1406.0,1.4993464552777778,12.896354902982575,0.0
2022-09-04 12:42:16+00:00,5.513714986,,,,,1408.0,1.5315874961111111,13.219510595470375,0.0
2022-09-04 12:42:18+00:00,5.629782853,,,,,1410.0,1.5638285702777777,13.545591133646836,0.0
2022-09-04 12:42:20+00:00,5.745850811,,,,,1412.0,1.5960696697222223,13.874658217956044,0.0
2022-09-04 12:42:22+00:00,5.861918841,,,,,1414.0,1.6283107891666666,14.206773538287482,0.0
2022-09-04 12:42:24+00:00,5.977986924,,,,,1416.0,1.6605519233333332,14.541998746329433,0.0
2022-09-04 12:42:26+00:00,6.094055048,,,,,1418.0,1.692793068888889,14.880395494788976,0.0
2022-09-04 12:42:28+00:00,6.210123204,,,,,1420.0,1.7250342233333333,15.222025417494512,0.0
2022-09-04 12:42:30+00:00,6.326191385,,,,,1422.0,1.757275384722222,15.566950129569822,0.0
2022-09-04 12:42:32+00:00,6.442259583,,,,,1424.0,1.7895165508333333,15.915231241096375,0.0
2022-09-04 12:42:34+00:00,6.558327796,,,,,1426.0,1.8217577211111111,16.266930377672566,0.0
2022-09-04 12:42:36+00:00,6.67439602,,,,,1428.0,1.8539988944444443,16.622109129879675,0.0
2022-09-04 12:42:38+00:00,6.790464253,,,,,1430.0,1.8862400702777777,16.98082908922002,0.0
2022-09-04 12:42:40+00:00,6.906532491,,,,,1432.0,1.9184812475,17.34315184885881,0.0
2022-09-04 12:42:42+00:00,7.022600735,,,,,1434.0,1.950722426388889,17.70913901225193,0.0
2022-09-04 12:42:44+00:00,7.138668982,,,,,1436.0,1.982963606111111,18.07885216454998,0.0
2022-09-04 12:42:46+00:00,7.254737232,,,,,1438.0,2.0152047866666667,18.45235289401654,0.0
2022-09-04 12:42:48+00:00,7.370805484,,,,,1440.0,2.0474459677777777,18.829702793353817,0.0
2022-09-04 12:42:50+00:00,7.486873738,,,,,1442.0,2.079687149444444,19.210963444642,0.0
2022-09-04 12:42:52+00:00,7.602941993,,,,,1444.0,2.111928331388889,19.5961964341002,0.0
2022-09-04 12:42:54+00:00,7.719010249,,,,,1446.0,2.144169513611111,19.985463351641222,0.0
2022-09-04 12:42:56+00:00,7.835078506,,,,,1448.0,2.176410696111111,20.37882577994025,0.0
2022-09-04 12:42:58+00:00,7.951146764,,,,,1450.0,2.208651878888889,20.77634529386471,0.0
2022-09-04 12:43:00+00:00,8.067215022,,,,,1452.0,2.2408930616666662,21.17808348019947,0.0
2022-09-04 12:43:02+00:00,8.18328328,,,,,1454.0,2.2731342444444445,21.58410192151781,0.0
2022-09-04 12:43:04+00:00,8.299351539,,,,,1456.0,2.3053754275,21.994462212100405,0.0
2022-09-04 12:43:06+00:00,8.415419797,,,,,1458.0,2.337616610277778,22.409225927792036,0.0
2022-09-04 12:43:08+00:00,8.531488056,,,,,1460.0,2.3698577933333334,22.828454658656145,0.0
2022-09-04 12:43:10+00:00,8.647556315,,,,,1462.0,2.4020989763888885,23.25220998405528,0.0
2022-09-04 12:43:12+00:00,8.763624574,,,,,1464.0,2.4343401594444445,23.680553486906398,0.0
2022-09-04 12:43:14+00:00,8.879692833,,,,,1466.0,2.4665813425,24.113546750126407,0.0
2022-09-04 12:43:16+00:00,8.995761093,,,,,1468.0,2.4988225258333334,24.551251351586682,0.0
2022-09-04 12:43:18+00:00,9.111829352,,,,,1470.0,2.531063708888889,24.99372887527158,0.0
2022-09-04 12:43:20+00:00,9.227897611,,,,,1472.0,2.563304891944444,25.441040907848738,0.0
2022-09-04 12:43:22+00:00,9.343965871,,,,,1474.0,2.595546075277778,25.893249036152426,0.0
2022-09-04 12:43:24+00:00,9.46003413,,,,,1476.0,2.6277872583333335,26.350414835307888,0.0
2022-09-04 12:43:26+00:00,9.576102389,,,,,1478.0,2.660028441388889,26.812599892106974,0.0
2022-09-04 12:43:28+00:00,9.692170649,,,,,1480.0,2.692269624722222,27.279865793514524,0.0
2022-09-04 12:43:30+00:00,9.808238908,,,,,1482.0,2.7245108077777775,27.75227414330222,0.0
2022-09-04 12:43:32+00:00,9.924307167,,,,,1484.0,2.7567519908333336,28.229886509918366,0.0
2022-09-04 12:43:34+00:00,10.04037543,,,,,1486.0,2.788993175,28.712764463764554,0.0
2022-09-04 12:43:36+00:00,10.15644369,,,,,1488.0,2.8212343583333332,29.200969438294074,0.0
2022-09-04 12:43:38+00:00,10.27251195,,,,,1490.0,2.8534755416666666,29.694563155237095,0.0
2022-09-04 12:43:40+00:00,10.3885802,,,,,1492.0,2.885716722222222,30.193607296813376,0.0
2022-09-04 12:43:42+00:00,10.50464846,,,,,1494.0,2.917957905555556,30.69816350541711,0.0
2022-09-04 12:43:44+00:00,10.62071672,,,,,1496.0,2.950199088888889,31.208293220292937,0.0
2022-09-04 12:43:46+00:00,10.73678498,,,,,1498.0,2.982440272222222,31.724057918884753,0.0
2022-09-04 12:43:48+00:00,10.85285324,,,,,1500.0,3.0146814555555554,32.245519287305356,0.0
2022-09-04 12:43:50+00:00,10.9689215,,,,,1502.0,3.046922638888889,32.77273890847329,0.0
2022-09-04 12:43:52+00:00,11.08498976,,,,,1504.0,3.0791638222222217,33.30577836530708,0.0
2022-09-04 12:43:54+00:00,11.20105802,,,,,1506.0,3.1114050055555555,33.84469924072527,0.0
2022-09-04 12:43:56+00:00,11.31712628,,,,,1508.0,3.143646188888889,34.389563117646354,0.0
2022-09-04 12:43:58+00:00,11.43319454,,,,,1510.0,3.1758873722222223,34.9404315789889,0.0
2022-09-04 12:44:00+00:00,11.5492628,,,,,1512.0,3.208128555555555,35.49736620767151,0.0
2022-09-04 12:44:02+00:00,11.66533106,,,,,1514.0,3.2403697388888886,36.0604285866127,0.0
2022-09-04 12:44:04+00:00,11.78139932,,,,,1516.0,3.2726109222222224,36.629680298730975,0.0
2022-09-04 12:44:06+00:00,11.89746758,,,,,1518.0,3.3048521055555558,37.205182926944836,0.0
2022-09-04 12:44:08+00:00,12.01353584,,,,,1520.0,3.3370932888888887,37.78699793615582,0.0
2022-09-04 12:44:10+00:00,12.1296041,,,,,1522.0,3.369334472222222,38.37518702501917,0.0
2022-09-04 12:44:12+00:00,12.24567235,,,,,1524.0,3.4015756527777774,38.96981184524123,0.0
2022-09-04 12:44:14+00:00,12.36174061,,,,,1526.0,3.433816836111111,39.57093408561796,0.0
2022-09-04 12:44:16+00:00,12.47780887,,,,,1528.0,3.4660580194444446,40.17861515895813,0.0
2022-09-04 12:44:18+00:00,12.59387713,,,,,1530.0,3.4982992027777775,40.79291652446219,0.0
2022-09-04 12:44:20+00:00,12.70994539,,,,,1532.0,3.530540386111111,41.41389988648644,0.0
2022-09-04 12:44:22+00:00,12.82601365,,,,,1534.0,3.5627815694444442,42.04162682794934,0.0
2022-09-04 12:44:24+00:00,12.94208191,,,,,1536.0,3.595022752777778,42.676158931769415,0.0
2022-09-04 12:44:26+00:00,13.05815017,,,,,1538.0,3.627263936111111,43.31755778086523,0.0
2022-09-04 12:44:28+00:00,13.17421843,,,,,1540.0,3.6595051194444443,43.96588495815536,0.0
2022-09-04 12:44:30+00:00,13.29028669,,,,,1542.0,3.6917463027777777,44.621202046558324,0.0
2022-09-04 12:44:32+00:00,13.40635495,,,,,1544.0,3.723987486111111,45.28357062899266,0.0
2022-09-04 12:44:34+00:00,13.52242321,,,,,1546.0,3.756228669444444,45.95305228837693,0.0
2022-09-04 12:44:36+00:00,13.63849147,,,,,1548.0,3.788469852777778,46.62970860762966,0.0
2022-09-04 12:44:38+00:00,13.75455973,,,,,1550.0,3.820711036111111,47.31360116966934,0.0
2022-09-04 12:44:40+00:00,13.87062799,,,,,1552.0,3.852952219444444,48.00479155741456,0.0
2022-09-04 12:44:42+00:00,13.98669625,,,,,1554.0,3.8851934027777775,48.70334121638319,0.0
2022-09-04 12:44:44+00:00,14.10276451,,,,,1556.0,3.917434586111111,49.409311864614,0.0
2022-09-04 12:44:46+00:00,14.21883276,,,,,1558.0,3.9496757666666666,50.122765162914185,0.0
2022-09-04 12:44:48+00:00,14.33490102,,,,,1560.0,3.98191695,50.84376282055531,0.0
2022-09-04 12:44:50+00:00,14.45096928,,,,,1562.0,4.014158133333334,51.5723662207698,0.0
2022-09-04 12:44:52+00:00,14.56703754,,,,,1564.0,4.046399316666666,52.30863680337439,0.0
2022-09-04 12:44:54+00:00,14.6831058,,,,,1566.0,4.0786405,53.05263629210906,0.0
2022-09-04 12:44:56+00:00,14.79917406,,,,,1568.0,4.110881683333333,53.8044262698923,0.0
2022-09-04 12:44:58+00:00,14.91524232,,,,,1570.0,4.143122866666666,54.564068319642615,0.0
2022-09-04 12:45:00+00:00,15.03131058,,,,,1572.0,4.17536405,55.3316240242786,0.0
2022-09-04 12:45:02+00:00,15.14737884,,,,,1574.0,4.207605233333333,56.10715496671876,0.0
2022-09-04 12:45:04+00:00,15.2634471,,,,,1576.0,4.2398464166666665,56.890722729881645,0.0
2022-09-04 12:45:06+00:00,15.37951536,,,,,1578.0,4.2720876,57.68238889668582,0.0
2022-09-04 12:45:08+00:00,15.49558362,,,,,1580.0,4.304328783333333,58.482215050049795,0.0
2022-09-04 12:45:10+00:00,15.61165188,,,,,1582.0,4.336569966666667,59.290262772892135,0.0
2022-09-04 12:45:12+00:00,15.72772014,,,,,1584.0,4.36881115,60.106593648131366,0.0
2022-09-04 12:45:14+00:00,15.8437884,,,,,1586.0,4.401052333333333,60.93126910304184,0.0
2022-09-04 12:45:16+00:00,15.95985666,,,,,1588.0,4.433293516666667,61.76435087390584,0.0
2022-09-04 12:45:18+00:00,16.07592491,,,,,1590.0,4.465534697222222,62.60590062869529,0.0
2022-09-04 12:45:20+00:00,16.19199317,,,,,1592.0,4.497775880555555,63.455980098754445,0.0
2022-09-04 12:45:22+00:00,16.30806143,,,,,1594.0,4.530017063888889,64.3146506380783,0.0
2022-09-04 12:45:24+00:00,16.42412969,,,,,1596.0,4.562258247222222,65.18197366824015,0.0
2022-09-04 12:45:26+00:00,16.54019795,,,,,1598.0,4.5944994305555555,66.05801093122338,0.0
2022-09-04 12:45:28+00:00,16.65626621,,,,,1600.0,4.626740613888888,66.94282400994656,0.0
2022-09-04 12:45:30+00:00,16.77233447,,,,,1602.0,4.658981797222222,67.83647448732826,0.0
2022-09-04 12:45:32+00:00,16.88840273,,,,,1604.0,4.691222980555556,68.73902394628688,0.0
2022-09-04 12:45:34+00:00,17.00447099,,,,,1606.0,4.723464163888889,69.65053396974096,0.0
2022-09-04 12:45:36+00:00,17.12053925,,,,,1608.0,4.755705347222222,70.57106614060922,0.0
2022-09-04 12:45:38+00:00,17.23660751,,,,,1610.0,4.787946530555555,71.50068204181014,0.0
2022-09-04 12:45:40+00:00,17.35267577,,,,,1612.0,4.820187713888889,72.43944325626224,0.0
2022-09-04 12:45:42+00:00,17.46874403,,,,,1614.0,4.8524288972222225,72.54217240287434,0.0
2022-09-04 12:45:44+00:00,17.58481229,,,,,1616.0,4.884670080555555,52.52096102684288,0.0
2022-09-04 12:45:46+00:00,17.65162628,,,,,1618.0,4.9032295222222215,-0.0,7.4597973307489704
2022-09-04 12:45:48+00:00,16.60287414,,,,,1620.0,4.611909483333333,-54.22047514431567,0.0
2022-09-04 12:45:50+00:00,14.3497023,,,,,1622.0,3.9860284166666666,-33.40061594775671,0.0
2022-09-04 12:45:52+00:00,13.39966523,,,,,1624.0,3.7221292305555553,9.03316216731796,0.0
2022-09-04 12:45:54+00:00,15.01271356,,,,,1626.0,4.170198211111111,47.668721259297506,0.0
2022-09-04 12:45:56+00:00,13.88530724,,,,,1628.0,3.8570297888888887,86.61035249924413,0.0
2022-09-04 12:45:58+00:00,14.04925571,,,,,1630.0,3.9025710305555554,160.97093404848468,0.0
2022-09-04 12:46:00+00:00,17.88330731,,,,,1632.0,4.9675853638888885,264.3054465538187,0.0
2022-09-04 12:46:02+00:00,19.81805048,,,,,1634.0,5.505014022222222,190.65416248451746,0.0
2022-09-04 12:46:04+00:00,19.48324818,,,,,1636.0,5.412013383333333,51.59731250886867,0.0
2022-09-04 12:46:06+00:00,18.07683695,,,,,1638.0,5.021343597222223,35.99235075395251,0.0
2022-09-04 12:46:08+00:00,18.24288666,,,,,1640.0,5.067468516666667,91.53681634133417,0.0
2022-09-04 12:46:10+00:00,19.36073256,,,,,1642.0,5.377981266666667,120.81257245967444,0.0
2022-09-04 12:46:12+00:00,19.54229655,,,,,1644.0,5.4284157083333335,94.5792551261826,0.0
2022-09-04 12:46:14+00:00,19.08385263,,,,,1646.0,5.3010701749999996,78.64907657907897,0.0
2022-09-04 12:46:16+00:00,19.35349854,,,,,1648.0,5.375971816666667,106.52510528980277,0.0
2022-09-04 12:46:18+00:00,19.77020376,,,,,1650.0,5.491723266666667,141.42244760550375,0.0
2022-09-04 12:46:20+00:00,20.415129,,,,,1652.0,5.670869166666667,150.87100071896285,0.0
2022-09-04 12:46:22+00:00,21.15120656,,,,,1654.0,5.875335155555555,137.8657942849615,0.0
2022-09-04 12:46:24+00:00,21.16940571,,,,,1656.0,5.880390475,111.27667893057,0.0
2022-09-04 12:46:26+00:00,21.12069608,,,,,1658.0,5.866860022222221,103.18169551564947,0.0
2022-09-04 12:46:28+00:00,21.26099755,,,,,1660.0,5.905832652777778,116.92565236872906,0.0
2022-09-04 12:46:30+00:00,21.51092531,,,,,1662.0,5.9752570305555555,131.3881012935779,0.0
2022-09-04 12:46:32+00:00,21.81598143,,,,,1664.0,6.059994841666667,141.47742051666603,0.0
2022-09-04 12:46:34+00:00,22.1504433,,,,,1666.0,6.152900916666666,149.22122905952423,0.0
2022-09-04 12:46:36+00:00,22.50172923,,,,,1668.0,6.250480341666666,155.9063664347918,0.0
2022-09-04 12:46:38+00:00,22.86336729,,,,,1670.0,6.350935358333333,162.1283109148022,0.0
2022-09-04 12:46:40+00:00,23.23180732,,,,,1672.0,6.453279811111111,162.9056330463537,0.0
2022-09-04 12:46:42+00:00,23.60495558,,,,,1674.0,6.556932105555555,138.9933749525773,0.0
2022-09-04 12:46:44+00:00,23.75083218,,,,,1676.0,6.597453383333333,81.54882970272281,0.0
2022-09-04 12:46:46+00:00,23.07421531,,,,,1678.0,6.4095042527777775,5.929146702723365,0.0
2022-09-04 12:46:48+00:00,21.94740167,,,,,1680.0,6.096500463888889,-42.73627549015732,0.0
2022-09-04 12:46:50+00:00,20.5713666,,,,,1682.0,5.7142685,-68.39306698805922,0.0
2022-09-04 12:46:52+00:00,19.04694826,,,,,1684.0,5.290818961111111,-81.56051498859182,0.0
2022-09-04 12:46:54+00:00,17.42778035,,,,,1686.0,4.8410500972222215,-87.19427448445403,0.0
2022-09-04 12:46:56+00:00,15.74445042,,,,,1688.0,4.37345845,-87.79362595266613,0.0
2022-09-04 12:46:58+00:00,14.01572118,,,,,1690.0,3.893255883333333,-84.72880435617547,0.0
2022-09-04 12:47:00+00:00,12.2538885,,,,,1692.0,3.4038579166666665,-78.84212349961375,0.0
2022-09-04 12:47:02+00:00,10.46744676,,,,,1694.0,2.9076241,-70.71801215959431,0.0
2022-09-04 12:47:04+00:00,8.662490706,,,,,1696.0,2.4062474183333333,-60.805897309117114,0.0
2022-09-04 12:47:06+00:00,6.843504959,,,,,1698.0,1.9009735997222221,-48.84363892398,0.0
2022-09-04 12:47:08+00:00,5.013842324,,,,,1700.0,1.3927339788888888,-32.08316032074671,0.0
2022-09-04 12:47:10+00:00,3.292553902,,,,,1702.0,0.914598306111111,-0.0,15.731889503937495
2022-09-04 12:47:12+00:00,2.462714922,,,,,1704.0,0.6840874783333333,-0.0,3.6075550278853
2022-09-04 12:47:14+00:00,2.376931925,,,,,1706.0,0.6602588680555556,4.087226310927406,0.0
2022-09-04 12:47:16+00:00,2.69103062,,,,,1708.0,0.7475085055555555,10.334675008236161,0.0
2022-09-04 12:47:18+00:00,3.235828218,,,,,1710.0,0.8988411716666667,16.44388908238361,0.0
2022-09-04 12:47:20+00:00,3.923716654,,,,,1712.0,1.0899212927777777,23.042220537298277,0.0
2022-09-04 12:47:22+00:00,4.706253231,,,,,1714.0,1.3072925641666666,30.21127691729518,0.0
2022-09-04 12:47:24+00:00,5.55463,,,,,1716.0,1.5429527777777778,37.91888955962596,0.0
2022-09-04 12:47:26+00:00,6.450471314,,,,,1718.0,1.791797587222222,46.11873945197187,0.0
2022-09-04 12:47:28+00:00,7.381344069,,,,,1720.0,2.0503733525,54.77455812005479,0.0
2022-09-04 12:47:30+00:00,8.338456171,,,,,1722.0,2.3162378252777778,63.86562905762597,0.0
2022-09-04 12:47:32+00:00,9.315399283,,,,,1724.0,2.587610911944444,73.3867401675755,0.0
2022-09-04 12:47:34+00:00,10.30741063,,,,,1726.0,2.8631696194444443,83.3462024370615,0.0
2022-09-04 12:47:36+00:00,11.31090753,,,,,1728.0,3.141918758333333,93.76327858363243,0.0
2022-09-04 12:47:38+00:00,12.32317537,,,,,1730.0,3.423104269444444,104.66564569963143,0.0
2022-09-04 12:47:40+00:00,13.34214837,,,,,1732.0,3.706152325,116.08717703508223,0.0
2022-09-04 12:47:42+00:00,14.36625053,,,,,1734.0,3.990625147222222,128.06614110475695,0.0
2022-09-04 12:47:44+00:00,15.39427771,,,,,1736.0,4.276188252777778,140.6438128769056,0.0
2022-09-04 12:47:46+00:00,16.42530909,,,,,1738.0,4.562585858333333,157.13012431350597,0.0
2022-09-04 12:47:48+00:00,17.45864018,,,,,1740.0,4.849622272222222,175.71345831109412,0.0
2022-09-04 12:47:50+00:00,18.69618246,,,,,1742.0,5.193384016666666,191.78612488856245,0.0
2022-09-04 12:47:52+00:00,19.79090226,,,,,1744.0,5.497472849999999,189.85235383346074,0.0
2022-09-04 12:47:54+00:00,20.65853318,,,,,1746.0,5.738481438888889,192.00247284534674,0.0
2022-09-04 12:47:56+00:00,21.10318886,,,,,1748.0,5.861996905555555,203.73526098626695,0.0
2022-09-04 12:47:58+00:00,22.45212176,,,,,1750.0,6.236700488888889,190.59940513925426,0.0
2022-09-04 12:48:00+00:00,23.30806571,,,,,1752.0,6.474462697222222,127.05985595427433,0.0
2022-09-04 12:48:02+00:00,22.18582628,,,,,1754.0,6.1627295222222225,49.38609392540633,0.0
2022-09-04 12:48:04+00:00,21.74759034,,,,,1756.0,6.040997316666666,35.335761623349775,0.0
2022-09-04 12:48:06+00:00,21.44864673,,,,,1758.0,5.957957425,43.24123705065663,0.0
2022-09-04 12:48:08+00:00,20.99794282,,,,,1760.0,5.832761894444444,8.16820818881502,0.0
2022-09-04 12:48:10+00:00,20.37270032,,,,,1762.0,5.659083422222222,-32.13362287639259,0.0
2022-09-04 12:48:12+00:00,18.73235301,,,,,1764.0,5.203431391666666,-37.7622571125759,0.0
2022-09-04 12:48:14+00:00,17.41768539,,,,,1766.0,4.838245941666666,9.154588189564464,0.0
2022-09-04 12:48:16+00:00,17.53382209,,,,,1768.0,4.8705061361111115,91.45353241945605,0.0
2022-09-04 12:48:18+00:00,18.53809316,,,,,1770.0,5.149470322222222,142.84796035622384,0.0
2022-09-04 12:48:20+00:00,19.32611425,,,,,1772.0,5.368365069444445,135.61508757164722,0.0
2022-09-04 12:48:22+00:00,19.63200585,,,,,1774.0,5.453334958333333,101.94314293335225,0.0
2022-09-04 12:48:24+00:00,19.5463432,,,,,1776.0,5.429539777777777,73.12954921599147,0.0
2022-09-04 12:48:26+00:00,19.48743067,,,,,1778.0,5.41317518611111,40.29009652901305,0.0
2022-09-04 12:48:28+00:00,19.18527068,,,,,1780.0,5.329241855555555,-0.0,24.038771973605606
2022-09-04 12:48:30+00:00,18.01913064,,,,,1782.0,5.005314066666666,-99.62510506808334,0.0
2022-09-04 12:48:32+00:00,15.59698438,,,,,1784.0,4.332495661111111,-155.00816603869993,0.0
2022-09-04 12:48:34+00:00,12.41688283,,,,,1786.0,3.4491341194444445,-153.67822838667675,0.0
2022-09-04 12:48:36+00:00,9.131212487,,,,,1788.0,2.536447913055556,-110.42718782966294,0.0
2022-09-04 12:48:38+00:00,6.359691092,,,,,1790.0,1.766580858888889,-62.20234722255417,0.0
2022-09-04 12:48:40+00:00,4.357915006,,,,,1792.0,1.210531946111111,-0.0,32.5355368994448
2022-09-04 12:48:42+00:00,3.087172405,,,,,1794.0,0.8575478902777778,-0.0,13.637133757620063
2022-09-04 12:48:44+00:00,2.29148928,,,,,1796.0,0.6365248,-0.0,4.745894829611024
2022-09-04 12:48:46+00:00,1.825104578,,,,,1798.0,0.5069734938888889,1.064526103001461,0.0
2022-09-04 12:48:48+00:00,1.701312486,,,,,1800.0,0.47258680166666667,9.13882235630599,0.0
2022-09-04 12:48:50+00:00,2.707767891,,,,,1802.0,0.7521577475,28.906554895681936,0.0
2022-09-04 12:48:52+00:00,5.316470439,,,,,1804.0,1.4767973441666666,73.28093505334482,0.0
2022-09-04 12:48:54+00:00,7.486926023,,,,,1806.0,2.0797016730555553,93.21493984620892,0.0
2022-09-04 12:48:56+00:00,9.2233945,,,,,1808.0,2.5620540277777777,80.72896552706925,0.0
2022-09-04 12:48:58+00:00,9.559073726,,,,,1810.0,2.655298257222222,61.98980268610691,0.0
2022-09-04 12:49:00+00:00,10.04456435,,,,,1812.0,2.7901567638888887,73.67066790830786,0.0
2022-09-04 12:49:02+00:00,11.11545295,,,,,1814.0,3.0876258194444444,117.38641413049731,0.0
2022-09-04 12:49:04+00:00,12.91783003,,,,,1816.0,3.588286119444444,144.99945695476478,0.0
2022-09-04 12:49:06+00:00,15.06939019,,,,,1818.0,4.185941719444444,141.96714121706714,0.0
2022-09-04 12:49:08+00:00,14.86079562,,,,,1820.0,4.127998783333333,112.18013454813548,0.0
2022-09-04 12:49:10+00:00,15.7040661,,,,,1822.0,4.3622405833333335,97.64447098057997,0.0
2022-09-04 12:49:12+00:00,16.95068078,,,,,1824.0,4.708522438888888,86.43125421686824,0.0
2022-09-04 12:49:14+00:00,16.11997491,,,,,1826.0,4.477770808333333,36.88620178756369,0.0
2022-09-04 12:49:16+00:00,16.17447409,,,,,1828.0,4.492909469444444,21.324884514985705,0.0
2022-09-04 12:49:18+00:00,15.53221764,,,,,1830.0,4.3145049,31.938619311744347,0.0
2022-09-04 12:49:20+00:00,15.59141454,,,,,1832.0,4.330948483333334,48.550115002339105,0.0
2022-09-04 12:49:22+00:00,15.64317582,,,,,1834.0,4.345326616666666,85.72730967700757,0.0
2022-09-04 12:49:24+00:00,16.06794844,,,,,1836.0,4.4633190111111105,132.5589927658027,0.0
2022-09-04 12:49:26+00:00,17.45805833,,,,,1838.0,4.849460647222222,174.913549301191,0.0
2022-09-04 12:49:28+00:00,18.90834508,,,,,1840.0,5.252318077777778,157.3263420128376,0.0
2022-09-04 12:49:30+00:00,19.424113,,,,,1842.0,5.395586944444444,93.00612631258976,0.0
2022-09-04 12:49:32+00:00,18.64172764,,,,,1844.0,5.178257677777777,25.028881006446483,0.0
2022-09-04 12:49:34+00:00,18.53671184,,,,,1846.0,5.149086622222222,11.92601925118226,0.0
2022-09-04 12:49:36+00:00,17.29938461,,,,,1848.0,4.805384613888889,55.4687819354611,0.0
2022-09-04 12:49:38+00:00,17.58437769,,,,,1850.0,4.8845493583333335,115.03907088331223,0.0
2022-09-04 12:49:40+00:00,19.31729491,,,,,1852.0,5.365915252777778,152.32902286614046,0.0
2022-09-04 12:49:42+00:00,19.57119536,,,,,1854.0,5.436443155555556,129.74584720550303,0.0
2022-09-04 12:49:44+00:00,19.30530097,,,,,1856.0,5.362583602777778,155.12495160004363,0.0
2022-09-04 12:49:46+00:00,20.24438279,,,,,1858.0,5.623439663888889,230.20049635348968,0.0
2022-09-04 12:49:48+00:00,22.79235038,,,,,1860.0,6.331208438888888,278.1217214535337,0.0
2022-09-04 12:49:50+00:00,23.3798215,,,,,1862.0,6.49439486111111,206.55945224603863,0.0
2022-09-04 12:49:52+00:00,23.57909186,,,,,1864.0,6.549747738888888,66.75884475823365,0.0
2022-09-04 12:49:54+00:00,23.2577153,,,,,1866.0,6.460476472222222,-66.93183978504096,0.0
2022-09-04 12:49:56+00:00,20.54057215,,,,,1868.0,5.705714486111111,-171.26790198620924,0.0
2022-09-04 12:49:58+00:00,17.64628922,,,,,1870.0,4.901747005555555,-180.8653701969739,0.0
2022-09-04 12:50:00+00:00,14.3516667,,,,,1872.0,3.9865740833333336,-112.5078315676798,0.0
2022-09-04 12:50:02+00:00,12.94409052,,,,,1874.0,3.5955806999999997,-42.18547607033216,0.0
2022-09-04 12:50:04+00:00,12.47351958,,,,,1876.0,3.46486655,8.265414600389228,0.0
2022-09-04 12:50:06+00:00,12.76809867,,,,,1878.0,3.546694075,36.229173378246756,0.0
2022-09-04 12:50:08+00:00,12.62151204,,,,,1880.0,3.5059755666666668,50.58638090263681,0.0
2022-09-04 12:50:10+00:00,13.05414332,,,,,1882.0,3.626150922222222,73.66636022123454,0.0
2022-09-04 12:50:12+00:00,13.66187072,,,,,1884.0,3.7949640888888885,118.41640516061985,0.0
2022-09-04 12:50:14+00:00,14.79245452,,,,,1886.0,4.109015144444444,144.87416448752916,0.0
2022-09-04 12:50:16+00:00,16.91823288,,,,,1888.0,4.699509133333334,144.69297934696309,0.0
2022-09-04 12:50:18+00:00,16.76420352,,,,,1890.0,4.656723199999999,97.3877437946946,0.0
2022-09-04 12:50:20+00:00,16.9425429,,,,,1892.0,4.706261916666667,78.0389112954869,0.0
2022-09-04 12:50:22+00:00,17.26277303,,,,,1894.0,4.795214730555556,93.99722797305853,0.0
2022-09-04 12:50:24+00:00,17.64935441,,,,,1896.0,4.902598447222222,116.3032440007098,0.0
2022-09-04 12:50:26+00:00,18.06794316,,,,,1898.0,5.0188730999999995,156.74432275498754,0.0
2022-09-04 12:50:28+00:00,19.22286488,,,,,1900.0,5.339684688888888,172.61167433772104,0.0
2022-09-04 12:50:30+00:00,20.79790271,,,,,1902.0,5.7771951972222215,146.27087315052086,0.0
2022-09-04 12:50:32+00:00,20.04994908,,,,,1904.0,5.5694303000000005,62.21107081679549,0.0
2022-09-04 12:50:34+00:00,19.96875621,,,,,1906.0,5.546876725,-0.0,8.299890950976737
2022-09-04 12:50:36+00:00,18.98335254,,,,,1908.0,5.273153483333333,-61.96330418773148,0.0
2022-09-04 12:50:38+00:00,17.18893837,,,,,1910.0,4.774705102777777,-109.48936894001075,0.0
2022-09-04 12:50:40+00:00,14.77872734,,,,,1912.0,4.105202038888889,-100.74684735013254,0.0
2022-09-04 12:50:42+00:00,12.65306429,,,,,1914.0,3.5147400805555553,-52.5658344984579,0.0
2022-09-04 12:50:44+00:00,11.95165148,,,,,1916.0,3.319903188888889,-38.90758071241631,0.0
2022-09-04 12:50:46+00:00,12.18425084,,,,,1918.0,3.3845141222222224,-73.4391605727025,0.0
2022-09-04 12:50:48+00:00,8.660866568,,,,,1920.0,2.4057962688888885,-83.95591697864587,0.0
2022-09-04 12:50:50+00:00,5.836053531,,,,,1922.0,1.6211259808333334,-55.90256501373441,0.0
2022-09-04 12:50:52+00:00,4.075231708,,,,,1924.0,1.1320088077777777,-0.0,27.009647541392603
2022-09-04 12:50:54+00:00,2.963267375,,,,,1926.0,0.8231298263888889,-0.0,9.833654510864633
2022-09-04 12:50:56+00:00,2.385267267,,,,,1928.0,0.6625742408333334,-0.0,2.9078239865957127
2022-09-04 12:50:58+00:00,2.172859166,,,,,1930.0,0.6035719905555555,-0.0,0.6780942655358997
2022-09-04 12:51:00+00:00,1.907719539,,,,,1932.0,0.5299220941666666,-0.0,0.062066633506358895
2022-09-04 12:51:02+00:00,1.515232851,,,,,1934.0,0.4208980141666666,2.5412889891759423,0.0
2022-09-04 12:51:04+00:00,1.440715742,,,,,1936.0,0.4001988172222222,10.422716412404526,0.0
2022-09-04 12:51:06+00:00,2.790724364,,,,,1938.0,0.7752012122222222,39.24958149218996,0.0
2022-09-04 12:51:08+00:00,6.441549646,,,,,1940.0,1.7893193461111112,127.17389085561493,0.0
2022-09-04 12:51:10+00:00,9.238038416,,,,,1942.0,2.5661217822222224,204.97607868493702,0.0
2022-09-04 12:51:12+00:00,13.27219973,,,,,1944.0,3.6867221472222225,277.94945595428345,0.0
2022-09-04 12:51:14+00:00,16.43530501,,,,,1946.0,4.565362502777778,288.0394836233723,0.0
2022-09-04 12:51:16+00:00,17.8443341,,,,,1948.0,4.956759472222222,257.7416174923302,0.0
2022-09-04 12:51:18+00:00,19.16017897,,,,,1950.0,5.322271936111111,281.56182299767124,0.0
2022-09-04 12:51:20+00:00,21.58178343,,,,,1952.0,5.994939841666667,341.94686526604875,0.0
2022-09-04 12:51:22+00:00,23.66273607,,,,,1954.0,6.572982241666667,315.8536988474898,0.0
2022-09-04 12:51:24+00:00,24.81712758,,,,,1956.0,6.89364655,208.6134835432806,0.0
2022-09-04 12:51:26+00:00,24.23019037,,,,,1958.0,6.730608436111111,106.83807384384306,0.0
2022-09-04 12:51:28+00:00,23.91491265,,,,,1960.0,6.6430312916666665,61.00452123268144,0.0
2022-09-04 12:51:30+00:00,23.58941806,,,,,1962.0,6.552616127777777,33.308616634474305,0.0
2022-09-04 12:51:32+00:00,22.69203734,,,,,1964.0,6.303343705555555,8.721639311269596,0.0
2022-09-04 12:51:34+00:00,21.63119459,,,,,1966.0,6.008665163888889,35.674559040171296,0.0
2022-09-04 12:51:36+00:00,21.282662,,,,,1968.0,5.911850555555555,97.01041580772437,0.0
2022-09-04 12:51:38+00:00,22.01007166,,,,,1970.0,6.113908794444445,133.50683379880823,0.0
2022-09-04 12:51:40+00:00,22.38556284,,,,,1972.0,6.218211899999999,66.74707514491777,0.0
2022-09-04 12:51:42+00:00,21.92485981,,,,,1974.0,6.090238836111111,-0.0,18.22297257778447
2022-09-04 12:51:44+00:00,19.51368398,,,,,1976.0,5.420467772222222,-0.0,15.648995132341536
2022-09-04 12:51:46+00:00,19.18885974,,,,,1978.0,5.330238816666667,58.52379985509744,0.0
2022-09-04 12:51:48+00:00,20.12912358,,,,,1980.0,5.591423216666667,105.7292043333784,0.0
2022-09-04 12:51:50+00:00,20.41265733,,,,,1982.0,5.670182591666666,42.43920982490564,0.0
2022-09-04 12:51:52+00:00,19.38830198,,,,,1984.0,5.385639438888889,-48.300359118131155,0.0
2022-09-04 12:51:54+00:00,17.72084313,,,,,1986.0,4.922456424999999,-122.60978760414352,0.0
2022-09-04 12:51:56+00:00,15.6373654,,,,,1988.0,4.343712611111111,-169.04472729987657,0.0
2022-09-04 12:51:58+00:00,11.8290077,,,,,1990.0,3.2858354722222223,-135.3425988580817,0.0
2022-09-04 12:52:00+00:00,8.519581155,,,,,1992.0,2.366550320833333,-51.18142930490542,0.0
2022-09-04 12:52:02+00:00,7.983657217,,,,,1994.0,2.217682560277778,32.909689050917706,0.0
2022-09-04 12:52:04+00:00,9.906870093,,,,,1996.0,2.751908359166667,137.53136573714005,0.0
2022-09-04 12:52:06+00:00,12.67088653,,,,,1998.0,3.519690702777778,245.47807098666252,0.0
2022-09-04 12:52:08+00:00,15.76709613,,,,,2000.0,4.379748925,331.0838855052966,0.0
2022-09-04 12:52:10+00:00,19.23072265,,,,,2002.0,5.341867402777778,370.3141815700114,0.0
2022-09-04 12:52:12+00:00,21.5201716,,,,,2004.0,5.977825444444445,320.9734105331489,0.0
2022-09-04 12:52:14+00:00,22.50769328,,,,,2006.0,6.252137022222223,232.71509107912158,0.0
2022-09-04 12:52:16+00:00,23.03730795,,,,,2008.0,6.3992522083333325,176.69028139164996,0.0
2022-09-04 12:52:18+00:00,23.31248014,,,,,2010.0,6.475688927777778,149.41438603657758,0.0
2022-09-04 12:52:20+00:00,23.43557482,,,,,2012.0,6.509881894444444,132.2183086301004,0.0
2022-09-04 12:52:22+00:00,23.46122629,,,,,2014.0,6.5170073027777775,120.42069822184608,0.0
2022-09-04 12:52:24+00:00,23.4207133,,,,,2016.0,6.505753694444444,111.68793030149965,0.0
2022-09-04 12:52:26+00:00,23.33329447,,,,,2018.0,6.481470686111111,104.8241876483145,0.0
2022-09-04 12:52:28+00:00,23.21163063,,,,,2020.0,6.447675175,99.1843302407918,0.0
2022-09-04 12:52:30+00:00,23.06448894,,,,,2022.0,6.406802483333333,94.39587382108233,0.0
2022-09-04 12:52:32+00:00,22.89817012,,,,,2024.0,6.360602811111111,90.22748170826168,0.0
2022-09-04 12:52:34+00:00,22.71731518,,,,,2026.0,6.310365327777777,86.52566394017914,0.0
2022-09-04 12:52:36+00:00,22.52539607,,,,,2028.0,6.257054463888888,83.18317504353888,0.0
2022-09-04 12:52:38+00:00,22.32503487,,,,,2030.0,6.201398575,80.12232764781577,0.0
2022-09-04 12:52:40+00:00,22.11822304,,,,,2032.0,6.143950844444444,77.28552271872509,0.0
2022-09-04 12:52:42+00:00,21.90647817,,,,,2034.0,6.085132825,74.629443358377,0.0
2022-09-04 12:52:44+00:00,21.69095898,,,,,2036.0,6.025266383333333,72.12123440406681,0.0
2022-09-04 12:52:46+00:00,21.47255119,,,,,2038.0,5.964597552777778,69.73584555964868,0.0
2022-09-04 12:52:48+00:00,21.25193232,,,,,2040.0,5.903314533333334,67.45411035885536,0.0
2022-09-04 12:52:50+00:00,21.02962083,,,,,2042.0,5.841561341666666,65.26132328443765,0.0
2022-09-04 12:52:52+00:00,20.80601351,,,,,2044.0,5.779448197222222,63.14617117144438,0.0
2022-09-04 12:52:54+00:00,20.58141412,,,,,2046.0,5.717059477777778,61.09992541474881,0.0
2022-09-04 12:52:56+00:00,20.3560552,,,,,2048.0,5.654459777777777,59.1158265322132,0.0
2022-09-04 12:52:58+00:00,20.13011477,,,,,2050.0,5.591698547222221,57.1886155965151,0.0
2022-09-04 12:53:00+00:00,19.90372912,,,,,2052.0,5.528813644444445,55.3141774995086,0.0
2022-09-04 12:53:02+00:00,19.67700261,,,,,2054.0,5.465834058333333,53.48926888318138,0.0
2022-09-04 12:53:04+00:00,19.45001512,,,,,2056.0,5.402781977777778,51.711309679105185,0.0
2022-09-04 12:53:06+00:00,19.22282783,,,,,2058.0,5.339674397222222,49.978225263298064,0.0
2022-09-04 12:53:08+00:00,18.99548756,,,,,2060.0,5.2765243222222225,48.28832600096386,0.0
2022-09-04 12:53:10+00:00,18.76803016,,,,,2062.0,5.21334171111111,46.640215363363,0.0
2022-09-04 12:53:12+00:00,18.54048309,,,,,2064.0,5.150134191666666,45.03271980910936,0.0
2022-09-04 12:53:14+00:00,18.31286737,,,,,2066.0,5.086907602777777,43.46483497926889,0.0
2022-09-04 12:53:16+00:00,18.08519908,,,,,2068.0,5.023666411111111,41.935685866599066,0.0
2022-09-04 12:53:18+00:00,17.85749054,,,,,2070.0,4.960414038888889,40.444495669999576,0.0
2022-09-04 12:53:20+00:00,17.6297512,,,,,2072.0,4.897153111111112,38.9905622745685,0.0
2022-09-04 12:53:22+00:00,17.40198826,,,,,2074.0,4.833885627777778,37.57324006862042,0.0
2022-09-04 12:53:24+00:00,17.17420726,,,,,2076.0,4.770613127777778,36.78647410973028,0.0
2022-09-04 12:53:26+00:00,16.94641244,,,,,2078.0,4.707336788888889,45.267467160047374,0.0
2022-09-04 12:53:28+00:00,16.75384702,,,,,2080.0,4.653846394444444,36.27101507893993,0.0
2022-09-04 12:53:30+00:00,17.0815544,,,,,2082.0,4.7448762222222225,14.734517536062468,0.0
2022-09-04 12:53:32+00:00,15.8262698,,,,,2084.0,4.396186055555556,-0.0,17.64597617404616
2022-09-04 12:53:34+00:00,15.26139129,,,,,2086.0,4.239275358333334,-0.0,26.89058051562478
2022-09-04 12:53:36+00:00,14.09824453,,,,,2088.0,3.916179036111111,1.2397615377094675,0.0
2022-09-04 12:53:38+00:00,13.71933637,,,,,2090.0,3.8109267694444444,56.982826535908764,0.0
2022-09-04 12:53:40+00:00,14.58869708,,,,,2092.0,4.052415855555555,114.92583701428701,0.0
2022-09-04 12:53:42+00:00,16.20024295,,,,,2094.0,4.500067486111111,124.22772915832381,0.0
2022-09-04 12:53:44+00:00,16.67331373,,,,,2096.0,4.631476036111111,53.11068967070247,0.0
2022-09-04 12:53:46+00:00,16.14593064,,,,,2098.0,4.484980733333333,-0.0,20.31757658682927
2022-09-04 12:53:48+00:00,14.48695168,,,,,2100.0,4.024153244444444,-30.647966284172213,0.0
2022-09-04 12:53:50+00:00,13.68036617,,,,,2102.0,3.8001017138888886,-0.0,9.201235416080008
2022-09-04 12:53:52+00:00,13.5368137,,,,,2104.0,3.7602260277777777,25.595277453218102,0.0
2022-09-04 12:53:54+00:00,13.54375587,,,,,2106.0,3.762154408333333,32.21875865509839,0.0
2022-09-04 12:53:56+00:00,13.78281659,,,,,2108.0,3.8285601638888886,30.15733578110378,0.0
2022-09-04 12:53:58+00:00,13.0891962,,,,,2110.0,3.6358878333333333,8.055984784482332,0.0
2022-09-04 12:54:00+00:00,13.40830504,,,,,2112.0,3.724529177777778,-36.980822270869375,0.0
2022-09-04 12:54:02+00:00,11.85894471,,,,,2114.0,3.294151308333333,-80.31930187229112,0.0
2022-09-04 12:54:04+00:00,8.804610304,,,,,2116.0,2.4457250844444447,-79.54931988990599,0.0
2022-09-04 12:54:06+00:00,6.700461688,,,,,2118.0,1.8612393577777777,-52.19745428171906,0.0
2022-09-04 12:54:08+00:00,5.153260724,,,,,2120.0,1.4314613122222222,-28.377155500173423,0.0
2022-09-04 12:54:10+00:00,3.879177985,,,,,2122.0,1.0775494402777779,-0.0,16.866391356164385
2022-09-04 12:54:12+00:00,2.987043571,,,,,2124.0,0.8297343252777778,-0.0,9.04241396009657
2022-09-04 12:54:14+00:00,2.307323756,,,,,2126.0,0.6409232655555556,-0.0,3.1659781720462394
2022-09-04 12:54:16+00:00,1.700493261,,,,,2128.0,0.47235923916666667,2.664913105563938,0.0
2022-09-04 12:54:18+00:00,2.037125602,,,,,2130.0,0.5658682227777778,13.003888626114614,0.0
2022-09-04 12:54:20+00:00,3.292128238,,,,,2132.0,0.9144800661111111,38.06844117821315,0.0
2022-09-04 12:54:22+00:00,5.644924938,,,,,2134.0,1.5680347049999999,80.86791437301632,0.0
2022-09-04 12:54:24+00:00,8.250242269,,,,,2136.0,2.2917339636111107,131.0081994322933,0.0
2022-09-04 12:54:26+00:00,9.907940232,,,,,2138.0,2.75220562,160.60191162586756,0.0
2022-09-04 12:54:28+00:00,13.19757788,,,,,2140.0,3.6659938555555556,204.00712630970818,0.0
2022-09-04 12:54:30+00:00,15.00095051,,,,,2142.0,4.166930697222222,200.29245211600272,0.0
2022-09-04 12:54:32+00:00,16.1877348,,,,,2144.0,4.496593,179.78492787624393,0.0
2022-09-04 12:54:34+00:00,17.4647619,,,,,2146.0,4.85132275,171.53084950710027,0.0
2022-09-04 12:54:36+00:00,18.7473733,,,,,2148.0,5.207603694444444,127.09252557784583,0.0
2022-09-04 12:54:38+00:00,18.86000323,,,,,2150.0,5.238889786111111,48.260403860567294,0.0
2022-09-04 12:54:40+00:00,17.8039116,,,,,2152.0,4.945531,25.72057046592559,0.0
2022-09-04 12:54:42+00:00,17.0952461,,,,,2154.0,4.748679472222222,68.25838163436691,0.0
2022-09-04 12:54:44+00:00,18.32365948,,,,,2156.0,5.089905411111111,97.77881978981684,0.0
2022-09-04 12:54:46+00:00,18.91094517,,,,,2158.0,5.253040325000001,71.14964417386948,0.0
2022-09-04 12:54:48+00:00,17.63567279,,,,,2160.0,4.898797997222222,36.79696109284715,0.0
2022-09-04 12:54:50+00:00,17.68247688,,,,,2162.0,4.911799133333333,63.01113215454666,0.0
2022-09-04 12:54:52+00:00,18.05686548,,,,,2164.0,5.0157959666666665,102.50598610267133,0.0
2022-09-04 12:54:54+00:00,18.48692669,,,,,2166.0,5.135257413888889,107.89923756655222,0.0
2022-09-04 12:54:56+00:00,18.89028866,,,,,2168.0,5.247302405555556,96.10815245059086,0.0
2022-09-04 12:54:58+00:00,18.96564638,,,,,2170.0,5.268235105555555,74.25783454896178,0.0
2022-09-04 12:55:00+00:00,18.83174514,,,,,2172.0,5.231040316666666,54.01157938586886,0.0
2022-09-04 12:55:02+00:00,18.5866509,,,,,2174.0,5.1629585833333325,41.28640641551152,0.0
2022-09-04 12:55:04+00:00,18.2782116,,,,,2176.0,5.077280999999999,33.115368394209625,0.0
2022-09-04 12:55:06+00:00,17.93095687,,,,,2178.0,4.980821352777777,27.318655305326573,0.0
2022-09-04 12:55:08+00:00,17.5582877,,,,,2180.0,4.877302138888889,24.937569395065555,0.0
2022-09-04 12:55:10+00:00,17.16807332,,,,,2182.0,4.768909255555556,29.935436125350606,0.0
2022-09-04 12:55:12+00:00,16.88583848,,,,,2184.0,4.690510688888889,38.4545917272268,0.0
2022-09-04 12:55:14+00:00,16.86789307,,,,,2186.0,4.685525852777778,43.989949157148665,0.0
2022-09-04 12:55:16+00:00,16.73041292,,,,,2188.0,4.647336922222222,41.20382717433262,0.0
2022-09-04 12:55:18+00:00,16.53600703,,,,,2190.0,4.593335286111111,35.07553125345508,0.0
2022-09-04 12:55:20+00:00,16.31339205,,,,,2192.0,4.531497791666667,31.398143813742475,0.0
2022-09-04 12:55:22+00:00,16.0760127,,,,,2194.0,4.465559083333333,28.87835826032683,0.0
2022-09-04 12:55:24+00:00,15.83036633,,,,,2196.0,4.397323980555556,15.660967373775645,0.0
2022-09-04 12:55:26+00:00,15.5797403,,,,,2198.0,4.327705638888888,-0.0,4.087485249616202
2022-09-04 12:55:28+00:00,14.6011918,,,,,2200.0,4.055886611111111,9.982839120556987,0.0
2022-09-04 12:55:30+00:00,13.84551664,,,,,2202.0,3.8459768444444444,43.72936139015044,0.0
2022-09-04 12:55:32+00:00,15.29497136,,,,,2204.0,4.248603155555555,68.01342041696128,0.0
2022-09-04 12:55:34+00:00,15.27907253,,,,,2206.0,4.244186813888889,47.579140033345276,0.0
2022-09-04 12:55:36+00:00,14.59005411,,,,,2208.0,4.052792808333334,27.649045786227177,0.0
2022-09-04 12:55:38+00:00,14.61940191,,,,,2210.0,4.060944975,26.138000188150173,0.0
2022-09-04 12:55:40+00:00,14.92029952,,,,,2212.0,4.1445276444444445,5.90645152562631,0.0
2022-09-04 12:55:42+00:00,13.79967013,,,,,2214.0,3.833241702777778,-0.0,24.173139885991333
2022-09-04 12:55:44+00:00,12.78422113,,,,,2216.0,3.5511725361111113,-35.17473089905547,0.0
2022-09-04 12:55:46+00:00,11.96070449,,,,,2218.0,3.3224179138888887,-34.07765982356948,0.0
2022-09-04 12:55:48+00:00,10.66837011,,,,,2220.0,2.9634361416666666,-0.0,21.116539873124466
2022-09-04 12:55:50+00:00,9.837983315,,,,,2222.0,2.7327731430555557,17.547445233301538,0.0
2022-09-04 12:55:52+00:00,10.36663165,,,,,2224.0,2.879619902777778,71.60472323057822,0.0
2022-09-04 12:55:54+00:00,11.89033251,,,,,2226.0,3.302870141666667,123.53742600824216,0.0
2022-09-04 12:55:56+00:00,13.38809368,,,,,2228.0,3.7189149111111113,155.83973338234273,0.0
2022-09-04 12:55:58+00:00,14.90700716,,,,,2230.0,4.140835322222222,179.47791578804546,0.0
2022-09-04 12:56:00+00:00,16.4603431,,,,,2232.0,4.572317527777778,190.30728946212236,0.0
2022-09-04 12:56:02+00:00,18.04813496,,,,,2234.0,5.013370822222222,149.57758565566158,0.0
2022-09-04 12:56:04+00:00,18.66459518,,,,,2236.0,5.184609772222222,63.79413537566763,0.0
2022-09-04 12:56:06+00:00,17.42164997,,,,,2238.0,4.839347213888889,0.5180472249377274,0.0
2022-09-04 12:56:08+00:00,16.69731142,,,,,2240.0,4.63814206111111,48.2298484725943,0.0
2022-09-04 12:56:10+00:00,16.47660185,,,,,2242.0,4.576833847222223,163.3092759072326,0.0
2022-09-04 12:56:12+00:00,19.14601467,,,,,2244.0,5.318337408333333,271.8750967701533,0.0
2022-09-04 12:56:14+00:00,21.70740671,,,,,2246.0,6.029835197222222,263.1260468492144,0.0
2022-09-04 12:56:16+00:00,21.93105833,,,,,2248.0,6.091960647222222,159.79150845732926,0.0
2022-09-04 12:56:18+00:00,21.34100337,,,,,2250.0,5.928056491666666,119.98495137498728,0.0
2022-09-04 12:56:20+00:00,22.17445472,,,,,2252.0,6.159570755555555,133.43088767498827,0.0
2022-09-04 12:56:22+00:00,22.60297965,,,,,2254.0,6.278605458333334,75.13555757973646,0.0
2022-09-04 12:56:24+00:00,21.9678571,,,,,2256.0,6.102182527777778,-54.90738089236968,0.0
2022-09-04 12:56:26+00:00,19.97664304,,,,,2258.0,5.549067511111111,-150.70206145040737,0.0
2022-09-04 12:56:28+00:00,16.89405591,,,,,2260.0,4.692793308333333,-180.17641248479003,0.0
2022-09-04 12:56:30+00:00,13.9885893,,,,,2262.0,3.8857192499999997,-163.78710882327212,0.0
2022-09-04 12:56:32+00:00,11.10470361,,,,,2264.0,3.0846398916666664,-131.24712369397398,0.0
2022-09-04 12:56:34+00:00,8.202886138,,,,,2266.0,2.278579482777778,-90.09940362286088,0.0
2022-09-04 12:56:36+00:00,5.461401442,,,,,2268.0,1.517055956111111,-47.35144820126733,0.0
2022-09-04 12:56:38+00:00,3.837503684,,,,,2270.0,1.0659732455555555,-0.0,24.011588928051438
2022-09-04 12:56:40+00:00,2.833648238,,,,,2272.0,0.7871245105555555,-0.0,9.859834274196338
2022-09-04 12:56:42+00:00,2.11407309,,,,,2274.0,0.5872425250000001,-0.0,3.9965953649581873
2022-09-04 12:56:44+00:00,1.654551891,,,,,2276.0,0.45959774750000004,-0.0,1.4820856478338114
2022-09-04 12:56:46+00:00,1.307448511,,,,,2278.0,0.3631801419444444,-0.0,0.18691355190980688
2022-09-04 12:56:48+00:00,1.067762919,,,,,2280.0,0.29660081083333334,0.5716371731647485,0.0
2022-09-04 12:56:50+00:00,0.986682025,,,,,2282.0,0.2740783402777778,1.3611901290541417,0.0
2022-09-04 12:56:52+00:00,0.97160736,,,,,2284.0,0.26989093333333336,2.288259797203379,0.0
2022-09-04 12:56:54+00:00,1.260362245,,,,,2286.0,0.3501006236111111,3.9076612271272335,0.0
2022-09-04 12:56:56+00:00,1.644113615,,,,,2288.0,0.45669822638888885,4.995595677362242,0.0
2022-09-04 12:56:58+00:00,1.918576718,,,,,2290.0,0.5329379772222222,3.971580480596839,0.0
2022-09-04 12:57:00+00:00,1.847280736,,,,,2292.0,0.5131335377777778,1.6899022191337694,0.0
2022-09-04 12:57:02+00:00,1.598759785,,,,,2294.0,0.44409994027777777,0.48167339758536476,0.0
2022-09-04 12:57:04+00:00,1.331292615,,,,,2296.0,0.36980350416666663,0.9294336334409851,0.0
2022-09-04 12:57:06+00:00,1.183111171,,,,,2298.0,0.32864199194444443,1.3251541965503646,0.0
2022-09-04 12:57:08+00:00,1.420699885,,,,,2300.0,0.39463885694444445,1.5821703232597084,0.0
2022-09-04 12:57:10+00:00,1.099100747,,,,,2302.0,0.30530576305555557,0.9764995383398261,0.0
2022-09-04 12:57:12+00:00,0.994399381,,,,,2304.0,0.2762220502777778,0.9380168177612842,0.0
2022-09-04 12:57:14+00:00,0.964678163,,,,,2306.0,0.2679661563888889,1.105993009830633,0.0
2022-09-04 12:57:16+00:00,0.967684724,,,,,2308.0,0.26880131222222226,1.222343613090337,0.0
2022-09-04 12:57:18+00:00,0.745603008,,,,,2310.0,0.20711194666666666,1.2183277094706473,0.0
2022-09-04 12:57:20+00:00,0.951991477,,,,,2312.0,0.26444207694444444,1.8417200573136314,0.0
2022-09-04 12:57:22+00:00,1.098940746,,,,,2314.0,0.3052613183333333,2.0634324429069566,0.0
2022-09-04 12:57:24+00:00,1.036550991,,,,,2316.0,0.2879308308333333,1.6667002502094752,0.0
2022-09-04 12:57:26+00:00,1.023270233,,,,,2318.0,0.2842417313888889,2.2957115205211847,0.0
2022-09-04 12:57:28+00:00,1.116210691,,,,,2320.0,0.3100585252777778,5.30892668131788,0.0
2022-09-04 12:57:30+00:00,1.75499633,,,,,2322.0,0.4874989805555555,13.162550783707871,0.0
2022-09-04 12:57:32+00:00,3.597012407,,,,,2324.0,0.9991701130555555,31.149764247640878,0.0
2022-09-04 12:57:34+00:00,4.615490221,,,,,2326.0,1.2820806169444443,37.18858636978688,0.0
2022-09-04 12:57:36+00:00,5.443538632,,,,,2328.0,1.5120940644444445,40.48594793044223,0.0
2022-09-04 12:57:38+00:00,6.427031846,,,,,2330.0,1.785286623888889,58.63153943107709,0.0
2022-09-04 12:57:40+00:00,7.617339626,,,,,2332.0,2.115927673888889,90.49795091909036,0.0
2022-09-04 12:57:42+00:00,9.911012982,,,,,2334.0,2.7530591616666666,143.2590455886696,0.0
2022-09-04 12:57:44+00:00,12.12455466,,,,,2336.0,3.3679318499999997,181.1963603147079,0.0
2022-09-04 12:57:46+00:00,14.43638898,,,,,2338.0,4.01010805,174.88601358019574,0.0
2022-09-04 12:57:48+00:00,15.78146251,,,,,2340.0,4.383739586111111,128.33050078310674,0.0
2022-09-04 12:57:50+00:00,15.65217904,,,,,2342.0,4.347827511111111,77.72983564806536,0.0
2022-09-04 12:57:52+00:00,15.98124677,,,,,2344.0,4.439235213888889,67.30948859690147,0.0
2022-09-04 12:57:54+00:00,16.1137672,,,,,2346.0,4.476046444444445,100.21195297514654,0.0
2022-09-04 12:57:56+00:00,16.35965169,,,,,2348.0,4.544347691666666,125.63102836593939,0.0
2022-09-04 12:57:58+00:00,18.32840773,,,,,2350.0,5.091224369444444,137.45898877481628,0.0
2022-09-04 12:58:00+00:00,18.25439316,,,,,2352.0,5.070664766666666,105.52826906625783,0.0
2022-09-04 12:58:02+00:00,18.06772937,,,,,2354.0,5.018813713888888,51.0254136083677,0.0
2022-09-04 12:58:04+00:00,18.73747623,,,,,2356.0,5.204854508333333,50.63896595872946,0.0
2022-09-04 12:58:06+00:00,16.99784024,,,,,2358.0,4.721622288888889,53.92171316133202,0.0
2022-09-04 12:58:08+00:00,18.18833907,,,,,2360.0,5.052316408333334,88.49890098740401,0.0
2022-09-04 12:58:10+00:00,18.37445772,,,,,2362.0,5.104016033333333,108.26148238063479,0.0
2022-09-04 12:58:12+00:00,18.56237599,,,,,2364.0,5.156215552777778,98.2063924082113,0.0
2022-09-04 12:58:14+00:00,18.82453187,,,,,2366.0,5.229036630555556,96.42051106207064,0.0
2022-09-04 12:58:16+00:00,19.28048093,,,,,2368.0,5.355689147222222,91.98706793283917,0.0
2022-09-04 12:58:18+00:00,18.96150514,,,,,2370.0,5.267084761111111,93.43137600715797,0.0
2022-09-04 12:58:20+00:00,19.25709171,,,,,2372.0,5.349192141666667,98.89548591767753,0.0
2022-09-04 12:58:22+00:00,19.92035401,,,,,2374.0,5.533431669444444,98.50400876825317,0.0
2022-09-04 12:58:24+00:00,19.53042842,,,,,2376.0,5.425119005555556,66.23282407495388,0.0
2022-09-04 12:58:26+00:00,19.52927296,,,,,2378.0,5.424798044444445,55.650058431243956,0.0
2022-09-04 12:58:28+00:00,19.01054736,,,,,2380.0,5.2807076,91.56860526706517,0.0
2022-09-04 12:58:30+00:00,19.25149655,,,,,2382.0,5.347637930555555,144.11829738452204,0.0
2022-09-04 12:58:32+00:00,20.75551009,,,,,2384.0,5.765419469444445,182.4986655579963,0.0
2022-09-04 12:58:34+00:00,21.38728335,,,,,2386.0,5.9409120416666665,144.15078393504314,0.0
2022-09-04 12:58:36+00:00,21.40583423,,,,,2388.0,5.946065063888889,73.94061180438267,0.0
2022-09-04 12:58:38+00:00,20.86474118,,,,,2390.0,5.7957614388888885,20.896693410637962,0.0
2022-09-04 12:58:40+00:00,20.19154357,,,,,2392.0,5.608762102777778,-0.0,5.9572547252615875
2022-09-04 12:58:42+00:00,19.17117465,,,,,2394.0,5.325326291666667,16.143999927772946,0.0
2022-09-04 12:58:44+00:00,18.50046908,,,,,2396.0,5.139019188888889,53.7987638867734,0.0
2022-09-04 12:58:46+00:00,19.41617138,,,,,2398.0,5.393380938888889,77.20640675235698,0.0
2022-09-04 12:58:48+00:00,19.07867971,,,,,2400.0,5.299633252777777,64.62677270554803,0.0
2022-09-04 12:58:50+00:00,18.58070863,,,,,2402.0,5.161307952777777,60.27381805823788,0.0
2022-09-04 12:58:52+00:00,18.81089703,,,,,2404.0,5.225249175,86.12075491020056,0.0
2022-09-04 12:58:54+00:00,19.13816031,,,,,2406.0,5.316155641666667,128.94717285162895,0.0
2022-09-04 12:58:56+00:00,19.27621861,,,,,2408.0,5.354505169444445,174.07235989304164,0.0
2022-09-04 12:58:58+00:00,20.98561623,,,,,2410.0,5.829337841666667,220.5375596307369,0.0
2022-09-04 12:59:00+00:00,22.13210706,,,,,2412.0,6.147807516666666,205.04459941838925,0.0
2022-09-04 12:59:02+00:00,22.4961768,,,,,2414.0,6.248938,146.07278993048448,0.0
2022-09-04 12:59:04+00:00,22.38250738,,,,,2416.0,6.217363161111111,124.48723916872456,0.0
2022-09-04 12:59:06+00:00,22.42240796,,,,,2418.0,6.2284466555555555,147.92968046164148,0.0
2022-09-04 12:59:08+00:00,22.97901807,,,,,2420.0,6.383060574999999,192.50396370109166,0.0
2022-09-04 12:59:10+00:00,23.71504537,,,,,2422.0,6.587512602777777,239.48434865737983,0.0
2022-09-04 12:59:12+00:00,24.54831871,,,,,2424.0,6.818977419444444,320.537925649323,0.0
2022-09-04 12:59:14+00:00,25.83383985,,,,,2426.0,7.176066625,349.5295762102943,0.0
2022-09-04 12:59:16+00:00,28.58436268,,,,,2428.0,7.940100744444445,263.4424521352949,0.0
2022-09-04 12:59:18+00:00,27.45134059,,,,,2430.0,7.625372386111112,25.349863551773485,0.0
2022-09-04 12:59:20+00:00,25.31200921,,,,,2432.0,7.031113669444444,-50.23901612583378,0.0
2022-09-04 12:59:22+00:00,23.46989525,,,,,2434.0,6.519415347222222,48.852810426146156,0.0
2022-09-04 12:59:24+00:00,24.24938053,,,,,2436.0,6.735939036111111,215.88450750497742,0.0
2022-09-04 12:59:26+00:00,25.41119229,,,,,2438.0,7.058664524999999,309.44763064787077,0.0
2022-09-04 12:59:28+00:00,26.96300077,,,,,2440.0,7.489722436111111,331.51841824338646,0.0
2022-09-04 12:59:30+00:00,27.29676015,,,,,2442.0,7.582433375,310.384813260729,0.0
2022-09-04 12:59:32+00:00,28.48104457,,,,,2444.0,7.911401269444445,294.9127158996748,0.0
2022-09-04 12:59:34+00:00,28.94822757,,,,,2446.0,8.041174325,219.82771319193438,0.0
2022-09-04 12:59:36+00:00,28.89094076,,,,,2448.0,8.025261322222223,32.54874852470808,0.0
2022-09-04 12:59:38+00:00,27.47656442,,,,,2450.0,7.632379005555555,-178.94985119250038,0.0
2022-09-04 12:59:40+00:00,23.98125176,,,,,2452.0,6.6614588222222215,-200.0,135.91825661974764
2022-09-04 12:59:42+00:00,19.08750321,,,,,2454.0,5.302084225000001,-200.0,147.23256624495895
2022-09-04 12:59:44+00:00,15.00484443,,,,,2456.0,4.168012341666667,-200.0,75.17116587563345
2022-09-04 12:59:46+00:00,10.58498601,,,,,2458.0,2.9402738916666666,-167.73872355396665,0.0
2022-09-04 12:59:48+00:00,7.02102385,,,,,2460.0,1.9502844027777777,-84.11079156739038,0.0
2022-09-04 12:59:50+00:00,4.866445081,,,,,2462.0,1.3517903002777778,-0.0,38.04900528079446
2022-09-04 12:59:52+00:00,3.797544352,,,,,2464.0,1.0548734311111112,-0.0,14.974605537810264
2022-09-04 12:59:54+00:00,3.265849266,,,,,2466.0,0.9071803516666667,-0.0,7.505383903299437
2022-09-04 12:59:56+00:00,2.524184454,,,,,2468.0,0.7011623483333332,-0.0,3.9434231708832352
2022-09-04 12:59:58+00:00,1.928152966,,,,,2470.0,0.5355980461111112,1.4447975103946042,0.0
2022-09-04 13:00:00+00:00,1.784608445,,,,,2472.0,0.49572456805555554,7.027577816486464,0.0
2022-09-04 13:00:02+00:00,3.202288376,,,,,2474.0,0.8895245488888888,14.396829777550622,0.0
2022-09-04 13:00:04+00:00,3.696270387,,,,,2476.0,1.0267417741666667,6.886663462222236,0.0
2022-09-04 13:00:06+00:00,2.983399198,,,,,2478.0,0.8287219994444444,-0.0,3.28101886607803
2022-09-04 13:00:08+00:00,2.26772612,,,,,2480.0,0.6299239222222222,-0.0,3.8150069009914076
2022-09-04 13:00:10+00:00,1.78641122,,,,,2482.0,0.49622533888888887,-0.0,1.926883877382266
2022-09-04 13:00:12+00:00,1.415056078,,,,,2484.0,0.3930711327777778,-0.0,0.7304966548424646
2022-09-04 13:00:14+00:00,1.053690082,,,,,2486.0,0.2926916894444444,-0.0,0.09508338091004288
2022-09-04 13:00:16+00:00,0.862119785,,,,,2488.0,0.23947771805555554,0.46844654548528586,0.0
2022-09-04 13:00:18+00:00,0.688802489,,,,,2490.0,0.19133402472222222,0.8120880862258752,0.0
2022-09-04 13:00:20+00:00,0.787034474,,,,,2492.0,0.21862068722222222,1.1708505121785484,0.0
2022-09-04 13:00:22+00:00,0.784690522,,,,,2494.0,0.21796958944444444,1.1945289783946471,0.0
2022-09-04 13:00:24+00:00,0.735407182,,,,,2496.0,0.20427977277777776,1.3417491989667658,0.0
2022-09-04 13:00:26+00:00,0.744870597,,,,,2498.0,0.20690849916666668,3.3629248722223775,0.0
2022-09-04 13:00:28+00:00,1.139425344,,,,,2500.0,0.31650703999999996,9.877597459391296,0.0
2022-09-04 13:00:30+00:00,3.431716715,,,,,2502.0,0.9532546430555555,41.389813385592035,0.0
2022-09-04 13:00:32+00:00,5.323352748,,,,,2504.0,1.4787090966666665,79.01382934765688,0.0
2022-09-04 13:00:34+00:00,7.218639565,,,,,2506.0,2.0051776569444444,131.6697950115559,0.0
2022-09-04 13:00:36+00:00,10.73137611,,,,,2508.0,2.980937808333333,244.6292276883412,0.0
2022-09-04 13:00:38+00:00,14.70209686,,,,,2510.0,4.083915794444444,362.61966694958073,0.0
2022-09-04 13:00:40+00:00,18.73420103,,,,,2512.0,5.2039447305555555,440.1595550156427,0.0
2022-09-04 13:00:42+00:00,21.33765822,,,,,2514.0,5.927127283333333,430.8701834001135,0.0
2022-09-04 13:00:44+00:00,24.1263201,,,,,2516.0,6.701755583333333,376.7692285112359,0.0
2022-09-04 13:00:46+00:00,25.28210434,,,,,2518.0,7.022806761111111,257.57182530007657,0.0
2022-09-04 13:00:48+00:00,25.25617011,,,,,2520.0,7.015602808333333,115.54806639786796,0.0
2022-09-04 13:00:50+00:00,24.76660437,,,,,2522.0,6.879612325,85.01444239679834,0.0
2022-09-04 13:00:52+00:00,23.49576025,,,,,2524.0,6.526600069444444,122.84803193639308,0.0
2022-09-04 13:00:54+00:00,24.89716395,,,,,2526.0,6.915878875,175.83132117653722,0.0
2022-09-04 13:00:56+00:00,25.21821227,,,,,2528.0,7.005058963888889,180.62188614991422,0.0
2022-09-04 13:00:58+00:00,24.55030524,,,,,2530.0,6.819529233333333,163.57579915637226,0.0
2022-09-04 13:01:00+00:00,25.34311657,,,,,2532.0,7.039754602777777,192.95617672294154,0.0
2022-09-04 13:01:02+00:00,25.98642435,,,,,2534.0,7.218451208333333,215.1298689523441,0.0
2022-09-04 13:01:04+00:00,25.69988702,,,,,2536.0,7.1388575055555545,210.23319979431625,0.0
2022-09-04 13:01:06+00:00,26.56742028,,,,,2538.0,7.379838966666666,216.3746708730018,0.0
2022-09-04 13:01:08+00:00,27.13496888,,,,,2540.0,7.537491355555555,163.52221335945765,0.0
2022-09-04 13:01:10+00:00,26.58461274,,,,,2542.0,7.38461465,55.0258396076968,0.0
2022-09-04 13:01:12+00:00,25.35618607,,,,,2544.0,7.043385019444444,8.00128964654796,0.0
2022-09-04 13:01:14+00:00,24.1898118,,,,,2546.0,6.719392166666667,8.367053374891643,0.0
2022-09-04 13:01:16+00:00,24.01394506,,,,,2548.0,6.670540294444445,11.916496667944037,0.0
2022-09-04 13:01:18+00:00,22.82804617,,,,,2550.0,6.341123936111111,-27.28195048251696,0.0
2022-09-04 13:01:20+00:00,21.82882803,,,,,2552.0,6.063563341666667,-116.3398259909796,0.0
2022-09-04 13:01:22+00:00,19.84991682,,,,,2554.0,5.513865783333333,-188.6903841916875,0.0
2022-09-04 13:01:24+00:00,15.56923565,,,,,2556.0,4.324787680555556,-179.13422258447727,0.0
2022-09-04 13:01:26+00:00,12.96754783,,,,,2558.0,3.6020966194444446,-134.36577973248566,0.0
2022-09-04 13:01:28+00:00,11.09098724,,,,,2560.0,3.080829788888889,-105.35541016364384,0.0
2022-09-04 13:01:30+00:00,8.641681822,,,,,2562.0,2.4004671727777778,-85.71542766005024,0.0
2022-09-04 13:01:32+00:00,5.594216548,,,,,2564.0,1.5539490411111112,-48.873881607399724,0.0
2022-09-04 13:01:34+00:00,3.958995307,,,,,2566.0,1.099720918611111,-0.0,25.106022613477457
2022-09-04 13:01:36+00:00,3.044102927,,,,,2568.0,0.8455841463888889,-0.0,8.622778507569409
2022-09-04 13:01:38+00:00,2.373407395,,,,,2570.0,0.6592798319444445,-0.0,2.4139294368421265
2022-09-04 13:01:40+00:00,2.372980522,,,,,2572.0,0.6591612561111112,-0.0,0.7579035825231883
2022-09-04 13:01:42+00:00,1.901051345,,,,,2574.0,0.5280698180555555,-0.0,0.49631918295242416
2022-09-04 13:01:44+00:00,1.576525356,,,,,2576.0,0.43792371,-0.0,0.5352377452123587
2022-09-04 13:01:46+00:00,1.309361301,,,,,2578.0,0.3637114725,-0.0,0.16303505233357382
2022-09-04 13:01:48+00:00,1.023003224,,,,,2580.0,0.2841675622222222,0.053536955334712026,0.0
2022-09-04 13:01:50+00:00,0.761222973,,,,,2582.0,0.21145082583333333,0.2961048402582961,0.0
2022-09-04 13:01:52+00:00,0.629881562,,,,,2584.0,0.17496710055555556,0.5538064718116954,0.0
2022-09-04 13:01:54+00:00,0.553516921,,,,,2586.0,0.1537547002777778,0.686272639186675,0.0
2022-09-04 13:01:56+00:00,0.582000881,,,,,2588.0,0.1616669113888889,0.8026664701430702,0.0
2022-09-04 13:01:58+00:00,0.528089059,,,,,2590.0,0.14669140527777777,0.7707768397674284,0.0
2022-09-04 13:02:00+00:00,0.515888717,,,,,2592.0,0.1433024213888889,0.7791346225650606,0.0
2022-09-04 13:02:02+00:00,0.562460035,,,,,2594.0,0.1562388986111111,0.8637540856893678,0.0
2022-09-04 13:02:04+00:00,0.542174403,,,,,2596.0,0.15060400083333333,1.1094138705611012,0.0
2022-09-04 13:02:06+00:00,0.521863528,,,,,2598.0,0.1449620911111111,1.5122960284195714,0.0
2022-09-04 13:02:08+00:00,1.096417875,,,,,2600.0,0.30456052083333335,3.3509332629522453,0.0
2022-09-04 13:02:10+00:00,1.415225707,,,,,2602.0,0.39311825194444444,3.6560645224633843,0.0
2022-09-04 13:02:12+00:00,1.21083058,,,,,2604.0,0.3363418277777778,2.006813489043469,0.0
2022-09-04 13:02:14+00:00,1.482754646,,,,,2606.0,0.4118762905555556,2.114199172597655,0.0
2022-09-04 13:02:16+00:00,1.165165268,,,,,2608.0,0.32365701888888887,2.3664772653300066,0.0
2022-09-04 13:02:18+00:00,1.356590766,,,,,2610.0,0.37683076833333334,5.0263582680023,0.0
2022-09-04 13:02:20+00:00,1.854339186,,,,,2612.0,0.5150942183333334,15.14225910535922,0.0
2022-09-04 13:02:22+00:00,3.011865665,,,,,2614.0,0.8366293513888889,40.31829672908587,0.0
2022-09-04 13:02:24+00:00,6.258274111,,,,,2616.0,1.738409475277778,93.39946760674479,0.0
2022-09-04 13:02:26+00:00,8.977741987,,,,,2618.0,2.493817218611111,107.37968244677676,0.0
2022-09-04 13:02:28+00:00,9.277733402,,,,,2620.0,2.5771481672222225,78.57043253262326,0.0
2022-09-04 13:02:30+00:00,10.08812978,,,,,2622.0,2.802258272222222,84.01396649477483,0.0
2022-09-04 13:02:32+00:00,11.65239359,,,,,2624.0,3.2367759972222223,104.1326381125009,0.0
2022-09-04 13:02:34+00:00,12.85949114,,,,,2626.0,3.572080872222222,106.4344855477436,0.0
2022-09-04 13:02:36+00:00,13.15505587,,,,,2628.0,3.654182186111111,120.68476596466736,0.0
2022-09-04 13:02:38+00:00,14.36474249,,,,,2630.0,3.990206247222222,162.03072226699,0.0
2022-09-04 13:02:40+00:00,16.78844196,,,,,2632.0,4.6634561,201.02792051605078,0.0
2022-09-04 13:02:42+00:00,17.78849048,,,,,2634.0,4.941247355555555,170.77368880483698,0.0
2022-09-04 13:02:44+00:00,18.49607507,,,,,2636.0,5.137798630555555,144.71028888901992,0.0
2022-09-04 13:02:46+00:00,18.77426769,,,,,2638.0,5.215074358333333,172.3257389202585,0.0
2022-09-04 13:02:48+00:00,19.93998935,,,,,2640.0,5.538885930555556,244.52433096481914,0.0
2022-09-04 13:02:50+00:00,21.79193075,,,,,2642.0,6.053314097222222,296.68873765710833,0.0
2022-09-04 13:02:52+00:00,23.7637601,,,,,2644.0,6.601044472222222,251.1861947485671,0.0
2022-09-04 13:02:54+00:00,24.09530272,,,,,2646.0,6.693139644444444,123.96984601926277,0.0
2022-09-04 13:02:56+00:00,23.08208509,,,,,2648.0,6.411690302777777,11.13009908168752,0.0
2022-09-04 13:02:58+00:00,22.29051732,,,,,2650.0,6.191810366666666,-50.30814982262616,0.0
2022-09-04 13:03:00+00:00,20.95837829,,,,,2652.0,5.821771747222222,-139.3712689278079,0.0
2022-09-04 13:03:02+00:00,18.52162547,,,,,2654.0,5.144895963888889,-200.0,44.81250111211449
2022-09-04 13:03:04+00:00,14.01778266,,,,,2656.0,3.8938285166666664,-200.0,41.92396400515463
2022-09-04 13:03:06+00:00,9.090919998,,,,,2658.0,2.525255555,-142.43173065272885,0.0
2022-09-04 13:03:08+00:00,6.22186083,,,,,2660.0,1.728294675,-66.95435876671692,0.0
2022-09-04 13:03:10+00:00,4.534528956,,,,,2662.0,1.2595913766666667,-0.0,30.900215906081755
2022-09-04 13:03:12+00:00,3.250621458,,,,,2664.0,0.9029504049999999,-0.0,12.012471566321205
2022-09-04 13:03:14+00:00,2.676217849,,,,,2666.0,0.7433938469444444,-0.0,4.824088147616359
2022-09-04 13:03:16+00:00,2.288763949,,,,,2668.0,0.6357677636111111,-0.0,1.9617890456025686
2022-09-04 13:03:18+00:00,1.868655858,,,,,2670.0,0.5190710716666667,-0.0,1.04624360747512
2022-09-04 13:03:20+00:00,1.512648262,,,,,2672.0,0.42018007277777775,-0.0,0.40687200268146473
2022-09-04 13:03:22+00:00,1.254672379,,,,,2674.0,0.34852010527777777,0.10383496195459312,0.0
2022-09-04 13:03:24+00:00,1.042165953,,,,,2676.0,0.2894905425,0.35696197505352256,0.0
2022-09-04 13:03:26+00:00,0.87180188,,,,,2678.0,0.24216718888888888,0.4929101305226958,0.0
2022-09-04 13:03:28+00:00,0.695866986,,,,,2680.0,0.193296385,0.6807618927785606,0.0
2022-09-04 13:03:30+00:00,0.630371737,,,,,2682.0,0.17510326027777778,0.8471049196812344,0.0
2022-09-04 13:03:32+00:00,0.735151339,,,,,2684.0,0.20420870527777776,1.0167127248135879,0.0
2022-09-04 13:03:34+00:00,0.656738929,,,,,2686.0,0.18242748027777778,0.7730153416277908,0.0
2022-09-04 13:03:36+00:00,0.532648213,,,,,2688.0,0.14795783694444445,0.5967572798602421,0.0
2022-09-04 13:03:38+00:00,0.487109331,,,,,2690.0,0.1353081475,0.8756041567646191,0.0
2022-09-04 13:03:40+00:00,0.502291934,,,,,2692.0,0.13952553722222225,2.721034049354104,0.0
2022-09-04 13:03:42+00:00,0.974263974,,,,,2694.0,0.27062888166666665,11.856707779963626,0.0
2022-09-04 13:03:44+00:00,4.017216616,,,,,2696.0,1.1158935044444445,69.80355659745231,0.0
2022-09-04 13:03:46+00:00,7.813132365,,,,,2698.0,2.1703145458333335,139.6603893601048,0.0
2022-09-04 13:03:48+00:00,9.702515281,,,,,2700.0,2.695143133611111,148.57247699689785,0.0
2022-09-04 13:03:50+00:00,11.53593612,,,,,2702.0,3.2044267,181.45689879875104,0.0
2022-09-04 13:03:52+00:00,13.71196264,,,,,2704.0,3.8088785111111108,257.5928876968888,0.0
2022-09-04 13:03:54+00:00,17.38546264,,,,,2706.0,4.8292951777777775,322.4182955369662,0.0
2022-09-04 13:03:56+00:00,20.17881386,,,,,2708.0,5.605226072222223,287.87424686937067,0.0
2022-09-04 13:03:58+00:00,20.38656699,,,,,2710.0,5.662935275,201.59014981330438,0.0
2022-09-04 13:04:00+00:00,20.9712911,,,,,2712.0,5.825358638888888,181.30334082401092,0.0
2022-09-04 13:04:02+00:00,22.34074786,,,,,2714.0,6.205763294444444,160.6941137456639,0.0
2022-09-04 13:04:04+00:00,22.54542743,,,,,2716.0,6.262618730555555,64.46140468334202,0.0
2022-09-04 13:04:06+00:00,21.25838948,,,,,2718.0,5.90510818888889,7.352132550745156,0.0
2022-09-04 13:04:08+00:00,20.02674252,,,,,2720.0,5.562984033333333,37.95592222896188,0.0
2022-09-04 13:04:10+00:00,20.65078333,,,,,2722.0,5.736328702777778,108.39693697552664,0.0
2022-09-04 13:04:12+00:00,20.8613723,,,,,2724.0,5.794825638888889,145.25403401897273,0.0
2022-09-04 13:04:14+00:00,21.37646695,,,,,2726.0,5.937907486111111,148.86580046020586,0.0
2022-09-04 13:04:16+00:00,21.93988974,,,,,2728.0,6.094413816666667,131.3842082838829,0.0
2022-09-04 13:04:18+00:00,22.06692644,,,,,2730.0,6.129701788888888,36.571409060720164,0.0
2022-09-04 13:04:20+00:00,21.50935649,,,,,2732.0,5.974821247222222,-59.49147659536288,0.0
2022-09-04 13:04:22+00:00,18.69927412,,,,,2734.0,5.194242811111111,-118.68690290986633,0.0
2022-09-04 13:04:24+00:00,17.19921213,,,,,2736.0,4.777558925,-145.83457126568499,0.0
2022-09-04 13:04:26+00:00,14.52300196,,,,,2738.0,4.034167211111111,-134.4553882053409,0.0
2022-09-04 13:04:28+00:00,11.51202915,,,,,2740.0,3.197785875,-101.94746692622508,0.0
2022-09-04 13:04:30+00:00,9.801176963,,,,,2742.0,2.722549156388889,-66.80819411953334,0.0
2022-09-04 13:04:32+00:00,8.3652129,,,,,2744.0,2.3236702499999997,-45.95604268870277,0.0
2022-09-04 13:04:34+00:00,6.920594977,,,,,2746.0,1.9223874936111112,-35.46343549088414,0.0
2022-09-04 13:04:36+00:00,5.479883629,,,,,2748.0,1.5221898969444443,-0.0,25.40083303853846
2022-09-04 13:04:38+00:00,4.385531726,,,,,2750.0,1.2182032572222221,-0.0,12.510815058004253
2022-09-04 13:04:40+00:00,3.915802815,,,,,2752.0,1.0877230041666668,-0.0,7.064644311077745
2022-09-04 13:04:42+00:00,3.588490181,,,,,2754.0,0.9968028280555555,-0.0,6.750463261115048
2022-09-04 13:04:44+00:00,2.592830389,,,,,2756.0,0.7202306636111111,-0.0,5.12222584464214
2022-09-04 13:04:46+00:00,1.953723447,,,,,2758.0,0.5427009575,-0.0,1.6271755798051633
2022-09-04 13:04:48+00:00,1.73015015,,,,,2760.0,0.4805972638888889,1.3137112990283937,0.0
2022-09-04 13:04:50+00:00,1.942595242,,,,,2762.0,0.5396097894444445,2.100030588990642,0.0
2022-09-04 13:04:52+00:00,1.815828913,,,,,2764.0,0.5043969202777778,1.727392485468111,0.0
2022-09-04 13:04:54+00:00,1.402215425,,,,,2766.0,0.3895042847222222,2.5227227857458514,0.0
2022-09-04 13:04:56+00:00,1.67580848,,,,,2768.0,0.4655023555555555,4.50958875037723,0.0
2022-09-04 13:04:58+00:00,2.359806054,,,,,2770.0,0.6555016816666667,12.383730535169914,0.0
2022-09-04 13:05:00+00:00,2.037705482,,,,,2772.0,0.5660293005555554,20.282744627715726,0.0
2022-09-04 13:05:02+00:00,4.804015164,,,,,2774.0,1.3344486566666667,62.79692393835652,0.0
2022-09-04 13:05:04+00:00,7.795170651,,,,,2776.0,2.1653251808333334,104.25668701832278,0.0
2022-09-04 13:05:06+00:00,8.213456547,,,,,2778.0,2.2815157075,97.59619552497787,0.0
2022-09-04 13:05:08+00:00,10.29576695,,,,,2780.0,2.859935263888889,131.88229744070375,0.0
2022-09-04 13:05:10+00:00,12.40735084,,,,,2782.0,3.4464863444444442,170.40695276287695,0.0
2022-09-04 13:05:12+00:00,14.39121044,,,,,2784.0,3.9975584555555557,165.7397497300515,0.0
2022-09-04 13:05:14+00:00,15.52920992,,,,,2786.0,4.313669422222222,118.45010530071538,0.0
2022-09-04 13:05:16+00:00,15.97244456,,,,,2788.0,4.436790155555555,39.12272948013153,0.0
2022-09-04 13:05:18+00:00,15.4381679,,,,,2790.0,4.288379972222222,-38.07492882535082,0.0
2022-09-04 13:05:20+00:00,13.72988524,,,,,2792.0,3.8138570111111108,-82.86482506679582,0.0
2022-09-04 13:05:22+00:00,11.53873455,,,,,2794.0,3.2052040416666663,-88.12401315988765,0.0
2022-09-04 13:05:24+00:00,9.486424435,,,,,2796.0,2.635117898611111,-69.89941216423966,0.0
2022-09-04 13:05:26+00:00,7.653013645,,,,,2798.0,2.125837123611111,-45.981868947069366,0.0
2022-09-04 13:05:28+00:00,6.213210627,,,,,2800.0,1.7258918408333332,-0.0,29.206625320629158
2022-09-04 13:05:30+00:00,5.328703356,,,,,2802.0,1.4801953766666667,-0.0,15.866347861373841
2022-09-04 13:05:32+00:00,4.694946104,,,,,2804.0,1.3041516955555554,-0.0,10.184328668984776
2022-09-04 13:05:34+00:00,4.072742321,,,,,2806.0,1.1313173113888888,-0.0,8.075772125544027
2022-09-04 13:05:36+00:00,3.327329794,,,,,2808.0,0.9242582761111111,-0.0,5.864805471877628
2022-09-04 13:05:38+00:00,2.801675992,,,,,2810.0,0.778243331111111,-0.0,4.133937156319398
2022-09-04 13:05:40+00:00,2.35736029,,,,,2812.0,0.6548223027777778,-0.0,2.9863690995249037
2022-09-04 13:05:42+00:00,1.780304909,,,,,2814.0,0.49452914138888887,-0.0,1.1457415792815573
2022-09-04 13:05:44+00:00,1.337656084,,,,,2816.0,0.37157113444444445,1.614852068640168,0.0
2022-09-04 13:05:46+00:00,1.531233557,,,,,2818.0,0.4253426547222222,3.7679647889462125,0.0
2022-09-04 13:05:48+00:00,2.282307633,,,,,2820.0,0.6339743425,4.625961046170874,0.0
2022-09-04 13:05:50+00:00,1.783830977,,,,,2822.0,0.49550860472222225,5.714193134613448,0.0
2022-09-04 13:05:52+00:00,1.572451207,,,,,2824.0,0.43679200194444445,16.045885963866567,0.0
2022-09-04 13:05:54+00:00,3.939589618,,,,,2826.0,1.0943304494444444,78.40184715148042,0.0
2022-09-04 13:05:56+00:00,8.956502651,,,,,2828.0,2.487917403055555,212.59201845239022,0.0
2022-09-04 13:05:58+00:00,13.01323747,,,,,2830.0,3.614788186111111,251.58379896948762,0.0
2022-09-04 13:06:00+00:00,14.58382638,,,,,2832.0,4.0510628833333335,184.76868876511296,0.0
2022-09-04 13:06:02+00:00,15.319598,,,,,2834.0,4.255443888888888,147.51719329003862,0.0
2022-09-04 13:06:04+00:00,16.58476707,,,,,2836.0,4.606879741666667,153.64067574958372,0.0
2022-09-04 13:06:06+00:00,17.70522819,,,,,2838.0,4.918118941666666,146.8620294132242,0.0
2022-09-04 13:06:08+00:00,18.24951338,,,,,2840.0,5.069309272222222,113.13108167757954,0.0
2022-09-04 13:06:10+00:00,18.46293073,,,,,2842.0,5.128591869444445,95.34536023904111,0.0
2022-09-04 13:06:12+00:00,18.37105572,,,,,2844.0,5.103071033333333,101.15692210916066,0.0
2022-09-04 13:06:14+00:00,19.02176982,,,,,2846.0,5.28382495,110.12536084882464,0.0
2022-09-04 13:06:16+00:00,19.49968167,,,,,2848.0,5.416578241666667,81.90956205704016,0.0
2022-09-04 13:06:18+00:00,19.26892923,,,,,2850.0,5.352480341666667,23.217848676666183,0.0
2022-09-04 13:06:20+00:00,18.31811123,,,,,2852.0,5.088364230555555,-0.0,6.620903315801537
2022-09-04 13:06:22+00:00,17.40793993,,,,,2854.0,4.835538869444445,22.877303580905135,0.0
2022-09-04 13:06:24+00:00,17.16869501,,,,,2856.0,4.769081947222222,71.31534454664589,0.0
2022-09-04 13:06:26+00:00,18.19022604,,,,,2858.0,5.052840566666666,90.60488697879296,0.0
2022-09-04 13:06:28+00:00,18.25356133,,,,,2860.0,5.070433702777778,53.93962729486864,0.0
2022-09-04 13:06:30+00:00,17.64147213,,,,,2862.0,4.900408925,31.820322750147074,0.0
2022-09-04 13:06:32+00:00,16.95811467,,,,,2864.0,4.710587408333334,54.95870690256018,0.0
2022-09-04 13:06:34+00:00,17.70118297,,,,,2866.0,4.9169952694444445,72.95609896683135,0.0
2022-09-04 13:06:36+00:00,18.03026745,,,,,2868.0,5.008407625,29.940061159932817,0.0
2022-09-04 13:06:38+00:00,17.13014679,,,,,2870.0,4.758374108333333,-32.16753803874334,0.0
2022-09-04 13:06:40+00:00,15.50624287,,,,,2872.0,4.307289686111111,-0.0,27.052517979738035
2022-09-04 13:06:42+00:00,14.36349741,,,,,2874.0,3.989860391666667,43.621736396695766,0.0
2022-09-04 13:06:44+00:00,15.67599322,,,,,2876.0,4.354442561111111,135.1285429717521,0.0
2022-09-04 13:06:46+00:00,17.13230517,,,,,2878.0,4.758973658333333,192.8351374414787,0.0
2022-09-04 13:06:48+00:00,18.32922228,,,,,2880.0,5.091450633333333,225.15538095011783,0.0
2022-09-04 13:06:50+00:00,19.66565993,,,,,2882.0,5.462683313888889,252.99919699810567,0.0
2022-09-04 13:06:52+00:00,21.86119341,,,,,2884.0,6.072553725,233.9024499034357,0.0
2022-09-04 13:06:54+00:00,22.57109802,,,,,2886.0,6.26974945,131.38253388752486,0.0
2022-09-04 13:06:56+00:00,21.58088439,,,,,2888.0,5.994690108333334,41.42507073074872,0.0
2022-09-04 13:06:58+00:00,20.92613405,,,,,2890.0,5.81281501388889,32.7053907225979,0.0
2022-09-04 13:07:00+00:00,20.80712168,,,,,2892.0,5.779756022222222,32.66037485935306,0.0
2022-09-04 13:07:02+00:00,20.46875962,,,,,2894.0,5.6857665611111115,-0.0,19.781916521976605
2022-09-04 13:07:04+00:00,19.20224237,,,,,2896.0,5.3339562138888885,-69.86233984011008,0.0
2022-09-04 13:07:06+00:00,17.09736813,,,,,2898.0,4.749268925,-54.01364012619344,0.0
2022-09-04 13:07:08+00:00,15.60141681,,,,,2900.0,4.333726891666666,10.036950237515224,0.0
2022-09-04 13:07:10+00:00,16.60506834,,,,,2902.0,4.612518983333333,88.7097533303222,0.0
2022-09-04 13:07:12+00:00,17.1819808,,,,,2904.0,4.772772444444445,118.20459722262558,0.0
2022-09-04 13:07:14+00:00,17.57159587,,,,,2906.0,4.880998852777777,103.36259307627031,0.0
2022-09-04 13:07:16+00:00,18.12426751,,,,,2908.0,5.034518752777777,121.85307334997393,0.0
2022-09-04 13:07:18+00:00,18.04658622,,,,,2910.0,5.012940616666666,123.87701885228938,0.0
2022-09-04 13:07:20+00:00,19.81489959,,,,,2912.0,5.5041387749999995,93.66237332580748,0.0
2022-09-04 13:07:22+00:00,19.15127103,,,,,2914.0,5.319797508333333,14.954785352400581,0.0
2022-09-04 13:07:24+00:00,17.66674582,,,,,2916.0,4.907429394444444,-0.0,18.614995113299738
2022-09-04 13:07:26+00:00,16.99787276,,,,,2918.0,4.721631322222222,41.22383609708381,0.0
2022-09-04 13:07:28+00:00,17.14998461,,,,,2920.0,4.763884613888889,115.24912945651448,0.0
2022-09-04 13:07:30+00:00,18.66517398,,,,,2922.0,5.18477055,145.0196856595876,0.0
2022-09-04 13:07:32+00:00,19.33380431,,,,,2924.0,5.3705011972222225,102.98991076810553,0.0
2022-09-04 13:07:34+00:00,18.85411024,,,,,2926.0,5.237252844444445,68.65393364694441,0.0
2022-09-04 13:07:36+00:00,18.34489791,,,,,2928.0,5.095804975,110.71315637549128,0.0
2022-09-04 13:07:38+00:00,19.44446569,,,,,2930.0,5.401240469444445,172.1618428836421,0.0
2022-09-04 13:07:40+00:00,21.09713645,,,,,2932.0,5.860315680555556,168.9656998040275,0.0
2022-09-04 13:07:42+00:00,21.04744936,,,,,2934.0,5.846513711111111,87.18315374926006,0.0
2022-09-04 13:07:44+00:00,20.37954072,,,,,2936.0,5.660983533333334,42.521273262617036,0.0
2022-09-04 13:07:46+00:00,19.87755523,,,,,2938.0,5.521543119444444,55.80944439373448,0.0
2022-09-04 13:07:48+00:00,20.07475697,,,,,2940.0,5.576321380555555,77.22143144875325,0.0
2022-09-04 13:07:50+00:00,20.02912635,,,,,2942.0,5.563646208333333,78.07996937839583,0.0
2022-09-04 13:07:52+00:00,19.90990053,,,,,2944.0,5.530527925,75.87890418109274,0.0
2022-09-04 13:07:54+00:00,19.78912483,,,,,2946.0,5.496979119444444,128.17907457799825,0.0
2022-09-04 13:07:56+00:00,20.0045165,,,,,2948.0,5.556810138888889,218.2480395596506,0.0
2022-09-04 13:07:58+00:00,22.37029433,,,,,2950.0,6.213970647222222,282.6241397342365,0.0
2022-09-04 13:08:00+00:00,24.21949638,,,,,2952.0,6.727637883333333,194.03672116170696,0.0
2022-09-04 13:08:02+00:00,23.54997098,,,,,2954.0,6.541658605555556,19.33636399109079,0.0
2022-09-04 13:08:04+00:00,21.51972306,,,,,2956.0,5.97770085,-42.656603346622234,0.0
2022-09-04 13:08:06+00:00,20.65907754,,,,,2958.0,5.73863265,-0.0,25.695719442539357
2022-09-04 13:08:08+00:00,19.98389119,,,,,2960.0,5.551080886111111,26.883679548808324,0.0
2022-09-04 13:08:10+00:00,19.28615445,,,,,2962.0,5.3572651250000005,72.83353957412191,0.0
2022-09-04 13:08:12+00:00,20.05257461,,,,,2964.0,5.570159613888889,98.21823343587269,0.0
2022-09-04 13:08:14+00:00,20.40824346,,,,,2966.0,5.668956516666667,43.8656173854817,0.0
2022-09-04 13:08:16+00:00,19.61989421,,,,,2968.0,5.449970613888889,-88.95300389599467,0.0
2022-09-04 13:08:18+00:00,17.58280651,,,,,2970.0,4.884112919444445,-200.0,10.452378460115199
2022-09-04 13:08:20+00:00,13.0670779,,,,,2972.0,3.629743861111111,-200.0,13.657818511725111
2022-09-04 13:08:22+00:00,8.386950036,,,,,2974.0,2.3297083433333334,-125.63826679638049,0.0
2022-09-04 13:08:24+00:00,5.716574491,,,,,2976.0,1.5879373586111112,-57.086025299396425,0.0
2022-09-04 13:08:26+00:00,4.096205231,,,,,2978.0,1.137834786388889,-0.0,25.68577738110763
2022-09-04 13:08:28+00:00,3.048657024,,,,,2980.0,0.8468491733333333,-0.0,11.127620584181761
2022-09-04 13:08:30+00:00,2.309270348,,,,,2982.0,0.6414639855555556,-0.0,4.961720183763103
2022-09-04 13:08:32+00:00,1.77198725,,,,,2984.0,0.49221868055555557,-0.0,2.110287713245814
2022-09-04 13:08:34+00:00,1.365986328,,,,,2986.0,0.37944064666666666,-0.0,0.6455859480503624
2022-09-04 13:08:36+00:00,1.082907933,,,,,2988.0,0.30080775916666663,0.24658216906403765,0.0
2022-09-04 13:08:38+00:00,0.910266509,,,,,2990.0,0.2528518080555555,0.6949573406684741,0.0
2022-09-04 13:08:40+00:00,0.910600351,,,,,2992.0,0.25294454194444443,0.8264591548985755,0.0
2022-09-04 13:08:42+00:00,0.768864945,,,,,2994.0,0.21357359583333332,0.6774501003138411,0.0
2022-09-04 13:08:44+00:00,0.60159583,,,,,2996.0,0.1671099527777778,0.5550259407984719,0.0
2022-09-04 13:08:46+00:00,0.57117841,,,,,2998.0,0.15866066944444446,0.6377046451160574,0.0
2022-09-04 13:08:48+00:00,0.50395585,,,,,3000.0,0.1399877361111111,0.6473648086628241,0.0
2022-09-04 13:08:50+00:00,0.459774755,,,,,3002.0,0.12771520972222222,0.6129890716187701,0.0
2022-09-04 13:08:52+00:00,0.477863989,,,,,3004.0,0.13273999694444444,0.6449056710060747,0.0
2022-09-04 13:08:54+00:00,0.411964146,,,,,3006.0,0.11443448499999999,0.5462675931256443,0.0
2022-09-04 13:08:56+00:00,0.382961229,,,,,3008.0,0.10637811916666667,0.5050494625103857,0.0
2022-09-04 13:08:58+00:00,0.362289938,,,,,3010.0,0.10063609388888888,0.4934593914871089,0.0
2022-09-04 13:09:00+00:00,0.327968204,,,,,3012.0,0.09110227888888889,0.45455945447753165,0.0
2022-09-04 13:09:02+00:00,0.311522588,,,,,3014.0,0.08653405222222221,0.4495974595364005,0.0
2022-09-04 13:09:04+00:00,0.30281159,,,,,3016.0,0.08411433055555556,0.4574565851997189,0.0
2022-09-04 13:09:06+00:00,0.314866755,,,,,3018.0,0.08746298749999999,0.47942464927936757,0.0
2022-09-04 13:09:08+00:00,0.320762251,,,,,3020.0,0.08910062527777778,0.48760886262496506,0.0
2022-09-04 13:09:10+00:00,0.301804523,,,,,3022.0,0.08383458972222221,0.46360892611963717,0.0
2022-09-04 13:09:12+00:00,0.321566582,,,,,3024.0,0.08932405055555555,0.5503373046604539,0.0
2022-09-04 13:09:14+00:00,0.336087189,,,,,3026.0,0.0933575525,0.7181441396562727,0.0
2022-09-04 13:09:16+00:00,0.486871043,,,,,3028.0,0.1352419563888889,1.2023621349239377,0.0
2022-09-04 13:09:18+00:00,0.769816021,,,,,3030.0,0.2138377836111111,1.7784903403465857,0.0
2022-09-04 13:09:20+00:00,0.859088615,,,,,3032.0,0.23863572638888889,1.4078726955409526,0.0
2022-09-04 13:09:22+00:00,0.770595181,,,,,3034.0,0.21405421694444443,0.7786663693949629,0.0
2022-09-04 13:09:24+00:00,0.608311585,,,,,3036.0,0.16897544027777778,0.5328356505772831,0.0
2022-09-04 13:09:26+00:00,0.504174512,,,,,3038.0,0.14004847555555555,1.409781942381589,0.0
2022-09-04 13:09:28+00:00,0.473622508,,,,,3040.0,0.13156180777777776,3.6650059711264307,0.0
2022-09-04 13:09:30+00:00,2.208931742,,,,,3042.0,0.6135921505555555,29.670751166653705,0.0
2022-09-04 13:09:32+00:00,5.238130925,,,,,3044.0,1.4550363680555556,87.13545930915514,0.0
2022-09-04 13:09:34+00:00,7.83926846,,,,,3046.0,2.1775745722222224,125.36738543136651,0.0
2022-09-04 13:09:36+00:00,10.05230635,,,,,3048.0,2.7923073194444443,139.88641404447336,0.0
2022-09-04 13:09:38+00:00,11.72234532,,,,,3050.0,3.2562070333333333,153.9471048783739,0.0
2022-09-04 13:09:40+00:00,13.30443168,,,,,3052.0,3.6956754666666667,179.2274922674073,0.0
2022-09-04 13:09:42+00:00,15.49642221,,,,,3054.0,4.304561725,232.32467996692276,0.0
2022-09-04 13:09:44+00:00,17.26749249,,,,,3056.0,4.796525691666666,275.14946318380163,0.0
2022-09-04 13:09:46+00:00,19.87490193,,,,,3058.0,5.520806091666667,302.4272715716947,0.0
2022-09-04 13:09:48+00:00,21.61314256,,,,,3060.0,6.003650711111111,268.92661603345573,0.0
2022-09-04 13:09:50+00:00,22.45997845,,,,,3062.0,6.238882902777778,174.97550706367232,0.0
2022-09-04 13:09:52+00:00,22.68616153,,,,,3064.0,6.301711536111111,84.41675501829543,0.0
2022-09-04 13:09:54+00:00,21.82055349,,,,,3066.0,6.061264858333334,23.38553979377776,0.0
2022-09-04 13:09:56+00:00,21.06048632,,,,,3068.0,5.850135088888888,-0.0,1.5487551205855887
2022-09-04 13:09:58+00:00,20.45409111,,,,,3070.0,5.681691975,-0.0,10.754760151275928
2022-09-04 13:10:00+00:00,19.46470519,,,,,3072.0,5.406862552777778,-0.0,13.679636250316662
2022-09-04 13:10:02+00:00,18.48509315,,,,,3074.0,5.134748097222222,18.3508822092474,0.0
2022-09-04 13:10:04+00:00,18.16195436,,,,,3076.0,5.044987322222222,98.05117755022002,0.0
2022-09-04 13:10:06+00:00,18.94317002,,,,,3078.0,5.261991672222222,185.86166516287852,0.0
2022-09-04 13:10:08+00:00,20.75713967,,,,,3080.0,5.765872130555556,212.30202429481767,0.0
2022-09-04 13:10:10+00:00,21.93876567,,,,,3082.0,6.094101575,126.54550479016244,0.0
2022-09-04 13:10:12+00:00,21.15786162,,,,,3084.0,5.877183783333333,19.775650184172264,0.0
2022-09-04 13:10:14+00:00,19.65701993,,,,,3086.0,5.460283313888889,-33.992879672252506,0.0
2022-09-04 13:10:16+00:00,19.45812155,,,,,3088.0,5.4050337638888895,-41.861375102323215,0.0
2022-09-04 13:10:18+00:00,17.34234169,,,,,3090.0,4.817317136111112,-29.828315410194776,0.0
2022-09-04 13:10:20+00:00,16.6979485,,,,,3092.0,4.6383190277777775,8.15845564187818,0.0
2022-09-04 13:10:22+00:00,16.70499502,,,,,3094.0,4.640276394444444,53.257327435120665,0.0
2022-09-04 13:10:24+00:00,17.18873199,,,,,3096.0,4.774647775,79.48582131030395,0.0
2022-09-04 13:10:26+00:00,16.69122078,,,,,3098.0,4.636450216666666,85.13730689092309,0.0
2022-09-04 13:10:28+00:00,17.90380107,,,,,3100.0,4.973278075,82.12050537153914,0.0
2022-09-04 13:10:30+00:00,17.77960776,,,,,3102.0,4.9387799333333335,59.0380887377148,0.0
2022-09-04 13:10:32+00:00,17.08654445,,,,,3104.0,4.746262347222222,51.8088003967444,0.0
2022-09-04 13:10:34+00:00,17.23534784,,,,,3106.0,4.787596622222222,114.91456336051553,0.0
2022-09-04 13:10:36+00:00,18.04280683,,,,,3108.0,5.011890786111111,203.13925809431174,0.0
2022-09-04 13:10:38+00:00,20.08445171,,,,,3110.0,5.579014363888889,258.40346083324357,0.0
2022-09-04 13:10:40+00:00,21.98198386,,,,,3112.0,6.106106627777778,221.5315313502324,0.0
2022-09-04 13:10:42+00:00,22.15653857,,,,,3114.0,6.154594047222222,114.36910465087685,0.0
2022-09-04 13:10:44+00:00,21.45970928,,,,,3116.0,5.961030355555555,65.6346118755941,0.0
2022-09-04 13:10:46+00:00,21.03999619,,,,,3118.0,5.844443386111111,112.44303521940353,0.0
2022-09-04 13:10:48+00:00,21.59376099,,,,,3120.0,5.9982669416666665,197.44923948214085,0.0
2022-09-04 13:10:50+00:00,22.9636843,,,,,3122.0,6.378801194444445,212.52024186613895,0.0
2022-09-04 13:10:52+00:00,24.18722361,,,,,3124.0,6.718673225,113.0514615063544,0.0
2022-09-04 13:10:54+00:00,22.80267836,,,,,3126.0,6.334077322222223,-30.918736189620816,0.0
2022-09-04 13:10:56+00:00,21.06260588,,,,,3128.0,5.850723855555556,-128.1136443691287,0.0
2022-09-04 13:10:58+00:00,19.368919,,,,,3130.0,5.380255277777779,-182.46122492149982,0.0
2022-09-04 13:11:00+00:00,15.47157949,,,,,3132.0,4.297660969444444,-139.0040968703672,0.0
2022-09-04 13:11:02+00:00,12.50716455,,,,,3134.0,3.474212375,-50.159550459995515,0.0
2022-09-04 13:11:04+00:00,13.49283214,,,,,3136.0,3.7480089277777777,34.49971973956399,0.0
2022-09-04 13:11:06+00:00,13.72131207,,,,,3138.0,3.811475575,106.48863120418426,0.0
2022-09-04 13:11:08+00:00,14.10268787,,,,,3140.0,3.917413297222222,175.8513225975412,0.0
2022-09-04 13:11:10+00:00,16.99835118,,,,,3142.0,4.721764216666666,270.7320689285822,0.0
2022-09-04 13:11:12+00:00,20.03897387,,,,,3144.0,5.566381630555555,293.6204143806397,0.0
2022-09-04 13:11:14+00:00,20.52612839,,,,,3146.0,5.701702330555555,202.6045946372629,0.0
2022-09-04 13:11:16+00:00,21.26616079,,,,,3148.0,5.9072668861111115,97.6490259420138,0.0
2022-09-04 13:11:18+00:00,21.46264393,,,,,3150.0,5.9618455361111105,2.2470407592420356,0.0
2022-09-04 13:11:20+00:00,19.21372101,,,,,3152.0,5.337144725,-0.0,19.235825273332114
2022-09-04 13:11:22+00:00,18.06613427,,,,,3154.0,5.018370630555555,72.01658168212062,0.0
2022-09-04 13:11:24+00:00,19.5225456,,,,,3156.0,5.422929333333333,207.5937315753443,0.0
2022-09-04 13:11:26+00:00,21.48973605,,,,,3158.0,5.969371125,253.77945470364924,0.0
2022-09-04 13:11:28+00:00,22.52681787,,,,,3160.0,6.257449408333333,197.86216270747676,0.0
2022-09-04 13:11:30+00:00,22.4563781,,,,,3162.0,6.237882805555555,131.95650976474508,0.0
2022-09-04 13:11:32+00:00,22.56516187,,,,,3164.0,6.268100519444444,78.827697810391,0.0
2022-09-04 13:11:34+00:00,22.52236061,,,,,3166.0,6.256211280555555,61.27060408872937,0.0
2022-09-04 13:11:36+00:00,21.07352018,,,,,3168.0,5.8537556055555555,60.26564660741956,0.0
2022-09-04 13:11:38+00:00,21.78682445,,,,,3170.0,6.051895680555556,92.33697196394151,0.0
2022-09-04 13:11:40+00:00,21.70339702,,,,,3172.0,6.028721394444444,82.83599904796874,0.0
2022-09-04 13:11:42+00:00,21.49406621,,,,,3174.0,5.970573947222222,40.662385182771835,0.0
2022-09-04 13:11:44+00:00,20.56306654,,,,,3176.0,5.711962927777778,51.89636890063481,0.0
2022-09-04 13:11:46+00:00,20.22487917,,,,,3178.0,5.618021991666667,102.49232586799839,0.0
2022-09-04 13:11:48+00:00,21.17524955,,,,,3180.0,5.882013763888889,144.71021323563826,0.0
2022-09-04 13:11:50+00:00,21.7662476,,,,,3182.0,6.046179888888888,69.45498098110059,0.0
2022-09-04 13:11:52+00:00,21.44116262,,,,,3184.0,5.955878505555556,-55.20282245870266,0.0
2022-09-04 13:11:54+00:00,18.50048579,,,,,3186.0,5.139023830555555,-112.97351290295639,0.0
2022-09-04 13:11:56+00:00,16.59256722,,,,,3188.0,4.60904645,-67.39177668080214,0.0
2022-09-04 13:11:58+00:00,15.11258358,,,,,3190.0,4.1979398833333335,65.9372744683698,0.0
2022-09-04 13:12:00+00:00,16.34413121,,,,,3192.0,4.5400364472222225,225.3023021751522,0.0
2022-09-04 13:12:02+00:00,20.12318242,,,,,3194.0,5.589772894444444,327.5404492235794,0.0
2022-09-04 13:12:04+00:00,22.28832019,,,,,3196.0,6.191200052777778,246.57084741945366,0.0
2022-09-04 13:12:06+00:00,21.49050593,,,,,3198.0,5.969584980555556,146.14422459375052,0.0
2022-09-04 13:12:08+00:00,21.37777409,,,,,3200.0,5.938270580555555,171.81802415040798,0.0
2022-09-04 13:12:10+00:00,23.32919337,,,,,3202.0,6.480331491666666,192.3935226699681,0.0
2022-09-04 13:12:12+00:00,24.03640635,,,,,3204.0,6.676779541666667,65.69897408621948,0.0
2022-09-04 13:12:14+00:00,22.04914813,,,,,3206.0,6.124763369444444,-42.10417657534267,0.0
2022-09-04 13:12:16+00:00,20.03871633,,,,,3208.0,5.566310091666667,-0.0,25.471160443553625
2022-09-04 13:12:18+00:00,20.13755945,,,,,3210.0,5.593766513888889,37.24259213973227,0.0
2022-09-04 13:12:20+00:00,20.2861676,,,,,3212.0,5.635046555555555,46.427577283882535,0.0
2022-09-04 13:12:22+00:00,19.43362008,,,,,3214.0,5.3982278,28.516678648195818,0.0
2022-09-04 13:12:24+00:00,18.78154574,,,,,3216.0,5.217096038888888,57.04746024547699,0.0
2022-09-04 13:12:26+00:00,19.0713539,,,,,3218.0,5.297598305555555,114.83759722627582,0.0
2022-09-04 13:12:28+00:00,19.84232413,,,,,3220.0,5.511756702777778,167.77802434714627,0.0
2022-09-04 13:12:30+00:00,20.53104263,,,,,3222.0,5.703067397222223,179.42189552183896,0.0
2022-09-04 13:12:32+00:00,21.75737706,,,,,3224.0,6.04371585,106.71642328913387,0.0
2022-09-04 13:12:34+00:00,21.69460669,,,,,3226.0,6.026279636111111,-61.64963605470446,0.0
2022-09-04 13:12:36+00:00,18.96751208,,,,,3228.0,5.268753355555555,-200.0,12.130761723510005
2022-09-04 13:12:38+00:00,15.06376217,,,,,3230.0,4.184378380555556,-200.0,40.42154919248566
2022-09-04 13:12:40+00:00,10.46852754,,,,,3232.0,2.9079243166666666,-156.27526441437763,0.0
2022-09-04 13:12:42+00:00,7.415844292,,,,,3234.0,2.0599567477777776,-79.87671818329055,0.0
2022-09-04 13:12:44+00:00,5.58155221,,,,,3236.0,1.5504311694444444,-33.52558801779466,0.0
2022-09-04 13:12:46+00:00,4.505889599,,,,,3238.0,1.2516359997222222,-0.0,13.872511303772516
2022-09-04 13:12:48+00:00,4.080725725,,,,,3240.0,1.133534923611111,-0.0,4.191720392671219
2022-09-04 13:12:50+00:00,3.757712619,,,,,3242.0,1.0438090608333332,-0.0,0.3291147428042479
2022-09-04 13:12:52+00:00,3.515580649,,,,,3244.0,0.9765501802777777,1.1333168703330057,0.0
2022-09-04 13:12:54+00:00,3.336560831,,,,,3246.0,0.9268224530555556,1.8545018966025566,0.0
2022-09-04 13:12:56+00:00,3.206389049,,,,,3248.0,0.8906636247222223,2.023053065665438,0.0
2022-09-04 13:12:58+00:00,3.017244868,,,,,3250.0,0.8381235744444444,2.053637655537921,0.0
2022-09-04 13:13:00+00:00,2.867408715,,,,,3252.0,0.7965024208333332,2.34994127396059,0.0
2022-09-04 13:13:02+00:00,2.766499792,,,,,3254.0,0.7684721644444443,2.8443141470652127,0.0
2022-09-04 13:13:04+00:00,2.6953789,,,,,3256.0,0.7487163611111112,3.1896498344256,0.0
2022-09-04 13:13:06+00:00,2.643654747,,,,,3258.0,0.7343485408333332,3.3957875067707937,0.0
2022-09-04 13:13:08+00:00,2.605265789,,,,,3260.0,0.723684941388889,3.5276644337291136,0.0
2022-09-04 13:13:10+00:00,2.576413063,,,,,3262.0,0.7156702952777777,4.645610706610265,0.0
2022-09-04 13:13:12+00:00,2.554562171,,,,,3264.0,0.7096006030555556,6.809488286664216,0.0
2022-09-04 13:13:14+00:00,2.944439015,,,,,3266.0,0.8178997263888889,8.15834219943534,0.0
2022-09-04 13:13:16+00:00,3.366037861,,,,,3268.0,0.9350105169444445,6.597587505757944,0.0
2022-09-04 13:13:18+00:00,2.986441566,,,,,3270.0,0.8295671016666666,3.2186572843218832,0.0
2022-09-04 13:13:20+00:00,2.891017971,,,,,3272.0,0.8030605475,5.181330540599273,0.0
2022-09-04 13:13:22+00:00,2.915904476,,,,,3274.0,0.8099734655555556,19.017303540252804,0.0
2022-09-04 13:13:24+00:00,3.664051906,,,,,3276.0,1.0177921961111112,53.80209956024069,0.0
2022-09-04 13:13:26+00:00,7.254518926,,,,,3278.0,2.015144146111111,156.74406477032576,0.0
2022-09-04 13:13:28+00:00,11.86896791,,,,,3280.0,3.2969355305555554,260.58506503728717,0.0
2022-09-04 13:13:30+00:00,14.81249466,,,,,3282.0,4.11458185,212.10543425149035,0.0
2022-09-04 13:13:32+00:00,15.97296366,,,,,3284.0,4.43693435,132.71923421944146,0.0
2022-09-04 13:13:34+00:00,14.7197825,,,,,3286.0,4.088828472222223,92.04512359845249,0.0
2022-09-04 13:13:36+00:00,17.17398007,,,,,3288.0,4.770550019444444,147.97406877131147,0.0
2022-09-04 13:13:38+00:00,16.9880499,,,,,3290.0,4.71890275,239.00026303345444,0.0
2022-09-04 13:13:40+00:00,18.96369216,,,,,3292.0,5.267692266666667,352.51500570450844,0.0
2022-09-04 13:13:42+00:00,23.78192649,,,,,3294.0,6.606090691666666,486.72938735041015,0.0
2022-09-04 13:13:44+00:00,25.35871371,,,,,3296.0,7.044087141666666,376.2467511823716,0.0
2022-09-04 13:13:46+00:00,26.10657268,,,,,3298.0,7.251825744444444,197.82526003705814,0.0
2022-09-04 13:13:48+00:00,25.90443624,,,,,3300.0,7.1956767333333325,81.86763494684179,0.0
2022-09-04 13:13:50+00:00,24.85474273,,,,,3302.0,6.904095202777778,-0.0,6.853228704382085
2022-09-04 13:13:52+00:00,23.80281281,,,,,3304.0,6.611892447222222,-46.130676388940294,0.0
2022-09-04 13:13:54+00:00,22.22751902,,,,,3306.0,6.174310838888888,-81.11255863247901,0.0
2022-09-04 13:13:56+00:00,20.76927334,,,,,3308.0,5.769242594444445,-129.82222047189347,0.0
2022-09-04 13:13:58+00:00,18.45994061,,,,,3310.0,5.127761280555555,-199.08612439953424,0.0
2022-09-04 13:14:00+00:00,15.29163373,,,,,3312.0,4.247676036111111,-200.0,26.146225973367933
2022-09-04 13:14:02+00:00,10.33362908,,,,,3314.0,2.870452522222222,-150.91912777955147,0.0
2022-09-04 13:14:04+00:00,7.421370243,,,,,3316.0,2.0614917341666668,-77.58036551088492,0.0
2022-09-04 13:14:06+00:00,5.721558609,,,,,3318.0,1.5893218358333332,-33.60670168197933,0.0
2022-09-04 13:14:08+00:00,4.857249623,,,,,3320.0,1.349236006388889,-0.0,20.528815863723263
2022-09-04 13:14:10+00:00,3.756315104,,,,,3322.0,1.0434208622222223,-0.0,10.579895918552818
2022-09-04 13:14:12+00:00,2.907588023,,,,,3324.0,0.8076633397222223,-0.0,4.461151842690006
2022-09-04 13:14:14+00:00,2.850192868,,,,,3326.0,0.7917202411111112,-0.0,2.187129318150462
2022-09-04 13:14:16+00:00,2.430429125,,,,,3328.0,0.6751192013888888,-0.0,2.3249478132996404
2022-09-04 13:14:18+00:00,1.770203643,,,,,3330.0,0.4917232341666667,-0.0,1.5391472984474122
2022-09-04 13:14:20+00:00,1.325079567,,,,,3332.0,0.3680776575,0.5440191326357877,0.0
2022-09-04 13:14:22+00:00,1.410119,,,,,3334.0,0.39169972222222216,2.7049695246937113,0.0
2022-09-04 13:14:24+00:00,1.655644701,,,,,3336.0,0.45990130583333333,3.8407186263036137,0.0
2022-09-04 13:14:26+00:00,1.837977488,,,,,3338.0,0.5105493022222222,2.9535892291970725,0.0
2022-09-04 13:14:28+00:00,1.699253381,,,,,3340.0,0.4720148280555555,1.4361152269070117,0.0
2022-09-04 13:14:30+00:00,1.438697949,,,,,3342.0,0.39963831916666664,0.8143740335826287,0.0
2022-09-04 13:14:32+00:00,1.354883347,,,,,3344.0,0.37635648527777776,0.8585342413100837,0.0
2022-09-04 13:14:34+00:00,1.203664748,,,,,3346.0,0.33435131888888886,0.752291010850993,0.0
2022-09-04 13:14:36+00:00,1.025991655,,,,,3348.0,0.2849976819444444,0.741352445913975,0.0
2022-09-04 13:14:38+00:00,0.853065787,,,,,3350.0,0.23696271861111112,1.0646610416764088,0.0
2022-09-04 13:14:40+00:00,0.892927932,,,,,3352.0,0.24803553666666667,1.633835909278852,0.0
2022-09-04 13:14:42+00:00,1.06124631,,,,,3354.0,0.2947906416666667,2.038455811515957,0.0
2022-09-04 13:14:44+00:00,1.134015283,,,,,3356.0,0.3150042452777778,1.624087565582279,0.0
2022-09-04 13:14:46+00:00,1.018681208,,,,,3358.0,0.2829670022222222,0.9901885868038189,0.0
2022-09-04 13:14:48+00:00,0.843701053,,,,,3360.0,0.2343614036111111,0.8498457091047987,0.0
2022-09-04 13:14:50+00:00,0.79304187,,,,,3362.0,0.22028940833333333,1.0668291658704518,0.0
2022-09-04 13:14:52+00:00,0.839199266,,,,,3364.0,0.23311090722222222,1.2818820811282787,0.0
2022-09-04 13:14:54+00:00,0.847301531,,,,,3366.0,0.2353615363888889,1.245191267132943,0.0
2022-09-04 13:14:56+00:00,0.798597414,,,,,3368.0,0.22183261499999998,1.329779339313883,0.0
2022-09-04 13:14:58+00:00,0.783759198,,,,,3370.0,0.21771088833333335,2.625266081131749,0.0
2022-09-04 13:15:00+00:00,1.05244977,,,,,3372.0,0.2923471583333333,10.003103930188734,0.0
2022-09-04 13:15:02+00:00,2.457987304,,,,,3374.0,0.6827742511111111,45.52003361517415,0.0
2022-09-04 13:15:04+00:00,7.251095479,,,,,3376.0,2.014193188611111,193.27593304153487,0.0
2022-09-04 13:15:06+00:00,11.85531604,,,,,3378.0,3.2931433444444442,371.8449015457955,0.0
2022-09-04 13:15:08+00:00,16.89588987,,,,,3380.0,4.693302741666667,506.5985725498311,0.0
2022-09-04 13:15:10+00:00,22.26123489,,,,,3382.0,6.183676358333333,530.1079276718488,0.0
2022-09-04 13:15:12+00:00,23.91836511,,,,,3384.0,6.643990308333333,330.69630319119545,0.0
2022-09-04 13:15:14+00:00,24.22099382,,,,,3386.0,6.728053838888889,144.0310728391461,0.0
2022-09-04 13:15:16+00:00,23.646686,,,,,3388.0,6.568523888888889,56.57666130148442,0.0
2022-09-04 13:15:18+00:00,23.12519332,,,,,3390.0,6.423664811111111,9.79946082194948,0.0
2022-09-04 13:15:20+00:00,22.17238765,,,,,3392.0,6.158996569444445,-29.30506231840414,0.0
2022-09-04 13:15:22+00:00,21.01232691,,,,,3394.0,5.836757475,-83.16532296893253,0.0
2022-09-04 13:15:24+00:00,19.27260396,,,,,3396.0,5.3535011,-169.90275640005513,0.0
2022-09-04 13:15:26+00:00,16.55973417,,,,,3398.0,4.599926158333333,-200.0,39.17238470615683
2022-09-04 13:15:28+00:00,11.52305615,,,,,3400.0,3.2008489305555554,-189.62290294759615,0.0
2022-09-04 13:15:30+00:00,7.534851108,,,,,3402.0,2.0930141966666667,-103.37200533668087,0.0
2022-09-04 13:15:32+00:00,5.188559405,,,,,3404.0,1.441266501388889,-43.961032502644535,0.0
2022-09-04 13:15:34+00:00,3.732543556,,,,,3406.0,1.0368176544444445,-0.0,19.38343363819791
2022-09-04 13:15:36+00:00,2.956564609,,,,,3408.0,0.8212679469444444,-0.0,8.794492551043101
2022-09-04 13:15:38+00:00,2.259026034,,,,,3410.0,0.6275072316666667,-0.0,4.1187894977678345
2022-09-04 13:15:40+00:00,1.698212643,,,,,3412.0,0.47172573416666663,-0.0,1.7891856945538658
2022-09-04 13:15:42+00:00,1.353529704,,,,,3414.0,0.37598047333333334,-0.0,0.42762270646341727
2022-09-04 13:15:44+00:00,1.110084246,,,,,3416.0,0.308356735,0.3060328675716955,0.0
2022-09-04 13:15:46+00:00,0.936515447,,,,,3418.0,0.26014317972222223,0.7052140533109347,0.0
2022-09-04 13:15:48+00:00,0.84656381,,,,,3420.0,0.2351566138888889,0.9710716619707025,0.0
2022-09-04 13:15:50+00:00,0.836663104,,,,,3422.0,0.23240641777777776,1.410422987942913,0.0
2022-09-04 13:15:52+00:00,0.831749438,,,,,3424.0,0.23104151055555555,1.6052449291657354,0.0
2022-09-04 13:15:54+00:00,1.121620469,,,,,3426.0,0.3115612413888889,1.955410291455156,0.0
2022-09-04 13:15:56+00:00,0.980525308,,,,,3428.0,0.27236814111111113,1.357662800003721,0.0
2022-09-04 13:15:58+00:00,0.913091193,,,,,3430.0,0.2536364425,1.0839994715371386,0.0
2022-09-04 13:16:00+00:00,0.902273614,,,,,3432.0,0.25063155944444443,1.1483284218403718,0.0
2022-09-04 13:16:02+00:00,0.861723672,,,,,3434.0,0.23936768666666666,0.9556887907604429,0.0
2022-09-04 13:16:04+00:00,0.780940574,,,,,3436.0,0.21692793722222223,0.7546626099007501,0.0
2022-09-04 13:16:06+00:00,0.617350244,,,,,3438.0,0.1714861788888889,0.7331471015099855,0.0
2022-09-04 13:16:08+00:00,0.585206194,,,,,3440.0,0.1625572761111111,1.395979484683468,0.0
2022-09-04 13:16:10+00:00,0.722736231,,,,,3442.0,0.20076006416666664,3.779969957682364,0.0
2022-09-04 13:16:12+00:00,1.560470033,,,,,3444.0,0.4334638980555556,16.420830945681338,0.0
2022-09-04 13:16:14+00:00,3.421491861,,,,,3446.0,0.9504144058333333,53.537711209428316,0.0
2022-09-04 13:16:16+00:00,7.04099948,,,,,3448.0,1.955833188888889,131.81744707298603,0.0
2022-09-04 13:16:18+00:00,9.551257349,,,,,3450.0,2.6531270413888888,184.89660355802178,0.0
2022-09-04 13:16:20+00:00,12.61583068,,,,,3452.0,3.504397411111111,209.86023458017777,0.0
2022-09-04 13:16:22+00:00,15.40185685,,,,,3454.0,4.278293569444444,176.43903186567866,0.0
2022-09-04 13:16:24+00:00,15.51911703,,,,,3456.0,4.310865841666667,38.73695936733345,0.0
2022-09-04 13:16:26+00:00,15.18318512,,,,,3458.0,4.217551422222222,-66.0242524764765,0.0
2022-09-04 13:16:28+00:00,12.22505398,,,,,3460.0,3.395848327777778,-76.37634636949154,0.0
2022-09-04 13:16:30+00:00,10.1496117,,,,,3462.0,2.819336583333333,-0.0,14.204807192762551
2022-09-04 13:16:32+00:00,10.16158121,,,,,3464.0,2.822661447222222,87.55210301351123,0.0
2022-09-04 13:16:34+00:00,13.43431286,,,,,3466.0,3.7317535722222224,173.29309748495444,0.0
2022-09-04 13:16:36+00:00,15.47998289,,,,,3468.0,4.299995247222222,148.15660755746555,0.0
2022-09-04 13:16:38+00:00,15.21502909,,,,,3470.0,4.226396969444444,46.183293909182645,0.0
2022-09-04 13:16:40+00:00,14.98127887,,,,,3472.0,4.1614663527777775,-0.0,13.737040999178527
2022-09-04 13:16:42+00:00,13.93498901,,,,,3474.0,3.8708302805555554,-60.7592529764977,0.0
2022-09-04 13:16:44+00:00,12.68218521,,,,,3476.0,3.5228292249999997,-107.89953596515846,0.0
2022-09-04 13:16:46+00:00,9.195984804,,,,,3478.0,2.554440223333333,-93.95456094547424,0.0
2022-09-04 13:16:48+00:00,6.412345671,,,,,3480.0,1.7812071308333333,-38.710614342967304,0.0
2022-09-04 13:16:50+00:00,5.258840124,,,,,3482.0,1.4607889233333333,21.12632909571139,0.0
2022-09-04 13:16:52+00:00,7.216801762,,,,,3484.0,2.004667156111111,106.02562486556371,0.0
2022-09-04 13:16:54+00:00,10.75508362,,,,,3486.0,2.987523227777778,237.18700269857305,0.0
2022-09-04 13:16:56+00:00,13.98223288,,,,,3488.0,3.8839535777777776,329.3119635699998,0.0
2022-09-04 13:16:58+00:00,18.62876723,,,,,3490.0,5.174657563888889,362.2979634934367,0.0
2022-09-04 13:17:00+00:00,20.47065472,,,,,3492.0,5.686292977777778,273.8087049939903,0.0
2022-09-04 13:17:02+00:00,20.20418743,,,,,3494.0,5.612274286111111,191.51609743978847,0.0
2022-09-04 13:17:04+00:00,21.68150055,,,,,3496.0,6.022639041666666,237.66991066902378,0.0
2022-09-04 13:17:06+00:00,22.7984499,,,,,3498.0,6.332902750000001,289.52673995484326,0.0
2022-09-04 13:17:08+00:00,24.3529227,,,,,3500.0,6.76470075,309.7367685041311,0.0
2022-09-04 13:17:10+00:00,25.44604677,,,,,3502.0,7.068346324999999,332.50152162910126,0.0
2022-09-04 13:17:12+00:00,26.47704818,,,,,3504.0,7.354735605555556,366.83137740951724,0.0
2022-09-04 13:17:14+00:00,28.10823857,,,,,3506.0,7.807844047222222,371.2057884981401,0.0
2022-09-04 13:17:16+00:00,29.56885909,,,,,3508.0,8.213571969444445,253.22090545344085,0.0
2022-09-04 13:17:18+00:00,28.97738894,,,,,3510.0,8.049274705555556,12.28344634196332,0.0
2022-09-04 13:17:20+00:00,26.94228769,,,,,3512.0,7.4839688027777775,-148.03263710386994,0.0
2022-09-04 13:17:22+00:00,24.01460466,,,,,3514.0,6.6707235166666665,-189.9452740969347,0.0
2022-09-04 13:17:24+00:00,21.23533171,,,,,3516.0,5.898703252777778,-112.27800434388807,0.0
2022-09-04 13:17:26+00:00,19.3496939,,,,,3518.0,5.374914972222221,24.582192877175114,0.0
2022-09-04 13:17:28+00:00,20.40832228,,,,,3520.0,5.6689784111111114,150.35440460697527,0.0
2022-09-04 13:17:30+00:00,22.09202886,,,,,3522.0,6.136674683333333,183.3396414554293,0.0
2022-09-04 13:17:32+00:00,21.66850512,,,,,3524.0,6.019029199999999,100.13878937463393,0.0
2022-09-04 13:17:34+00:00,21.73519863,,,,,3526.0,6.037555175,55.801846709344154,0.0
2022-09-04 13:17:36+00:00,20.79116397,,,,,3528.0,5.775323325,88.9830618158037,0.0
2022-09-04 13:17:38+00:00,20.88512214,,,,,3530.0,5.801422816666666,144.92176279885334,0.0
2022-09-04 13:17:40+00:00,22.4458229,,,,,3532.0,6.234950805555555,155.7454577736935,0.0
2022-09-04 13:17:42+00:00,22.68849067,,,,,3534.0,6.302358519444445,51.80322963686809,0.0
2022-09-04 13:17:44+00:00,21.14360539,,,,,3536.0,5.873223719444445,-50.120172997397795,0.0
2022-09-04 13:17:46+00:00,19.53091456,,,,,3538.0,5.425254044444444,-70.85912535646978,0.0
2022-09-04 13:17:48+00:00,18.09618888,,,,,3540.0,5.026719133333333,-40.95831751095648,0.0
2022-09-04 13:17:50+00:00,17.08655277,,,,,3542.0,4.746264658333334,0.8979238568047027,0.0
2022-09-04 13:17:52+00:00,17.01436156,,,,,3544.0,4.726211544444444,40.14832843210803,0.0
2022-09-04 13:17:54+00:00,17.17441608,,,,,3546.0,4.770671133333333,53.10675088645347,0.0
2022-09-04 13:17:56+00:00,16.93498115,,,,,3548.0,4.704161430555555,27.02267603076382,0.0
2022-09-04 13:17:58+00:00,16.80170193,,,,,3550.0,4.667139425,-0.0,9.491277369966406
2022-09-04 13:18:00+00:00,15.5540242,,,,,3552.0,4.3205622777777775,-33.690140838319124,0.0
2022-09-04 13:18:02+00:00,14.48912029,,,,,3554.0,4.024755636111111,-37.015505434577705,0.0
2022-09-04 13:18:04+00:00,13.36790295,,,,,3556.0,3.7133063749999997,-0.0,12.033514987879611
2022-09-04 13:18:06+00:00,12.83344233,,,,,3558.0,3.5648450916666667,41.05297692978829,0.0
2022-09-04 13:18:08+00:00,13.45644154,,,,,3560.0,3.737900427777778,103.90581772939348,0.0
2022-09-04 13:18:10+00:00,15.01536641,,,,,3562.0,4.170935113888889,140.9632258118806,0.0
2022-09-04 13:18:12+00:00,16.29523932,,,,,3564.0,4.526455366666666,126.24726617544835,0.0
2022-09-04 13:18:14+00:00,16.50352776,,,,,3566.0,4.584313266666666,106.4211378814192,0.0
2022-09-04 13:18:16+00:00,16.53951726,,,,,3568.0,4.59431035,110.59483088118068,0.0
2022-09-04 13:18:18+00:00,17.97425363,,,,,3570.0,4.9928482305555555,159.39493513104887,0.0
2022-09-04 13:18:20+00:00,18.26232534,,,,,3572.0,5.07286815,204.9593825653102,0.0
2022-09-04 13:18:22+00:00,20.1080678,,,,,3574.0,5.585574388888889,241.1548204348581,0.0
2022-09-04 13:18:24+00:00,22.06068661,,,,,3576.0,6.127968502777778,213.2578990402409,0.0
2022-09-04 13:18:26+00:00,22.1413425,,,,,3578.0,6.150372916666667,89.48916142236995,0.0
2022-09-04 13:18:28+00:00,21.27650893,,,,,3580.0,5.910141369444444,20.316594824173112,0.0
2022-09-04 13:18:30+00:00,20.18976319,,,,,3582.0,5.608267552777778,67.02291086624639,0.0
2022-09-04 13:18:32+00:00,20.4184361,,,,,3584.0,5.671787805555556,188.6993380169995,0.0
2022-09-04 13:18:34+00:00,22.11389996,,,,,3586.0,6.142749988888889,276.7687810579306,0.0
2022-09-04 13:18:36+00:00,24.43307082,,,,,3588.0,6.786964116666667,206.71628676012548,0.0
2022-09-04 13:18:38+00:00,24.10673954,,,,,3590.0,6.696316538888889,-0.0,13.948150746070505
2022-09-04 13:18:40+00:00,21.50802704,,,,,3592.0,5.974451955555556,-132.76559207465937,0.0
2022-09-04 13:18:42+00:00,18.96041649,,,,,3594.0,5.266782358333333,-121.53377298497456,0.0
2022-09-04 13:18:44+00:00,17.1897795,,,,,3596.0,4.77493875,-59.78335858626578,0.0
2022-09-04 13:18:46+00:00,16.42637271,,,,,3598.0,4.562881308333333,8.989564717109404,0.0
2022-09-04 13:18:48+00:00,16.15590798,,,,,3600.0,4.487752216666666,78.59945622184131,0.0
2022-09-04 13:18:50+00:00,17.20738682,,,,,3602.0,4.779829672222222,140.35524524318274,0.0
2022-09-04 13:18:52+00:00,18.0760428,,,,,3604.0,5.021123,180.5397801755874,0.0
2022-09-04 13:18:54+00:00,19.28981947,,,,,3606.0,5.3582831861111115,210.46020327706242,0.0
2022-09-04 13:18:56+00:00,20.5162392,,,,,3608.0,5.698955333333333,205.25215271219798,0.0
2022-09-04 13:18:58+00:00,21.84610435,,,,,3610.0,6.068362319444445,187.0637732420765,0.0
2022-09-04 13:19:00+00:00,21.35015599,,,,,3612.0,5.930598886111111,167.9958738305906,0.0
2022-09-04 13:19:02+00:00,22.44242012,,,,,3614.0,6.2340055888888894,194.50012664142932,0.0
2022-09-04 13:19:04+00:00,23.34292999,,,,,3616.0,6.484147219444444,208.98558943711487,0.0
2022-09-04 13:19:06+00:00,23.76907615,,,,,3618.0,6.602521152777777,175.07399188989405,0.0
2022-09-04 13:19:08+00:00,23.95510481,,,,,3620.0,6.654195780555556,147.5429815059324,0.0
2022-09-04 13:19:10+00:00,24.01199005,,,,,3622.0,6.6699972361111115,131.95714682691423,0.0
2022-09-04 13:19:12+00:00,23.99430944,,,,,3624.0,6.665085955555555,122.8791256224512,0.0
2022-09-04 13:19:14+00:00,23.9303436,,,,,3626.0,6.647317666666667,104.76404305840536,0.0
2022-09-04 13:19:16+00:00,23.86188539,,,,,3628.0,6.628301497222222,72.48270343048448,0.0
2022-09-04 13:19:18+00:00,23.23338675,,,,,3630.0,6.4537185416666665,33.05598803578055,0.0
2022-09-04 13:19:20+00:00,22.43776221,,,,,3632.0,6.232711725,3.33196896407508,0.0
2022-09-04 13:19:22+00:00,21.65494176,,,,,3634.0,6.0152616,-0.0,0.3945375042609929
2022-09-04 13:19:24+00:00,20.68644968,,,,,3636.0,5.746236022222222,40.46214948711134,0.0
2022-09-04 13:19:26+00:00,20.28968201,,,,,3638.0,5.636022780555556,118.71831268663631,0.0
2022-09-04 13:19:28+00:00,21.39369658,,,,,3640.0,5.942693494444445,206.11995209218102,0.0
2022-09-04 13:19:30+00:00,22.61211083,,,,,3642.0,6.281141897222222,204.75737470445154,0.0
2022-09-04 13:19:32+00:00,23.57229986,,,,,3644.0,6.547861072222222,117.8155716473264,0.0
2022-09-04 13:19:34+00:00,22.37129389,,,,,3646.0,6.2142483027777775,28.272951773597672,0.0
2022-09-04 13:19:36+00:00,21.46843935,,,,,3648.0,5.963455375,22.66061565356597,0.0
2022-09-04 13:19:38+00:00,21.11731706,,,,,3650.0,5.8659214055555555,85.11754192126816,0.0
2022-09-04 13:19:40+00:00,21.28008312,,,,,3652.0,5.9111342,148.86447684586128,0.0
2022-09-04 13:19:42+00:00,22.14193714,,,,,3654.0,6.150538094444444,200.97187814622708,0.0
2022-09-04 13:19:44+00:00,22.99799634,,,,,3656.0,6.388332316666666,217.42198460589688,0.0
2022-09-04 13:19:46+00:00,23.82191974,,,,,3658.0,6.6171999277777775,198.43184471925784,0.0
2022-09-04 13:19:48+00:00,24.14861593,,,,,3660.0,6.707948869444444,150.55261034855354,0.0
2022-09-04 13:19:50+00:00,24.13774485,,,,,3662.0,6.704929125,111.37113986957425,0.0
2022-09-04 13:19:52+00:00,23.59089139,,,,,3664.0,6.553025386111111,90.37345833648817,0.0
2022-09-04 13:19:54+00:00,23.64234949,,,,,3666.0,6.567319302777777,110.83140529548359,0.0
2022-09-04 13:19:56+00:00,23.28393903,,,,,3668.0,6.467760841666666,140.94149889697698,0.0
2022-09-04 13:19:58+00:00,23.94073786,,,,,3670.0,6.65020496111111,149.38507567814358,0.0
2022-09-04 13:20:00+00:00,24.29076083,,,,,3672.0,6.7474335638888885,72.58826609275134,0.0
2022-09-04 13:20:02+00:00,23.61650638,,,,,3674.0,6.560140661111111,-46.11434226357272,0.0
2022-09-04 13:20:04+00:00,21.16650664,,,,,3676.0,5.879585177777778,-85.44374624633781,0.0
2022-09-04 13:20:06+00:00,19.34329146,,,,,3678.0,5.3731365166666665,-44.68105035963799,0.0
2022-09-04 13:20:08+00:00,18.9562341,,,,,3680.0,5.265620583333333,27.636312707724624,0.0
2022-09-04 13:20:10+00:00,18.88271535,,,,,3682.0,5.245198708333334,106.89597690191617,0.0
2022-09-04 13:20:12+00:00,19.16905333,,,,,3684.0,5.324737036111111,175.4700165189072,0.0
2022-09-04 13:20:14+00:00,20.96962146,,,,,3686.0,5.82489485,211.63498829694188,0.0
2022-09-04 13:20:16+00:00,22.19113491,,,,,3688.0,6.164204141666666,150.775769503073,0.0
2022-09-04 13:20:18+00:00,21.65501601,,,,,3690.0,6.015282225,39.05701228338001,0.0
2022-09-04 13:20:20+00:00,20.56852729,,,,,3692.0,5.713479802777777,-0.0,3.731464477881045
2022-09-04 13:20:22+00:00,19.7537715,,,,,3694.0,5.48715875,21.208739332108788,0.0
2022-09-04 13:20:24+00:00,19.51928713,,,,,3696.0,5.422024202777777,37.62498555887474,0.0
2022-09-04 13:20:26+00:00,19.64879846,,,,,3698.0,5.457999572222222,27.107331873933237,0.0
2022-09-04 13:20:28+00:00,18.54882682,,,,,3700.0,5.152451894444444,12.061466949960518,0.0
2022-09-04 13:20:30+00:00,18.00783993,,,,,3702.0,5.002177758333333,24.31246167198748,0.0
2022-09-04 13:20:32+00:00,17.98217078,,,,,3704.0,4.995047438888889,51.23478253460246,0.0
2022-09-04 13:20:34+00:00,17.88193474,,,,,3706.0,4.967204094444444,61.82621117925755,0.0
2022-09-04 13:20:36+00:00,17.87338722,,,,,3708.0,4.964829783333333,69.29532399225364,0.0
2022-09-04 13:20:38+00:00,17.95848557,,,,,3710.0,4.988468213888889,78.94004777843655,0.0
2022-09-04 13:20:40+00:00,18.17659817,,,,,3712.0,5.049055047222222,82.16102678827431,0.0
2022-09-04 13:20:42+00:00,18.35732248,,,,,3714.0,5.099256244444445,75.74919885122567,0.0
2022-09-04 13:20:44+00:00,18.327178,,,,,3716.0,5.090882777777778,76.64604583222892,0.0
2022-09-04 13:20:46+00:00,18.21556921,,,,,3718.0,5.059880336111111,96.48809687737699,0.0
2022-09-04 13:20:48+00:00,18.79012647,,,,,3720.0,5.219479575,129.81851692563018,0.0
2022-09-04 13:20:50+00:00,19.52832741,,,,,3722.0,5.424535391666667,148.45003989159233,0.0
2022-09-04 13:20:52+00:00,20.14709273,,,,,3724.0,5.596414647222223,152.38208869740012,0.0
2022-09-04 13:20:54+00:00,20.50761712,,,,,3726.0,5.696560311111111,154.8268138781281,0.0
2022-09-04 13:20:56+00:00,21.25682458,,,,,3728.0,5.904673494444444,153.74649807974149,0.0
2022-09-04 13:20:58+00:00,21.75264545,,,,,3730.0,6.042401513888889,142.0168645998208,0.0
2022-09-04 13:21:00+00:00,21.70443448,,,,,3732.0,6.029009577777778,135.54655085778435,0.0
2022-09-04 13:21:02+00:00,22.00316028,,,,,3734.0,6.111988966666666,162.97479039747176,0.0
2022-09-04 13:21:04+00:00,22.67476312,,,,,3736.0,6.298545311111111,213.75211985569274,0.0
2022-09-04 13:21:06+00:00,23.54615361,,,,,3738.0,6.540598225,236.1251668511054,0.0
2022-09-04 13:21:08+00:00,24.78103385,,,,,3740.0,6.883620513888888,182.86137225259034,0.0
2022-09-04 13:21:10+00:00,24.85946612,,,,,3742.0,6.905407255555556,77.07598951958278,0.0
2022-09-04 13:21:12+00:00,23.22862023,,,,,3744.0,6.452394508333334,39.01066299633384,0.0
2022-09-04 13:21:14+00:00,22.58430718,,,,,3746.0,6.273418661111111,82.41548526724867,0.0
2022-09-04 13:21:16+00:00,23.61939678,,,,,3748.0,6.560943549999999,134.2239498746418,0.0
2022-09-04 13:21:18+00:00,23.23429747,,,,,3750.0,6.453971519444445,117.5293971497538,0.0
2022-09-04 13:21:20+00:00,23.09472842,,,,,3752.0,6.415202338888888,62.265499528888164,0.0
2022-09-04 13:21:22+00:00,23.11008925,,,,,3754.0,6.419469236111111,14.79008347239904,0.0
2022-09-04 13:21:24+00:00,21.38316916,,,,,3756.0,5.939769211111112,2.24501528038984,0.0
2022-09-04 13:21:26+00:00,20.48766564,,,,,3758.0,5.691018233333333,38.56256036907857,0.0
2022-09-04 13:21:28+00:00,21.22777048,,,,,3760.0,5.896602911111111,107.07995467406059,0.0
2022-09-04 13:21:30+00:00,20.83578743,,,,,3762.0,5.7877187305555555,142.99546686908263,0.0
2022-09-04 13:21:32+00:00,21.61791115,,,,,3764.0,6.004975319444444,197.72619298794456,0.0
2022-09-04 13:21:34+00:00,22.64184329,,,,,3766.0,6.289400913888889,238.59666456766297,0.0
2022-09-04 13:21:36+00:00,24.06858714,,,,,3768.0,6.68571865,134.44383739119465,0.0
2022-09-04 13:21:38+00:00,24.14560408,,,,,3770.0,6.707112244444444,-121.9891380446208,0.0
2022-09-04 13:21:40+00:00,20.38845653,,,,,3772.0,5.663460147222222,-200.0,119.86888178600873
2022-09-04 13:21:42+00:00,14.5360691,,,,,3774.0,4.037796972222222,-200.0,75.426578918279
2022-09-04 13:21:44+00:00,10.38191438,,,,,3776.0,2.8838651055555555,-140.2425611161765,0.0
2022-09-04 13:21:46+00:00,8.039119412,,,,,3778.0,2.2330887255555556,-58.38585157281417,0.0
2022-09-04 13:21:48+00:00,7.647835088,,,,,3780.0,2.1243986355555555,-37.85231891737541,0.0
2022-09-04 13:21:50+00:00,6.170002868,,,,,3782.0,1.7138896855555554,-31.722735091343537,0.0
2022-09-04 13:21:52+00:00,4.099087364,,,,,3784.0,1.1386353788888888,-0.0,22.19202125439236
2022-09-04 13:21:54+00:00,3.331040504,,,,,3786.0,0.9252890288888889,-0.0,11.359085469817147
2022-09-04 13:21:56+00:00,2.710055743,,,,,3788.0,0.7527932619444444,-0.0,5.029731786281507
2022-09-04 13:21:58+00:00,2.086855754,,,,,3790.0,0.5796821538888889,-0.0,2.6877714676069386
2022-09-04 13:22:00+00:00,1.653954054,,,,,3792.0,0.45943168166666665,-0.0,1.2130047760820746
2022-09-04 13:22:02+00:00,1.360236541,,,,,3794.0,0.3778434836111111,-0.0,0.05142863642516801
2022-09-04 13:22:04+00:00,1.047822699,,,,,3796.0,0.2910618608333333,1.0853515140725003,0.0
2022-09-04 13:22:06+00:00,1.096798714,,,,,3798.0,0.30466630944444445,2.347498287892741,0.0
2022-09-04 13:22:08+00:00,1.423401831,,,,,3800.0,0.3953893975,3.979429107134287,0.0
2022-09-04 13:22:10+00:00,1.614292583,,,,,3802.0,0.44841460638888886,4.5831473781732495,0.0
2022-09-04 13:22:12+00:00,1.821627034,,,,,3804.0,0.5060075094444444,5.912653384067794,0.0
2022-09-04 13:22:14+00:00,2.030164404,,,,,3806.0,0.5639345566666667,7.596897976854175,0.0
2022-09-04 13:22:16+00:00,2.748364047,,,,,3808.0,0.7634344574999999,16.371794492475445,0.0
2022-09-04 13:22:18+00:00,2.928131106,,,,,3810.0,0.8133697516666666,32.09491941741556,0.0
2022-09-04 13:22:20+00:00,5.395972271,,,,,3812.0,1.498881186388889,83.14560054140574,0.0
2022-09-04 13:22:22+00:00,8.941831555,,,,,3814.0,2.483842098611111,148.49500730228675,0.0
2022-09-04 13:22:24+00:00,10.68445144,,,,,3816.0,2.9679031777777776,130.7567881418199,0.0
2022-09-04 13:22:26+00:00,12.4691904,,,,,3818.0,3.463664,75.77455246577861,0.0
2022-09-04 13:22:28+00:00,12.02247782,,,,,3820.0,3.3395771722222225,10.892360192030663,0.0
2022-09-04 13:22:30+00:00,11.20986757,,,,,3822.0,3.113852102777778,-0.0,6.637652345952036
2022-09-04 13:22:32+00:00,10.35918411,,,,,3824.0,2.8775511416666664,45.66076939438342,0.0
2022-09-04 13:22:34+00:00,11.08205083,,,,,3826.0,3.078347452777778,137.08407823851792,0.0
2022-09-04 13:22:36+00:00,14.37906136,,,,,3828.0,3.994183711111111,244.7575503686961,0.0
2022-09-04 13:22:38+00:00,17.4202705,,,,,3830.0,4.838964027777778,265.4833301319227,0.0
2022-09-04 13:22:40+00:00,18.42571616,,,,,3832.0,5.118254488888889,184.09467633298487,0.0
2022-09-04 13:22:42+00:00,18.98008185,,,,,3834.0,5.272244958333333,148.40186393816415,0.0
2022-09-04 13:22:44+00:00,19.18017827,,,,,3836.0,5.327827297222222,137.72174792246426,0.0
2022-09-04 13:22:46+00:00,20.67682676,,,,,3838.0,5.743562988888889,54.503436610338575,0.0
2022-09-04 13:22:48+00:00,20.03910991,,,,,3840.0,5.566419419444444,-140.84284936031227,0.0
2022-09-04 13:22:50+00:00,16.40668327,,,,,3842.0,4.557412019444444,-200.0,58.597797997552334
2022-09-04 13:22:52+00:00,10.3932894,,,,,3844.0,2.8870248333333333,-178.02807533028204,0.0
2022-09-04 13:22:54+00:00,7.623626377,,,,,3846.0,2.117673993611111,-93.88141270355086,0.0
2022-09-04 13:22:56+00:00,5.032678579,,,,,3848.0,1.3979662719444443,-0.0,20.04230965635351
2022-09-04 13:22:58+00:00,4.361875347,,,,,3850.0,1.2116320408333332,25.84986322360319,0.0
2022-09-04 13:23:00+00:00,7.440392562,,,,,3852.0,2.0667757116666667,102.5380776877146,0.0
2022-09-04 13:23:02+00:00,9.580413277,,,,,3854.0,2.6612259102777776,149.64135498708302,0.0
2022-09-04 13:23:04+00:00,11.93181096,,,,,3856.0,3.3143919333333334,114.01520678646541,0.0
2022-09-04 13:23:06+00:00,13.61597437,,,,,3858.0,3.7822151027777777,-0.0,17.433133987091015
2022-09-04 13:23:08+00:00,10.6395715,,,,,3860.0,2.955436527777778,-91.06392934978783,0.0
2022-09-04 13:23:10+00:00,6.644677712,,,,,3862.0,1.845743808888889,-41.39181435624556,0.0
2022-09-04 13:23:12+00:00,5.849351303,,,,,3864.0,1.6248198063888888,22.725673927298125,0.0
2022-09-04 13:23:14+00:00,8.741564282,,,,,3866.0,2.428212300555556,105.35416575640248,0.0
2022-09-04 13:23:16+00:00,10.72790182,,,,,3868.0,2.9799727277777777,153.22161094361414,0.0
2022-09-04 13:23:18+00:00,11.98289405,,,,,3870.0,3.3285816805555557,183.07632317097358,0.0
2022-09-04 13:23:20+00:00,14.83685485,,,,,3872.0,4.121348569444445,237.2162102523556,0.0
2022-09-04 13:23:22+00:00,17.68447673,,,,,3874.0,4.912354647222222,219.01446409282175,0.0
2022-09-04 13:23:24+00:00,18.28965752,,,,,3876.0,5.080460422222222,125.43644064429527,0.0
2022-09-04 13:23:26+00:00,17.5062046,,,,,3878.0,4.862834611111111,73.19422572263885,0.0
2022-09-04 13:23:28+00:00,18.22034676,,,,,3880.0,5.061207433333334,52.050222153245365,0.0
2022-09-04 13:23:30+00:00,18.42105832,,,,,3882.0,5.116960644444444,-55.086255835550055,0.0
2022-09-04 13:23:32+00:00,16.52348903,,,,,3884.0,4.589858063888889,-179.46157023033356,0.0
2022-09-04 13:23:34+00:00,11.63651115,,,,,3886.0,3.2323642083333333,-175.3611690902122,0.0
2022-09-04 13:23:36+00:00,7.990212541,,,,,3888.0,2.219503483611111,-99.5834472980392,0.0
2022-09-04 13:23:38+00:00,5.569732561,,,,,3890.0,1.5471479336111111,-33.78745360988672,0.0
2022-09-04 13:23:40+00:00,4.959798502,,,,,3892.0,1.3777218061111112,4.57443853955404,0.0
2022-09-04 13:23:42+00:00,5.294944399,,,,,3894.0,1.4708178886111112,45.501914120059475,0.0
2022-09-04 13:23:44+00:00,7.498426631,,,,,3896.0,2.082896286388889,98.98468747433942,0.0
2022-09-04 13:23:46+00:00,10.05041712,,,,,3898.0,2.7917825333333335,127.9321451991876,0.0
2022-09-04 13:23:48+00:00,11.72523804,,,,,3900.0,3.2570105666666667,92.32239645366025,0.0
2022-09-04 13:23:50+00:00,11.80964785,,,,,3902.0,3.280457736111111,25.045635604003408,0.0
2022-09-04 13:23:52+00:00,11.29465606,,,,,3904.0,3.1374044611111107,-0.0,23.437489927789784
2022-09-04 13:23:54+00:00,10.16688246,,,,,3906.0,2.8241340166666666,-0.0,25.1673857854715
2022-09-04 13:23:56+00:00,8.627500847,,,,,3908.0,2.3965280130555557,12.19932230397255,0.0
2022-09-04 13:23:58+00:00,9.445227653,,,,,3910.0,2.6236743480555553,90.8722396822302,0.0
2022-09-04 13:24:00+00:00,11.4172804,,,,,3912.0,3.1714667777777774,194.34742109047562,0.0
2022-09-04 13:24:02+00:00,15.0335969,,,,,3914.0,4.175999138888889,272.2018426714913,0.0
2022-09-04 13:24:04+00:00,17.95481612,,,,,3916.0,4.987448922222222,247.86653997801992,0.0
2022-09-04 13:24:06+00:00,18.28770458,,,,,3918.0,5.079917938888888,133.0183211573653,0.0
2022-09-04 13:24:08+00:00,18.52086135,,,,,3920.0,5.144683708333333,57.496537608015956,0.0
2022-09-04 13:24:10+00:00,18.09602476,,,,,3922.0,5.026673544444444,34.678206825980055,0.0
2022-09-04 13:24:12+00:00,17.47356325,,,,,3924.0,4.853767569444445,41.43833008321929,0.0
2022-09-04 13:24:14+00:00,17.55661238,,,,,3926.0,4.876836772222222,87.94160627709026,0.0
2022-09-04 13:24:16+00:00,17.89313617,,,,,3928.0,4.970315602777777,132.67007878376424,0.0
2022-09-04 13:24:18+00:00,19.17476022,,,,,3930.0,5.326322283333333,179.3127716492004,0.0
2022-09-04 13:24:20+00:00,19.72273816,,,,,3932.0,5.478538377777777,207.51859800730452,0.0
2022-09-04 13:24:22+00:00,21.24858593,,,,,3934.0,5.9023849805555555,221.49756999468846,0.0
2022-09-04 13:24:24+00:00,22.38976339,,,,,3936.0,6.219378719444444,202.7824673184194,0.0
2022-09-04 13:24:26+00:00,22.5610282,,,,,3938.0,6.2669522777777775,113.92019722424575,0.0
2022-09-04 13:24:28+00:00,22.73911984,,,,,3940.0,6.316422177777778,31.30232495571903,0.0
2022-09-04 13:24:30+00:00,21.09717882,,,,,3942.0,5.86032745,-0.0,6.406888768333748
2022-09-04 13:24:32+00:00,20.25889262,,,,,3944.0,5.627470172222222,28.548533553591604,0.0
2022-09-04 13:24:34+00:00,20.1826929,,,,,3946.0,5.606303583333333,99.98384189567909,0.0
2022-09-04 13:24:36+00:00,20.80465277,,,,,3948.0,5.779070213888889,152.80262852919728,0.0
2022-09-04 13:24:38+00:00,21.33143606,,,,,3950.0,5.925398905555556,158.12882829542926,0.0
2022-09-04 13:24:40+00:00,22.15343923,,,,,3952.0,6.1537331194444445,116.55443179562941,0.0
2022-09-04 13:24:42+00:00,21.79841957,,,,,3954.0,6.055116547222222,86.49456396823895,0.0
2022-09-04 13:24:44+00:00,20.87300755,,,,,3956.0,5.798057652777778,84.17248247922925,0.0
2022-09-04 13:24:46+00:00,21.93494797,,,,,3958.0,6.093041102777778,65.17214942871644,0.0
2022-09-04 13:24:48+00:00,21.66967926,,,,,3960.0,6.01935535,-0.0,21.74054735731615
2022-09-04 13:24:50+00:00,19.27026848,,,,,3962.0,5.352852355555555,-60.43796765048567,0.0
2022-09-04 13:24:52+00:00,17.72425693,,,,,3964.0,4.923404702777778,-0.0,8.261016845119745
2022-09-04 13:24:54+00:00,17.91654594,,,,,3966.0,4.976818316666666,53.36761573856606,0.0
2022-09-04 13:24:56+00:00,18.85608361,,,,,3968.0,5.237801002777777,-0.0,4.835726938572831
2022-09-04 13:24:58+00:00,17.4846411,,,,,3970.0,4.8568447500000005,-136.1519697955506,0.0
2022-09-04 13:25:00+00:00,13.94930288,,,,,3972.0,3.874806355555555,-200.0,0.1071124064365847
2022-09-04 13:25:02+00:00,9.45347995,,,,,3974.0,2.6259666527777776,-143.27716067536522,0.0
2022-09-04 13:25:04+00:00,6.018833613,,,,,3976.0,1.6718982258333333,-68.59858357079641,0.0
2022-09-04 13:25:06+00:00,4.22991833,,,,,3978.0,1.174977313888889,-0.0,31.686255672655452
2022-09-04 13:25:08+00:00,3.066419597,,,,,3980.0,0.8517832213888888,-0.0,12.43595742507919
2022-09-04 13:25:10+00:00,2.272566782,,,,,3982.0,0.6312685505555556,-0.0,4.817927694171247
2022-09-04 13:25:12+00:00,1.78526876,,,,,3984.0,0.4959079888888889,-0.0,1.4548401879514088
2022-09-04 13:25:14+00:00,1.537620203,,,,,3986.0,0.42711672305555554,-0.0,0.22260101937910592
2022-09-04 13:25:16+00:00,1.317296188,,,,,3988.0,0.36591560777777776,0.13716740691488657,0.0
2022-09-04 13:25:18+00:00,1.019937297,,,,,3990.0,0.2833159158333333,0.25988091780126277,0.0
2022-09-04 13:25:20+00:00,0.856292089,,,,,3992.0,0.2378589136111111,0.4472607102300721,0.0
2022-09-04 13:25:22+00:00,0.709985896,,,,,3994.0,0.19721830444444444,0.5787465434473037,0.0
2022-09-04 13:25:24+00:00,0.612984236,,,,,3996.0,0.17027339888888887,0.6203128400403352,0.0
2022-09-04 13:25:26+00:00,0.548598571,,,,,3998.0,0.15238849194444443,0.7290703441616173,0.0
2022-09-04 13:25:28+00:00,0.504226204,,,,,4000.0,0.14006283444444442,1.111259575565515,0.0
2022-09-04 13:25:30+00:00,0.628493654,,,,,4002.0,0.17458157055555557,2.744997927525023,0.0
2022-09-04 13:25:32+00:00,1.233777327,,,,,4004.0,0.3427159241666667,9.45040411875511,0.0
2022-09-04 13:25:34+00:00,2.721322988,,,,,4006.0,0.7559230522222221,35.23875261997183,0.0
2022-09-04 13:25:36+00:00,4.657381539,,,,,4008.0,1.2937170941666667,96.63924991256809,0.0
2022-09-04 13:25:38+00:00,8.795895186,,,,,4010.0,2.443304218333333,240.84840236653764,0.0
2022-09-04 13:25:40+00:00,14.59534056,,,,,4012.0,4.054261266666667,441.7632107171865,0.0
2022-09-04 13:25:42+00:00,18.59873423,,,,,4014.0,5.166315063888889,514.4233816456517,0.0
2022-09-04 13:25:44+00:00,22.70077952,,,,,4016.0,6.305772088888889,490.24185443607195,0.0
2022-09-04 13:25:46+00:00,24.99357538,,,,,4018.0,6.942659827777778,357.60832201057036,0.0
2022-09-04 13:25:48+00:00,25.19956815,,,,,4020.0,6.999880041666667,196.59396288754118,0.0
2022-09-04 13:25:50+00:00,24.94971914,,,,,4022.0,6.930477538888889,119.7211866953148,0.0
2022-09-04 13:25:52+00:00,24.90200848,,,,,4024.0,6.917224577777778,102.56375105196815,0.0
2022-09-04 13:25:54+00:00,24.47534541,,,,,4026.0,6.798707058333333,90.64760031597152,0.0
2022-09-04 13:25:56+00:00,24.18203835,,,,,4028.0,6.717232875,78.83151012130152,0.0
2022-09-04 13:25:58+00:00,23.89603999,,,,,4030.0,6.63778888611111,54.851629881940184,0.0
2022-09-04 13:26:00+00:00,23.35135131,,,,,4032.0,6.4864864749999995,-0.0,10.309686434026686
2022-09-04 13:26:02+00:00,22.2861424,,,,,4034.0,6.190595111111111,-73.64459733880538,0.0
2022-09-04 13:26:04+00:00,20.10801111,,,,,4036.0,5.585558641666666,-86.50133229488974,0.0
2022-09-04 13:26:06+00:00,18.1267879,,,,,4038.0,5.035218861111111,-0.0,19.769584352150137
2022-09-04 13:26:08+00:00,17.86173783,,,,,4040.0,4.961593841666667,99.4281676335163,0.0
2022-09-04 13:26:10+00:00,19.56227923,,,,,4042.0,5.433966452777778,182.13047209447612,0.0
2022-09-04 13:26:12+00:00,20.66613891,,,,,4044.0,5.740594141666667,158.30309738086805,0.0
2022-09-04 13:26:14+00:00,20.70170849,,,,,4046.0,5.750474580555556,96.28151212708721,0.0
2022-09-04 13:26:16+00:00,20.12502707,,,,,4048.0,5.590285297222223,40.87960168299901,0.0
2022-09-04 13:26:18+00:00,20.43314063,,,,,4050.0,5.675872397222222,38.08858742210597,0.0
2022-09-04 13:26:20+00:00,18.75513839,,,,,4052.0,5.209760663888889,58.79943061029067,0.0
2022-09-04 13:26:22+00:00,19.63830537,,,,,4054.0,5.455084825,67.61697508762181,0.0
2022-09-04 13:26:24+00:00,20.21981896,,,,,4056.0,5.6166163777777784,-0.0,18.025351685178293
2022-09-04 13:26:26+00:00,18.35538535,,,,,4058.0,5.098718152777777,-159.45308044493092,0.0
2022-09-04 13:26:28+00:00,14.75689422,,,,,4060.0,4.0991372833333335,-200.0,5.169634451336606
2022-09-04 13:26:30+00:00,10.39174956,,,,,4062.0,2.8865971,-141.61104275429062,0.0
2022-09-04 13:26:32+00:00,7.758680858,,,,,4064.0,2.155189127222222,-79.61254799575222,0.0
2022-09-04 13:26:34+00:00,5.965232022,,,,,4066.0,1.6570088950000001,-39.32189218697681,0.0
2022-09-04 13:26:36+00:00,4.344727901,,,,,4068.0,1.2068688613888887,-0.0,17.45498406479544
2022-09-04 13:26:38+00:00,3.742721998,,,,,4070.0,1.0396449994444443,-0.0,4.5133311592590735
2022-09-04 13:26:40+00:00,3.769976673,,,,,4072.0,1.0472157425,-0.0,1.2062972067746518
2022-09-04 13:26:42+00:00,3.541389288,,,,,4074.0,0.9837192466666667,-0.0,1.0095021402832596
2022-09-04 13:26:44+00:00,2.5481231,,,,,4076.0,0.7078119722222223,2.6742456109897157,0.0
2022-09-04 13:26:46+00:00,3.017297744,,,,,4078.0,0.8381382622222222,9.07157486876221,0.0
2022-09-04 13:26:48+00:00,3.777955555,,,,,4080.0,1.0494320986111112,14.380168999616581,0.0
2022-09-04 13:26:50+00:00,3.770150458,,,,,4082.0,1.047264016111111,12.0198222973394,0.0
2022-09-04 13:26:52+00:00,4.0334958,,,,,4084.0,1.1204155,12.156536969971361,0.0
2022-09-04 13:26:54+00:00,4.371099102,,,,,4086.0,1.214194195,16.039722911746207,0.0
2022-09-04 13:26:56+00:00,4.595230724,,,,,4088.0,1.276452978888889,25.452210270002592,0.0
2022-09-04 13:26:58+00:00,5.275045818,,,,,4090.0,1.4652905049999998,44.152341494080446,0.0
2022-09-04 13:27:00+00:00,7.085641863,,,,,4092.0,1.9682338508333332,75.56740699987559,0.0
2022-09-04 13:27:02+00:00,8.673971177,,,,,4094.0,2.4094364380555557,102.41112014028866,0.0
2022-09-04 13:27:04+00:00,10.17606268,,,,,4096.0,2.8266840777777777,129.02937286154327,0.0
2022-09-04 13:27:06+00:00,12.15947455,,,,,4098.0,3.3776318194444443,165.4783274087432,0.0
2022-09-04 13:27:08+00:00,14.27444353,,,,,4100.0,3.9651232027777774,197.92071753570642,0.0
2022-09-04 13:27:10+00:00,15.89987522,,,,,4102.0,4.416632005555556,217.0882465090657,0.0
2022-09-04 13:27:12+00:00,17.64737517,,,,,4104.0,4.902048658333333,275.65066500547334,0.0
2022-09-04 13:27:14+00:00,19.45480026,,,,,4106.0,5.404111183333333,354.193564184681,0.0
2022-09-04 13:27:16+00:00,22.99782682,,,,,4108.0,6.388285227777778,369.16477706694184,0.0
2022-09-04 13:27:18+00:00,25.01211883,,,,,4110.0,6.947810786111111,237.08595901965413,0.0
2022-09-04 13:27:20+00:00,23.35526174,,,,,4112.0,6.487572705555555,66.25013045950065,0.0
2022-09-04 13:27:22+00:00,23.02509747,,,,,4114.0,6.395860408333332,32.30512669829131,0.0
2022-09-04 13:27:24+00:00,22.68660701,,,,,4116.0,6.301835280555555,49.01216488912024,0.0
2022-09-04 13:27:26+00:00,22.02553469,,,,,4118.0,6.1182040805555555,46.44780133957833,0.0
2022-09-04 13:27:28+00:00,21.57392831,,,,,4120.0,5.9927578638888885,59.29862596624936,0.0
2022-09-04 13:27:30+00:00,21.50187019,,,,,4122.0,5.9727417194444445,61.21248014983926,0.0
2022-09-04 13:27:32+00:00,21.35722149,,,,,4124.0,5.932561525,62.67474026039408,0.0
2022-09-04 13:27:34+00:00,20.50991461,,,,,4126.0,5.697198502777778,39.44426333665777,0.0
2022-09-04 13:27:36+00:00,20.96430395,,,,,4128.0,5.823417763888889,17.213834502602054,0.0
2022-09-04 13:27:38+00:00,19.50067463,,,,,4130.0,5.416854063888889,-0.0,1.31017115337687
2022-09-04 13:27:40+00:00,18.72456709,,,,,4132.0,5.201268636111111,17.106537824249617,0.0
2022-09-04 13:27:42+00:00,18.59166152,,,,,4134.0,5.164350422222221,47.29917092209553,0.0
2022-09-04 13:27:44+00:00,18.91953286,,,,,4136.0,5.255425794444444,27.052620419531284,0.0
2022-09-04 13:27:46+00:00,18.04484852,,,,,4138.0,5.012457922222222,-0.0,4.926899237940534
2022-09-04 13:27:48+00:00,16.79411281,,,,,4140.0,4.665031336111111,0.21064625189627875,0.0
2022-09-04 13:27:50+00:00,16.69149013,,,,,4142.0,4.63652503611111,44.21042666660351,0.0
2022-09-04 13:27:52+00:00,16.86004256,,,,,4144.0,4.683345155555555,85.52659622405119,0.0
2022-09-04 13:27:54+00:00,17.27248541,,,,,4146.0,4.797912613888889,113.75281481077675,0.0
2022-09-04 13:27:56+00:00,17.93646526,,,,,4148.0,4.982351461111111,168.40521408243205,0.0
2022-09-04 13:27:58+00:00,18.7845506,,,,,4150.0,5.2179307222222215,242.44420861603615,0.0
2022-09-04 13:28:00+00:00,21.21477184,,,,,4152.0,5.892992177777778,291.84461378522093,0.0
2022-09-04 13:28:02+00:00,23.2336112,,,,,4154.0,6.453780888888888,200.78238624018493,0.0
2022-09-04 13:28:04+00:00,22.94266967,,,,,4156.0,6.372963797222222,-0.0,7.855077072450517
2022-09-04 13:28:06+00:00,20.7057482,,,,,4158.0,5.751596722222222,-112.28936871141848,0.0
2022-09-04 13:28:08+00:00,18.29724173,,,,,4160.0,5.082567147222222,-122.56717621598584,0.0
2022-09-04 13:28:10+00:00,16.65793549,,,,,4162.0,4.627204302777778,-116.772127728275,0.0
2022-09-04 13:28:12+00:00,14.79402024,,,,,4164.0,4.109450066666667,-139.23044665729748,0.0
2022-09-04 13:28:14+00:00,12.00413325,,,,,4166.0,3.3344814583333333,-147.2120946651513,0.0
2022-09-04 13:28:16+00:00,8.1201856,,,,,4168.0,2.255607111111111,-99.83852789270824,0.0
2022-09-04 13:28:18+00:00,5.416050776,,,,,4170.0,1.5044585488888886,-49.437890520711015,0.0
2022-09-04 13:28:20+00:00,3.948866342,,,,,4172.0,1.0969073172222221,-0.0,23.179071329653826
2022-09-04 13:28:22+00:00,2.966940779,,,,,4174.0,0.824150216388889,-0.0,9.765127289910106
2022-09-04 13:28:24+00:00,2.284972083,,,,,4176.0,0.6347144674999999,-0.0,4.392801187837852
2022-09-04 13:28:26+00:00,1.757411717,,,,,4178.0,0.4881699213888889,-0.0,0.7635013429238546
2022-09-04 13:28:28+00:00,1.408023331,,,,,4180.0,0.39111759194444445,2.827716805168589,0.0
2022-09-04 13:28:30+00:00,1.790808273,,,,,4182.0,0.4974467425,8.49973047734325,0.0
2022-09-04 13:28:32+00:00,2.741602072,,,,,4184.0,0.7615561311111111,21.787914839495983,0.0
2022-09-04 13:28:34+00:00,3.692844136,,,,,4186.0,1.0257900377777778,41.56590774092718,0.0
2022-09-04 13:28:36+00:00,6.004493675,,,,,4188.0,1.6679149097222221,76.60978781443656,0.0
2022-09-04 13:28:38+00:00,8.353563613,,,,,4190.0,2.3204343369444445,103.07887048803599,0.0
2022-09-04 13:28:40+00:00,9.286665065,,,,,4192.0,2.579629184722222,110.64009347117043,0.0
2022-09-04 13:28:42+00:00,10.96433174,,,,,4194.0,3.0456477055555555,148.62060259497994,0.0
2022-09-04 13:28:44+00:00,13.40411957,,,,,4196.0,3.723366547222222,210.78981746835876,0.0
2022-09-04 13:28:46+00:00,15.68999708,,,,,4198.0,4.358332522222222,222.61837069415628,0.0
2022-09-04 13:28:48+00:00,17.82742453,,,,,4200.0,4.952062369444444,177.19382648931327,0.0
2022-09-04 13:28:50+00:00,17.79828727,,,,,4202.0,4.943968686111111,90.59334770153782,0.0
2022-09-04 13:28:52+00:00,17.74897052,,,,,4204.0,4.930269588888889,9.563410668800648,0.0
2022-09-04 13:28:54+00:00,17.29209401,,,,,4206.0,4.803359447222222,-57.97053723504587,0.0
2022-09-04 13:28:56+00:00,15.23609601,,,,,4208.0,4.232248891666667,-97.43756604443278,0.0
2022-09-04 13:28:58+00:00,12.55903558,,,,,4210.0,3.488620994444444,-66.61056722968365,0.0
2022-09-04 13:29:00+00:00,11.35286281,,,,,4212.0,3.1535730027777777,4.277590986411578,0.0
2022-09-04 13:29:02+00:00,11.91492085,,,,,4214.0,3.309700236111111,76.77884235036208,0.0
2022-09-04 13:29:04+00:00,13.8614943,,,,,4216.0,3.8504150833333335,66.40475997097468,0.0
2022-09-04 13:29:06+00:00,14.12034209,,,,,4218.0,3.922317247222222,-45.29356999829873,0.0
2022-09-04 13:29:08+00:00,11.19910686,,,,,4220.0,3.110863016666667,-111.2659552687299,0.0
2022-09-04 13:29:10+00:00,7.672816725,,,,,4222.0,2.1313379791666667,-86.89076770888003,0.0
2022-09-04 13:29:12+00:00,5.444021375,,,,,4224.0,1.5122281597222222,-45.67842288219085,0.0
2022-09-04 13:29:14+00:00,3.709192397,,,,,4226.0,1.0303312213888889,-0.0,20.30866596026666
2022-09-04 13:29:16+00:00,2.87898422,,,,,4228.0,0.7997178388888888,-0.0,7.885030895102787
2022-09-04 13:29:18+00:00,2.41208384,,,,,4230.0,0.670023288888889,-0.0,2.6150787225308796
2022-09-04 13:29:20+00:00,2.046926266,,,,,4232.0,0.5685906294444444,-0.0,1.0826244508803102
2022-09-04 13:29:22+00:00,1.735071484,,,,,4234.0,0.4819643011111111,0.04396739969005489,0.0
2022-09-04 13:29:24+00:00,1.388720966,,,,,4236.0,0.38575582388888885,1.042764747079438,0.0
2022-09-04 13:29:26+00:00,1.534907122,,,,,4238.0,0.4263630894444444,1.7330933201437235,0.0
2022-09-04 13:29:28+00:00,1.457501658,,,,,4240.0,0.40486157166666664,1.3407254580348227,0.0
2022-09-04 13:29:30+00:00,1.25887302,,,,,4242.0,0.34968695,1.6299114186334347,0.0
2022-09-04 13:29:32+00:00,1.045889184,,,,,4244.0,0.2905247733333333,5.779647467177922,0.0
2022-09-04 13:29:34+00:00,1.712846613,,,,,4246.0,0.4757907258333333,24.022898696985106,0.0
2022-09-04 13:29:36+00:00,5.080405919,,,,,4248.0,1.411223866388889,109.2506330540966,0.0
2022-09-04 13:29:38+00:00,9.940560746,,,,,4250.0,2.761266873888889,236.65475164289384,0.0
2022-09-04 13:29:40+00:00,12.99494667,,,,,4252.0,3.609707408333333,281.0120240496867,0.0
2022-09-04 13:29:42+00:00,15.83127764,,,,,4254.0,4.397577122222222,275.0699599906162,0.0
2022-09-04 13:29:44+00:00,18.5331371,,,,,4256.0,5.148093638888889,224.30427425430054,0.0
2022-09-04 13:29:46+00:00,18.87361135,,,,,4258.0,5.242669819444445,144.69877067069896,0.0
2022-09-04 13:29:48+00:00,18.43661153,,,,,4260.0,5.1212809805555555,95.17100659622734,0.0
2022-09-04 13:29:50+00:00,19.81092433,,,,,4262.0,5.503034536111111,41.871327976923645,0.0
2022-09-04 13:29:52+00:00,19.03827499,,,,,4264.0,5.288409719444445,-37.254701771701654,0.0
2022-09-04 13:29:54+00:00,16.25993837,,,,,4266.0,4.516649547222222,-0.0,22.872153641715308
2022-09-04 13:29:56+00:00,15.56546727,,,,,4268.0,4.323740908333333,127.83910108041346,0.0
2022-09-04 13:29:58+00:00,18.38508813,,,,,4270.0,5.106968924999999,332.9458501943553,0.0
2022-09-04 13:30:00+00:00,22.11357785,,,,,4272.0,6.142660513888888,430.33219924970825,0.0
2022-09-04 13:30:02+00:00,24.3468446,,,,,4274.0,6.763012388888889,306.3998638933264,0.0
2022-09-04 13:30:04+00:00,24.60455109,,,,,4276.0,6.834597525,83.29529627018466,0.0
2022-09-04 13:30:06+00:00,23.20295237,,,,,4278.0,6.445264547222221,-63.39614664824748,0.0
2022-09-04 13:30:08+00:00,21.11746839,,,,,4280.0,5.865963441666667,-109.0908513181098,0.0
2022-09-04 13:30:10+00:00,19.26184167,,,,,4282.0,5.350511575,-100.1965293714983,0.0
2022-09-04 13:30:12+00:00,17.53272541,,,,,4284.0,4.870201502777778,-53.33004157267121,0.0
2022-09-04 13:30:14+00:00,16.23029279,,,,,4286.0,4.508414663888889,39.02562848841682,0.0
2022-09-04 13:30:16+00:00,16.73134704,,,,,4288.0,4.647596399999999,150.18042953263267,0.0
2022-09-04 13:30:18+00:00,19.20966927,,,,,4290.0,5.3360192416666665,221.18176305902128,0.0
2022-09-04 13:30:20+00:00,20.2788949,,,,,4292.0,5.633026361111111,176.9601912485526,0.0
2022-09-04 13:30:22+00:00,20.39676834,,,,,4294.0,5.665768983333334,100.74586503047924,0.0
2022-09-04 13:30:24+00:00,20.13835093,,,,,4296.0,5.593986369444445,76.36531350460031,0.0
2022-09-04 13:30:26+00:00,20.0572882,,,,,4298.0,5.571468944444444,73.43693952616354,0.0
2022-09-04 13:30:28+00:00,20.22757829,,,,,4300.0,5.6187717472222225,51.92628426200145,0.0
2022-09-04 13:30:30+00:00,19.8054958,,,,,4302.0,5.501526611111111,-0.0,2.4624192134761187
2022-09-04 13:30:32+00:00,18.72836324,,,,,4304.0,5.202323122222222,-47.39923865731397,0.0
2022-09-04 13:30:34+00:00,17.25382292,,,,,4306.0,4.792728588888889,-64.11509800505819,0.0
2022-09-04 13:30:36+00:00,15.71390517,,,,,4308.0,4.364973658333334,-52.626641886134706,0.0
2022-09-04 13:30:38+00:00,14.61976148,,,,,4310.0,4.061044855555555,-29.172161709604715,0.0
2022-09-04 13:30:40+00:00,13.96260128,,,,,4312.0,3.8785003555555555,-0.0,9.220361323743276
2022-09-04 13:30:42+00:00,13.52824626,,,,,4314.0,3.757846183333333,4.893663691658747,0.0
2022-09-04 13:30:44+00:00,13.21480519,,,,,4316.0,3.6707792194444444,12.48867241498255,0.0
2022-09-04 13:30:46+00:00,12.97186276,,,,,4318.0,3.603295211111111,16.555842789594244,0.0
2022-09-04 13:30:48+00:00,12.77308425,,,,,4320.0,3.5480789583333334,18.863763259288717,0.0
2022-09-04 13:30:50+00:00,12.60375802,,,,,4322.0,3.5010438944444444,20.22946879409182,0.0
2022-09-04 13:30:52+00:00,12.45504311,,,,,4324.0,3.459734197222222,21.051004091073406,0.0
2022-09-04 13:30:54+00:00,12.32124735,,,,,4326.0,3.4225687083333334,21.534900503826645,0.0
2022-09-04 13:30:56+00:00,12.19849124,,,,,4328.0,3.3884697888888886,21.79628228083487,0.0
2022-09-04 13:30:58+00:00,12.08401721,,,,,4330.0,3.3566714472222223,21.904233496188024,0.0
2022-09-04 13:31:00+00:00,11.97580853,,,,,4332.0,3.3266134805555554,21.903090715154878,0.0
2022-09-04 13:31:02+00:00,11.87236314,,,,,4334.0,3.2978786499999995,21.822897611532678,0.0
2022-09-04 13:31:04+00:00,11.77254972,,,,,4336.0,3.2701527,21.684840461158856,0.0
2022-09-04 13:31:06+00:00,11.67551038,,,,,4338.0,3.2431973277777777,21.504270632744802,0.0
2022-09-04 13:31:08+00:00,11.580592,,,,,4340.0,3.216831111111111,21.29250941581682,0.0
2022-09-04 13:31:10+00:00,11.48729616,,,,,4342.0,3.1909156,21.05799886224167,0.0
2022-09-04 13:31:12+00:00,11.395242,,,,,4344.0,3.165345,20.80707673427783,0.0
2022-09-04 13:31:14+00:00,11.30413824,,,,,4346.0,3.1400384,20.544520070056024,0.0
2022-09-04 13:31:16+00:00,11.21376202,,,,,4348.0,3.1149338944444445,20.273937860663995,0.0
2022-09-04 13:31:18+00:00,11.12394276,,,,,4350.0,3.0899841,19.998059797415102,0.0
2022-09-04 13:31:20+00:00,11.03454991,,,,,4352.0,3.0651527527777778,19.718951153479455,0.0
2022-09-04 13:31:22+00:00,10.94548352,,,,,4354.0,3.0404120888888886,19.438173791713787,0.0
2022-09-04 13:31:24+00:00,10.85666707,,,,,4356.0,3.015740852777778,19.156907935912496,0.0
2022-09-04 13:31:26+00:00,10.76804197,,,,,4358.0,2.9911227694444444,18.876044397755585,0.0
2022-09-04 13:31:28+00:00,10.67956338,,,,,4360.0,2.966545383333333,18.596253733182,0.0
2022-09-04 13:31:30+00:00,10.59119697,,,,,4362.0,2.9419991583333336,18.318039132089655,0.0
2022-09-04 13:31:32+00:00,10.50291643,,,,,4364.0,2.9174767861111115,18.0417766349607,0.0
2022-09-04 13:31:34+00:00,10.41470164,,,,,4366.0,2.892972677777778,17.76774606924359,0.0
2022-09-04 13:31:36+00:00,10.32653719,,,,,4368.0,2.8684825527777775,17.496153594613173,0.0
2022-09-04 13:31:38+00:00,10.23841129,,,,,4370.0,2.844003136111111,17.227149408449325,0.0
2022-09-04 13:31:40+00:00,10.15031489,,,,,4372.0,2.819531913888889,16.9608412193777,0.0
2022-09-04 13:31:42+00:00,10.06224109,,,,,4374.0,2.7950669694444445,16.697304600441242,0.0
2022-09-04 13:31:44+00:00,9.974184584,,,,,4376.0,2.7706068288888885,16.436590525440288,0.0
2022-09-04 13:31:46+00:00,9.886141322,,,,,4378.0,2.746150367222222,16.178731235919795,0.0
2022-09-04 13:31:48+00:00,9.7981082,,,,,4380.0,2.721696722222222,15.923744913994346,0.0
2022-09-04 13:31:50+00:00,9.71008284,,,,,4382.0,2.697245233333333,15.671638841329681,0.0
2022-09-04 13:31:52+00:00,9.622063425,,,,,4384.0,2.6727953958333335,15.422412138294408,0.0
2022-09-04 13:31:54+00:00,9.53404856,,,,,4386.0,2.6483468222222224,15.17605769860694,0.0
2022-09-04 13:31:56+00:00,9.446037178,,,,,4388.0,2.623899216111111,14.932563664459533,0.0
2022-09-04 13:31:58+00:00,9.358028465,,,,,4390.0,2.599452351388889,14.691914613666098,0.0
2022-09-04 13:32:00+00:00,9.270021793,,,,,4392.0,2.575006053611111,14.454092333309688,0.0
2022-09-04 13:32:02+00:00,9.182016686,,,,,4394.0,2.5505601905555557,14.219076558097957,0.0
2022-09-04 13:32:04+00:00,9.094012775,,,,,4396.0,2.526114659722222,13.986845440171528,0.0
2022-09-04 13:32:06+00:00,9.006009781,,,,,4398.0,2.501669383611111,13.757375938372173,0.0
2022-09-04 13:32:08+00:00,8.918007488,,,,,4400.0,2.4772243022222225,13.530644111196578,0.0
2022-09-04 13:32:10+00:00,8.830005733,,,,,4402.0,2.452779370277778,13.30662529202157,0.0
2022-09-04 13:32:12+00:00,8.74200439,,,,,4404.0,2.4283345527777778,13.08529429311292,0.0
2022-09-04 13:32:14+00:00,8.654003361,,,,,4406.0,2.4038898224999996,12.866625532076629,0.0
2022-09-04 13:32:16+00:00,8.566002573,,,,,4408.0,2.3794451591666665,12.650593141705363,0.0
2022-09-04 13:32:18+00:00,8.47800197,,,,,4410.0,2.355000547222222,12.437171020564236,0.0
2022-09-04 13:32:20+00:00,8.390001508,,,,,4412.0,2.330555974444444,12.226332863880591,0.0
2022-09-04 13:32:22+00:00,8.302001155,,,,,4414.0,2.3061114319444442,12.01805225400022,0.0
2022-09-04 13:32:24+00:00,8.214000884,,,,,4416.0,2.281666912222222,11.81230266489129,0.0
2022-09-04 13:32:26+00:00,8.126000677,,,,,4418.0,2.257222410277778,11.609057508071091,0.0
2022-09-04 13:32:28+00:00,8.038000518,,,,,4420.0,2.2327779216666666,11.408290127177297,0.0
2022-09-04 13:32:30+00:00,7.950000397,,,,,4422.0,2.208333443611111,11.209973817862897,0.0
2022-09-04 13:32:32+00:00,7.862000304,,,,,4424.0,2.1838889733333335,11.014081839846916,0.0
2022-09-04 13:32:34+00:00,7.774000233,,,,,4426.0,2.1594445091666667,10.820587434990982,0.0
2022-09-04 13:32:36+00:00,7.686000178,,,,,4428.0,2.1350000494444443,10.629463834496766,0.0
2022-09-04 13:32:38+00:00,7.598000136,,,,,4430.0,2.1105555933333333,10.440684250787838,0.0
2022-09-04 13:32:40+00:00,7.510000104,,,,,4432.0,2.08611114,10.254221872077897,0.0
2022-09-04 13:32:42+00:00,7.42200008,,,,,4434.0,2.061666688888889,10.070049880320603,0.0
2022-09-04 13:32:44+00:00,7.334000061,,,,,4436.0,2.037222239166667,9.888141454600717,0.0
2022-09-04 13:32:46+00:00,7.246000047,,,,,4438.0,2.0127777908333333,8.522644963931645,0.0
2022-09-04 13:32:48+00:00,7.158000036,,,,,4440.0,1.9883333433333332,4.430321019926601,0.0
2022-09-04 13:32:50+00:00,6.903410284,,,,,4442.0,1.9176139677777777,-0.0,1.8161748212353295
2022-09-04 13:32:52+00:00,6.423214008,,,,,4444.0,1.7842261133333335,-0.0,7.179848506799069
2022-09-04 13:32:54+00:00,5.823726325,,,,,4446.0,1.6177017569444443,-0.0,10.060434246857264
2022-09-04 13:32:56+00:00,5.156656643,,,,,4448.0,1.4324046230555554,-0.0,10.789245846329578
2022-09-04 13:32:58+00:00,4.448400262,,,,,4450.0,1.2356667394444443,-0.0,9.648108336482792
2022-09-04 13:33:00+00:00,3.713301769,,,,,4452.0,1.031472713611111,-0.0,5.4195042938602365
2022-09-04 13:33:02+00:00,3.140660452,,,,0.49,4454.0,0.8724056811111112,-0.0,1.6559769040106376
2022-09-04 13:33:04+00:00,3.180445706,,,,,4456.0,0.8834571405555556,-0.0,1.5282692757125125
2022-09-04 13:33:06+00:00,2.777915293,,,,,4458.0,0.7716431369444444,-0.0,3.236206640086662
2022-09-04 13:33:08+00:00,1.923902084,,,,,4460.0,0.5344172455555556,-0.0,2.5676202004920667
2022-09-04 13:33:10+00:00,1.4869277,,,,,4462.0,0.41303547222222226,-0.0,0.6694395814094436
2022-09-04 13:33:12+00:00,1.396145484,,,,,4464.0,0.38781819,0.8397202869435954,0.0
2022-09-04 13:33:14+00:00,1.240617314,,,,,4466.0,0.34461592055555557,1.869605142792011,0.0
2022-09-04 13:33:16+00:00,1.228378044,,,,,4468.0,0.34121612333333334,2.734879704328929,0.0
2022-09-04 13:33:18+00:00,1.637394181,,,,,4470.0,0.4548317169444444,3.919166495304693,0.0
2022-09-04 13:33:20+00:00,1.714601977,,,,,4472.0,0.47627832694444444,3.024303981276874,0.0
2022-09-04 13:33:22+00:00,1.63191785,,,,,4474.0,0.4533105138888889,1.5034788421942982,0.0
2022-09-04 13:33:24+00:00,1.468660401,,,,,4476.0,0.4079612225,0.8133274239082481,0.0
2022-09-04 13:33:26+00:00,1.262311301,,,,,4478.0,0.35064202805555555,0.7875240058746207,0.0
2022-09-04 13:33:28+00:00,1.092462898,,,,,4480.0,0.3034619161111111,1.3091986377930198,0.0
2022-09-04 13:33:30+00:00,1.091479147,,,,,4482.0,0.30318865194444444,1.8246075987828558,0.0
2022-09-04 13:33:32+00:00,1.310358051,,,,,4484.0,0.3639883475,1.9505359214621318,0.0
2022-09-04 13:33:34+00:00,1.197082724,,,,,4486.0,0.3325229788888889,1.0181296403499969,0.0
2022-09-04 13:33:36+00:00,0.949594584,,,,,4488.0,0.2637762733333333,0.4066114544476758,0.0
2022-09-04 13:33:38+00:00,0.767380575,,,,,4490.0,0.21316127083333333,0.44355768461035455,0.0
2022-09-04 13:33:40+00:00,0.628853685,,,,,4492.0,0.17468157916666668,0.5735494414565897,0.0
2022-09-04 13:33:42+00:00,0.561217174,,,,,4494.0,0.15589365944444444,0.6794543772167572,0.0
2022-09-04 13:33:44+00:00,0.540479829,,,,,4496.0,0.15013328583333332,0.7762813819712747,0.0
2022-09-04 13:33:46+00:00,0.544998625,,,,,4498.0,0.15138850694444442,0.8554381452114799,0.0
2022-09-04 13:33:48+00:00,0.564120362,,,,,4500.0,0.15670010055555555,0.9291045855346939,0.0
2022-09-04 13:33:50+00:00,0.592318568,,,,,4502.0,0.16453293555555557,1.0041698952857825,0.0
2022-09-04 13:33:52+00:00,0.626530875,,,,,4504.0,0.17403635416666668,1.0823485450890675,0.0
2022-09-04 13:33:54+00:00,0.664932143,,,,,4506.0,0.18470337305555556,1.172421163374326,0.0
2022-09-04 13:33:56+00:00,0.706355877,,,,,4508.0,0.19620996583333333,1.4238151880893428,0.0
2022-09-04 13:33:58+00:00,0.76334493,,,,,4510.0,0.21204025833333334,1.614820011929339,0.0
2022-09-04 13:34:00+00:00,1.035622102,,,,,4512.0,0.2876728061111111,1.9160306071470588,0.0
2022-09-04 13:34:02+00:00,0.944133679,,,,,4514.0,0.2622593552777778,1.2475186837004066,0.0
2022-09-04 13:34:04+00:00,0.860672295,,,,,4516.0,0.2390756375,0.8959623379178581,0.0
2022-09-04 13:34:06+00:00,0.736330536,,,,,4518.0,0.20453626,0.8486341415483137,0.0
2022-09-04 13:34:08+00:00,0.75710176,,,,,4520.0,0.21030604444444442,0.9497914871243357,0.0
2022-09-04 13:34:10+00:00,0.676224204,,,,,4522.0,0.18784005666666667,0.9087376558816777,0.0
2022-09-04 13:34:12+00:00,0.652913759,,,,,4524.0,0.18136493305555557,1.016475279637709,0.0
2022-09-04 13:34:14+00:00,0.664362754,,,,,4526.0,0.18454520944444444,1.7479646367991735,0.0
2022-09-04 13:34:16+00:00,0.809825942,,,,,4528.0,0.22495165055555555,4.007318891613816,0.0
2022-09-04 13:34:18+00:00,1.653565246,,,,,4530.0,0.45932367944444447,12.147209182659276,0.0
2022-09-04 13:34:20+00:00,3.155456757,,,,,4532.0,0.8765157658333333,24.94771038078013,0.0
2022-09-04 13:34:22+00:00,4.237327381,,,,,4534.0,1.1770353836111112,21.929953406969272,0.0
2022-09-04 13:34:24+00:00,4.66659316,,,,,4536.0,1.2962758777777776,3.4591578118492636,0.0
2022-09-04 13:34:26+00:00,3.749710531,,,,,4538.0,1.041586258611111,-0.0,9.196462545581078
2022-09-04 13:34:28+00:00,2.711065939,,,,,4540.0,0.7530738719444444,-0.0,9.101717842590169
2022-09-04 13:34:30+00:00,1.783843221,,,,,4542.0,0.4955120058333333,-0.0,4.268043524139623
2022-09-04 13:34:32+00:00,1.245058682,,,,,4544.0,0.3458496338888889,-0.0,1.3673177891463821
2022-09-04 13:34:34+00:00,0.947219844,,,,,4546.0,0.26311662333333335,0.28750074985249086,0.0
2022-09-04 13:34:36+00:00,0.754150572,,,,,4548.0,0.20948627,1.1632298333446764,0.0
2022-09-04 13:34:38+00:00,1.03666295,,,,,4550.0,0.2879619305555555,2.063807177226822,0.0
2022-09-04 13:34:40+00:00,1.18087598,,,,,4552.0,0.3280211055555555,1.8269858113661417,0.0
2022-09-04 13:34:42+00:00,0.998803159,,,,,4554.0,0.27744532194444443,0.8110085471312983,0.0
2022-09-04 13:34:44+00:00,0.816545329,,,,,4556.0,0.22681814694444444,0.5404793452913234,0.0
2022-09-04 13:34:46+00:00,0.679820617,,,,,4558.0,0.18883906027777775,0.6855322500072358,0.0
2022-09-04 13:34:48+00:00,0.628132093,,,,,4560.0,0.17448113694444442,0.9886398130912635,0.0
2022-09-04 13:34:50+00:00,0.669568104,,,,,4562.0,0.18599114,1.3012160607044028,0.0
2022-09-04 13:34:52+00:00,0.885286594,,,,,4564.0,0.24591294277777775,1.5346486340186323,0.0
2022-09-04 13:34:54+00:00,0.856856611,,,,,4566.0,0.23801572527777776,1.062101633413084,0.0
2022-09-04 13:34:56+00:00,0.659164731,,,,,4568.0,0.18310131416666664,0.6179088560089531,0.0
2022-09-04 13:34:58+00:00,0.611503337,,,,,4570.0,0.16986203805555555,0.6751136768779432,0.0
2022-09-04 13:35:00+00:00,0.540912393,,,,,4572.0,0.1502534425,0.7444195420420748,0.0
2022-09-04 13:35:02+00:00,0.555387646,,,,,4574.0,0.1542743461111111,0.8232405301537553,0.0
2022-09-04 13:35:04+00:00,0.57319507,,,,,4576.0,0.15922085277777778,0.9359523519200051,0.0
2022-09-04 13:35:06+00:00,0.544984349,,,,,4578.0,0.1513845413888889,0.9320898453305538,0.0
2022-09-04 13:35:08+00:00,0.670235864,,,,,4580.0,0.1861766288888889,1.1865955631614131,0.0
2022-09-04 13:35:10+00:00,0.656304626,,,,,4582.0,0.18230684055555554,1.3081387947707477,0.0
2022-09-04 13:35:12+00:00,0.720003637,,,,,4584.0,0.20000101027777778,1.888556333183278,0.0
2022-09-04 13:35:14+00:00,0.980241022,,,,,4586.0,0.27228917277777775,2.8257058560235926,0.0
2022-09-04 13:35:16+00:00,1.471835554,,,,,4588.0,0.40884320944444447,4.374915475288563,0.0
2022-09-04 13:35:18+00:00,1.291396078,,,,,4590.0,0.3587211327777778,3.9173574597948098,0.0
2022-09-04 13:35:20+00:00,1.879085587,,,,,4592.0,0.5219682186111111,4.609071458404632,0.0
2022-09-04 13:35:22+00:00,2.108661497,,,,,4594.0,0.5857393047222222,3.4368058889774726,0.0
2022-09-04 13:35:24+00:00,1.586767862,,,,,4596.0,0.4407688505555556,2.119899250310765,0.0
2022-09-04 13:35:26+00:00,1.672047824,,,,,4598.0,0.4644577288888889,8.802797954949629,0.0
2022-09-04 13:35:28+00:00,2.117779223,,,,,4600.0,0.5882720063888889,27.821056455987364,0.0
2022-09-04 13:35:30+00:00,5.377084626,,,,,4602.0,1.4936346183333333,106.58106348011917,0.0
2022-09-04 13:35:32+00:00,9.683398015,,,,,4604.0,2.6898327819444443,224.90387566614612,0.0
2022-09-04 13:35:34+00:00,12.54929832,,,,,4606.0,3.4859162,276.7914189699226,0.0
2022-09-04 13:35:36+00:00,16.42056062,,,,,4608.0,4.561266838888889,303.17210823421703,0.0
2022-09-04 13:35:38+00:00,18.49879215,,,,,4610.0,5.138553375,252.89672116990894,0.0
2022-09-04 13:35:40+00:00,19.1855421,,,,,4612.0,5.32931725,180.46810670583088,0.0
2022-09-04 13:35:42+00:00,19.87306872,,,,,4614.0,5.5202968666666665,183.6805064052764,0.0
2022-09-04 13:35:44+00:00,20.62104626,,,,,4616.0,5.728068405555556,222.9533143836856,0.0
2022-09-04 13:35:46+00:00,22.29189891,,,,,4618.0,6.192194141666667,253.4238062257706,0.0
2022-09-04 13:35:48+00:00,23.39035152,,,,,4620.0,6.4973198666666665,244.47976884109806,0.0
2022-09-04 13:35:50+00:00,23.81479309,,,,,4622.0,6.615220302777777,242.14933841715194,0.0
2022-09-04 13:35:52+00:00,24.54118036,,,,,4624.0,6.8169945444444435,259.99970678415536,0.0
2022-09-04 13:35:54+00:00,26.16098137,,,,,4626.0,7.2669392694444435,238.51451219408813,0.0
2022-09-04 13:35:56+00:00,26.2634317,,,,,4628.0,7.2953976944444445,123.72139933891103,0.0
2022-09-04 13:35:58+00:00,25.25929436,,,,,4630.0,7.016470655555555,56.44876915865309,0.0
2022-09-04 13:36:00+00:00,24.08824228,,,,,4632.0,6.69117841111111,77.73589537355751,0.0
2022-09-04 13:36:02+00:00,24.80677982,,,,,4634.0,6.8907721722222215,14.697150203285544,0.0
2022-09-04 13:36:04+00:00,24.58285772,,,,,4636.0,6.828571588888889,-200.0,17.40113890087224
2022-09-04 13:36:06+00:00,19.71488365,,,,,4638.0,5.4763565694444445,-200.0,203.0437208931819
2022-09-04 13:36:08+00:00,12.57609687,,,,,4640.0,3.4933602416666667,-200.0,64.41998896461439
2022-09-04 13:36:10+00:00,8.277653332,,,,,4642.0,2.2993481477777777,-82.48768578759294,0.0
2022-09-04 13:36:12+00:00,7.642544074,,,,,4644.0,2.1229289094444446,5.445178631468698,0.0
2022-09-04 13:36:14+00:00,10.12612008,,,,,4646.0,2.812811133333333,48.63560079001956,0.0
2022-09-04 13:36:16+00:00,9.521564337,,,,,4648.0,2.6448789825,27.717385526243405,0.0
2022-09-04 13:36:18+00:00,9.061622928,,,,,4650.0,2.51711748,8.196193092963217,0.0
2022-09-04 13:36:20+00:00,9.523466269,,,,,4652.0,2.645407296944444,29.08348747170858,0.0
2022-09-04 13:36:22+00:00,8.955222041,,,,,4654.0,2.4875616780555556,70.22848423216583,0.0
2022-09-04 13:36:24+00:00,10.58957704,,,,,4656.0,2.9415491777777776,157.9302681784663,0.0
2022-09-04 13:36:26+00:00,13.90153763,,,,,4658.0,3.8615382305555555,267.3153177508947,0.0
2022-09-04 13:36:28+00:00,17.46823026,,,,,4660.0,4.852286183333333,280.20351117127393,0.0
2022-09-04 13:36:30+00:00,18.81856444,,,,,4662.0,5.227379011111111,183.41215819635573,0.0
2022-09-04 13:36:32+00:00,18.42127132,,,,,4664.0,5.117019811111111,109.06114654060748,0.0
2022-09-04 13:36:34+00:00,18.96242618,,,,,4666.0,5.267340605555556,105.66383695191125,0.0
2022-09-04 13:36:36+00:00,19.5425345,,,,,4668.0,5.428481805555555,127.967661628221,0.0
2022-09-04 13:36:38+00:00,19.42592537,,,,,4670.0,5.396090380555556,164.8789020528315,0.0
2022-09-04 13:36:40+00:00,20.53054726,,,,,4672.0,5.702929794444444,217.06193307887492,0.0
2022-09-04 13:36:42+00:00,22.55177095,,,,,4674.0,6.264380819444445,221.87653082600033,0.0
2022-09-04 13:36:44+00:00,22.82161995,,,,,4676.0,6.339338874999999,68.46160535431117,0.0
2022-09-04 13:36:46+00:00,22.21067013,,,,,4678.0,6.1696305916666665,-107.41869724868774,0.0
2022-09-04 13:36:48+00:00,18.90422148,,,,,4680.0,5.251172633333334,-147.22278032898842,0.0
2022-09-04 13:36:50+00:00,15.55389414,,,,,4682.0,4.32052615,-46.76676727583525,0.0
2022-09-04 13:36:52+00:00,15.76228265,,,,,4684.0,4.378411847222222,106.71101482405996,0.0
2022-09-04 13:36:54+00:00,18.41638499,,,,,4686.0,5.115662497222222,229.73189086235917,0.0
2022-09-04 13:36:56+00:00,19.73211274,,,,,4688.0,5.481142427777778,210.32809539415965,0.0
2022-09-04 13:36:58+00:00,20.47499848,,,,,4690.0,5.6874995777777775,133.0736556257355,0.0
2022-09-04 13:37:00+00:00,20.41149973,,,,,4692.0,5.669861036111111,98.70248468912365,0.0
2022-09-04 13:37:02+00:00,20.01072848,,,,,4694.0,5.558535688888889,94.21128066809263,0.0
2022-09-04 13:37:04+00:00,20.79390592,,,,,4696.0,5.776084977777778,123.86298814455111,0.0
2022-09-04 13:37:06+00:00,20.66847854,,,,,4698.0,5.741244038888889,153.6608580559068,0.0
2022-09-04 13:37:08+00:00,21.38717358,,,,,4700.0,5.940881549999999,206.21920076442973,0.0
2022-09-04 13:37:10+00:00,22.59001423,,,,,4702.0,6.275003952777778,242.17270633138637,0.0
2022-09-04 13:37:12+00:00,24.09022898,,,,,4704.0,6.691730272222221,219.781937189891,0.0
2022-09-04 13:37:14+00:00,23.92733474,,,,,4706.0,6.646481872222222,113.12189121296845,0.0
2022-09-04 13:37:16+00:00,23.91810666,,,,,4708.0,6.643918516666666,-54.595447656119944,0.0
2022-09-04 13:37:18+00:00,22.20820266,,,,,4710.0,6.168945183333333,-183.44553556487426,0.0
2022-09-04 13:37:20+00:00,17.5771881,,,,,4712.0,4.88255225,-163.63050027944377,0.0
2022-09-04 13:37:22+00:00,15.05079581,,,,,4714.0,4.180776613888889,-52.73107413778636,0.0
2022-09-04 13:37:24+00:00,15.77086078,,,,,4716.0,4.380794661111111,61.78413907946304,0.0
2022-09-04 13:37:26+00:00,16.55686456,,,,,4718.0,4.599129044444445,111.41740910313196,0.0
2022-09-04 13:37:28+00:00,16.85608661,,,,,4720.0,4.682246280555555,124.59905751940983,0.0
2022-09-04 13:37:30+00:00,17.44298769,,,,,4722.0,4.845274358333333,138.65531422941143,0.0
2022-09-04 13:37:32+00:00,18.96979765,,,,,4724.0,5.269388236111111,154.74971827123252,0.0
2022-09-04 13:37:34+00:00,18.96083225,,,,,4726.0,5.266897847222222,149.7662330363577,0.0
2022-09-04 13:37:36+00:00,19.69681899,,,,,4728.0,5.471338608333333,172.74171422767412,0.0
2022-09-04 13:37:38+00:00,20.81319395,,,,,4730.0,5.781442763888888,214.0404027146259,0.0
2022-09-04 13:37:40+00:00,21.91150983,,,,,4732.0,6.086530508333333,221.53790323825805,0.0
2022-09-04 13:37:42+00:00,22.77905614,,,,,4734.0,6.327515594444445,224.73114893908374,0.0
2022-09-04 13:37:44+00:00,23.2739066,,,,,4736.0,6.4649740555555555,271.5053590698601,0.0
2022-09-04 13:37:46+00:00,24.48540954,,,,,4738.0,6.80150265,373.763504207969,0.0
2022-09-04 13:37:48+00:00,26.91976521,,,,,4740.0,7.477712558333334,476.1371370819792,0.0
2022-09-04 13:37:50+00:00,29.12488208,,,,,4742.0,8.090245022222222,470.9708388741217,0.0
2022-09-04 13:37:52+00:00,30.25597366,,,,,4744.0,8.404437127777777,380.54239507654086,0.0
2022-09-04 13:37:54+00:00,30.40121659,,,,,4746.0,8.444782386111111,327.79270789540533,0.0
2022-09-04 13:37:56+00:00,30.78885612,,,,,4748.0,8.552460033333332,323.8254401917431,0.0
2022-09-04 13:37:58+00:00,31.85112893,,,,,4750.0,8.84753581388889,259.7374723799696,0.0
2022-09-04 13:38:00+00:00,31.6373456,,,,,4752.0,8.788151555555554,60.169712912337175,0.0
2022-09-04 13:38:02+00:00,29.53410176,,,,,4754.0,8.203917155555555,-106.23060212575872,0.0
2022-09-04 13:38:04+00:00,26.81283887,,,,,4756.0,7.4480107972222225,-127.90486511279187,0.0
2022-09-04 13:38:06+00:00,24.78597352,,,,,4758.0,6.884992644444444,-45.82118064952984,0.0
2022-09-04 13:38:08+00:00,24.04571723,,,,,4760.0,6.6793658972222225,94.59712066497384,0.0
2022-09-04 13:38:10+00:00,24.33194462,,,,,4762.0,6.758873505555556,232.2104323498523,0.0
2022-09-04 13:38:12+00:00,25.8670674,,,,,4764.0,7.1852965,323.5122236650167,0.0
2022-09-04 13:38:14+00:00,27.1823695,,,,,4766.0,7.550658194444444,325.768111636372,0.0
2022-09-04 13:38:16+00:00,27.9145978,,,,,4768.0,7.754054944444444,260.7050763195868,0.0
2022-09-04 13:38:18+00:00,28.00593098,,,,,4770.0,7.7794252722222215,182.28119010144766,0.0
2022-09-04 13:38:20+00:00,27.8028207,,,,,4772.0,7.7230057500000004,109.64504801568333,0.0
2022-09-04 13:38:22+00:00,27.13780826,,,,,4774.0,7.538280072222222,-0.0,17.784636435882717
2022-09-04 13:38:24+00:00,26.09108593,,,,,4776.0,7.247523869444444,-200.0,23.39643358455288
2022-09-04 13:38:26+00:00,22.51447652,,,,,4778.0,6.254021255555555,-200.0,229.35518431745413
2022-09-04 13:38:28+00:00,15.68885294,,,,,4780.0,4.358014705555555,-200.0,178.2557577431038
2022-09-04 13:38:30+00:00,9.926165106,,,,,4782.0,2.7572680849999998,-195.14651585959797,0.0
2022-09-04 13:38:32+00:00,6.622062331,,,,,4784.0,1.8394617586111113,-82.53260628694282,0.0
2022-09-04 13:38:34+00:00,4.674835215,,,,,4786.0,1.2985653375,-0.0,36.399531493503055
2022-09-04 13:38:36+00:00,3.443170014,,,,,4788.0,0.956436115,-0.0,15.211361031749773
2022-09-04 13:38:38+00:00,2.611273954,,,,,4790.0,0.7253538761111111,-0.0,6.158564764519643
2022-09-04 13:38:40+00:00,2.068532332,,,,,4792.0,0.5745923144444445,-0.0,2.103806483086767
2022-09-04 13:38:42+00:00,1.795311355,,,,,4794.0,0.49869759861111107,-0.0,0.6443066961404391
2022-09-04 13:38:44+00:00,1.539138329,,,,,4796.0,0.4275384247222222,-0.0,0.2519337958382202
2022-09-04 13:38:46+00:00,1.172153454,,,,,4798.0,0.32559818166666665,-0.0,0.07228925898286638
2022-09-04 13:38:48+00:00,0.949662925,,,,,4800.0,0.26379525694444445,0.24889498072242622,0.0
2022-09-04 13:38:50+00:00,0.764789899,,,,,4802.0,0.21244163861111112,0.5156243818187553,0.0
2022-09-04 13:38:52+00:00,0.666205949,,,,,4804.0,0.18505720805555553,0.6425997521514107,0.0
2022-09-04 13:38:54+00:00,0.596945705,,,,,4806.0,0.1658182513888889,0.6759184149519568,0.0
2022-09-04 13:38:56+00:00,0.555359011,,,,,4808.0,0.15426639194444444,0.6700153999280806,0.0
2022-09-04 13:38:58+00:00,0.484812279,,,,,4810.0,0.1346700775,0.5849491011330036,0.0
2022-09-04 13:39:00+00:00,0.463326028,,,,,4812.0,0.12870167444444444,0.5416644835111243,0.0
2022-09-04 13:39:02+00:00,0.374550408,,,,,4814.0,0.10404178,0.43110705507930797,0.0
2022-09-04 13:39:04+00:00,0.313187036,,,,,4816.0,0.08699639888888888,0.37092318391616946,0.0
2022-09-04 13:39:06+00:00,0.264610215,,,,,4818.0,0.07350283749999999,0.33774911057763485,0.0
2022-09-04 13:39:08+00:00,0.237157398,,,,,4820.0,0.06587705499999999,0.36649994914066364,0.0
2022-09-04 13:39:10+00:00,0.208363028,,,,,4822.0,0.057878618888888886,0.416457628937122,0.0
2022-09-04 13:39:12+00:00,0.401121841,,,,,4824.0,0.1114227336111111,0.9324618443748252,0.0
