date,spd,Unnamed: 2,Unnamed: 3,Unnamed: 4,Unnamed: 5,t_s,v_ms,P_batt_W,P_mech_total_W
2022-09-04 12:18:48+00:00,18.696,,,,,0.0,5.193333333333333,123.94307065360043,0.0
2022-09-04 12:18:50+00:00,18.9338125,,,,,2.0,5.259392361111111,120.92960124612422,0.0
2022-09-04 12:18:52+00:00,19.09269672,,,,,4.0,5.303526866666666,116.12288019247099,0.0
2022-09-04 12:18:54+00:00,19.08308744,,,,,6.0,5.300857622222222,130.5430561722915,0.0
2022-09-04 12:18:56+00:00,19.23007186,,,,,8.0,5.3416866277777775,155.49418811889436,0.0
2022-09-04 12:18:58+00:00,20.25327595,,,,,10.0,5.625909986111111,172.26742971814267,0.0
2022-09-04 12:19:00+00:00,20.60932509,,,,,12.0,5.724812525,161.9870531325486,0.0
2022-09-04 12:19:02+00:00,20.61074566,,,,,14.0,5.725207127777778,145.88708809217184,0.0
2022-09-04 12:19:04+00:00,21.05976832,,,,,16.0,5.849935644444444,145.81615962457113,0.0
2022-09-04 12:19:06+00:00,21.20456062,,,,,18.0,5.890155727777778,134.33919134613927,0.0
2022-09-04 12:19:08+00:00,21.16555647,,,,,20.0,5.879321241666666,114.69603173344767,0.0
2022-09-04 12:19:10+00:00,21.02874822,,,,,22.0,5.84131895,102.55993217991936,0.0
2022-09-04 12:19:12+00:00,20.83613208,,,,,24.0,5.787814466666666,98.15905735689819,0.0
2022-09-04 12:19:14+00:00,20.60926507,,,,,26.0,5.724795852777778,104.89667899200182,0.0
2022-09-04 12:19:16+00:00,20.53024914,,,,,28.0,5.702846983333333,120.47809146301879,0.0
2022-09-04 12:19:18+00:00,20.71560771,,,,,30.0,5.754335475,137.3621298265153,0.0
2022-09-04 12:19:20+00:00,20.92248578,,,,,32.0,5.811801605555555,146.91659367725416,0.0
2022-09-04 12:19:22+00:00,21.14509404,,,,,34.0,5.8736372333333335,151.29253142787982,0.0
2022-09-04 12:19:24+00:00,21.37941432,,,,,36.0,5.9387262,155.43462922945596,0.0
2022-09-04 12:19:26+00:00,21.6225543,,,,,38.0,6.006265083333333,159.43155914429,0.0
2022-09-04 12:19:28+00:00,21.87238141,,,,,40.0,6.075661502777777,163.34140263177426,0.0
2022-09-04 12:19:30+00:00,22.12729926,,,,,42.0,6.146472016666666,167.2044602948799,0.0
2022-09-04 12:19:32+00:00,22.38610177,,,,,44.0,6.218361602777778,171.0499406475856,0.0
2022-09-04 12:19:34+00:00,22.64787273,,,,,46.0,6.291075758333333,174.89968206429663,0.0
2022-09-04 12:19:36+00:00,22.91191386,,,,,48.0,6.364420516666666,178.77037360040535,0.0
2022-09-04 12:19:38+00:00,23.17769194,,,,,50.0,6.438247761111111,182.6749736492534,0.0
2022-09-04 12:19:40+00:00,23.44479938,,,,,52.0,6.512444272222222,186.62367277279935,0.0
2022-09-04 12:19:42+00:00,23.71292438,,,,,54.0,6.586923438888888,187.09360682077406,0.0
2022-09-04 12:19:44+00:00,23.98182836,,,,,56.0,6.661618988888889,156.46812702906064,0.0
2022-09-04 12:19:46+00:00,24.10386317,,,,,58.0,6.695517547222222,100.70260556800761,0.0
2022-09-04 12:19:48+00:00,23.08214343,,,,,60.0,6.411706508333332,52.05212089884901,0.0
2022-09-04 12:19:50+00:00,22.22583123,,,,,62.0,6.173842008333334,50.73053627043577,0.0
2022-09-04 12:19:52+00:00,21.74179211,,,,,64.0,6.039386697222222,82.15722941047548,0.0
2022-09-04 12:19:54+00:00,21.56085274,,,,,66.0,5.9891257611111115,108.72139547341565,0.0
2022-09-04 12:19:56+00:00,21.53421547,,,,,68.0,5.981726519444444,138.52894835830753,0.0
2022-09-04 12:19:58+00:00,21.56202091,,,,,70.0,5.989450252777778,171.63666824038026,0.0
2022-09-04 12:20:00+00:00,22.28951101,,,,,72.0,6.19153083611111,191.00151793785213,0.0
2022-09-04 12:20:02+00:00,22.88129631,,,,,74.0,6.355915641666666,165.05112156252073,0.0
2022-09-04 12:20:04+00:00,22.7210753,,,,,76.0,6.311409805555555,102.27036960987803,0.0
2022-09-04 12:20:06+00:00,22.13938091,,,,,78.0,6.149828030555556,50.36071181303365,0.0
2022-09-04 12:20:08+00:00,21.33292663,,,,,80.0,5.925812952777777,0.0,9.370259842128398
2022-09-04 12:20:10+00:00,20.39791528,,,,,82.0,5.666087577777778,0.0,26.1410465800933
2022-09-04 12:20:12+00:00,19.38382175,,,,,84.0,5.384394930555556,-19.277862673709414,0.0
2022-09-04 12:20:14+00:00,18.31777842,,,,,86.0,5.088271783333333,-25.943663448786594,0.0
2022-09-04 12:20:16+00:00,17.2157821,,,,,88.0,4.782161694444444,-24.596748965104407,0.0
2022-09-04 12:20:18+00:00,15.9773159,,,,,90.0,4.438143305555555,0.0,17.719183080191147
2022-09-04 12:20:20+00:00,15.33069078,,,,,92.0,4.2585252166666665,56.263059492201016,0.0
2022-09-04 12:20:22+00:00,15.70174576,,,,,94.0,4.361596044444444,89.99563760163316,0.0
2022-09-04 12:20:24+00:00,16.14774896,,,,,96.0,4.4854858222222225,74.74766633526846,0.0
2022-09-04 12:20:26+00:00,15.93104663,,,,,98.0,4.425290730555556,0.1969927556776301,0.0
2022-09-04 12:20:28+00:00,14.69034844,,,,,100.0,4.080652344444444,0.0,24.630037857525608
2022-09-04 12:20:30+00:00,13.92357938,,,,,102.0,3.8676609388888887,0.0,19.766070442673477
2022-09-04 12:20:32+00:00,13.27583426,,,,,104.0,3.6877317388888886,0.0,0.8365015770590134
2022-09-04 12:20:34+00:00,12.90346341,,,,,106.0,3.5842953916666667,62.307259223197654,0.0
2022-09-04 12:20:36+00:00,12.92048,,,,,108.0,3.589022222222222,109.27296100010716,0.0
2022-09-04 12:20:38+00:00,14.2156662,,,,,110.0,3.9487961666666664,145.06299684883402,0.0
2022-09-04 12:20:40+00:00,15.65170358,,,,,112.0,4.347695438888889,138.8136786486084,0.0
2022-09-04 12:20:42+00:00,15.60445628,,,,,114.0,4.334571188888889,103.60785802499097,0.0
2022-09-04 12:20:44+00:00,15.51061133,,,,,116.0,4.308503147222222,96.64072146067524,0.0
2022-09-04 12:20:46+00:00,16.07003588,,,,,118.0,4.463898855555555,115.06207998953685,0.0
2022-09-04 12:20:48+00:00,16.4869847,,,,,120.0,4.579717972222222,104.7186749673244,0.0
2022-09-04 12:20:50+00:00,16.83077657,,,,,122.0,4.675215713888889,65.74725027457247,0.0
2022-09-04 12:20:52+00:00,16.08171227,,,,,124.0,4.467142297222222,1.2875159490252608,0.0
2022-09-04 12:20:54+00:00,15.24064105,,,,,126.0,4.233511402777778,0.0,2.4267433142622883
2022-09-04 12:20:56+00:00,14.81659932,,,,,128.0,4.115722033333333,58.34773948696632,0.0
2022-09-04 12:20:58+00:00,14.82269805,,,,,130.0,4.117416125,93.68517007117362,0.0
2022-09-04 12:21:00+00:00,15.46822409,,,,,132.0,4.296728913888889,121.8490415069217,0.0
2022-09-04 12:21:02+00:00,16.03051975,,,,,134.0,4.452922152777778,141.7147307957515,0.0
2022-09-04 12:21:04+00:00,16.59834087,,,,,136.0,4.610650241666667,151.63746141204146,0.0
2022-09-04 12:21:06+00:00,17.60498215,,,,,138.0,4.890272819444445,155.4382808927509,0.0
2022-09-04 12:21:08+00:00,18.03931379,,,,,140.0,5.010920497222222,143.2944583787017,0.0
2022-09-04 12:21:10+00:00,18.29150645,,,,,142.0,5.080974013888889,139.78997498253295,0.0
2022-09-04 12:21:12+00:00,18.65680554,,,,,144.0,5.182445983333333,157.44865839652513,0.0
2022-09-04 12:21:14+00:00,19.38876423,,,,,146.0,5.3857678416666666,176.29557856903267,0.0
2022-09-04 12:21:16+00:00,20.08494233,,,,,148.0,5.579150647222222,175.9373119704642,0.0
2022-09-04 12:21:18+00:00,20.52676565,,,,,150.0,5.7018793472222224,149.75025380323018,0.0
2022-09-04 12:21:20+00:00,20.71336278,,,,,152.0,5.753711883333334,93.11219182224218,0.0
2022-09-04 12:21:22+00:00,20.39831561,,,,,154.0,5.666198780555556,0.0,9.053915987624574
2022-09-04 12:21:24+00:00,18.9619668,,,,,156.0,5.267213,-27.328837502496174,0.0
2022-09-04 12:21:26+00:00,17.45482812,,,,,158.0,4.848563366666666,0.0,1.9433100120478877
2022-09-04 12:21:28+00:00,16.89835366,,,,,160.0,4.6939871277777785,118.61609188096655,0.0
2022-09-04 12:21:30+00:00,18.75918609,,,,,162.0,5.210885025,178.51294062209527,0.0
2022-09-04 12:21:32+00:00,19.62427325,,,,,164.0,5.451187013888889,103.89462292716817,0.0
2022-09-04 12:21:34+00:00,18.92934718,,,,,166.0,5.258151994444445,-64.72241540846927,0.0
2022-09-04 12:21:36+00:00,16.51033408,,,,,168.0,4.586203911111111,-158.35764253471146,0.0
2022-09-04 12:21:38+00:00,12.43459689,,,,,170.0,3.4540546916666663,-138.73259200081628,0.0
2022-09-04 12:21:40+00:00,8.962105122,,,,,172.0,2.489473645,-66.09392088341838,0.0
2022-09-04 12:21:42+00:00,7.68545882,,,,,174.0,2.1348496722222223,-15.38843388941734,0.0
2022-09-04 12:21:44+00:00,7.355594086,,,,,176.0,2.0432205794444442,34.327308901246134,0.0
2022-09-04 12:21:46+00:00,7.4725888,,,,,178.0,2.075719111111111,48.41325582666948,0.0
2022-09-04 12:21:48+00:00,7.818656169,,,,,180.0,2.1718489358333333,49.20269446297042,0.0
2022-09-04 12:21:50+00:00,7.833194348,,,,,182.0,2.175887318888889,32.500993283558124,0.0
2022-09-04 12:21:52+00:00,7.564756687,,,,,184.0,2.1013213019444446,0.0,9.75422704865412
2022-09-04 12:21:54+00:00,6.221262706,,,,,186.0,1.7281285294444444,0.0,3.1007131444367158
2022-09-04 12:21:56+00:00,6.048739228,,,,,188.0,1.6802053411111109,67.10718699457223,0.0
2022-09-04 12:21:58+00:00,6.985812069,,,,,190.0,1.9405033525,147.1942916310946,0.0
2022-09-04 12:22:00+00:00,11.36835785,,,,,192.0,3.1578771805555554,315.9821662090911,0.0
2022-09-04 12:22:02+00:00,16.2798442,,,,,194.0,4.522178944444444,449.6605676133834,0.0
2022-09-04 12:22:04+00:00,19.41444664,,,,,196.0,5.392901844444444,384.80157696951613,0.0
2022-09-04 12:22:06+00:00,20.70037821,,,,,198.0,5.750105058333333,250.54446849097775,0.0
2022-09-04 12:22:08+00:00,20.86944237,,,,,200.0,5.797067325,172.65769667654467,0.0
2022-09-04 12:22:10+00:00,21.16625702,,,,,202.0,5.879515838888889,159.34365860641344,0.0
2022-09-04 12:22:12+00:00,21.49256564,,,,,204.0,5.970157122222222,166.64395390315522,0.0
2022-09-04 12:22:14+00:00,21.81109335,,,,,206.0,6.058637041666667,169.73285735352505,0.0
2022-09-04 12:22:16+00:00,22.11016948,,,,,208.0,6.141713744444444,171.2703418742864,0.0
2022-09-04 12:22:18+00:00,22.38835552,,,,,210.0,6.218987644444445,172.3919932849851,0.0
2022-09-04 12:22:20+00:00,22.64788203,,,,,212.0,6.291078341666667,173.5545613620864,0.0
2022-09-04 12:22:22+00:00,22.89193767,,,,,214.0,6.358871575,177.7511572063717,0.0
2022-09-04 12:22:24+00:00,23.12362188,,,,,216.0,6.4232283,201.28942409112818,0.0
2022-09-04 12:22:26+00:00,23.4687581,,,,,218.0,6.519099472222222,241.47620590760627,0.0
2022-09-04 12:22:28+00:00,24.49769149,,,,,220.0,6.804914302777778,269.77661945724225,0.0
2022-09-04 12:22:30+00:00,25.40044858,,,,,222.0,7.055680161111111,245.64882445982786,0.0
2022-09-04 12:22:32+00:00,25.47716168,,,,,224.0,7.076989355555555,176.5209429725877,0.0
2022-09-04 12:22:34+00:00,25.20801001,,,,,226.0,7.002225002777777,104.21259589747194,0.0
2022-09-04 12:22:36+00:00,24.69310988,,,,,228.0,6.859197188888889,38.142946079948686,0.0
2022-09-04 12:22:38+00:00,23.44381879,,,,,230.0,6.512171886111111,0.0,28.70096783054207
2022-09-04 12:22:40+00:00,21.95205722,,,,,232.0,6.097793672222222,0.0,16.22652557643572
2022-09-04 12:22:42+00:00,21.35090174,,,,,234.0,5.930806038888889,63.74369901502517,0.0
2022-09-04 12:22:44+00:00,21.18899183,,,,,236.0,5.885831063888888,110.80445822955028,0.0
2022-09-04 12:22:46+00:00,21.25554612,,,,,238.0,5.904318366666667,137.08223446022916,0.0
2022-09-04 12:22:48+00:00,21.44909245,,,,,240.0,5.95808123611111,153.78736065737257,0.0
2022-09-04 12:22:50+00:00,21.71856666,,,,,242.0,6.032935183333334,165.9361418794386,0.0
2022-09-04 12:22:52+00:00,22.03670632,,,,,244.0,6.121307311111111,175.84192609225383,0.0
2022-09-04 12:22:54+00:00,22.38789799,,,,,246.0,6.218860552777778,184.60946029361222,0.0
2022-09-04 12:22:56+00:00,22.7625251,,,,,248.0,6.322923638888889,192.79042546689308,0.0
2022-09-04 12:22:58+00:00,23.15426387,,,,,250.0,6.431739963888889,200.6768197935634,0.0
2022-09-04 12:23:00+00:00,23.55873437,,,,,252.0,6.544092880555556,208.43464163650785,0.0
2022-09-04 12:23:02+00:00,23.97278844,,,,,254.0,6.6591078999999995,216.16601740856328,0.0
2022-09-04 12:23:04+00:00,24.39410695,,,,,256.0,6.776140819444445,223.93881226225272,0.0
2022-09-04 12:23:06+00:00,24.82095488,,,,,258.0,6.894709688888888,213.52947967210974,0.0
2022-09-04 12:23:08+00:00,25.25202185,,,,,260.0,7.014450513888888,185.31531193685075,0.0
2022-09-04 12:23:10+00:00,24.96690847,,,,,262.0,6.935252352777778,147.38338478819043,0.0
2022-09-04 12:23:12+00:00,24.72587659,,,,,264.0,6.868299052777777,115.67339002086715,0.0
2022-09-04 12:23:14+00:00,24.47387487,,,,,266.0,6.798298575,115.26754370346984,0.0
2022-09-04 12:23:16+00:00,23.69882808,,,,,268.0,6.583007799999999,132.83545241536603,0.0
2022-09-04 12:23:18+00:00,24.05050989,,,,,270.0,6.680697191666667,181.49717025008422,0.0
2022-09-04 12:23:20+00:00,24.326863,,,,,272.0,6.757461944444444,212.3797272120639,0.0
2022-09-04 12:23:22+00:00,24.87552704,,,,,274.0,6.9098686222222225,180.14062413867634,0.0
2022-09-04 12:23:24+00:00,24.99426597,,,,,276.0,6.942851658333334,87.60660272529854,0.0
2022-09-04 12:23:26+00:00,23.87545847,,,,,278.0,6.632071797222222,0.0,5.32621532375987
2022-09-04 12:23:28+00:00,22.00020907,,,,,280.0,6.111169186111111,48.66827793407869,0.0
2022-09-04 12:23:30+00:00,22.26731573,,,,,282.0,6.185365480555555,148.1323717891016,0.0
2022-09-04 12:23:32+00:00,22.69709738,,,,,284.0,6.304749272222222,223.96610284268115,0.0
2022-09-04 12:23:34+00:00,23.77715796,,,,,286.0,6.6047661,210.8161491296371,0.0
2022-09-04 12:23:36+00:00,24.16949655,,,,,288.0,6.7137490416666665,125.3402871808682,0.0
2022-09-04 12:23:38+00:00,23.20358704,,,,,290.0,6.445440844444444,0.0,3.8104248999454753
2022-09-04 12:23:40+00:00,21.89597369,,,,,292.0,6.0822149138888895,-25.163398330897802,0.0
2022-09-04 12:23:42+00:00,20.72634653,,,,,294.0,5.757318480555556,-25.883327096939798,0.0
2022-09-04 12:23:44+00:00,19.60648904,,,,,296.0,5.446246955555555,0.0,9.734589381507291
2022-09-04 12:23:46+00:00,18.60628809,,,,,298.0,5.168413358333333,75.62160890014923,0.0
2022-09-04 12:23:48+00:00,19.34481639,,,,,300.0,5.373560108333333,123.67382450596986,0.0
2022-09-04 12:23:50+00:00,19.67530249,,,,,302.0,5.465361802777777,120.10475437422004,0.0
2022-09-04 12:23:52+00:00,19.49297807,,,,,304.0,5.414716130555555,79.14374171164906,0.0
2022-09-04 12:23:54+00:00,19.05888773,,,,,306.0,5.294135480555555,51.37341469120043,0.0
2022-09-04 12:23:56+00:00,18.49464115,,,,,308.0,5.137400319444445,36.0049715007548,0.0
2022-09-04 12:23:58+00:00,17.85856684,,,,,310.0,4.960713011111111,0.0,3.592967936138831
2022-09-04 12:24:00+00:00,17.17986526,,,,,312.0,4.772184794444445,0.0,9.358933312387112
2022-09-04 12:24:02+00:00,16.47402311,,,,,314.0,4.576117530555556,0.0,13.420555669101471
2022-09-04 12:24:04+00:00,15.74984408,,,,,316.0,4.374956688888889,0.0,16.38260527166825
2022-09-04 12:24:06+00:00,15.01271151,,,,,318.0,4.170197641666666,0.0,18.557740674140415
2022-09-04 12:24:08+00:00,14.26614387,,,,,320.0,3.9628177416666666,0.0,20.121800247428137
2022-09-04 12:24:10+00:00,13.51256695,,,,,322.0,3.7534908194444445,0.0,21.183812490323543
2022-09-04 12:24:12+00:00,12.75371886,,,,,324.0,3.542699683333333,0.0,21.8181534044587
2022-09-04 12:24:14+00:00,11.99087738,,,,,326.0,3.3307992722222224,0.0,22.079834677094432
2022-09-04 12:24:16+00:00,11.2249973,,,,,328.0,3.1180548055555555,0.0,15.931810988868707
2022-09-04 12:24:18+00:00,10.45679916,,,,,330.0,2.904666433333333,56.4032048321189,0.0
2022-09-04 12:24:20+00:00,10.29949932,,,,,332.0,2.8609720333333333,119.82656293487354,0.0
2022-09-04 12:24:22+00:00,13.2506222,,,,,334.0,3.680728388888889,212.64072715287338,0.0
2022-09-04 12:24:24+00:00,15.18666981,,,,,336.0,4.218519391666667,260.7487132978743,0.0
2022-09-04 12:24:26+00:00,16.85656407,,,,,338.0,4.682378908333334,277.99716935144534,0.0
2022-09-04 12:24:28+00:00,18.90684353,,,,,340.0,5.251900980555555,296.3472348534635,0.0
2022-09-04 12:24:30+00:00,20.85329407,,,,,342.0,5.792581686111111,240.05970437307067,0.0
2022-09-04 12:24:32+00:00,21.34757402,,,,,344.0,5.929881672222222,85.45090054495093,0.0
2022-09-04 12:24:34+00:00,20.14889488,,,,,346.0,5.596915244444444,-56.88473225886969,0.0
2022-09-04 12:24:36+00:00,17.71738407,,,,,348.0,4.921495575000001,-136.04313833333512,0.0
2022-09-04 12:24:38+00:00,15.57589809,,,,,350.0,4.326638358333334,-175.64768078488976,0.0
2022-09-04 12:24:40+00:00,11.10084669,,,,,352.0,3.0835685249999996,-136.67309797063933,0.0
2022-09-04 12:24:42+00:00,7.495371729,,,,,354.0,2.0820477025,-62.559272473615536,0.0
2022-09-04 12:24:44+00:00,5.512694694,,,,,356.0,1.5313040816666668,0.0,20.985732976658433
2022-09-04 12:24:46+00:00,5.731557887,,,,,358.0,1.5920994130555555,37.59261751614792,0.0
2022-09-04 12:24:48+00:00,6.814839735,,,,,360.0,1.8930110374999998,36.77095130149166,0.0
2022-09-04 12:24:50+00:00,5.735784634,,,,,362.0,1.5932735094444443,0.0,12.441026299659718
2022-09-04 12:24:52+00:00,4.625717538,,,,,364.0,1.2849215383333332,0.0,15.658627669670969
2022-09-04 12:24:54+00:00,3.706512736,,,,,366.0,1.0295868711111111,0.0,6.195932872379557
2022-09-04 12:24:56+00:00,3.331317256,,,,,368.0,0.9253659044444444,23.723208991551726,0.0
2022-09-04 12:24:58+00:00,3.506617415,,,,,370.0,0.9740603930555556,41.0606414532051,0.0
2022-09-04 12:25:00+00:00,3.975580132,,,,,372.0,1.1043278144444444,48.52027502796877,0.0
2022-09-04 12:25:02+00:00,4.612573505,,,,,374.0,1.2812704180555556,55.555903050389205,0.0
2022-09-04 12:25:04+00:00,5.352968797,,,,,376.0,1.4869357769444445,62.70889250366722,0.0
2022-09-04 12:25:06+00:00,6.161310494,,,,,378.0,1.7114751372222223,70.31440780817833,0.0
2022-09-04 12:25:08+00:00,7.016686684,,,,,380.0,1.9490796344444443,80.82376790408865,0.0
2022-09-04 12:25:10+00:00,7.933857226,,,,,382.0,2.2038492294444443,89.89099195681153,0.0
2022-09-04 12:25:12+00:00,9.218784542,,,,,384.0,2.5607734838888887,94.37145394942092,0.0
2022-09-04 12:25:14+00:00,9.819560433,,,,,386.0,2.7276556758333332,89.68561607172761,0.0
2022-09-04 12:25:16+00:00,10.25484002,,,,,388.0,2.8485666722222223,89.80237681907987,0.0
2022-09-04 12:25:18+00:00,11.0107737,,,,,390.0,3.05854825,99.07440311924593,0.0
2022-09-04 12:25:20+00:00,11.82656705,,,,,392.0,3.2851575138888887,102.68202150890679,0.0
2022-09-04 12:25:22+00:00,12.39177802,,,,,394.0,3.4421605611111112,95.90595512230182,0.0
2022-09-04 12:25:24+00:00,12.75854379,,,,,396.0,3.544039941666666,87.26780684550067,0.0
2022-09-04 12:25:26+00:00,13.01997031,,,,,398.0,3.616658419444444,81.88908341076218,0.0
2022-09-04 12:25:28+00:00,13.22145548,,,,,400.0,3.672626522222222,79.02667337085471,0.0
2022-09-04 12:25:30+00:00,13.38625208,,,,,402.0,3.7184033555555556,77.46163287593956,0.0
2022-09-04 12:25:32+00:00,13.52704967,,,,,404.0,3.7575137972222223,76.60004312953538,0.0
2022-09-04 12:25:34+00:00,13.65129108,,,,,406.0,3.7920252999999997,76.14613563391633,0.0
2022-09-04 12:25:36+00:00,13.76366472,,,,,408.0,3.8232402,75.94626008795217,0.0
2022-09-04 12:25:38+00:00,13.86731121,,,,,410.0,3.852030891666667,75.91566381268953,0.0
2022-09-04 12:25:40+00:00,13.96443559,,,,,412.0,3.879009886111111,79.58746354250027,0.0
2022-09-04 12:25:42+00:00,14.05663742,,,,,414.0,3.9046215055555553,79.75368592003667,0.0
2022-09-04 12:25:44+00:00,14.41127809,,,,,416.0,4.0031328027777775,86.58745604028489,0.0
2022-09-04 12:25:46+00:00,14.22825676,,,,,418.0,3.9522935444444447,92.07431048536382,0.0
2022-09-04 12:25:48+00:00,14.93359107,,,,,420.0,4.148219741666667,101.11529424420152,0.0
2022-09-04 12:25:50+00:00,15.16048724,,,,,422.0,4.211246455555555,101.00860854086136,0.0
2022-09-04 12:25:52+00:00,15.37719402,,,,,424.0,4.271442783333333,84.49238777572047,0.0
2022-09-04 12:25:54+00:00,15.55617489,,,,,426.0,4.321159691666667,66.53580514580894,0.0
2022-09-04 12:25:56+00:00,15.08994074,,,,,428.0,4.191650205555555,57.8525602087988,0.0
2022-09-04 12:25:58+00:00,14.72194517,,,,,430.0,4.089429213888889,69.84007305595394,0.0
2022-09-04 12:26:00+00:00,15.0552316,,,,,432.0,4.182008777777778,101.3409935319739,0.0
2022-09-04 12:26:02+00:00,15.40549161,,,,,434.0,4.279303225,123.70284774805249,0.0
2022-09-04 12:26:04+00:00,16.25573309,,,,,436.0,4.515481413888889,114.36060597513008,0.0
2022-09-04 12:26:06+00:00,16.67134654,,,,,438.0,4.630929594444444,65.90452186455228,0.0
2022-09-04 12:26:08+00:00,15.8454251,,,,,440.0,4.401506972222222,0.0,16.514786437793546
2022-09-04 12:26:10+00:00,14.64768988,,,,,442.0,4.068802744444445,0.0,26.42698278181979
2022-09-04 12:26:12+00:00,13.88183985,,,,,444.0,3.856066625,0.0,5.337087717877267
2022-09-04 12:26:14+00:00,13.61963436,,,,,446.0,3.7832317666666664,51.13646886666783,0.0
2022-09-04 12:26:16+00:00,13.60994445,,,,,448.0,3.780540125,68.71760508075148,0.0
2022-09-04 12:26:18+00:00,13.73443687,,,,,450.0,3.8151213527777776,78.8958727749879,0.0
2022-09-04 12:26:20+00:00,13.9353738,,,,,452.0,3.8709371666666668,85.65022769223322,0.0
2022-09-04 12:26:22+00:00,14.18315463,,,,,454.0,3.9397651750000002,90.75300371453201,0.0
2022-09-04 12:26:24+00:00,14.46160746,,,,,456.0,4.017113183333334,95.0257745600702,0.0
2022-09-04 12:26:26+00:00,14.7612356,,,,,458.0,4.100343222222222,98.865657175682,0.0
2022-09-04 12:26:28+00:00,15.07605035,,,,,460.0,4.187791763888889,102.4746561168525,0.0
2022-09-04 12:26:30+00:00,15.40203644,,,,,462.0,4.2783434555555555,105.96232912775157,0.0
2022-09-04 12:26:32+00:00,15.73637298,,,,,464.0,4.371214716666667,109.39276552177336,0.0
2022-09-04 12:26:34+00:00,16.07701279,,,,,466.0,4.465836886111111,127.4665814314022,0.0
2022-09-04 12:26:36+00:00,16.4224385,,,,,468.0,4.561788472222221,185.12066584951882,0.0
2022-09-04 12:26:38+00:00,17.7003592,,,,,470.0,4.916766444444445,247.43680315490772,0.0
2022-09-04 12:26:40+00:00,20.41391044,,,,,472.0,5.670530677777777,275.8236303025462,0.0
2022-09-04 12:26:42+00:00,20.84813746,,,,,474.0,5.791149294444445,196.1584523995112,0.0
2022-09-04 12:26:44+00:00,21.0371482,,,,,476.0,5.843652277777778,111.10681214960276,0.0
2022-09-04 12:26:46+00:00,20.75254401,,,,,478.0,5.764595558333333,68.88968922964813,0.0
2022-09-04 12:26:48+00:00,19.99718078,,,,,480.0,5.554772438888889,52.572396020834354,0.0
2022-09-04 12:26:50+00:00,19.41078538,,,,,482.0,5.391884827777778,66.8675423196777,0.0
2022-09-04 12:26:52+00:00,19.327776,,,,,484.0,5.368826666666666,86.3955149568824,0.0
2022-09-04 12:26:54+00:00,19.33037142,,,,,486.0,5.369547616666666,89.61306805986547,0.0
2022-09-04 12:26:56+00:00,19.06454997,,,,,488.0,5.2957083250000005,100.20296725393102,0.0
2022-09-04 12:26:58+00:00,18.83178565,,,,,490.0,5.231051569444444,120.66414161514547,0.0
2022-09-04 12:27:00+00:00,19.66882778,,,,,492.0,5.463563272222222,134.85274336856781,0.0
2022-09-04 12:27:02+00:00,19.78594267,,,,,494.0,5.496095186111111,109.65405652538576,0.0
2022-09-04 12:27:04+00:00,19.47584339,,,,,496.0,5.409956497222223,87.63780132570396,0.0
2022-09-04 12:27:06+00:00,19.03069459,,,,,498.0,5.286304052777777,110.59167127121006,0.0
2022-09-04 12:27:08+00:00,19.41555004,,,,,500.0,5.393208344444444,158.38297373394536,0.0
2022-09-04 12:27:10+00:00,20.26364972,,,,,502.0,5.628791588888888,185.6465056271739,0.0
2022-09-04 12:27:12+00:00,20.96707647,,,,,504.0,5.824187908333333,170.06848198311891,0.0
2022-09-04 12:27:14+00:00,21.03605721,,,,,506.0,5.843349225,140.9874151760124,0.0
2022-09-04 12:27:16+00:00,21.00411613,,,,,508.0,5.834476702777778,126.17046395595423,0.0
2022-09-04 12:27:18+00:00,21.15813841,,,,,510.0,5.8772606694444445,114.35314232000522,0.0
2022-09-04 12:27:20+00:00,21.07921825,,,,,512.0,5.855338402777778,86.60329491033211,0.0
2022-09-04 12:27:22+00:00,20.54850693,,,,,514.0,5.707918591666666,56.13348451320323,0.0
2022-09-04 12:27:24+00:00,19.88674541,,,,,516.0,5.524095947222222,42.712368801555954,0.0
2022-09-04 12:27:26+00:00,19.30058019,,,,,518.0,5.361272275,39.94448315582917,0.0
2022-09-04 12:27:28+00:00,18.79067065,,,,,520.0,5.219630736111111,20.660919660511137,0.0
2022-09-04 12:27:30+00:00,18.13005369,,,,,522.0,5.036126025,0.0,12.51120316210624
2022-09-04 12:27:32+00:00,17.27507634,,,,,524.0,4.798632316666666,0.0,13.722413711828931
2022-09-04 12:27:34+00:00,16.29828765,,,,,526.0,4.527302124999999,46.132916010309536,0.0
2022-09-04 12:27:36+00:00,16.18888113,,,,,528.0,4.4969114249999995,96.89772893413648,0.0
2022-09-04 12:27:38+00:00,16.91082946,,,,,530.0,4.6974526277777775,160.09482817908054,0.0
2022-09-04 12:27:40+00:00,17.64964484,,,,,532.0,4.902679122222223,210.33354330561323,0.0
2022-09-04 12:27:42+00:00,19.2759373,,,,,534.0,5.354427027777778,245.18505892320889,0.0
2022-09-04 12:27:44+00:00,20.58446164,,,,,536.0,5.717906011111111,233.28795064765444,0.0
2022-09-04 12:27:46+00:00,21.22289246,,,,,538.0,5.895247905555555,175.24242806822068,0.0
2022-09-04 12:27:48+00:00,21.32337424,,,,,540.0,5.923159511111111,120.69966892259693,0.0
2022-09-04 12:27:50+00:00,20.98644952,,,,,542.0,5.829569311111111,90.45859703991623,0.0
2022-09-04 12:27:52+00:00,20.63313882,,,,,544.0,5.73142745,77.97456875209558,0.0
2022-09-04 12:27:54+00:00,20.41417301,,,,,546.0,5.670603613888889,78.05454990604093,0.0
2022-09-04 12:27:56+00:00,19.92019337,,,,,548.0,5.533387047222222,82.06741761786006,0.0
2022-09-04 12:27:58+00:00,19.81390974,,,,,550.0,5.503863816666667,93.05787186506183,0.0
2022-09-04 12:28:00+00:00,19.75031506,,,,,552.0,5.486198627777777,103.09050594209835,0.0
2022-09-04 12:28:02+00:00,19.71665501,,,,,554.0,5.4768486138888886,105.60711114150934,0.0
2022-09-04 12:28:04+00:00,19.69979602,,,,,556.0,5.472165561111111,107.19429274564085,0.0
2022-09-04 12:28:06+00:00,19.69308137,,,,,558.0,5.470300380555556,108.18549657466365,0.0
2022-09-04 12:28:08+00:00,19.69292507,,,,,560.0,5.470256963888889,106.88322431643822,0.0
2022-09-04 12:28:10+00:00,19.69725292,,,,,562.0,5.471459144444444,95.93705252964382,0.0
2022-09-04 12:28:12+00:00,19.60170382,,,,,564.0,5.444917727777778,74.05098762162483,0.0
2022-09-04 12:28:14+00:00,19.1177604,,,,,566.0,5.3104890000000005,55.467106704689236,0.0
2022-09-04 12:28:16+00:00,18.49328307,,,,,568.0,5.137023075,61.84625951985718,0.0
2022-09-04 12:28:18+00:00,18.19655775,,,,,570.0,5.054599375,78.20961183575733,0.0
2022-09-04 12:28:20+00:00,18.47797442,,,,,572.0,5.132770672222222,86.29663538486851,0.0
2022-09-04 12:28:22+00:00,18.1259251,,,,,574.0,5.034979194444444,75.71665394542899,0.0
2022-09-04 12:28:24+00:00,17.8990882,,,,,576.0,4.971968944444445,71.62266284469827,0.0
2022-09-04 12:28:26+00:00,17.65342562,,,,,578.0,4.903729338888889,82.83544914572997,0.0
2022-09-04 12:28:28+00:00,17.67850064,,,,,580.0,4.910694622222222,86.47406933629492,0.0
2022-09-04 12:28:30+00:00,17.82545751,,,,,582.0,4.9515159749999995,68.6111182046966,0.0
2022-09-04 12:28:32+00:00,17.40854472,,,,,584.0,4.8357068666666665,43.190074187488534,0.0
2022-09-04 12:28:34+00:00,16.50309722,,,,,586.0,4.584193672222223,20.70669505674572,0.0
2022-09-04 12:28:36+00:00,16.20298611,,,,,588.0,4.500829475000001,35.405690997371295,0.0
2022-09-04 12:28:38+00:00,15.80496573,,,,,590.0,4.390268258333333,37.11781117596308,0.0
2022-09-04 12:28:40+00:00,15.12974624,,,,,592.0,4.202707288888889,0.0,14.99643391494482
2022-09-04 12:28:42+00:00,14.8070171,,,,,594.0,4.113060305555555,-22.24848846507442,0.0
2022-09-04 12:28:44+00:00,13.00925461,,,,,596.0,3.6136818361111107,-17.84339801947781,0.0
2022-09-04 12:28:46+00:00,11.81170679,,,,,598.0,3.281029663888889,36.7363651820502,0.0
2022-09-04 12:28:48+00:00,12.42361064,,,,,600.0,3.4510029555555555,93.78817974196235,0.0
2022-09-04 12:28:50+00:00,13.47513904,,,,,602.0,3.7430941777777775,122.91203125986006,0.0
2022-09-04 12:28:52+00:00,14.09208372,,,,,604.0,3.9144677,116.29304693110764,0.0
2022-09-04 12:28:54+00:00,14.50510955,,,,,606.0,4.029197097222222,108.73094678925932,0.0
2022-09-04 12:28:56+00:00,14.85177943,,,,,608.0,4.1254942861111115,109.55473140256873,0.0
2022-09-04 12:28:58+00:00,15.38176178,,,,,610.0,4.272711605555555,88.5505214395257,0.0
2022-09-04 12:29:00+00:00,15.73948819,,,,,612.0,4.372080052777777,47.29855155317146,0.0
2022-09-04 12:29:02+00:00,14.44004159,,,,,614.0,4.011122663888889,0.0,15.327879227344836
2022-09-04 12:29:04+00:00,13.72146754,,,,,616.0,3.8115187611111114,0.0,6.871264687898798
2022-09-04 12:29:06+00:00,13.26486584,,,,,618.0,3.6846849555555554,74.85642204829318,0.0
2022-09-04 12:29:08+00:00,13.54916294,,,,,620.0,3.763656372222222,134.53666981655937,0.0
2022-09-04 12:29:10+00:00,15.40063692,,,,,622.0,4.2779546999999996,205.02515021344635,0.0
2022-09-04 12:29:12+00:00,16.76612152,,,,,624.0,4.657255977777777,238.11627192743805,0.0
2022-09-04 12:29:14+00:00,18.48272893,,,,,626.0,5.1340913694444446,223.4058049341325,0.0
2022-09-04 12:29:16+00:00,19.5965282,,,,,628.0,5.443480055555556,160.4859188386696,0.0
2022-09-04 12:29:18+00:00,19.35452307,,,,,630.0,5.376256408333333,62.117453654959355,0.0
2022-09-04 12:29:20+00:00,18.61623099,,,,,632.0,5.1711752749999995,0.0,25.29817067870709
2022-09-04 12:29:22+00:00,17.13566403,,,,,634.0,4.759906675,-19.582000905102564,0.0
2022-09-04 12:29:24+00:00,16.42162249,,,,,636.0,4.561561802777778,-31.54830938376886,0.0
2022-09-04 12:29:26+00:00,15.59219917,,,,,638.0,4.331166436111111,-36.2937101845784,0.0
2022-09-04 12:29:28+00:00,13.20289725,,,,,640.0,3.667471458333333,0.0,14.9046133654434
2022-09-04 12:29:30+00:00,12.95957699,,,,,642.0,3.599882497222222,96.42119418549602,0.0
2022-09-04 12:29:32+00:00,15.07159601,,,,,644.0,4.186554447222222,170.86182430075695,0.0
2022-09-04 12:29:34+00:00,16.36807175,,,,,646.0,4.546686597222222,153.76974015622915,0.0
2022-09-04 12:29:36+00:00,16.30291328,,,,,648.0,4.528587022222221,96.88718623360482,0.0
2022-09-04 12:29:38+00:00,16.16134411,,,,,650.0,4.489262252777778,79.49593325188124,0.0
2022-09-04 12:29:40+00:00,16.21007959,,,,,652.0,4.502799886111111,94.35356523111413,0.0
2022-09-04 12:29:42+00:00,16.3493686,,,,,654.0,4.541491277777777,101.69540433066162,0.0
2022-09-04 12:29:44+00:00,16.93026294,,,,,656.0,4.7028508166666665,96.38817395821515,0.0
2022-09-04 12:29:46+00:00,16.65294623,,,,,658.0,4.625818397222223,64.28468282174788,0.0
2022-09-04 12:29:48+00:00,16.51118747,,,,,660.0,4.586440963888888,3.069889636750845,0.0
2022-09-04 12:29:50+00:00,15.50543092,,,,,662.0,4.307064144444444,2.7947412498204693,0.0
2022-09-04 12:29:52+00:00,14.73510174,,,,,664.0,4.093083816666667,52.47882481655442,0.0
2022-09-04 12:29:54+00:00,15.3009053,,,,,666.0,4.250251472222222,79.51744085368527,0.0
2022-09-04 12:29:56+00:00,15.29404697,,,,,668.0,4.248346380555556,84.43388428147613,0.0
2022-09-04 12:29:58+00:00,15.1958217,,,,,670.0,4.221061583333333,69.02039951715184,0.0
2022-09-04 12:30:00+00:00,15.42527521,,,,,672.0,4.284798669444444,72.04379125621857,0.0
2022-09-04 12:30:02+00:00,14.74595793,,,,,674.0,4.096099424999999,99.62639757609568,0.0
2022-09-04 12:30:04+00:00,15.43763669,,,,,676.0,4.288232413888888,165.61446179621814,0.0
2022-09-04 12:30:06+00:00,17.07782122,,,,,678.0,4.7438392277777774,212.03783169680096,0.0
2022-09-04 12:30:08+00:00,18.96102881,,,,,680.0,5.266952447222222,165.37269174138063,0.0
2022-09-04 12:30:10+00:00,18.56156966,,,,,682.0,5.155991572222222,53.58153102050813,0.0
2022-09-04 12:30:12+00:00,17.3263132,,,,,684.0,4.812864777777778,-14.37278870182649,0.0
2022-09-04 12:30:14+00:00,16.17816085,,,,,686.0,4.493933569444445,0.0,29.437872708597684
2022-09-04 12:30:16+00:00,15.83540751,,,,,688.0,4.398724308333333,0.0,5.803523101891712
2022-09-04 12:30:18+00:00,14.70448873,,,,,690.0,4.084580202777778,58.12771252568092,0.0
2022-09-04 12:30:20+00:00,15.16886939,,,,,692.0,4.213574830555555,102.2257706801851,0.0
2022-09-04 12:30:22+00:00,15.83479545,,,,,694.0,4.398554291666667,144.2049637530928,0.0
2022-09-04 12:30:24+00:00,16.55462504,,,,,696.0,4.598506955555556,154.13842510455066,0.0
2022-09-04 12:30:26+00:00,17.52011067,,,,,698.0,4.866697408333334,142.8016270153648,0.0
2022-09-04 12:30:28+00:00,17.81047332,,,,,700.0,4.9473537,95.38533685944645,0.0
2022-09-04 12:30:30+00:00,17.61037189,,,,,702.0,4.891769969444444,36.2480823906861,0.0
2022-09-04 12:30:32+00:00,16.60607715,,,,,704.0,4.612799208333334,0.0,16.89871935703508
2022-09-04 12:30:34+00:00,15.45471334,,,,,706.0,4.2929759277777775,7.342250172578975,0.0
2022-09-04 12:30:36+00:00,15.43149319,,,,,708.0,4.286525886111111,73.13134114543254,0.0
2022-09-04 12:30:38+00:00,15.69900163,,,,,710.0,4.360833786111111,107.16833142432162,0.0
2022-09-04 12:30:40+00:00,16.12636713,,,,,712.0,4.479546425,129.51871376240405,0.0
2022-09-04 12:30:42+00:00,16.65641419,,,,,714.0,4.626781719444444,153.14221184593808,0.0
2022-09-04 12:30:44+00:00,17.55788235,,,,,716.0,4.877189541666667,164.17436555618784,0.0
2022-09-04 12:30:46+00:00,18.46468631,,,,,718.0,5.129079530555556,141.4129112572623,0.0
2022-09-04 12:30:48+00:00,18.5492976,,,,,720.0,5.1525826666666665,94.64235152935049,0.0
2022-09-04 12:30:50+00:00,18.05456582,,,,,722.0,5.015157172222223,51.1194454000718,0.0
2022-09-04 12:30:52+00:00,17.73753133,,,,,724.0,4.927092036111111,35.57557463895328,0.0
2022-09-04 12:30:54+00:00,16.75981673,,,,,726.0,4.655504647222222,0.0,4.51506001184345
2022-09-04 12:30:56+00:00,16.50168771,,,,,728.0,4.583802141666666,0.0,9.857780077033308
2022-09-04 12:30:58+00:00,15.56777822,,,,,730.0,4.324382838888889,39.07789916618181,0.0
2022-09-04 12:31:00+00:00,14.89334137,,,,,732.0,4.137039269444444,69.51999402306319,0.0
2022-09-04 12:31:02+00:00,15.7882125,,,,,734.0,4.385614583333333,115.41919504639719,0.0
2022-09-04 12:31:04+00:00,16.00730418,,,,,736.0,4.446473383333333,118.77221293422501,0.0
2022-09-04 12:31:06+00:00,16.83721764,,,,,738.0,4.677004899999999,101.50410212334182,0.0
2022-09-04 12:31:08+00:00,16.31832479,,,,,740.0,4.532867997222222,79.81834623024181,0.0
2022-09-04 12:31:10+00:00,16.43762104,,,,,742.0,4.566005844444445,68.81632266255737,0.0
2022-09-04 12:31:12+00:00,16.251233,,,,,744.0,4.514231388888889,55.70508870302374,0.0
2022-09-04 12:31:14+00:00,16.00421124,,,,,746.0,4.445614233333333,37.49123085074122,0.0
2022-09-04 12:31:16+00:00,15.07777356,,,,,748.0,4.188270433333334,46.09104051116994,0.0
2022-09-04 12:31:18+00:00,14.8185673,,,,,750.0,4.116268694444444,69.78978861314971,0.0
2022-09-04 12:31:20+00:00,15.46621839,,,,,752.0,4.2961717749999995,76.89227531274621,0.0
2022-09-04 12:31:22+00:00,15.38948789,,,,,754.0,4.274857747222222,46.922734344554726,0.0
2022-09-04 12:31:24+00:00,14.51030947,,,,,756.0,4.030641519444444,0.0,4.3725612625869665
2022-09-04 12:31:26+00:00,13.77513555,,,,,758.0,3.8264265416666667,52.02754066889588,0.0
2022-09-04 12:31:28+00:00,13.79182434,,,,,760.0,3.8310623166666664,107.42232460019879,0.0
2022-09-04 12:31:30+00:00,14.94423437,,,,,762.0,4.151176213888889,152.29590586783095,0.0
2022-09-04 12:31:32+00:00,16.33555171,,,,,764.0,4.537653252777778,152.05649100457137,0.0
2022-09-04 12:31:34+00:00,16.60305487,,,,,766.0,4.611959686111112,94.19955965133572,0.0
2022-09-04 12:31:36+00:00,16.48326582,,,,,768.0,4.5786849499999995,39.17527944902758,0.0
2022-09-04 12:31:38+00:00,15.41884986,,,,,770.0,4.28301385,0.0,11.755771878584078
2022-09-04 12:31:40+00:00,14.71774002,,,,,772.0,4.088261116666667,0.0,2.9423739298396576
2022-09-04 12:31:42+00:00,14.37662886,,,,,774.0,3.9935080166666665,57.19887276221397,0.0
2022-09-04 12:31:44+00:00,14.31094318,,,,,776.0,3.9752619944444447,88.36326442859912,0.0
2022-09-04 12:31:46+00:00,14.85689607,,,,,778.0,4.126915575,106.02933735085078,0.0
2022-09-04 12:31:48+00:00,15.55421129,,,,,780.0,4.320614247222222,115.52536650424936,0.0
2022-09-04 12:31:50+00:00,15.41151673,,,,,782.0,4.280976869444444,112.60608534619944,0.0
2022-09-04 12:31:52+00:00,16.2797947,,,,,784.0,4.522165194444445,129.29008696133076,0.0
2022-09-04 12:31:54+00:00,16.54346463,,,,,786.0,4.595406841666667,151.73585066521656,0.0
2022-09-04 12:31:56+00:00,17.39863036,,,,,788.0,4.832952877777777,152.84134233256597,0.0
2022-09-04 12:31:58+00:00,18.48133384,,,,,790.0,5.133703844444445,119.9342829409859,0.0
2022-09-04 12:32:00+00:00,18.02898635,,,,,792.0,5.008051763888889,58.523468719786486,0.0
2022-09-04 12:32:02+00:00,17.1143612,,,,,794.0,4.753989222222223,0.0,15.913809412815203
2022-09-04 12:32:04+00:00,16.68718131,,,,,796.0,4.635328141666666,0.0,25.544180862555763
2022-09-04 12:32:06+00:00,15.273251,,,,,798.0,4.242569722222222,0.0,8.784353850612687
2022-09-04 12:32:08+00:00,14.73702155,,,,,800.0,4.093617097222222,36.44967179660934,0.0
2022-09-04 12:32:10+00:00,15.3142549,,,,,802.0,4.253959694444444,26.427486728138263,0.0
2022-09-04 12:32:12+00:00,14.07884972,,,,,804.0,3.9107915888888884,-19.168105235658604,0.0
2022-09-04 12:32:14+00:00,13.00872274,,,,,806.0,3.6135340944444443,-28.977052878013502,0.0
2022-09-04 12:32:16+00:00,11.23469653,,,,,808.0,3.1207490361111114,0.0,8.765940324300372
2022-09-04 12:32:18+00:00,11.20320456,,,,,810.0,3.1120012666666663,77.19526324430366,0.0
2022-09-04 12:32:20+00:00,12.61742545,,,,,812.0,3.504840402777778,126.63176185393415,0.0
2022-09-04 12:32:22+00:00,13.61308683,,,,,814.0,3.7814130083333333,128.63603987221546,0.0
2022-09-04 12:32:24+00:00,14.11969319,,,,,816.0,3.922136997222222,109.47859982067827,0.0
2022-09-04 12:32:26+00:00,14.39302776,,,,,818.0,3.9980632666666667,104.97854665829092,0.0
2022-09-04 12:32:28+00:00,14.78493041,,,,,820.0,4.106925113888889,110.72179413743577,0.0
2022-09-04 12:32:30+00:00,15.41245669,,,,,822.0,4.281237969444445,126.09535545781272,0.0
2022-09-04 12:32:32+00:00,15.74335011,,,,,824.0,4.373152808333333,149.6783061783418,0.0
2022-09-04 12:32:34+00:00,16.73804678,,,,,826.0,4.649457438888889,189.4690681688551,0.0
2022-09-04 12:32:36+00:00,18.07329958,,,,,828.0,5.020360994444444,227.65747106774597,0.0
2022-09-04 12:32:38+00:00,19.38905716,,,,,830.0,5.385849211111111,248.87471599942722,0.0
2022-09-04 12:32:40+00:00,20.44659049,,,,,832.0,5.679608469444444,229.77578758134268,0.0
2022-09-04 12:32:42+00:00,21.70088953,,,,,834.0,6.028024869444445,143.35175205765103,0.0
2022-09-04 12:32:44+00:00,21.32004213,,,,,836.0,5.9222339250000005,-47.35678049790864,0.0
2022-09-04 12:32:46+00:00,19.20091148,,,,,838.0,5.333586522222221,-178.61251791603837,0.0
2022-09-04 12:32:48+00:00,14.56847057,,,,,840.0,4.046797380555556,-177.9873397291898,0.0
2022-09-04 12:32:50+00:00,11.17357176,,,,,842.0,3.103769933333333,-112.57784571237463,0.0
2022-09-04 12:32:52+00:00,8.950512651,,,,,844.0,2.4862535141666666,-41.51185110037887,0.0
2022-09-04 12:32:54+00:00,7.485238286,,,,,846.0,2.0792328572222223,0.0,1.7619818867348
2022-09-04 12:32:56+00:00,8.013728829,,,,,848.0,2.226035785833333,90.9308951987931,0.0
2022-09-04 12:32:58+00:00,9.92867585,,,,,850.0,2.7579655138888888,169.301069911754,0.0
2022-09-04 12:33:00+00:00,12.41482156,,,,,852.0,3.4485615444444444,254.10744653389915,0.0
2022-09-04 12:33:02+00:00,15.2506791,,,,,854.0,4.23629975,344.3044248784879,0.0
2022-09-04 12:33:04+00:00,18.31534601,,,,,856.0,5.087596113888888,444.4818490704914,0.0
2022-09-04 12:33:06+00:00,21.36043901,,,,,858.0,5.933455280555555,488.2244063839694,0.0
2022-09-04 12:33:08+00:00,24.55370516,,,,,860.0,6.820473655555555,416.80618197360934,0.0
2022-09-04 12:33:10+00:00,25.14824731,,,,,862.0,6.985624252777777,225.55542301110245,0.0
2022-09-04 12:33:12+00:00,24.36968084,,,,,864.0,6.769355788888889,86.33591850758552,0.0
2022-09-04 12:33:14+00:00,23.65738033,,,,,866.0,6.571494536111111,65.23835562760978,0.0
2022-09-04 12:33:16+00:00,22.93120946,,,,,868.0,6.369780405555556,103.29149847252899,0.0
2022-09-04 12:33:18+00:00,22.8481848,,,,,870.0,6.346717999999999,126.55501740849122,0.0
2022-09-04 12:33:20+00:00,23.43180513,,,,,872.0,6.508834758333333,117.43289973592539,0.0
2022-09-04 12:33:22+00:00,22.48656936,,,,,874.0,6.246269266666666,86.996068682899,0.0
2022-09-04 12:33:24+00:00,21.93731709,,,,,876.0,6.0936991916666665,98.12700339203542,0.0
2022-09-04 12:33:26+00:00,22.04986183,,,,,878.0,6.124961619444445,144.5190126695143,0.0
2022-09-04 12:33:28+00:00,22.32747213,,,,,880.0,6.2020755916666666,165.00737204837202,0.0
2022-09-04 12:33:30+00:00,22.64805756,,,,,882.0,6.291127100000001,144.6726340023977,0.0
2022-09-04 12:33:32+00:00,22.663409,,,,,884.0,6.2953913888888895,100.4696432762151,0.0
2022-09-04 12:33:34+00:00,21.95266804,,,,,886.0,6.097963344444444,61.17332209265737,0.0
2022-09-04 12:33:36+00:00,21.26864258,,,,,888.0,5.907956272222223,50.81907480684068,0.0
2022-09-04 12:33:38+00:00,20.75025048,,,,,890.0,5.763958466666666,58.260571053231956,0.0
2022-09-04 12:33:40+00:00,20.30814925,,,,,892.0,5.641152569444444,66.53086482230772,0.0
2022-09-04 12:33:42+00:00,19.90200394,,,,,894.0,5.528334427777778,59.24275537488101,0.0
2022-09-04 12:33:44+00:00,19.6829563,,,,,896.0,5.4674878611111115,31.074516051969415,0.0
2022-09-04 12:33:46+00:00,18.70628432,,,,,898.0,5.19619008888889,0.0,11.24058044742122
2022-09-04 12:33:48+00:00,17.54378252,,,,,900.0,4.873272922222222,62.10368477211664,0.0
2022-09-04 12:33:50+00:00,17.48233107,,,,,902.0,4.856203075,151.29206403508127,0.0
2022-09-04 12:33:52+00:00,19.20234614,,,,,904.0,5.333985038888889,250.6612820447495,0.0
2022-09-04 12:33:54+00:00,20.59147981,,,,,906.0,5.7198555027777775,284.0918903804955,0.0
2022-09-04 12:33:56+00:00,22.0196347,,,,,908.0,6.116565194444444,252.0588184298309,0.0
2022-09-04 12:33:58+00:00,22.65859955,,,,,910.0,6.294055430555556,193.4872925047521,0.0
2022-09-04 12:34:00+00:00,22.52272827,,,,,912.0,6.256313408333334,152.9839990630264,0.0
2022-09-04 12:34:02+00:00,22.4721703,,,,,914.0,6.242269527777777,162.10547313475118,0.0
2022-09-04 12:34:04+00:00,22.88303813,,,,,916.0,6.356399480555555,192.17438058207628,0.0
2022-09-04 12:34:06+00:00,23.41017048,,,,,918.0,6.502825133333333,191.73595255428265,0.0
2022-09-04 12:34:08+00:00,23.77134262,,,,,920.0,6.603150727777777,150.94832403150576,0.0
2022-09-04 12:34:10+00:00,23.42618124,,,,,922.0,6.507272566666666,80.30307874067535,0.0
2022-09-04 12:34:12+00:00,22.77714439,,,,,924.0,6.326984552777778,0.0,3.236517097504177
2022-09-04 12:34:14+00:00,21.42233007,,,,,926.0,5.950647241666667,0.0,14.435048580247868
2022-09-04 12:34:16+00:00,20.60689888,,,,,928.0,5.724138577777778,66.85101749887501,0.0
2022-09-04 12:34:18+00:00,20.22682956,,,,,930.0,5.618563766666666,135.89614515962842,0.0
2022-09-04 12:34:20+00:00,21.44622573,,,,,932.0,5.957284925,186.13454871922232,0.0
2022-09-04 12:34:22+00:00,21.70042143,,,,,934.0,6.027894841666666,188.7614521579533,0.0
2022-09-04 12:34:24+00:00,21.95078037,,,,,936.0,6.0974389916666665,169.93179838040544,0.0
2022-09-04 12:34:26+00:00,22.49935992,,,,,938.0,6.2498222,150.62587743467202,0.0
2022-09-04 12:34:28+00:00,22.41344603,,,,,940.0,6.225957230555555,112.97269538394416,0.0
2022-09-04 12:34:30+00:00,21.82222108,,,,,942.0,6.061728077777778,98.38357354490935,0.0
2022-09-04 12:34:32+00:00,21.55635533,,,,,944.0,5.987876480555555,124.96491774848336,0.0
2022-09-04 12:34:34+00:00,21.87811169,,,,,946.0,6.077253247222222,163.97846134474594,0.0
2022-09-04 12:34:36+00:00,22.25689618,,,,,948.0,6.182471161111111,183.08287252757344,0.0
2022-09-04 12:34:38+00:00,22.65893186,,,,,950.0,6.2941477388888885,185.12351543882602,0.0
2022-09-04 12:34:40+00:00,22.94957266,,,,,952.0,6.374881294444444,182.50452397010932,0.0
2022-09-04 12:34:42+00:00,23.20352691,,,,,954.0,6.445424141666667,176.50286939054584,0.0
2022-09-04 12:34:44+00:00,23.44005558,,,,,956.0,6.511126549999999,161.13318802598917,0.0
2022-09-04 12:34:46+00:00,23.48648171,,,,,958.0,6.524022697222222,157.57561818203934,0.0
2022-09-04 12:34:48+00:00,23.19116469,,,,,960.0,6.441990191666667,174.4917521641719,0.0
2022-09-04 12:34:50+00:00,23.7992628,,,,,962.0,6.610906333333333,198.19761464008857,0.0
2022-09-04 12:34:52+00:00,24.36623939,,,,,964.0,6.7683998305555555,177.99292615637984,0.0
2022-09-04 12:34:54+00:00,24.18403359,,,,,966.0,6.717787108333333,102.34250367179406,0.0
2022-09-04 12:34:56+00:00,23.50760155,,,,,968.0,6.529889319444444,49.4716662432515,0.0
2022-09-04 12:34:58+00:00,22.30481037,,,,,970.0,6.195780658333333,48.003822586567765,0.0
2022-09-04 12:35:00+00:00,21.86192014,,,,,972.0,6.072755594444444,85.36817092735288,0.0
2022-09-04 12:35:02+00:00,21.79104455,,,,,974.0,6.053067930555555,127.11639479426464,0.0
2022-09-04 12:35:04+00:00,21.91175509,,,,,976.0,6.086598636111111,150.71361751155698,0.0
2022-09-04 12:35:06+00:00,22.13770985,,,,,978.0,6.149363847222222,169.9788895222117,0.0
2022-09-04 12:35:08+00:00,22.42582492,,,,,980.0,6.229395811111111,167.6614492535739,0.0
2022-09-04 12:35:10+00:00,22.93507678,,,,,982.0,6.37085466111111,146.34837225692098,0.0
2022-09-04 12:35:12+00:00,22.50036148,,,,,984.0,6.25010041111111,133.8532559775217,0.0
2022-09-04 12:35:14+00:00,22.22297379,,,,,986.0,6.173048275,163.10126212712862,0.0
2022-09-04 12:35:16+00:00,22.9694998,,,,,988.0,6.380416611111111,209.086858198896,0.0
2022-09-04 12:35:18+00:00,23.76467447,,,,,990.0,6.601298463888888,229.14623509495186,0.0
2022-09-04 12:35:20+00:00,23.81737525,,,,,992.0,6.615937569444444,205.44762262656351,0.0
2022-09-04 12:35:22+00:00,24.54635826,,,,,994.0,6.818432850000001,185.44301006051225,0.0
2022-09-04 12:35:24+00:00,24.34911832,,,,,996.0,6.763643977777777,154.19638251053786,0.0
2022-09-04 12:35:26+00:00,24.13114454,,,,,998.0,6.703095705555556,134.33176946648737,0.0
2022-09-04 12:35:28+00:00,23.96696276,,,,,1000.0,6.657489655555556,134.75735870597595,0.0
2022-09-04 12:35:30+00:00,23.95067138,,,,,1002.0,6.6529642722222215,120.43800221431415,0.0
2022-09-04 12:35:32+00:00,23.65300565,,,,,1004.0,6.570279347222222,100.26576586905307,0.0
2022-09-04 12:35:34+00:00,22.96969504,,,,,1006.0,6.380470844444445,96.080450166872,0.0
2022-09-04 12:35:36+00:00,22.74393809,,,,,1008.0,6.3177605805555554,113.63845303177672,0.0
2022-09-04 12:35:38+00:00,22.77274413,,,,,1010.0,6.325762258333333,153.25149859384854,0.0
2022-09-04 12:35:40+00:00,22.65297707,,,,,1012.0,6.292493630555555,197.00836067222687,0.0
2022-09-04 12:35:42+00:00,23.61219995,,,,,1014.0,6.558944430555556,258.40643207906714,0.0
2022-09-04 12:35:44+00:00,24.44533656,,,,,1016.0,6.790371266666667,261.6641807662598,0.0
2022-09-04 12:35:46+00:00,25.45594165,,,,,1018.0,7.071094902777777,167.61815688827696,0.0
2022-09-04 12:35:48+00:00,24.81362737,,,,,1020.0,6.892674269444444,0.0,21.95319908095844
2022-09-04 12:35:50+00:00,22.91031895,,,,,1022.0,6.363977486111111,-116.31770784438123,0.0
2022-09-04 12:35:52+00:00,20.33512386,,,,,1024.0,5.648645516666666,-182.3384824452133,0.0
2022-09-04 12:35:54+00:00,17.37598753,,,,,1026.0,4.826663202777778,-200.0,19.49625337507902
2022-09-04 12:35:56+00:00,13.26319623,,,,,1028.0,3.684221175,-180.46810636328303,0.0
2022-09-04 12:35:58+00:00,8.86964274,,,,,1030.0,2.46378965,-91.01283952527403,0.0
2022-09-04 12:36:00+00:00,6.719601816,,,,,1032.0,1.86655606,-25.710583034870115,0.0
2022-09-04 12:36:02+00:00,6.204574378,,,,,1034.0,1.7234928827777778,0.0,0.44988893752622416
2022-09-04 12:36:04+00:00,6.487433472,,,,,1036.0,1.8020648533333334,57.32845888244989,0.0
2022-09-04 12:36:06+00:00,7.221509128,,,,,1038.0,2.0059747577777776,77.68512402200983,0.0
2022-09-04 12:36:08+00:00,8.230085103,,,,,1040.0,2.2861347508333334,96.99053895319959,0.0
2022-09-04 12:36:10+00:00,9.417286557,,,,,1042.0,2.6159129325,116.91847751131542,0.0
2022-09-04 12:36:12+00:00,10.72723089,,,,,1044.0,2.979786358333333,138.09431258659464,0.0
2022-09-04 12:36:14+00:00,12.12492034,,,,,1046.0,3.3680334277777773,171.69033803176129,0.0
2022-09-04 12:36:16+00:00,13.58702081,,,,,1048.0,3.774172447222222,204.87603381817897,0.0
2022-09-04 12:36:18+00:00,15.99475685,,,,,1050.0,4.442988013888889,218.56781431288,0.0
2022-09-04 12:36:20+00:00,17.17583237,,,,,1052.0,4.771064547222221,199.3705061460455,0.0
2022-09-04 12:36:22+00:00,17.24783128,,,,,1054.0,4.791064244444445,194.60755125035004,0.0
2022-09-04 12:36:24+00:00,18.86319663,,,,,1056.0,5.239776841666667,233.71999925532032,0.0
2022-09-04 12:36:26+00:00,20.50556792,,,,,1058.0,5.695991088888889,230.85260907940483,0.0
2022-09-04 12:36:28+00:00,20.92662205,,,,,1060.0,5.812950569444444,158.50943295076402,0.0
2022-09-04 12:36:30+00:00,20.749556,,,,,1062.0,5.763765555555555,107.69621654943008,0.0
2022-09-04 12:36:32+00:00,20.45226842,,,,,1064.0,5.681185672222222,86.17126739600363,0.0
2022-09-04 12:36:34+00:00,20.43494811,,,,,1066.0,5.676374475,67.2223912544161,0.0
2022-09-04 12:36:36+00:00,19.75169136,,,,,1068.0,5.486580933333333,45.82661814150673,0.0
2022-09-04 12:36:38+00:00,19.00539355,,,,,1070.0,5.279275986111111,41.95919574147174,0.0
2022-09-04 12:36:40+00:00,18.55154763,,,,,1072.0,5.153207675,58.5266347236059,0.0
2022-09-04 12:36:42+00:00,18.31590391,,,,,1074.0,5.087751086111111,74.79239627996239,0.0
2022-09-04 12:36:44+00:00,18.1891696,,,,,1076.0,5.052547111111111,84.18207969972752,0.0
2022-09-04 12:36:46+00:00,18.11997388,,,,,1078.0,5.033326077777778,94.67625975809241,0.0
2022-09-04 12:36:48+00:00,18.08334439,,,,,1080.0,5.023151219444444,92.72936506282556,0.0
2022-09-04 12:36:50+00:00,18.38390116,,,,,1082.0,5.106639211111111,53.532652712008094,0.0
2022-09-04 12:36:52+00:00,17.79285349,,,,,1084.0,4.9424593027777775,0.0,28.94263267172626
2022-09-04 12:36:54+00:00,15.92980947,,,,,1086.0,4.424947075,-18.060577999823394,0.0
2022-09-04 12:36:56+00:00,15.04118388,,,,,1088.0,4.178106633333333,0.0,1.1071051696780752
2022-09-04 12:36:58+00:00,15.40399394,,,,,1090.0,4.278887205555555,91.1030574652921,0.0
2022-09-04 12:37:00+00:00,15.1826801,,,,,1092.0,4.217411138888889,147.00355432996784,0.0
2022-09-04 12:37:02+00:00,16.77167919,,,,,1094.0,4.658799775,203.33394638675554,0.0
2022-09-04 12:37:04+00:00,18.51441163,,,,,1096.0,5.142892119444444,234.00211348987014,0.0
2022-09-04 12:37:06+00:00,19.16803782,,,,,1098.0,5.32445495,235.25249594507315,0.0
2022-09-04 12:37:08+00:00,20.10263486,,,,,1100.0,5.584065238888888,255.4716065088852,0.0
2022-09-04 12:37:10+00:00,22.0185123,,,,,1102.0,6.116253416666667,275.7672200062666,0.0
2022-09-04 12:37:12+00:00,22.72458445,,,,,1104.0,6.312384569444443,209.186073583374,0.0
2022-09-04 12:37:14+00:00,22.97025859,,,,,1106.0,6.380627386111111,112.79867931359458,0.0
2022-09-04 12:37:16+00:00,22.17408279,,,,,1108.0,6.159467441666666,58.309909455605045,0.0
2022-09-04 12:37:18+00:00,21.22810941,,,,,1110.0,5.8966970583333325,54.201416165124684,0.0
2022-09-04 12:37:20+00:00,20.95919103,,,,,1112.0,5.821997508333333,70.50380134611389,0.0
2022-09-04 12:37:22+00:00,20.80803941,,,,,1114.0,5.780010947222222,51.400685787238245,0.0
2022-09-04 12:37:24+00:00,20.12026741,,,,,1116.0,5.588963169444445,0.0,26.97851895282355
2022-09-04 12:37:26+00:00,18.69045948,,,,,1118.0,5.191794300000001,-29.35643053371204,0.0
2022-09-04 12:37:28+00:00,17.31415201,,,,,1120.0,4.8094866694444445,-14.405142475053232,0.0
2022-09-04 12:37:30+00:00,16.72888945,,,,,1122.0,4.646913736111111,40.29459082434808,0.0
2022-09-04 12:37:32+00:00,16.57126242,,,,,1124.0,4.60312845,74.87650523673136,0.0
2022-09-04 12:37:34+00:00,16.63927282,,,,,1126.0,4.622020227777777,94.79667220443403,0.0
2022-09-04 12:37:36+00:00,16.83480532,,,,,1128.0,4.676334811111111,107.53090769473852,0.0
2022-09-04 12:37:38+00:00,17.10786901,,,,,1130.0,4.752185836111112,122.93228596038749,0.0
2022-09-04 12:37:40+00:00,17.43135789,,,,,1132.0,4.842043858333334,157.00168772449956,0.0
2022-09-04 12:37:42+00:00,18.15237546,,,,,1134.0,5.042326516666666,197.0394241515097,0.0
2022-09-04 12:37:44+00:00,19.69575616,,,,,1136.0,5.471043377777777,221.13146571306623,0.0
2022-09-04 12:37:46+00:00,20.47529332,,,,,1138.0,5.687581477777777,195.70692175914434,0.0
2022-09-04 12:37:48+00:00,20.81709851,,,,,1140.0,5.782527363888889,154.3644203980621,0.0
2022-09-04 12:37:50+00:00,20.93549942,,,,,1142.0,5.815416505555556,130.91145081108732,0.0
2022-09-04 12:37:52+00:00,20.93251613,,,,,1144.0,5.814587813888889,117.45133198742704,0.0
2022-09-04 12:37:54+00:00,20.85866902,,,,,1146.0,5.794074727777778,108.92570119853681,0.0
2022-09-04 12:37:56+00:00,20.74037612,,,,,1148.0,5.761215588888889,102.95381673413759,0.0
2022-09-04 12:37:58+00:00,20.59241411,,,,,1150.0,5.720115030555555,98.39447337907099,0.0
2022-09-04 12:38:00+00:00,20.42367433,,,,,1152.0,5.673242869444445,94.68031354568714,0.0
2022-09-04 12:38:02+00:00,20.23988775,,,,,1154.0,5.6221910416666665,91.51351951458199,0.0
2022-09-04 12:38:04+00:00,20.0449637,,,,,1156.0,5.568045472222222,91.62874371331988,0.0
2022-09-04 12:38:06+00:00,19.84168264,,,,,1158.0,5.511578511111111,99.14295988869914,0.0
2022-09-04 12:38:08+00:00,19.78145385,,,,,1160.0,5.494848291666666,109.21578488857172,0.0
2022-09-04 12:38:10+00:00,19.93963634,,,,,1162.0,5.538787872222222,110.19680553114082,0.0
2022-09-04 12:38:12+00:00,19.9323951,,,,,1164.0,5.536776416666667,103.30464078828318,0.0
2022-09-04 12:38:14+00:00,19.65162962,,,,,1166.0,5.458786005555556,104.49447001132486,0.0
2022-09-04 12:38:16+00:00,19.67956668,,,,,1168.0,5.4665463,127.29970990542273,0.0
2022-09-04 12:38:18+00:00,19.99330654,,,,,1170.0,5.553696261111111,158.1196552007253,0.0
2022-09-04 12:38:20+00:00,20.56118999,,,,,1172.0,5.7114416638888885,181.8488337526504,0.0
2022-09-04 12:38:22+00:00,21.13281083,,,,,1174.0,5.870225230555556,196.10607782937106,0.0
2022-09-04 12:38:24+00:00,21.71902201,,,,,1176.0,6.033061669444444,206.17342246054767,0.0
2022-09-04 12:38:26+00:00,22.31920492,,,,,1178.0,6.199779144444444,216.9648903326234,0.0
2022-09-04 12:38:28+00:00,22.93132982,,,,,1180.0,6.369813838888888,228.15616615825923,0.0
2022-09-04 12:38:30+00:00,23.55315109,,,,,1182.0,6.542541969444445,224.65092868299354,0.0
2022-09-04 12:38:32+00:00,24.18264205,,,,,1184.0,6.717400569444444,181.00571213307333,0.0
2022-09-04 12:38:34+00:00,24.19602786,,,,,1186.0,6.72111885,104.6529427501519,0.0
2022-09-04 12:38:36+00:00,23.22020413,,,,,1188.0,6.450056702777777,0.0,9.259883560326719
2022-09-04 12:38:38+00:00,22.25504308,,,,,1190.0,6.181956411111111,-47.41132432443558,0.0
2022-09-04 12:38:40+00:00,20.52882816,,,,,1192.0,5.702452266666667,-71.58081214018807,0.0
2022-09-04 12:38:42+00:00,18.39341108,,,,,1194.0,5.109280855555555,-56.32817655424902,0.0
2022-09-04 12:38:44+00:00,17.2090507,,,,,1196.0,4.7802918611111105,-15.260702638231358,0.0
2022-09-04 12:38:46+00:00,16.71546487,,,,,1198.0,4.643184686111112,65.2477421678075,0.0
2022-09-04 12:38:48+00:00,16.6295991,,,,,1200.0,4.619333083333333,136.186487224039,0.0
2022-09-04 12:38:50+00:00,17.74804766,,,,,1202.0,4.930013238888889,202.94359309489855,0.0
2022-09-04 12:38:52+00:00,19.3638434,,,,,1204.0,5.378845388888889,229.1235102742438,0.0
2022-09-04 12:38:54+00:00,20.25159984,,,,,1206.0,5.6254444,182.22017164070363,0.0
2022-09-04 12:38:56+00:00,20.49298573,,,,,1208.0,5.692496036111112,114.83268714080917,0.0
2022-09-04 12:38:58+00:00,20.01583939,,,,,1210.0,5.559955386111111,78.97212020260106,0.0
2022-09-04 12:39:00+00:00,19.52988342,,,,,1212.0,5.424967616666667,115.72924133161646,0.0
2022-09-04 12:39:02+00:00,19.532924,,,,,1214.0,5.4258122222222225,223.00139532342666,0.0
2022-09-04 12:39:04+00:00,21.42153625,,,,,1216.0,5.950426736111111,339.3481482047877,0.0
2022-09-04 12:39:06+00:00,24.05114673,,,,,1218.0,6.6808740916666665,364.99778236699666,0.0
2022-09-04 12:39:08+00:00,24.7310484,,,,,1220.0,6.869735666666666,242.8888919462363,0.0
2022-09-04 12:39:10+00:00,24.57091316,,,,,1222.0,6.825253655555556,156.93985863436473,0.0
2022-09-04 12:39:12+00:00,23.96855081,,,,,1224.0,6.657930780555556,169.95194804596565,0.0
2022-09-04 12:39:14+00:00,24.54031959,,,,,1226.0,6.8167554416666665,202.4271063739199,0.0
2022-09-04 12:39:16+00:00,25.36008818,,,,,1228.0,7.0444689388888895,177.93737187283975,0.0
2022-09-04 12:39:18+00:00,24.76518198,,,,,1230.0,6.8792172166666665,98.92991580620532,0.0
2022-09-04 12:39:20+00:00,23.86915722,,,,,1232.0,6.63032145,0.0,12.84093633887942
2022-09-04 12:39:22+00:00,23.27390089,,,,,1234.0,6.464972469444445,-26.89022334583578,0.0
2022-09-04 12:39:24+00:00,20.89495505,,,,,1236.0,5.804154180555556,0.0,19.59033532812116
2022-09-04 12:39:26+00:00,20.31247412,,,,,1238.0,5.642353922222222,81.82368726141885,0.0
2022-09-04 12:39:28+00:00,21.31181124,,,,,1240.0,5.919947566666667,153.92680345129088,0.0
2022-09-04 12:39:30+00:00,21.20375261,,,,,1242.0,5.8899312805555555,131.5941088296145,0.0
2022-09-04 12:39:32+00:00,21.39837946,,,,,1244.0,5.943994294444445,115.43877068134324,0.0
2022-09-04 12:39:34+00:00,20.61895307,,,,,1246.0,5.727486963888889,128.1916970923336,0.0
2022-09-04 12:39:36+00:00,21.42138875,,,,,1248.0,5.950385763888888,139.08900804574677,0.0
2022-09-04 12:39:38+00:00,21.70987353,,,,,1250.0,6.030520425,116.46855844840147,0.0
2022-09-04 12:39:40+00:00,20.94248204,,,,,1252.0,5.817356122222223,84.25159875910221,0.0
2022-09-04 12:39:42+00:00,20.52212634,,,,,1254.0,5.70059065,84.42174742830964,0.0
2022-09-04 12:39:44+00:00,20.82260135,,,,,1256.0,5.784055930555556,75.81022668135961,0.0
2022-09-04 12:39:46+00:00,20.2232576,,,,,1258.0,5.617571555555555,0.0,29.803631756249064
2022-09-04 12:39:48+00:00,19.08361924,,,,,1260.0,5.3010053444444445,-79.4241365571612,0.0
2022-09-04 12:39:50+00:00,16.32044605,,,,,1262.0,4.533457236111111,-93.53229569262732,0.0
2022-09-04 12:39:52+00:00,14.27613112,,,,,1264.0,3.9655919777777777,-71.68520654671123,0.0
2022-09-04 12:39:54+00:00,13.00280202,,,,,1266.0,3.61188945,-68.13054206807179,1.4210854715202004e-14
2022-09-04 12:39:56+00:00,11.55714533,,,,,1268.0,3.2103181472222224,-87.16947663913722,0.0
2022-09-04 12:39:58+00:00,8.010550516,,,,,1270.0,2.225152921111111,-68.61416799939875,0.0
2022-09-04 12:40:00+00:00,5.262328516,,,,,1272.0,1.4617579211111111,-32.02663304242344,0.0
2022-09-04 12:40:02+00:00,3.681095616,,,,,1274.0,1.02252656,0.0,21.977589447744304
2022-09-04 12:40:04+00:00,2.755790374,,,,,1276.0,0.7654973261111111,0.0,8.703223268618771
2022-09-04 12:40:06+00:00,2.132644357,,,,,1278.0,0.5924012102777778,0.0,3.573674341804468
2022-09-04 12:40:08+00:00,1.646923965,,,,,1280.0,0.4574788791666667,0.0,1.3582848489567139
2022-09-04 12:40:10+00:00,1.323200884,,,,,1282.0,0.36755580111111114,0.0,0.31608929336941327
2022-09-04 12:40:12+00:00,1.073222082,,,,,1284.0,0.298117245,3.671819053730565,0.0
2022-09-04 12:40:14+00:00,0.883396559,,,,,1286.0,0.24538793305555556,720.9298909260879,0.0
2022-09-04 12:40:16+00:00,0.905590058,,,,,1288.0,0.2515527938888889,920.5685863361181,0.0
2022-09-04 12:40:18+00:00,0.82144539,,,,,1290.0,0.22817927500000001,771.7975954750032,0.0
2022-09-04 12:40:20+00:00,0.680905878,,,,,1292.0,0.18914052166666667,579.97640098603,0.0
2022-09-04 12:40:22+00:00,0.572069619,,,,,1294.0,0.1589082275,629.4458947898296,0.0
2022-09-04 12:40:24+00:00,0.52603641,,,,,1296.0,0.146121225,730.1516560080503,0.0
2022-09-04 12:40:26+00:00,0.615336341,,,,,1298.0,0.17092676138888888,923.8622394354878,0.0
2022-09-04 12:40:28+00:00,0.586163704,,,,,1300.0,0.1628232511111111,836.8972823116346,0.0
2022-09-04 12:40:30+00:00,0.581601005,,,,,1302.0,0.1615558347222222,775.0535633525852,0.0
2022-09-04 12:40:32+00:00,0.550537872,,,,,1304.0,0.1529271866666667,829.348564157372,0.0
2022-09-04 12:40:34+00:00,0.539543576,,,,,1306.0,0.14987321555555555,868.2258650686395,0.0
2022-09-04 12:40:36+00:00,0.703799392,,,,,1308.0,0.1954998311111111,1015.02900092337,0.0
2022-09-04 12:40:38+00:00,0.614405617,,,,,1310.0,0.17066822694444442,704.4780794061774,0.0
2022-09-04 12:40:40+00:00,0.480965337,,,,,1312.0,0.1336014825,541.5640426028058,0.0
2022-09-04 12:40:42+00:00,0.450818297,,,,,1314.0,0.1252273047222222,688.8933193620197,0.0
2022-09-04 12:40:44+00:00,0.534661713,,,,,1316.0,0.1485171425,956.11662610978,0.0
2022-09-04 12:40:46+00:00,0.660230604,,,,,1318.0,0.18339739,1148.022527225721,0.0
2022-09-04 12:40:48+00:00,0.650074714,,,,,1320.0,0.18057630944444444,1159.7519061162175,0.0
2022-09-04 12:40:50+00:00,0.659796662,,,,,1322.0,0.18327685055555554,1262.7508979533998,0.0
2022-09-04 12:40:52+00:00,0.908152134,,,,,1324.0,0.25226448166666665,1795.097046118599,0.0
2022-09-04 12:40:54+00:00,0.914616327,,,,,1326.0,0.2540600908333333,1708.326623333425,0.0
2022-09-04 12:40:56+00:00,0.972594273,,,,,1328.0,0.2701650758333333,1748.630031154777,0.0
2022-09-04 12:40:58+00:00,1.055665046,,,,,1330.0,0.29324029055555556,20.310961952172285,0.0
2022-09-04 12:41:00+00:00,1.151570899,,,,,1332.0,0.3198808052777778,22.9091532703838,0.0
2022-09-04 12:41:02+00:00,1.254469558,,,,,1334.0,0.34846376611111113,25.41430587448232,0.0
2022-09-04 12:41:04+00:00,1.361462504,,,,,1336.0,0.37818402888888886,27.885007279502396,0.0
2022-09-04 12:41:06+00:00,1.471030328,,,,,1338.0,0.4086195355555556,30.34778889221467,0.0
2022-09-04 12:41:08+00:00,1.582320735,,,,,1340.0,0.43953353749999996,32.8143160445653,0.0
2022-09-04 12:41:10+00:00,1.694819416,,,,,1342.0,0.4707831711111111,34.113412115224,0.0
2022-09-04 12:41:12+00:00,1.808194034,,,,,1344.0,0.5022761205555556,34.36589012060618,0.0
2022-09-04 12:41:14+00:00,1.922217449,,,,,1346.0,0.5339492913888888,34.61947449341584,0.0
2022-09-04 12:41:16+00:00,2.036727891,,,,,1348.0,0.5657577475,34.874172227464186,0.0
2022-09-04 12:41:18+00:00,2.151606898,,,,,1350.0,0.5976685827777777,35.12998824458722,0.0
2022-09-04 12:41:20+00:00,2.26676617,,,,,1352.0,0.6296572694444444,35.38693827413243,0.0
2022-09-04 12:41:22+00:00,2.382139168,,,,,1354.0,0.6617053244444445,35.645051372362225,0.0
2022-09-04 12:41:24+00:00,2.49767542,,,,,1356.0,0.6937987277777778,35.904368382468235,0.0
2022-09-04 12:41:26+00:00,2.613336497,,,,,1358.0,0.7259268047222223,36.164939252735905,0.0
2022-09-04 12:41:28+00:00,2.729093067,,,,,1360.0,0.7580814075,36.42682036247756,0.0
2022-09-04 12:41:30+00:00,2.844922716,,,,,1362.0,0.79025631,36.69007235085037,0.0
2022-09-04 12:41:32+00:00,2.9608083,,,,,1364.0,0.82244675,36.95475844564524,0.0
2022-09-04 12:41:34+00:00,3.076736705,,,,,1366.0,0.8546490847222222,37.22094328820016,0.0
2022-09-04 12:41:36+00:00,3.19269789,,,,,1368.0,0.8868605249999999,37.48869211450998,0.0
2022-09-04 12:41:38+00:00,3.308684172,,,,,1370.0,0.9190789366666666,37.758070254933735,0.0
2022-09-04 12:41:40+00:00,3.424689668,,,,,1372.0,0.9513026855555555,38.02914281913991,0.0
2022-09-04 12:41:42+00:00,3.540709874,,,,,1374.0,0.9835305205555556,38.30197451062003,0.0
2022-09-04 12:41:44+00:00,3.656741343,,,,,1376.0,1.0157614841666667,38.57662956848305,0.0
2022-09-04 12:41:46+00:00,3.772781434,,,,,1378.0,1.0479948427777779,38.85317172550014,0.0
2022-09-04 12:41:48+00:00,3.888828128,,,,,1380.0,1.0802300355555556,39.131664242417344,0.0
2022-09-04 12:41:50+00:00,4.004879876,,,,,1382.0,1.1124666322222223,39.412169930236274,0.0
2022-09-04 12:41:52+00:00,4.120935494,,,,,1384.0,1.1447043038888889,39.69475122363186,0.0
2022-09-04 12:41:54+00:00,4.236994074,,,,,1386.0,1.1769427983333334,39.97947021228476,0.0
2022-09-04 12:41:56+00:00,4.353054924,,,,,1388.0,1.2091819233333334,40.26638870821604,0.0
2022-09-04 12:41:58+00:00,4.469117509,,,,,1390.0,1.2414215302777778,40.5555682725353,0.0
2022-09-04 12:42:00+00:00,4.585181425,,,,,1392.0,1.2736615069444444,40.84707028348259,0.0
2022-09-04 12:42:02+00:00,4.701246359,,,,,1394.0,1.3059017663888888,41.140955958835626,0.0
2022-09-04 12:42:04+00:00,4.817312072,,,,,1396.0,1.3381422422222222,41.43728638927127,0.0
2022-09-04 12:42:06+00:00,4.933378382,,,,,1398.0,1.3703828838888887,41.73612258336643,0.0
2022-09-04 12:42:08+00:00,5.049445149,,,,,1400.0,1.4026236525,42.037525479832844,0.0
2022-09-04 12:42:10+00:00,5.165512265,,,,,1402.0,1.4348645180555557,42.34155596004353,0.0
2022-09-04 12:42:12+00:00,5.28157965,,,,,1404.0,1.4671054583333334,42.64827489037381,0.0
2022-09-04 12:42:14+00:00,5.397647239,,,,,1406.0,1.4993464552777778,42.95774310463078,0.0
2022-09-04 12:42:16+00:00,5.513714986,,,,,1408.0,1.5315874961111111,43.2700214353917,0.0
2022-09-04 12:42:18+00:00,5.629782853,,,,,1410.0,1.5638285702777777,43.58517073118403,0.0
2022-09-04 12:42:20+00:00,5.745850811,,,,,1412.0,1.5960696697222223,43.903251841561364,0.0
2022-09-04 12:42:22+00:00,5.861918841,,,,,1414.0,1.6283107891666666,44.22432565118153,0.0
2022-09-04 12:42:24+00:00,5.977986924,,,,,1416.0,1.6605519233333332,44.54845305384965,0.0
2022-09-04 12:42:26+00:00,6.094055048,,,,,1418.0,1.692793068888889,44.87569499122069,0.0
2022-09-04 12:42:28+00:00,6.210123204,,,,,1420.0,1.7250342233333333,45.20611243436964,0.0
2022-09-04 12:42:30+00:00,6.326191385,,,,,1422.0,1.757275384722222,45.53976638477752,0.0
2022-09-04 12:42:32+00:00,6.442259583,,,,,1424.0,1.7895165508333333,45.87671788838346,0.0
2022-09-04 12:42:34+00:00,6.558327796,,,,,1426.0,1.8217577211111111,46.217028056338876,0.0
2022-09-04 12:42:36+00:00,6.67439602,,,,,1428.0,1.8539988944444443,46.560758016988736,0.0
2022-09-04 12:42:38+00:00,6.790464253,,,,,1430.0,1.8862400702777777,46.90796895152789,0.0
2022-09-04 12:42:40+00:00,6.906532491,,,,,1432.0,1.9184812475,47.258722095630354,0.0
2022-09-04 12:42:42+00:00,7.022600735,,,,,1434.0,1.950722426388889,47.613078748731176,0.0
2022-09-04 12:42:44+00:00,7.138668982,,,,,1436.0,1.982963606111111,47.9711002472829,0.0
2022-09-04 12:42:46+00:00,7.254737232,,,,,1438.0,2.0152047866666667,48.33284798644564,0.0
2022-09-04 12:42:48+00:00,7.370805484,,,,,1440.0,2.0474459677777777,48.69838342234797,0.0
2022-09-04 12:42:50+00:00,7.486873738,,,,,1442.0,2.079687149444444,49.06776805848789,0.0
2022-09-04 12:42:52+00:00,7.602941993,,,,,1444.0,2.111928331388889,49.4410634610352,0.0
2022-09-04 12:42:54+00:00,7.719010249,,,,,1446.0,2.144169513611111,49.81833125942534,0.0
2022-09-04 12:42:56+00:00,7.835078506,,,,,1448.0,2.176410696111111,50.19963313680346,0.0
2022-09-04 12:42:58+00:00,7.951146764,,,,,1450.0,2.208651878888889,50.585030830519685,0.0
2022-09-04 12:43:00+00:00,8.067215022,,,,,1452.0,2.2408930616666662,50.97458615232099,0.0
2022-09-04 12:43:02+00:00,8.18328328,,,,,1454.0,2.2731342444444445,51.36836097380332,0.0
2022-09-04 12:43:04+00:00,8.299351539,,,,,1456.0,2.3053754275,51.766417242952805,0.0
2022-09-04 12:43:06+00:00,8.415419797,,,,,1458.0,2.337616610277778,52.16881695602647,0.0
2022-09-04 12:43:08+00:00,8.531488056,,,,,1460.0,2.3698577933333334,52.57562219035978,0.0
2022-09-04 12:43:10+00:00,8.647556315,,,,,1462.0,2.4020989763888885,52.98689508134125,0.0
2022-09-04 12:43:12+00:00,8.763624574,,,,,1464.0,2.4343401594444445,53.4026978374078,0.0
2022-09-04 12:43:14+00:00,8.879692833,,,,,1466.0,2.4665813425,53.82309273777841,0.0
2022-09-04 12:43:16+00:00,8.995761093,,,,,1468.0,2.4988225258333334,54.248142128751674,0.0
2022-09-04 12:43:18+00:00,9.111829352,,,,,1470.0,2.531063708888889,54.67790843575369,0.0
2022-09-04 12:43:20+00:00,9.227897611,,,,,1472.0,2.563304891944444,55.112454161241374,0.0
2022-09-04 12:43:22+00:00,9.343965871,,,,,1474.0,2.595546075277778,55.55184188350482,0.0
2022-09-04 12:43:24+00:00,9.46003413,,,,,1476.0,2.6277872583333335,55.99613424638696,0.0
2022-09-04 12:43:26+00:00,9.576102389,,,,,1478.0,2.660028441388889,56.44539398327379,0.0
2022-09-04 12:43:28+00:00,9.692170649,,,,,1480.0,2.692269624722222,56.89968390722368,0.0
2022-09-04 12:43:30+00:00,9.808238908,,,,,1482.0,2.7245108077777775,57.35906692845396,0.0
2022-09-04 12:43:32+00:00,9.924307167,,,,,1484.0,2.7567519908333336,57.8236060049748,0.0
2022-09-04 12:43:34+00:00,10.04037543,,,,,1486.0,2.788993175,58.293364180162754,0.0
2022-09-04 12:43:36+00:00,10.15644369,,,,,1488.0,2.8212343583333332,58.768404448949546,0.0
2022-09-04 12:43:38+00:00,10.27251195,,,,,1490.0,2.8534755416666666,59.248790172943686,0.0
2022-09-04 12:43:40+00:00,10.3885802,,,,,1492.0,2.885716722222222,59.734584763000086,0.0
2022-09-04 12:43:42+00:00,10.50464846,,,,,1494.0,2.917957905555556,60.225851680279796,0.0
2022-09-04 12:43:44+00:00,10.62071672,,,,,1496.0,2.950199088888889,60.72265427855595,0.0
2022-09-04 12:43:46+00:00,10.73678498,,,,,1498.0,2.982440272222222,61.22505604055385,0.0
2022-09-04 12:43:48+00:00,10.85285324,,,,,1500.0,3.0146814555555554,61.7331207455515,0.0
2022-09-04 12:43:50+00:00,10.9689215,,,,,1502.0,3.046922638888889,62.246912167123185,0.0
2022-09-04 12:43:52+00:00,11.08498976,,,,,1504.0,3.0791638222222217,62.76649417511169,0.0
2022-09-04 12:43:54+00:00,11.20105802,,,,,1506.0,3.1114050055555555,63.29193073712953,0.0
2022-09-04 12:43:56+00:00,11.31712628,,,,,1508.0,3.143646188888889,63.82328592007592,0.0
2022-09-04 12:43:58+00:00,11.43319454,,,,,1510.0,3.1758873722222223,64.36062389166976,0.0
2022-09-04 12:44:00+00:00,11.5492628,,,,,1512.0,3.208128555555555,64.90400892199882,0.0
2022-09-04 12:44:02+00:00,11.66533106,,,,,1514.0,3.2403697388888886,65.45350538508434,0.0
2022-09-04 12:44:04+00:00,11.78139932,,,,,1516.0,3.2726109222222224,66.0091777604622,0.0
2022-09-04 12:44:06+00:00,11.89746758,,,,,1518.0,3.3048521055555558,66.57109063477972,0.0
2022-09-04 12:44:08+00:00,12.01353584,,,,,1520.0,3.3370932888888887,67.13930858813521,0.0
2022-09-04 12:44:10+00:00,12.1296041,,,,,1522.0,3.369334472222222,67.71389653924057,0.0
2022-09-04 12:44:12+00:00,12.24567235,,,,,1524.0,3.4015756527777774,68.29491947303885,0.0
2022-09-04 12:44:14+00:00,12.36174061,,,,,1526.0,3.433816836111111,68.88244252445655,0.0
2022-09-04 12:44:16+00:00,12.47780887,,,,,1528.0,3.4660580194444446,69.47653067401613,0.0
2022-09-04 12:44:18+00:00,12.59387713,,,,,1530.0,3.4982992027777775,70.07724906446677,0.0
2022-09-04 12:44:20+00:00,12.70994539,,,,,1532.0,3.530540386111111,70.68466319699621,0.0
2022-09-04 12:44:22+00:00,12.82601365,,,,,1534.0,3.5627815694444442,71.29883857454764,0.0
2022-09-04 12:44:24+00:00,12.94208191,,,,,1536.0,3.595022752777778,71.91984082226638,0.0
2022-09-04 12:44:26+00:00,13.05815017,,,,,1538.0,3.627263936111111,72.54773568925633,0.0
2022-09-04 12:44:28+00:00,13.17421843,,,,,1540.0,3.6595051194444443,73.18258905035259,0.0
2022-09-04 12:44:30+00:00,13.29028669,,,,,1542.0,3.6917463027777777,73.8244669079099,0.0
2022-09-04 12:44:32+00:00,13.40635495,,,,,1544.0,3.723987486111111,74.47343539360705,0.0
2022-09-04 12:44:34+00:00,13.52242321,,,,,1546.0,3.756228669444444,75.12956077026752,0.0
2022-09-04 12:44:36+00:00,13.63849147,,,,,1548.0,3.788469852777778,75.79290943369564,0.0
2022-09-04 12:44:38+00:00,13.75455973,,,,,1550.0,3.820711036111111,76.46354791452914,0.0
2022-09-04 12:44:40+00:00,13.87062799,,,,,1552.0,3.852952219444444,77.14154288010755,0.0
2022-09-04 12:44:42+00:00,13.98669625,,,,,1554.0,3.8851934027777775,77.82696100151838,0.0
2022-09-04 12:44:44+00:00,14.10276451,,,,,1556.0,3.917434586111111,78.51986935769115,0.0
2022-09-04 12:44:46+00:00,14.21883276,,,,,1558.0,3.9496757666666666,79.22033511391938,0.0
2022-09-04 12:44:48+00:00,14.33490102,,,,,1560.0,3.98191695,79.92842562752996,0.0
2022-09-04 12:44:50+00:00,14.45096928,,,,,1562.0,4.014158133333334,80.64420808193739,0.0
2022-09-04 12:44:52+00:00,14.56703754,,,,,1564.0,4.046399316666666,81.36774986417434,0.0
2022-09-04 12:44:54+00:00,14.6831058,,,,,1566.0,4.0786405,82.09911879046919,0.0
2022-09-04 12:44:56+00:00,14.79917406,,,,,1568.0,4.110881683333333,82.83838269095175,0.0
2022-09-04 12:44:58+00:00,14.91524232,,,,,1570.0,4.143122866666666,83.58560954998728,0.0
2022-09-04 12:45:00+00:00,15.03131058,,,,,1572.0,4.17536405,84.34086750820457,0.0
2022-09-04 12:45:02+00:00,15.14737884,,,,,1574.0,4.207605233333333,85.10422486453976,0.0
2022-09-04 12:45:04+00:00,15.2634471,,,,,1576.0,4.2398464166666665,85.87575007829645,0.0
2022-09-04 12:45:06+00:00,15.37951536,,,,,1578.0,4.2720876,86.65551177122161,0.0
2022-09-04 12:45:08+00:00,15.49558362,,,,,1580.0,4.304328783333333,87.44357872959738,0.0
2022-09-04 12:45:10+00:00,15.61165188,,,,,1582.0,4.336569966666667,88.24001990634912,0.0
2022-09-04 12:45:12+00:00,15.72772014,,,,,1584.0,4.36881115,89.04490442316909,0.0
2022-09-04 12:45:14+00:00,15.8437884,,,,,1586.0,4.401052333333333,89.85830141911374,0.0
2022-09-04 12:45:16+00:00,15.95985666,,,,,1588.0,4.433293516666667,90.68028051102763,0.0
2022-09-04 12:45:18+00:00,16.07592491,,,,,1590.0,4.465534697222222,91.51091142376747,0.0
2022-09-04 12:45:20+00:00,16.19199317,,,,,1592.0,4.497775880555555,92.35026412231765,0.0
2022-09-04 12:45:22+00:00,16.30806143,,,,,1594.0,4.530017063888889,93.19840837871317,0.0
2022-09-04 12:45:24+00:00,16.42412969,,,,,1596.0,4.562258247222222,94.05541421329161,0.0
2022-09-04 12:45:26+00:00,16.54019795,,,,,1598.0,4.5944994305555555,94.92135214700907,0.0
2022-09-04 12:45:28+00:00,16.65626621,,,,,1600.0,4.626740613888888,95.79629273006798,0.0
2022-09-04 12:45:30+00:00,16.77233447,,,,,1602.0,4.658981797222222,96.68030670127075,0.0
2022-09-04 12:45:32+00:00,16.88840273,,,,,1604.0,4.691222980555556,97.57346499030348,0.0
2022-09-04 12:45:34+00:00,17.00447099,,,,,1606.0,4.723464163888889,98.47583872003531,0.0
2022-09-04 12:45:36+00:00,17.12053925,,,,,1608.0,4.755705347222222,99.38749920883426,0.0
2022-09-04 12:45:38+00:00,17.23660751,,,,,1610.0,4.787946530555555,100.308517972898,0.0
2022-09-04 12:45:40+00:00,17.35267577,,,,,1612.0,4.820187713888889,101.2389667286017,0.0
2022-09-04 12:45:42+00:00,17.46874403,,,,,1614.0,4.8524288972222225,101.34080876287304,0.0
2022-09-04 12:45:44+00:00,17.58481229,,,,,1616.0,4.884670080555555,81.5764457839356,0.0
2022-09-04 12:45:46+00:00,17.65162628,,,,,1618.0,4.9032295222222215,0.0,7.4597973307489704
2022-09-04 12:45:48+00:00,16.60287414,,,,,1620.0,4.611909483333333,-37.88878676686638,0.0
2022-09-04 12:45:50+00:00,14.3497023,,,,,1622.0,3.9860284166666666,-19.53319832780472,0.0
2022-09-04 12:45:52+00:00,13.39966523,,,,,1624.0,3.7221292305555553,39.22798950534321,0.0
2022-09-04 12:45:54+00:00,15.01271356,,,,,1626.0,4.170198211111111,76.81186332924852,0.0
2022-09-04 12:45:56+00:00,13.88530724,,,,,1628.0,3.8570297888888887,115.32947409823024,0.0
2022-09-04 12:45:58+00:00,14.04925571,,,,,1630.0,3.9025710305555554,190.6541020222581,0.0
2022-09-04 12:46:00+00:00,17.88330731,,,,,1632.0,4.9675853638888885,299.1939846630825,0.0
2022-09-04 12:46:02+00:00,19.81805048,,,,,1634.0,5.505014022222222,221.3723383688443,0.0
2022-09-04 12:46:04+00:00,19.48324818,,,,,1636.0,5.412013383333333,80.66871935760304,0.0
2022-09-04 12:46:06+00:00,18.07683695,,,,,1638.0,5.021343597222223,65.38706066396523,0.0
2022-09-04 12:46:08+00:00,18.24288666,,,,,1640.0,5.067468516666667,120.24779337426449,0.0
2022-09-04 12:46:10+00:00,19.36073256,,,,,1642.0,5.377981266666667,149.6859491305849,0.0
2022-09-04 12:46:12+00:00,19.54229655,,,,,1644.0,5.4284157083333335,123.2903065044465,0.0
2022-09-04 12:46:14+00:00,19.08385263,,,,,1646.0,5.3010701749999996,107.40296057971753,0.0
2022-09-04 12:46:16+00:00,19.35349854,,,,,1648.0,5.375971816666667,135.27414286308706,0.0
2022-09-04 12:46:18+00:00,19.77020376,,,,,1650.0,5.491723266666667,170.6266020122633,0.0
2022-09-04 12:46:20+00:00,20.415129,,,,,1652.0,5.670869166666667,180.28659076616583,0.0
2022-09-04 12:46:22+00:00,21.15120656,,,,,1654.0,5.875335155555555,167.00009733692377,0.0
2022-09-04 12:46:24+00:00,21.16940571,,,,,1656.0,5.880390475,140.05752882377658,0.0
2022-09-04 12:46:26+00:00,21.12069608,,,,,1658.0,5.866860022222221,131.91404644692807,0.0
2022-09-04 12:46:28+00:00,21.26099755,,,,,1660.0,5.905832652777778,145.75669170373314,0.0
2022-09-04 12:46:30+00:00,21.51092531,,,,,1662.0,5.9752570305555555,160.40886894008867,0.0
2022-09-04 12:46:32+00:00,21.81598143,,,,,1664.0,6.059994841666667,170.68269636928704,0.0
2022-09-04 12:46:34+00:00,22.1504433,,,,,1666.0,6.152900916666666,178.59719255362182,0.0
2022-09-04 12:46:36+00:00,22.50172923,,,,,1668.0,6.250480341666666,185.4499897901662,0.0
2022-09-04 12:46:38+00:00,22.86336729,,,,,1670.0,6.350935358333333,191.8448842558409,0.0
2022-09-04 12:46:40+00:00,23.23180732,,,,,1672.0,6.453279811111111,192.64495884248248,0.0
2022-09-04 12:46:42+00:00,23.60495558,,,,,1674.0,6.556932105555555,168.14924664510966,0.0
2022-09-04 12:46:44+00:00,23.75083218,,,,,1676.0,6.597453383333333,110.28696218718117,0.0
2022-09-04 12:46:46+00:00,23.07421531,,,,,1678.0,6.4095042527777775,36.235743227758284,0.0
2022-09-04 12:46:48+00:00,21.94740167,,,,,1680.0,6.096500463888889,-27.560686108078404,0.0
2022-09-04 12:46:50+00:00,20.5713666,,,,,1682.0,5.7142685,-51.03158910149116,0.0
2022-09-04 12:46:52+00:00,19.04694826,,,,,1684.0,5.290818961111111,-63.45858188911423,0.0
2022-09-04 12:46:54+00:00,17.42778035,,,,,1686.0,4.8410500972222215,-68.81247353546134,0.0
2022-09-04 12:46:56+00:00,15.74445042,,,,,1688.0,4.37345845,-69.38296491666021,1.4210854715202004e-14
2022-09-04 12:46:58+00:00,14.01572118,,,,,1690.0,3.893255883333333,-66.46746031275606,1.4210854715202004e-14
2022-09-04 12:47:00+00:00,12.2538885,,,,,1692.0,3.4038579166666665,-60.88176626384346,0.0
2022-09-04 12:47:02+00:00,10.46744676,,,,,1694.0,2.9076241,-53.21437434190959,0.0
2022-09-04 12:47:04+00:00,8.662490706,,,,,1696.0,2.4062474183333333,-43.95532479778683,0.0
2022-09-04 12:47:06+00:00,6.843504959,,,,,1698.0,1.9009735997222221,-33.00569456845575,0.0
2022-09-04 12:47:08+00:00,5.013842324,,,,,1700.0,1.3927339788888888,-18.43856726106396,0.0
2022-09-04 12:47:10+00:00,3.292553902,,,,,1702.0,0.914598306111111,0.0,15.731889503937495
2022-09-04 12:47:12+00:00,2.462714922,,,,,1704.0,0.6840874783333333,0.0,3.6075550278853
2022-09-04 12:47:14+00:00,2.376931925,,,,,1706.0,0.6602588680555556,34.46206448462935,0.0
2022-09-04 12:47:16+00:00,2.69103062,,,,,1708.0,0.7475085055555555,40.483844683182255,0.0
2022-09-04 12:47:18+00:00,3.235828218,,,,,1710.0,0.8988411716666667,46.38827605476895,0.0
2022-09-04 12:47:20+00:00,3.923716654,,,,,1712.0,1.0899212927777777,52.78308178095134,0.0
2022-09-04 12:47:22+00:00,4.706253231,,,,,1714.0,1.3072925641666666,59.75178717968604,0.0
2022-09-04 12:47:24+00:00,5.55463,,,,,1716.0,1.5429527777777778,67.26813771275116,0.0
2022-09-04 12:47:26+00:00,6.450471314,,,,,1718.0,1.791797587222222,75.29197157630284,0.0
2022-09-04 12:47:28+00:00,7.381344069,,,,,1720.0,2.0503733525,83.79270220572154,0.0
2022-09-04 12:47:30+00:00,8.338456171,,,,,1722.0,2.3162378252777778,92.75485254609077,0.0
2022-09-04 12:47:32+00:00,9.315399283,,,,,1724.0,2.587610911944444,102.17825173836586,0.0
2022-09-04 12:47:34+00:00,10.30741063,,,,,1726.0,2.8631696194444443,112.07634892282702,0.0
2022-09-04 12:47:36+00:00,11.31090753,,,,,1728.0,3.141918758333333,122.47392755083165,0.0
2022-09-04 12:47:38+00:00,12.32317537,,,,,1730.0,3.423104269444444,133.40482197112394,0.0
2022-09-04 12:47:40+00:00,13.34214837,,,,,1732.0,3.706152325,144.90991761265053,0.0
2022-09-04 12:47:42+00:00,14.36625053,,,,,1734.0,3.990625147222222,157.03553778938408,0.0
2022-09-04 12:47:44+00:00,15.39427771,,,,,1736.0,4.276188252777778,169.8322198043687,0.0
2022-09-04 12:47:46+00:00,16.42530909,,,,,1738.0,4.562585858333333,186.70647649128827,0.0
2022-09-04 12:47:48+00:00,17.45864018,,,,,1740.0,4.849622272222222,205.86430382389014,0.0
2022-09-04 12:47:50+00:00,18.69618246,,,,,1742.0,5.193384016666666,222.5511140402464,0.0
2022-09-04 12:47:52+00:00,19.79090226,,,,,1744.0,5.497472849999999,220.53769666358326,0.0
2022-09-04 12:47:54+00:00,20.65853318,,,,,1746.0,5.738481438888889,222.7764706620823,0.0
2022-09-04 12:47:56+00:00,21.10318886,,,,,1748.0,5.861996905555555,235.02732372851892,0.0
2022-09-04 12:47:58+00:00,22.45212176,,,,,1750.0,6.236700488888889,221.3153301673672,0.0
2022-09-04 12:48:00+00:00,23.30806571,,,,,1752.0,6.474462697222222,156.01460833061662,0.0
2022-09-04 12:48:02+00:00,22.18582628,,,,,1754.0,6.1627295222222225,78.49707767342392,0.0
2022-09-04 12:48:04+00:00,21.74759034,,,,,1756.0,6.040997316666666,64.74632254704643,0.0
2022-09-04 12:48:06+00:00,21.44864673,,,,,1758.0,5.957957425,72.47301273281431,0.0
2022-09-04 12:48:08+00:00,20.99794282,,,,,1760.0,5.832761894444444,38.39377301026686,0.0
2022-09-04 12:48:10+00:00,20.37270032,,,,,1762.0,5.659083422222222,-18.48028587209084,0.0
2022-09-04 12:48:12+00:00,18.73235301,,,,,1764.0,5.203431391666666,-23.23038694779471,0.0
2022-09-04 12:48:14+00:00,17.41768539,,,,,1766.0,4.838245941666666,39.34512568044058,0.0
2022-09-04 12:48:16+00:00,17.53382209,,,,,1768.0,4.8705061361111115,120.16456222197766,0.0
2022-09-04 12:48:18+00:00,18.53809316,,,,,1770.0,5.149470322222222,172.08160649341875,0.0
2022-09-04 12:48:20+00:00,19.32611425,,,,,1772.0,5.368365069444445,164.70793929559233,0.0
2022-09-04 12:48:22+00:00,19.63200585,,,,,1774.0,5.453334958333333,130.67050710293674,0.0
2022-09-04 12:48:24+00:00,19.5463432,,,,,1776.0,5.429539777777777,101.92319865059352,0.0
2022-09-04 12:48:26+00:00,19.48743067,,,,,1778.0,5.41317518611111,69.58553524983847,0.0
2022-09-04 12:48:28+00:00,19.18527068,,,,,1780.0,5.329241855555555,0.0,24.038771973605606
2022-09-04 12:48:30+00:00,18.01913064,,,,,1782.0,5.005314066666666,-80.67004300733315,0.0
2022-09-04 12:48:32+00:00,15.59698438,,,,,1784.0,4.332495661111111,-133.55027659205797,0.0
2022-09-04 12:48:34+00:00,12.41688283,,,,,1786.0,3.4491341194444445,-132.28647718229539,0.0
2022-09-04 12:48:36+00:00,9.131212487,,,,,1788.0,2.536447913055556,-90.99927117860717,0.0
2022-09-04 12:48:38+00:00,6.359691092,,,,,1790.0,1.766580858888889,-45.25159535786239,0.0
2022-09-04 12:48:40+00:00,4.357915006,,,,,1792.0,1.210531946111111,0.0,32.5355368994448
2022-09-04 12:48:42+00:00,3.087172405,,,,,1794.0,0.8575478902777778,0.0,13.637133757620063
2022-09-04 12:48:44+00:00,2.29148928,,,,,1796.0,0.6365248,0.0,4.745894829611024
2022-09-04 12:48:46+00:00,1.825104578,,,,,1798.0,0.5069734938888889,10.084984133698052,0.0
2022-09-04 12:48:48+00:00,1.701312486,,,,,1800.0,0.47258680166666667,39.32991648594541,0.0
2022-09-04 12:48:50+00:00,2.707767891,,,,,1802.0,0.7521577475,58.481916938911475,0.0
2022-09-04 12:48:52+00:00,5.316470439,,,,,1804.0,1.4767973441666666,102.0733227422649,0.0
2022-09-04 12:48:54+00:00,7.486926023,,,,,1806.0,2.0797016730555553,121.92547588813261,0.0
2022-09-04 12:48:56+00:00,9.2233945,,,,,1808.0,2.5620540277777777,109.47119253486628,0.0
2022-09-04 12:48:58+00:00,9.559073726,,,,,1810.0,2.655298257222222,90.90277791504305,0.0
2022-09-04 12:49:00+00:00,10.04456435,,,,,1812.0,2.7901567638888887,102.45985171443648,0.0
2022-09-04 12:49:02+00:00,11.11545295,,,,,1814.0,3.0876258194444444,146.2221398555803,0.0
2022-09-04 12:49:04+00:00,12.91783003,,,,,1816.0,3.588286119444444,174.2792345386786,0.0
2022-09-04 12:49:06+00:00,15.06939019,,,,,1818.0,4.185941719444444,171.18246351579816,0.0
2022-09-04 12:49:08+00:00,14.86079562,,,,,1820.0,4.127998783333333,140.96810877156383,0.0
2022-09-04 12:49:10+00:00,15.7040661,,,,,1822.0,4.3622405833333335,126.35953858283038,0.0
2022-09-04 12:49:12+00:00,16.95068078,,,,,1824.0,4.708522438888888,115.15086441079737,0.0
2022-09-04 12:49:14+00:00,16.11997491,,,,,1826.0,4.477770808333333,66.25962459805339,0.0
2022-09-04 12:49:16+00:00,16.17447409,,,,,1828.0,4.492909469444444,51.11695234230994,0.0
2022-09-04 12:49:18+00:00,15.53221764,,,,,1830.0,4.3145049,61.43409135628247,0.0
2022-09-04 12:49:20+00:00,15.59141454,,,,,1832.0,4.330948483333334,77.67659758682443,0.0
2022-09-04 12:49:22+00:00,15.64317582,,,,,1834.0,4.345326616666666,114.44897115585687,0.0
2022-09-04 12:49:24+00:00,16.06794844,,,,,1836.0,4.4633190111111105,161.59897464130688,0.0
2022-09-04 12:49:26+00:00,17.45805833,,,,,1838.0,4.849460647222222,205.03667131363707,0.0
2022-09-04 12:49:28+00:00,18.90834508,,,,,1840.0,5.252318077777778,186.90800059741713,0.0
2022-09-04 12:49:30+00:00,19.424113,,,,,1842.0,5.395586944444444,121.71665263628066,0.0
2022-09-04 12:49:32+00:00,18.64172764,,,,,1844.0,5.178257677777777,54.71205427323297,0.0
2022-09-04 12:49:34+00:00,18.53671184,,,,,1846.0,5.149086622222222,42.02033301001588,0.0
2022-09-04 12:49:36+00:00,17.29938461,,,,,1848.0,4.805384613888889,84.47585400481017,0.0
2022-09-04 12:49:38+00:00,17.58437769,,,,,1850.0,4.8845493583333335,143.85185417708058,0.0
2022-09-04 12:49:40+00:00,19.31729491,,,,,1852.0,5.365915252777778,181.78058769861437,0.0
2022-09-04 12:49:42+00:00,19.57119536,,,,,1854.0,5.436443155555556,158.740638213261,0.0
2022-09-04 12:49:44+00:00,19.30530097,,,,,1856.0,5.362583602777778,184.6480062550558,0.0
2022-09-04 12:49:46+00:00,20.24438279,,,,,1858.0,5.623439663888889,262.87396502709896,0.0
2022-09-04 12:49:48+00:00,22.79235038,,,,,1860.0,6.331208438888888,314.0469955069905,0.0
2022-09-04 12:49:50+00:00,23.3798215,,,,,1862.0,6.49439486111111,237.98487312907454,0.0
2022-09-04 12:49:52+00:00,23.57909186,,,,,1864.0,6.549747738888888,95.61433912211209,0.0
2022-09-04 12:49:54+00:00,23.2577153,,,,,1866.0,6.460476472222222,-49.66284074733317,0.0
2022-09-04 12:49:56+00:00,20.54057215,,,,,1868.0,5.705714486111111,-148.96070443826883,0.0
2022-09-04 12:49:58+00:00,17.64628922,,,,,1870.0,4.901747005555555,-158.01837186109503,2.842170943040401e-14
2022-09-04 12:50:00+00:00,14.3516667,,,,,1872.0,3.9865740833333336,-92.98979002794644,0.0
2022-09-04 12:50:02+00:00,12.94409052,,,,,1874.0,3.5955806999999997,-27.076044449253352,0.0
2022-09-04 12:50:04+00:00,12.47351958,,,,,1876.0,3.46486655,38.48750932940901,0.0
2022-09-04 12:50:06+00:00,12.76809867,,,,,1878.0,3.546694075,65.61821058989248,0.0
2022-09-04 12:50:08+00:00,12.62151204,,,,,1880.0,3.5059755666666668,79.67562618367603,0.0
2022-09-04 12:50:10+00:00,13.05414332,,,,,1882.0,3.626150922222222,102.45557909009666,0.0
2022-09-04 12:50:12+00:00,13.66187072,,,,,1884.0,3.7949640888888885,147.26293013983855,0.0
2022-09-04 12:50:14+00:00,14.79245452,,,,,1886.0,4.109015144444444,174.15120215937742,0.0
2022-09-04 12:50:16+00:00,16.91823288,,,,,1888.0,4.699509133333334,173.9660665288085,0.0
2022-09-04 12:50:18+00:00,16.76420352,,,,,1890.0,4.656723199999999,126.1023232253489,0.0
2022-09-04 12:50:20+00:00,16.9425429,,,,,1892.0,4.706261916666667,106.79656059553412,0.0
2022-09-04 12:50:22+00:00,17.26277303,,,,,1894.0,4.795214730555556,122.70796364961225,0.0
2022-09-04 12:50:24+00:00,17.64935441,,,,,1896.0,4.902598447222222,145.12809477564804,0.0
2022-09-04 12:50:26+00:00,18.06794316,,,,,1898.0,5.0188730999999995,186.31028879361745,0.0
2022-09-04 12:50:28+00:00,19.22286488,,,,,1900.0,5.339684688888888,202.65652037790113,0.0
2022-09-04 12:50:30+00:00,20.79790271,,,,,1902.0,5.7771951972222215,175.57882808235644,0.0
2022-09-04 12:50:32+00:00,20.04994908,,,,,1904.0,5.5694303000000005,91.12116727158464,0.0
2022-09-04 12:50:34+00:00,19.96875621,,,,,1906.0,5.546876725,0.0,8.299890950976737
2022-09-04 12:50:36+00:00,18.98335254,,,,,1908.0,5.273153483333333,-45.029484484541406,0.0
2022-09-04 12:50:38+00:00,17.18893837,,,,,1910.0,4.774705102777777,-90.10211571189603,0.0
2022-09-04 12:50:40+00:00,14.77872734,,,,,1912.0,4.105202038888889,-81.74200239511401,0.0
2022-09-04 12:50:42+00:00,12.65306429,,,,,1914.0,3.5147400805555553,-36.37849842775028,7.105427357601002e-15
2022-09-04 12:50:44+00:00,11.95165148,,,,,1916.0,3.319903188888889,-24.217736100484686,0.0
2022-09-04 12:50:46+00:00,12.18425084,,,,,1918.0,3.3845141222222224,-55.776161538960466,0.0
2022-09-04 12:50:48+00:00,8.660866568,,,,,1920.0,2.4057962688888885,-65.73295327176425,0.0
2022-09-04 12:50:50+00:00,5.836053531,,,,,1922.0,1.6211259808333334,-39.430319215382646,0.0
2022-09-04 12:50:52+00:00,4.075231708,,,,,1924.0,1.1320088077777777,0.0,27.009647541392603
2022-09-04 12:50:54+00:00,2.963267375,,,,,1926.0,0.8231298263888889,0.0,9.833654510864633
2022-09-04 12:50:56+00:00,2.385267267,,,,,1928.0,0.6625742408333334,0.0,2.9078239865957127
2022-09-04 12:50:58+00:00,2.172859166,,,,,1930.0,0.6035719905555555,0.0,0.6780942655358997
2022-09-04 12:51:00+00:00,1.907719539,,,,,1932.0,0.5299220941666666,0.0,0.062066633506358895
2022-09-04 12:51:02+00:00,1.515232851,,,,,1934.0,0.4208980141666666,24.075369371140503,0.0
2022-09-04 12:51:04+00:00,1.440715742,,,,,1936.0,0.4001988172222222,40.568823310237406,0.0
2022-09-04 12:51:06+00:00,2.790724364,,,,,1938.0,0.7752012122222222,68.5683409637194,0.0
2022-09-04 12:51:08+00:00,6.441549646,,,,,1940.0,1.7893193461111112,156.13028134323844,0.0
2022-09-04 12:51:10+00:00,9.238038416,,,,,1942.0,2.5661217822222224,236.3263191476013,0.0
2022-09-04 12:51:12+00:00,13.27219973,,,,,1944.0,3.6867221472222225,313.8613088506594,0.0
2022-09-04 12:51:14+00:00,16.43530501,,,,,1946.0,4.565362502777778,324.75851523854533,0.0
2022-09-04 12:51:16+00:00,17.8443341,,,,,1948.0,4.956759472222222,292.1657860258016,0.0
2022-09-04 12:51:18+00:00,19.16017897,,,,,1950.0,5.322271936111111,317.7577305960302,0.0
2022-09-04 12:51:20+00:00,21.58178343,,,,,1952.0,5.994939841666667,383.70466352411034,0.0
2022-09-04 12:51:22+00:00,23.66273607,,,,,1954.0,6.572982241666667,355.01975591907046,0.0
2022-09-04 12:51:24+00:00,24.81712758,,,,,1956.0,6.89364655,240.13800513844114,0.0
2022-09-04 12:51:26+00:00,24.23019037,,,,,1958.0,6.730608436111111,135.58891432546574,0.0
2022-09-04 12:51:28+00:00,23.91491265,,,,,1960.0,6.6430312916666665,89.93056558248145,0.0
2022-09-04 12:51:30+00:00,23.58941806,,,,,1962.0,6.552616127777777,62.76926110775644,0.0
2022-09-04 12:51:32+00:00,22.69203734,,,,,1964.0,6.303343705555555,38.927500801875865,0.0
2022-09-04 12:51:34+00:00,21.63119459,,,,,1966.0,6.008665163888889,65.07691823622157,0.0
2022-09-04 12:51:36+00:00,21.282662,,,,,1968.0,5.911850555555555,125.7243281098193,0.0
2022-09-04 12:51:38+00:00,22.01007166,,,,,1970.0,6.113908794444445,162.56279244815653,0.0
2022-09-04 12:51:40+00:00,22.38556284,,,,,1972.0,6.218211899999999,95.60269957932759,0.0
2022-09-04 12:51:42+00:00,21.92485981,,,,,1974.0,6.090238836111111,0.0,18.22297257778447
2022-09-04 12:51:44+00:00,19.51368398,,,,,1976.0,5.420467772222222,0.0,15.648995132341536
2022-09-04 12:51:46+00:00,19.18885974,,,,,1978.0,5.330238816666667,87.48455951329352,0.0
2022-09-04 12:51:48+00:00,20.12912358,,,,,1980.0,5.591423216666667,134.47384278452807,0.0
2022-09-04 12:51:50+00:00,20.41265733,,,,,1982.0,5.670182591666666,71.6879242466172,0.0
2022-09-04 12:51:52+00:00,19.38830198,,,,,1984.0,5.385639438888889,-32.51654441354296,0.0
2022-09-04 12:51:54+00:00,17.72084313,,,,,1986.0,4.922456424999999,-102.65304824533173,0.0
2022-09-04 12:51:56+00:00,15.6373654,,,,,1988.0,4.343712611111111,-146.85833669674918,2.842170943040401e-14
2022-09-04 12:51:58+00:00,11.8290077,,,,,1990.0,3.2858354722222223,-114.81939381128427,0.0
2022-09-04 12:52:00+00:00,8.519581155,,,,,1992.0,2.366550320833333,-35.1198632017361,0.0
2022-09-04 12:52:02+00:00,7.983657217,,,,,1994.0,2.217682560277778,62.38039336038243,0.0
2022-09-04 12:52:04+00:00,9.906870093,,,,,1996.0,2.751908359166667,166.65937469175375,0.0
2022-09-04 12:52:06+00:00,12.67088653,,,,,1998.0,3.519690702777778,279.0832419617812,0.0
2022-09-04 12:52:08+00:00,15.76709613,,,,,2000.0,4.379748925,371.72787214472805,0.0
2022-09-04 12:52:10+00:00,19.23072265,,,,,2002.0,5.341867402777778,415.214845843663,0.0
2022-09-04 12:52:12+00:00,21.5201716,,,,,2004.0,5.977825444444445,360.6253844089628,0.0
2022-09-04 12:52:14+00:00,22.50769328,,,,,2006.0,6.252137022222223,265.5351556423315,0.0
2022-09-04 12:52:16+00:00,23.03730795,,,,,2008.0,6.3992522083333325,206.87534732836866,0.0
2022-09-04 12:52:18+00:00,23.31248014,,,,,2010.0,6.475688927777778,178.7949298159216,0.0
2022-09-04 12:52:20+00:00,23.43557482,,,,,2012.0,6.509881894444444,161.2526403631122,0.0
2022-09-04 12:52:22+00:00,23.46122629,,,,,2014.0,6.5170073027777775,149.28951815678792,0.0
2022-09-04 12:52:24+00:00,23.4207133,,,,,2016.0,6.505753694444444,140.47198056233205,0.0
2022-09-04 12:52:26+00:00,23.33329447,,,,,2018.0,6.481470686111111,133.56414794590242,0.0
2022-09-04 12:52:28+00:00,23.21163063,,,,,2020.0,6.447675175,127.90290833353437,0.0
2022-09-04 12:52:30+00:00,23.06448894,,,,,2022.0,6.406802483333333,123.10681033976115,0.0
2022-09-04 12:52:32+00:00,22.89817012,,,,,2024.0,6.360602811111111,118.93962630987814,0.0
2022-09-04 12:52:34+00:00,22.71731518,,,,,2026.0,6.310365327777777,115.24501489331927,0.0
2022-09-04 12:52:36+00:00,22.52539607,,,,,2028.0,6.257054463888888,111.9139897913759,0.0
2022-09-04 12:52:38+00:00,22.32503487,,,,,2030.0,6.201398575,108.86776647838634,0.0
2022-09-04 12:52:40+00:00,22.11822304,,,,,2032.0,6.143950844444444,106.04803741266693,0.0
2022-09-04 12:52:42+00:00,21.90647817,,,,,2034.0,6.085132825,103.4110175376029,0.0
2022-09-04 12:52:44+00:00,21.69095898,,,,,2036.0,6.025266383333333,100.92353395202679,0.0
2022-09-04 12:52:46+00:00,21.47255119,,,,,2038.0,5.964597552777778,98.560313113717,0.0
2022-09-04 12:52:48+00:00,21.25193232,,,,,2040.0,5.903314533333334,96.30202456465696,0.0
2022-09-04 12:52:50+00:00,21.02962083,,,,,2042.0,5.841561341666666,94.13383574463356,0.0
2022-09-04 12:52:52+00:00,20.80601351,,,,,2044.0,5.779448197222222,92.04432929686011,0.0
2022-09-04 12:52:54+00:00,20.58141412,,,,,2046.0,5.717059477777778,90.02468641654767,0.0
2022-09-04 12:52:56+00:00,20.3560552,,,,,2048.0,5.654459777777777,88.06806594518058,0.0
2022-09-04 12:52:58+00:00,20.13011477,,,,,2050.0,5.591698547222221,86.16913249186126,0.0
2022-09-04 12:53:00+00:00,19.90372912,,,,,2052.0,5.528813644444445,84.32369775583251,0.0
2022-09-04 12:53:02+00:00,19.67700261,,,,,2054.0,5.465834058333333,82.5284473828415,0.0
2022-09-04 12:53:04+00:00,19.45001512,,,,,2056.0,5.402781977777778,80.78073198403462,0.0
2022-09-04 12:53:06+00:00,19.22282783,,,,,2058.0,5.339674397222222,79.07840907413923,0.0
2022-09-04 12:53:08+00:00,18.99548756,,,,,2060.0,5.2765243222222225,77.41972258871043,0.0
2022-09-04 12:53:10+00:00,18.76803016,,,,,2062.0,5.21334171111111,75.8032110752694,0.0
2022-09-04 12:53:12+00:00,18.54048309,,,,,2064.0,5.150134191666666,74.22763769730125,0.0
2022-09-04 12:53:14+00:00,18.31286737,,,,,2066.0,5.086907602777777,72.69193657371753,0.0
2022-09-04 12:53:16+00:00,18.08519908,,,,,2068.0,5.023666411111111,71.19517306194952,0.0
2022-09-04 12:53:18+00:00,17.85749054,,,,,2070.0,4.960414038888889,69.73651273007971,0.0
2022-09-04 12:53:20+00:00,17.6297512,,,,,2072.0,4.897153111111112,68.31519793002475,0.0
2022-09-04 12:53:22+00:00,17.40198826,,,,,2074.0,4.833885627777778,66.93052969314479,0.0
2022-09-04 12:53:24+00:00,17.17420726,,,,,2076.0,4.770613127777778,66.16225526615472,0.0
2022-09-04 12:53:26+00:00,16.94641244,,,,,2078.0,4.707336788888889,74.45765551611416,0.0
2022-09-04 12:53:28+00:00,16.75384702,,,,,2080.0,4.653846394444444,65.65905249581864,0.0
2022-09-04 12:53:30+00:00,17.0815544,,,,,2082.0,4.7448762222222225,44.73461979823362,0.0
2022-09-04 12:53:32+00:00,15.8262698,,,,,2084.0,4.396186055555556,0.0,17.64597617404616
2022-09-04 12:53:34+00:00,15.26139129,,,,,2086.0,4.239275358333334,0.0,26.89058051562478
2022-09-04 12:53:36+00:00,14.09824453,,,,,2088.0,3.916179036111111,11.745109304616008,0.0
2022-09-04 12:53:38+00:00,13.71933637,,,,,2090.0,3.8109267694444444,85.96645533261244,0.0
2022-09-04 12:53:40+00:00,14.58869708,,,,,2092.0,4.052415855555555,143.737572241398,0.0
2022-09-04 12:53:42+00:00,16.20024295,,,,,2094.0,4.500067486111111,153.14355464640502,0.0
2022-09-04 12:53:44+00:00,16.67331373,,,,,2096.0,4.631476036111111,82.15619642408078,0.0
2022-09-04 12:53:46+00:00,16.14593064,,,,,2098.0,4.484980733333333,0.0,20.31757658682927
2022-09-04 12:53:48+00:00,14.48695168,,,,,2100.0,4.024153244444444,-17.25939854850275,0.0
2022-09-04 12:53:50+00:00,13.68036617,,,,,2102.0,3.8001017138888886,0.0,9.201235416080008
2022-09-04 12:53:52+00:00,13.5368137,,,,,2104.0,3.7602260277777777,55.262308320925186,0.0
2022-09-04 12:53:54+00:00,13.54375587,,,,,2106.0,3.762154408333333,61.707044823398846,0.0
2022-09-04 12:53:56+00:00,13.78281659,,,,,2108.0,3.8285601638888886,59.69927271713093,0.0
2022-09-04 12:53:58+00:00,13.0891962,,,,,2110.0,3.6358878333333333,38.28556072573162,0.0
2022-09-04 12:54:00+00:00,13.40830504,,,,,2112.0,3.724529177777778,-22.560427424946155,0.0
2022-09-04 12:54:02+00:00,11.85894471,,,,,2114.0,3.294151308333333,-62.2814192253461,0.0
2022-09-04 12:54:04+00:00,8.804610304,,,,,2116.0,2.4457250844444447,-61.55166535909548,0.0
2022-09-04 12:54:06+00:00,6.700461688,,,,,2118.0,1.8612393577777777,-36.043126368100175,0.0
2022-09-04 12:54:08+00:00,5.153260724,,,,,2120.0,1.4314613122222222,-15.424818109390376,0.0
2022-09-04 12:54:10+00:00,3.879177985,,,,,2122.0,1.0775494402777779,0.0,16.866391356164385
2022-09-04 12:54:12+00:00,2.987043571,,,,,2124.0,0.8297343252777778,0.0,9.04241396009657
2022-09-04 12:54:14+00:00,2.307323756,,,,,2126.0,0.6409232655555556,0.0,3.1659781720462394
2022-09-04 12:54:16+00:00,1.700493261,,,,,2128.0,0.47235923916666667,25.246545210605728,0.0
2022-09-04 12:54:18+00:00,2.037125602,,,,,2130.0,0.5658682227777778,43.06165238083948,0.0
2022-09-04 12:54:20+00:00,3.292128238,,,,,2132.0,0.9144800661111111,67.41422563181135,0.0
2022-09-04 12:54:22+00:00,5.644924938,,,,,2134.0,1.5680347049999999,109.60942753126064,0.0
2022-09-04 12:54:24+00:00,8.250242269,,,,,2136.0,2.2917339636111107,160.02285695315334,0.0
2022-09-04 12:54:26+00:00,9.907940232,,,,,2138.0,2.75220562,190.2745470901774,0.0
2022-09-04 12:54:28+00:00,13.19757788,,,,,2140.0,3.6659938555555556,235.31188043424285,0.0
2022-09-04 12:54:30+00:00,15.00095051,,,,,2142.0,4.166930697222222,231.42648796464798,0.0
2022-09-04 12:54:32+00:00,16.1877348,,,,,2144.0,4.496593,210.08105918287234,0.0
2022-09-04 12:54:34+00:00,17.4647619,,,,,2146.0,4.85132275,201.53971147011228,0.0
2022-09-04 12:54:36+00:00,18.7473733,,,,,2148.0,5.207603694444444,156.04774669369343,0.0
2022-09-04 12:54:38+00:00,18.86000323,,,,,2150.0,5.238889786111111,77.39232627377142,0.0
2022-09-04 12:54:40+00:00,17.8039116,,,,,2152.0,4.945531,55.38404870559517,0.0
2022-09-04 12:54:42+00:00,17.0952461,,,,,2154.0,4.748679472222222,97.09778114580917,0.0
2022-09-04 12:54:44+00:00,18.32365948,,,,,2156.0,5.089905411111111,126.49415392004497,0.0
2022-09-04 12:54:46+00:00,18.91094517,,,,,2158.0,5.253040325000001,99.96068376328601,0.0
2022-09-04 12:54:48+00:00,17.63567279,,,,,2160.0,4.898797997222222,66.17249405756272,0.0
2022-09-04 12:54:50+00:00,17.68247688,,,,,2162.0,4.911799133333333,91.9109915639471,0.0
2022-09-04 12:54:52+00:00,18.05686548,,,,,2164.0,5.0157959666666665,131.23553637041536,0.0
2022-09-04 12:54:54+00:00,18.48692669,,,,,2166.0,5.135257413888889,136.65649804656584,0.0
2022-09-04 12:54:56+00:00,18.89028866,,,,,2168.0,5.247302405555556,124.82071257936057,0.0
2022-09-04 12:54:58+00:00,18.96564638,,,,,2170.0,5.268235105555555,103.0423121838658,0.0
2022-09-04 12:55:00+00:00,18.83174514,,,,,2172.0,5.231040316666666,83.04212611049715,0.0
2022-09-04 12:55:02+00:00,18.5866509,,,,,2174.0,5.1629585833333325,70.5599423652845,0.0
2022-09-04 12:55:04+00:00,18.2782116,,,,,2176.0,5.077280999999999,62.58087767895937,0.0
2022-09-04 12:55:06+00:00,17.93095687,,,,,2178.0,4.980821352777777,56.93740036656879,0.0
2022-09-04 12:55:08+00:00,17.5582877,,,,,2180.0,4.877302138888889,54.62335770240272,0.0
2022-09-04 12:55:10+00:00,17.16807332,,,,,2182.0,4.768909255555556,59.483254907813716,0.0
2022-09-04 12:55:12+00:00,16.88583848,,,,,2184.0,4.690510688888889,67.79147626694122,0.0
2022-09-04 12:55:14+00:00,16.86789307,,,,,2186.0,4.685525852777778,73.20615654317369,0.0
2022-09-04 12:55:16+00:00,16.73041292,,,,,2188.0,4.647336922222222,70.4791626520982,0.0
2022-09-04 12:55:18+00:00,16.53600703,,,,,2190.0,4.593335286111111,64.49242474389077,0.0
2022-09-04 12:55:20+00:00,16.31339205,,,,,2192.0,4.531497791666667,60.90757301070929,0.0
2022-09-04 12:55:22+00:00,16.0760127,,,,,2194.0,4.465559083333333,58.45448140546178,0.0
2022-09-04 12:55:24+00:00,15.83036633,,,,,2196.0,4.397323980555556,45.630720209051475,0.0
2022-09-04 12:55:26+00:00,15.5797403,,,,,2198.0,4.327705638888888,0.0,4.087485249616202
2022-09-04 12:55:28+00:00,14.6011918,,,,,2200.0,4.055886611111111,40.144281015395585,0.0
2022-09-04 12:55:30+00:00,13.84551664,,,,,2202.0,3.8459768444444444,72.95096051204989,0.0
2022-09-04 12:55:32+00:00,15.29497136,,,,,2204.0,4.248603155555555,96.85538445048961,0.0
2022-09-04 12:55:34+00:00,15.27907253,,,,,2206.0,4.244186813888889,76.72399361652643,0.0
2022-09-04 12:55:36+00:00,14.59005411,,,,,2208.0,4.052792808333334,57.25867677920627,0.0
2022-09-04 12:55:38+00:00,14.61940191,,,,,2210.0,4.060944975,55.7896900868533,0.0
2022-09-04 12:55:40+00:00,14.92029952,,,,,2212.0,4.1445276444444445,36.213880196333285,0.0
2022-09-04 12:55:42+00:00,13.79967013,,,,,2214.0,3.833241702777778,0.0,24.173139885991333
2022-09-04 12:55:44+00:00,12.78422113,,,,,2216.0,3.5511725361111113,-21.02422149991934,0.0
2022-09-04 12:55:46+00:00,11.96070449,,,,,2218.0,3.3224179138888887,-20.09999298375245,0.0
2022-09-04 12:55:48+00:00,10.66837011,,,,,2220.0,2.9634361416666666,0.0,21.116539873124466
2022-09-04 12:55:50+00:00,9.837983315,,,,,2222.0,2.7327731430555557,47.456516395579776,0.0
2022-09-04 12:55:52+00:00,10.36663165,,,,,2224.0,2.879619902777778,100.41161962384983,0.0
2022-09-04 12:55:54+00:00,11.89033251,,,,,2226.0,3.302870141666667,152.4442753529177,0.0
2022-09-04 12:55:56+00:00,13.38809368,,,,,2228.0,3.7189149111111113,185.38159277004044,0.0
2022-09-04 12:55:58+00:00,14.90700716,,,,,2230.0,4.140835322222222,209.76284840258114,0.0
2022-09-04 12:56:00+00:00,16.4603431,,,,,2232.0,4.572317527777778,221.01122811106245,0.0
2022-09-04 12:56:02+00:00,18.04813496,,,,,2234.0,5.013370822222222,178.96201159221394,0.0
2022-09-04 12:56:04+00:00,18.66459518,,,,,2236.0,5.184609772222222,92.68423696060549,0.0
2022-09-04 12:56:06+00:00,17.42164997,,,,,2238.0,4.839347213888889,4.907815815199522,0.0
2022-09-04 12:56:08+00:00,16.69731142,,,,,2240.0,4.63814206111111,77.36234667633892,0.0
2022-09-04 12:56:10+00:00,16.47660185,,,,,2242.0,4.576833847222223,193.0605168079904,0.0
2022-09-04 12:56:12+00:00,19.14601467,,,,,2244.0,5.318337408333333,307.3216862953179,0.0
2022-09-04 12:56:14+00:00,21.70740671,,,,,2246.0,6.029835197222222,297.9298093369072,0.0
2022-09-04 12:56:16+00:00,21.93105833,,,,,2248.0,6.091960647222222,189.44121489985676,0.0
2022-09-04 12:56:18+00:00,21.34100337,,,,,2250.0,5.928056491666666,148.8487803435579,0.0
2022-09-04 12:56:20+00:00,22.17445472,,,,,2252.0,6.159570755555555,162.48555223881723,0.0
2022-09-04 12:56:22+00:00,22.60297965,,,,,2254.0,6.278605458333334,103.91327090668108,0.0
2022-09-04 12:56:24+00:00,21.9678571,,,,,2256.0,6.102182527777778,-38.517567166354176,-7.105427357601002e-15
2022-09-04 12:56:26+00:00,19.97664304,,,,,2258.0,5.549067511111111,-129.45663971173903,2.842170943040401e-14
2022-09-04 12:56:28+00:00,16.89405591,,,,,2260.0,4.692793308333333,-157.3691778094886,0.0
2022-09-04 12:56:30+00:00,13.9885893,,,,,2262.0,3.8857192499999997,-141.88035229726168,0.0
2022-09-04 12:56:32+00:00,11.10470361,,,,,2264.0,3.0846398916666664,-110.90862216826443,0.0
2022-09-04 12:56:34+00:00,8.202886138,,,,,2266.0,2.278579482777778,-71.57910411691147,-1.4210854715202004e-14
2022-09-04 12:56:36+00:00,5.461401442,,,,,2268.0,1.517055956111111,-31.66425639029861,0.0
2022-09-04 12:56:38+00:00,3.837503684,,,,,2270.0,1.0659732455555555,0.0,24.011588928051438
2022-09-04 12:56:40+00:00,2.833648238,,,,,2272.0,0.7871245105555555,0.0,9.859834274196338
2022-09-04 12:56:42+00:00,2.11407309,,,,,2274.0,0.5872425250000001,0.0,3.9965953649581873
2022-09-04 12:56:44+00:00,1.654551891,,,,,2276.0,0.45959774750000004,0.0,1.4820856478338114
2022-09-04 12:56:46+00:00,1.307448511,,,,,2278.0,0.3631801419444444,0.0,0.18691355190980688
2022-09-04 12:56:48+00:00,1.067762919,,,,,2280.0,0.29660081083333334,5.415510061560775,0.0
2022-09-04 12:56:50+00:00,0.986682025,,,,,2282.0,0.2740783402777778,1289.54854331445,0.0
2022-09-04 12:56:52+00:00,0.97160736,,,,,2284.0,0.26989093333333336,2167.82507103478,0.0
2022-09-04 12:56:54+00:00,1.260362245,,,,,2286.0,0.3501006236111111,34.28922855934204,0.0
2022-09-04 12:56:56+00:00,1.644113615,,,,,2288.0,0.45669822638888885,35.33660097845326,0.0
2022-09-04 12:56:58+00:00,1.918576718,,,,,2290.0,0.5329379772222222,34.35075089788586,0.0
2022-09-04 12:57:00+00:00,1.847280736,,,,,2292.0,0.5131335377777778,16.00959997074097,0.0
2022-09-04 12:57:02+00:00,1.598759785,,,,,2294.0,0.44409994027777777,4.563221661335034,0.0
2022-09-04 12:57:04+00:00,1.331292615,,,,,2296.0,0.36980350416666663,8.805160737861964,0.0
2022-09-04 12:57:06+00:00,1.183111171,,,,,2298.0,0.32864199194444443,12.554092388371876,0.0
2022-09-04 12:57:08+00:00,1.420699885,,,,,2300.0,0.39463885694444445,14.988982009828817,0.0
2022-09-04 12:57:10+00:00,1.099100747,,,,,2302.0,0.30530576305555557,9.251048257956247,0.0
2022-09-04 12:57:12+00:00,0.994399381,,,,,2304.0,0.2762220502777778,888.6475115633219,0.0
2022-09-04 12:57:14+00:00,0.964678163,,,,,2306.0,0.2679661563888889,1047.7828514184944,0.0
2022-09-04 12:57:16+00:00,0.967684724,,,,,2308.0,0.26880131222222226,1158.009738717161,0.0
2022-09-04 12:57:18+00:00,0.745603008,,,,,2310.0,0.20711194666666666,1154.2051984458762,0.0
2022-09-04 12:57:20+00:00,0.951991477,,,,,2312.0,0.26444207694444444,1744.7874227181771,0.0
2022-09-04 12:57:22+00:00,1.098940746,,,,,2314.0,0.3052613183333333,19.548307353855378,0.0
2022-09-04 12:57:24+00:00,1.036550991,,,,,2316.0,0.2879308308333333,15.789791844089766,0.0
2022-09-04 12:57:26+00:00,1.023270233,,,,,2318.0,0.2842417313888889,21.74884598388491,0.0
2022-09-04 12:57:28+00:00,1.116210691,,,,,2320.0,0.3100585252777778,35.6383423317984,0.0
2022-09-04 12:57:30+00:00,1.75499633,,,,,2322.0,0.4874989805555555,43.21497568841609,0.0
2022-09-04 12:57:32+00:00,3.597012407,,,,,2324.0,0.9991701130555555,60.66564880819297,0.0
2022-09-04 12:57:34+00:00,4.615490221,,,,,2326.0,1.2820806169444443,66.55488403113485,0.0
2022-09-04 12:57:36+00:00,5.443538632,,,,,2328.0,1.5120940644444445,69.7770480703926,0.0
2022-09-04 12:57:38+00:00,6.427031846,,,,,2330.0,1.785286623888889,87.59073755357765,0.0
2022-09-04 12:57:40+00:00,7.617339626,,,,,2332.0,2.115927673888889,119.20979518216473,0.0
2022-09-04 12:57:42+00:00,9.911012982,,,,,2334.0,2.7530591616666666,172.50135541256097,0.0
2022-09-04 12:57:44+00:00,12.12455466,,,,,2336.0,3.3679318499999997,211.54448620371042,0.0
2022-09-04 12:57:46+00:00,14.43638898,,,,,2338.0,4.01010805,205.00818604757598,0.0
2022-09-04 12:57:48+00:00,15.78146251,,,,,2340.0,4.383739586111111,157.30381536954573,0.0
2022-09-04 12:57:50+00:00,15.65217904,,,,,2342.0,4.347827511111111,106.48945205213592,0.0
2022-09-04 12:57:52+00:00,15.98124677,,,,,2344.0,4.439235213888889,96.15896278135467,0.0
2022-09-04 12:57:54+00:00,16.1137672,,,,,2346.0,4.476046444444445,128.93342924161303,0.0
2022-09-04 12:57:56+00:00,16.35965169,,,,,2348.0,4.544347691666666,154.56571973693283,0.0
2022-09-04 12:57:58+00:00,18.32840773,,,,,2350.0,5.091224369444444,166.58564176068563,0.0
2022-09-04 12:58:00+00:00,18.25439316,,,,,2352.0,5.070664766666666,134.2718390716887,0.0
2022-09-04 12:58:02+00:00,18.06772937,,,,,2354.0,5.018813713888888,80.10685906157794,0.0
2022-09-04 12:58:04+00:00,18.73747623,,,,,2356.0,5.204854508333333,79.72727273873907,0.0
2022-09-04 12:58:06+00:00,16.99784024,,,,,2358.0,4.721622288888889,82.95373684601523,0.0
2022-09-04 12:58:08+00:00,18.18833907,,,,,2360.0,5.052316408333334,117.21369254368216,0.0
2022-09-04 12:58:10+00:00,18.37445772,,,,,2362.0,5.104016033333333,137.0210429794673,0.0
2022-09-04 12:58:12+00:00,18.56237599,,,,,2364.0,5.156215552777778,126.922625360192,0.0
2022-09-04 12:58:14+00:00,18.82453187,,,,,2366.0,5.229036630555556,125.1335005138445,0.0
2022-09-04 12:58:16+00:00,19.28048093,,,,,2368.0,5.355689147222222,120.69781025523342,0.0
2022-09-04 12:58:18+00:00,18.96150514,,,,,2370.0,5.267084761111111,122.14194149879155,0.0
2022-09-04 12:58:20+00:00,19.25709171,,,,,2372.0,5.349192141666667,127.61332944487873,0.0
2022-09-04 12:58:22+00:00,19.92035401,,,,,2374.0,5.533431669444444,127.22091279194179,0.0
2022-09-04 12:58:24+00:00,19.53042842,,,,,2376.0,5.425119005555556,95.09418864484914,0.0
2022-09-04 12:58:26+00:00,19.52927296,,,,,2378.0,5.424798044444445,84.65427277549436,0.0
2022-09-04 12:58:28+00:00,19.01054736,,,,,2380.0,5.2807076,120.27956292830338,0.0
2022-09-04 12:58:30+00:00,19.25149655,,,,,2382.0,5.347637930555555,173.37894587452047,0.0
2022-09-04 12:58:32+00:00,20.75551009,,,,,2384.0,5.765419469444445,212.89551000781992,0.0
2022-09-04 12:58:34+00:00,21.38728335,,,,,2386.0,5.9409120416666665,173.41213187128935,0.0
2022-09-04 12:58:36+00:00,21.40583423,,,,,2388.0,5.946065063888889,102.7276139682545,0.0
2022-09-04 12:58:38+00:00,20.86474118,,,,,2390.0,5.7957614388888885,50.70172221508418,0.0
2022-09-04 12:58:40+00:00,20.19154357,,,,,2392.0,5.608762102777778,0.0,5.9572547252615875
2022-09-04 12:58:42+00:00,19.17117465,,,,,2394.0,5.325326291666667,46.09807250611024,0.0
2022-09-04 12:58:44+00:00,18.50046908,,,,,2396.0,5.139019188888889,82.8328137631534,0.0
2022-09-04 12:58:46+00:00,19.41617138,,,,,2398.0,5.393380938888889,105.96944624449846,0.0
2022-09-04 12:58:48+00:00,19.07867971,,,,,2400.0,5.299633252777777,93.5067811323065,0.0
2022-09-04 12:58:50+00:00,18.58070863,,,,,2402.0,5.161307952777777,89.20981868655058,0.0
2022-09-04 12:58:52+00:00,18.81089703,,,,,2404.0,5.225249175,114.84124417609647,0.0
2022-09-04 12:58:54+00:00,19.13816031,,,,,2406.0,5.316155641666667,157.92974111184475,0.0
2022-09-04 12:58:56+00:00,19.27621861,,,,,2408.0,5.354505169444445,204.16661832222627,0.0
2022-09-04 12:58:58+00:00,20.98561623,,,,,2410.0,5.829337841666667,252.6724710236977,0.0
2022-09-04 12:59:00+00:00,22.13210706,,,,,2412.0,6.147807516666666,236.39807147287925,0.0
2022-09-04 12:59:02+00:00,22.4961768,,,,,2414.0,6.248938,175.37631014753825,0.0
2022-09-04 12:59:04+00:00,22.38250738,,,,,2416.0,6.217363161111111,153.4064910067179,0.0
2022-09-04 12:59:06+00:00,22.42240796,,,,,2418.0,6.2284466555555555,177.27542147124532,0.0
2022-09-04 12:59:08+00:00,22.97901807,,,,,2420.0,6.383060574999999,223.29891923629762,0.0
2022-09-04 12:59:10+00:00,23.71504537,,,,,2422.0,6.587512602777777,272.71227800508024,0.0
2022-09-04 12:59:12+00:00,24.54831871,,,,,2424.0,6.818977419444444,360.14813777749083,0.0
2022-09-04 12:59:14+00:00,25.83383985,,,,,2426.0,7.176066625,392.0942969409539,0.0
2022-09-04 12:59:16+00:00,28.58436268,,,,,2428.0,7.940100744444445,298.26890044895646,0.0
2022-09-04 12:59:18+00:00,27.45134059,,,,,2430.0,7.625372386111112,55.023872175239525,0.0
2022-09-04 12:59:20+00:00,25.31200921,,,,,2432.0,7.031113669444444,-34.26583551240767,0.0
2022-09-04 12:59:22+00:00,23.46989525,,,,,2434.0,6.519415347222222,77.97364713083454,0.0
2022-09-04 12:59:24+00:00,24.24938053,,,,,2436.0,6.735939036111111,247.77410796492288,0.0
2022-09-04 12:59:26+00:00,25.41119229,,,,,2438.0,7.058664524999999,348.02122576641335,0.0
2022-09-04 12:59:28+00:00,26.96300077,,,,,2440.0,7.489722436111111,372.2060047362974,0.0
2022-09-04 12:59:30+00:00,27.29676015,,,,,2442.0,7.582433375,349.04400421576105,0.0
2022-09-04 12:59:32+00:00,28.48104457,,,,,2444.0,7.911401269444445,332.20613586640803,0.0
2022-09-04 12:59:34+00:00,28.94822757,,,,,2446.0,8.041174325,251.92461189372293,0.0
2022-09-04 12:59:36+00:00,28.89094076,,,,,2448.0,8.025261322222223,62.028612483640494,0.0
2022-09-04 12:59:38+00:00,27.47656442,,,,,2450.0,7.632379005555555,-156.21301395418098,0.0
2022-09-04 12:59:40+00:00,23.98125176,,,,,2452.0,6.6614588222222215,-200.0,108.9532819586795
2022-09-04 12:59:42+00:00,19.08750321,,,,,2454.0,5.302084225000001,-200.0,120.20159651826319
2022-09-04 12:59:44+00:00,15.00484443,,,,,2456.0,4.168012341666667,-200.0,47.88122698561878
2022-09-04 12:59:46+00:00,10.58498601,,,,,2458.0,2.9402738916666666,-145.6225823963471,0.0
2022-09-04 12:59:48+00:00,7.02102385,,,,,2460.0,1.9502844027777777,-65.880112008047,0.0
2022-09-04 12:59:50+00:00,4.866445081,,,,,2462.0,1.3517903002777778,0.0,38.04900528079446
2022-09-04 12:59:52+00:00,3.797544352,,,,,2464.0,1.0548734311111112,0.0,14.974605537810264
2022-09-04 12:59:54+00:00,3.265849266,,,,,2466.0,0.9071803516666667,0.0,7.505383903299437
2022-09-04 12:59:56+00:00,2.524184454,,,,,2468.0,0.7011623483333332,0.0,3.9434231708832352
2022-09-04 12:59:58+00:00,1.928152966,,,,,2470.0,0.5355980461111112,13.687555361633093,0.0
2022-09-04 13:00:00+00:00,1.784608445,,,,,2472.0,0.49572456805555554,37.29415831671811,0.0
2022-09-04 13:00:02+00:00,3.202288376,,,,,2474.0,0.8895245488888888,44.408084171028385,0.0
2022-09-04 13:00:04+00:00,3.696270387,,,,,2476.0,1.0267417741666667,37.15834908952088,0.0
2022-09-04 13:00:06+00:00,2.983399198,,,,,2478.0,0.8287219994444444,0.0,3.28101886607803
2022-09-04 13:00:08+00:00,2.26772612,,,,,2480.0,0.6299239222222222,0.0,3.8150069009914076
2022-09-04 13:00:10+00:00,1.78641122,,,,,2482.0,0.49622533888888887,0.0,1.926883877382266
2022-09-04 13:00:12+00:00,1.415056078,,,,,2484.0,0.3930711327777778,0.0,0.7304966548424646
2022-09-04 13:00:14+00:00,1.053690082,,,,,2486.0,0.2926916894444444,0.0,0.09508338091004288
2022-09-04 13:00:16+00:00,0.862119785,,,,,2488.0,0.23947771805555554,443.791464143955,0.0
2022-09-04 13:00:18+00:00,0.688802489,,,,,2490.0,0.19133402472222222,769.3466080034608,0.0
2022-09-04 13:00:20+00:00,0.787034474,,,,,2492.0,0.21862068722222222,1109.2268010112566,0.0
2022-09-04 13:00:22+00:00,0.784690522,,,,,2494.0,0.21796958944444444,1131.65903216335,0.0
2022-09-04 13:00:24+00:00,0.735407182,,,,,2496.0,0.20427977277777776,1271.130820073778,0.0
2022-09-04 13:00:26+00:00,0.744870597,,,,,2498.0,0.20690849916666668,3185.928826315937,0.0
2022-09-04 13:00:28+00:00,1.139425344,,,,,2500.0,0.31650703999999996,40.042720365522456,0.0
2022-09-04 13:00:30+00:00,3.431716715,,,,,2502.0,0.9532546430555555,70.66109998819708,0.0
2022-09-04 13:00:32+00:00,5.323352748,,,,,2504.0,1.4787090966666665,107.7655373412393,0.0
2022-09-04 13:00:34+00:00,7.218639565,,,,,2506.0,2.0051776569444444,160.69513249497396,0.0
2022-09-04 13:00:36+00:00,10.73137611,,,,,2508.0,2.980937808333333,278.18005351768073,0.0
2022-09-04 13:00:38+00:00,14.70209686,,,,,2510.0,4.083915794444444,406.63435427716036,0.0
2022-09-04 13:00:40+00:00,18.73420103,,,,,2512.0,5.2039447305555555,494.24266167641315,0.0
2022-09-04 13:00:42+00:00,21.33765822,,,,,2514.0,5.927127283333333,483.61360673291904,0.0
2022-09-04 13:00:44+00:00,24.1263201,,,,,2516.0,6.701755583333333,422.4323811533121,0.0
2022-09-04 13:00:46+00:00,25.28210434,,,,,2518.0,7.022806761111111,291.98422228588686,0.0
2022-09-04 13:00:48+00:00,25.25617011,,,,,2520.0,7.015602808333333,144.3656275132959,0.0
2022-09-04 13:00:50+00:00,24.76660437,,,,,2522.0,6.879612325,113.7383937926371,0.0
2022-09-04 13:00:52+00:00,23.49576025,,,,,2524.0,6.526600069444444,151.74611720175648,0.0
2022-09-04 13:00:54+00:00,24.89716395,,,,,2526.0,6.915878875,205.9862743908216,0.0
2022-09-04 13:00:56+00:00,25.21821227,,,,,2528.0,7.005058963888889,210.94874824096027,0.0
2022-09-04 13:00:58+00:00,24.55030524,,,,,2530.0,6.819529233333333,193.33494514091134,0.0
2022-09-04 13:01:00+00:00,25.34311657,,,,,2532.0,7.039754602777777,223.7701214103243,0.0
2022-09-04 13:01:02+00:00,25.98642435,,,,,2534.0,7.218451208333333,246.98054366609503,0.0
2022-09-04 13:01:04+00:00,25.69988702,,,,,2536.0,7.1388575055555545,241.8371204541087,0.0
2022-09-04 13:01:06+00:00,26.56742028,,,,,2538.0,7.379838966666666,248.28968338100637,0.0
2022-09-04 13:01:08+00:00,27.13496888,,,,,2540.0,7.537491355555555,193.27976758621912,0.0
2022-09-04 13:01:10+00:00,26.58461274,,,,,2542.0,7.38461465,84.03995263032847,0.0
2022-09-04 13:01:12+00:00,25.35618607,,,,,2544.0,7.043385019444444,38.23282243849535,0.0
2022-09-04 13:01:14+00:00,24.1898118,,,,,2546.0,6.719392166666667,38.58552403898606,0.0
2022-09-04 13:01:16+00:00,24.01394506,,,,,2548.0,6.670540294444445,42.011135512701834,0.0
2022-09-04 13:01:18+00:00,22.82804617,,,,,2550.0,6.341123936111111,-14.554968947503145,0.0
2022-09-04 13:01:20+00:00,21.82882803,,,,,2552.0,6.063563341666667,-96.65583435456922,0.0
2022-09-04 13:01:22+00:00,19.84991682,,,,,2554.0,5.513865783333333,-165.38037325815066,0.0
2022-09-04 13:01:24+00:00,15.56923565,,,,,2556.0,4.324787680555556,-156.38683565100237,-2.842170943040401e-14
2022-09-04 13:01:26+00:00,12.96754783,,,,,2558.0,3.6020966194444446,-113.88688371716997,0.0
2022-09-04 13:01:28+00:00,11.09098724,,,,,2560.0,3.080829788888889,-86.14801369488073,0.0
2022-09-04 13:01:30+00:00,8.641681822,,,,,2562.0,2.4004671727777778,-67.40553045798441,0.0
2022-09-04 13:01:32+00:00,5.594216548,,,,,2564.0,1.5539490411111112,-33.032948867280226,7.105427357601002e-15
2022-09-04 13:01:34+00:00,3.958995307,,,,,2566.0,1.099720918611111,0.0,25.106022613477457
2022-09-04 13:01:36+00:00,3.044102927,,,,,2568.0,0.8455841463888889,0.0,8.622778507569409
2022-09-04 13:01:38+00:00,2.373407395,,,,,2570.0,0.6592798319444445,0.0,2.4139294368421265
2022-09-04 13:01:40+00:00,2.372980522,,,,,2572.0,0.6591612561111112,0.0,0.7579035825231883
2022-09-04 13:01:42+00:00,1.901051345,,,,,2574.0,0.5280698180555555,0.0,0.49631918295242416
2022-09-04 13:01:44+00:00,1.576525356,,,,,2576.0,0.43792371,0.0,0.5352377452123587
2022-09-04 13:01:46+00:00,1.309361301,,,,,2578.0,0.3637114725,0.0,0.16303505233357382
2022-09-04 13:01:48+00:00,1.023003224,,,,,2580.0,0.2841675622222222,0.507192208434114,0.0
2022-09-04 13:01:50+00:00,0.761222973,,,,,2582.0,0.21145082583333333,280.5203749815437,0.0
2022-09-04 13:01:52+00:00,0.629881562,,,,,2584.0,0.17496710055555556,524.6587627689746,0.0
2022-09-04 13:01:54+00:00,0.553516921,,,,,2586.0,0.1537547002777778,650.1530265979027,0.0
2022-09-04 13:01:56+00:00,0.582000881,,,,,2588.0,0.1616669113888889,760.4208664513297,0.0
2022-09-04 13:01:58+00:00,0.528089059,,,,,2590.0,0.14669140527777777,730.2096376744058,0.0
2022-09-04 13:02:00+00:00,0.515888717,,,,,2592.0,0.1433024213888889,738.1275371668995,0.0
2022-09-04 13:02:02+00:00,0.562460035,,,,,2594.0,0.1562388986111111,818.2933443372958,0.0
2022-09-04 13:02:04+00:00,0.542174403,,,,,2596.0,0.15060400083333333,1051.0236668473592,0.0
2022-09-04 13:02:06+00:00,0.521863528,,,,,2598.0,0.1449620911111111,1432.701500608015,0.0
2022-09-04 13:02:08+00:00,1.096417875,,,,,2600.0,0.30456052083333335,31.745683543758116,0.0
2022-09-04 13:02:10+00:00,1.415225707,,,,,2602.0,0.39311825194444444,34.0470832185927,0.0
2022-09-04 13:02:12+00:00,1.21083058,,,,,2604.0,0.3363418277777778,19.011917264622337,0.0
2022-09-04 13:02:14+00:00,1.482754646,,,,,2606.0,0.4118762905555556,20.02925531934621,0.0
2022-09-04 13:02:16+00:00,1.165165268,,,,,2608.0,0.32365701888888887,22.41925830312638,0.0
2022-09-04 13:02:18+00:00,1.356590766,,,,,2610.0,0.37683076833333334,35.36622387633702,0.0
2022-09-04 13:02:20+00:00,1.854339186,,,,,2612.0,0.5150942183333334,45.12895969845754,0.0
2022-09-04 13:02:22+00:00,3.011865665,,,,,2614.0,0.8366293513888889,69.61310975214369,0.0
2022-09-04 13:02:24+00:00,6.258274111,,,,,2616.0,1.738409475277778,122.11002751713823,0.0
2022-09-04 13:02:26+00:00,8.977741987,,,,,2618.0,2.493817218611111,136.13374039778103,0.0
2022-09-04 13:02:28+00:00,9.277733402,,,,,2620.0,2.5771481672222225,107.3247930415276,0.0
2022-09-04 13:02:30+00:00,10.08812978,,,,,2622.0,2.802258272222222,112.74149255754475,0.0
2022-09-04 13:02:32+00:00,11.65239359,,,,,2624.0,3.2367759972222223,132.86925614015226,0.0
2022-09-04 13:02:34+00:00,12.85949114,,,,,2626.0,3.572080872222222,135.18300879025574,0.0
2022-09-04 13:02:36+00:00,13.15505587,,,,,2628.0,3.654182186111111,149.55664938919756,0.0
2022-09-04 13:02:38+00:00,14.36474249,,,,,2630.0,3.990206247222222,191.7444571336642,0.0
2022-09-04 13:02:40+00:00,16.78844196,,,,,2632.0,4.6634561,232.19529559205546,0.0
2022-09-04 13:02:42+00:00,17.78849048,,,,,2634.0,4.941247355555555,200.757635472271,0.0
2022-09-04 13:02:44+00:00,18.49607507,,,,,2636.0,5.137798630555555,173.98375288417483,0.0
2022-09-04 13:02:46+00:00,18.77426769,,,,,2638.0,5.215074358333333,202.36101741609957,0.0
2022-09-04 13:02:48+00:00,19.93998935,,,,,2640.0,5.538885930555556,278.0684620962583,0.0
2022-09-04 13:02:50+00:00,21.79193075,,,,,2642.0,6.053314097222222,334.13381173044445,0.0
2022-09-04 13:02:52+00:00,23.7637601,,,,,2644.0,6.601044472222222,285.1646941609948,0.0
2022-09-04 13:02:54+00:00,24.09530272,,,,,2646.0,6.693139644444444,152.88229472714843,0.0
2022-09-04 13:02:56+00:00,23.08208509,,,,,2648.0,6.411690302777777,41.25171606618738,0.0
2022-09-04 13:02:58+00:00,22.29051732,,,,,2650.0,6.191810366666666,-34.328406421867534,0.0
2022-09-04 13:03:00+00:00,20.95837829,,,,,2652.0,5.821771747222222,-118.66347096618794,0.0
2022-09-04 13:03:02+00:00,18.52162547,,,,,2654.0,5.144895963888889,-200.0,16.766343171530906
2022-09-04 13:03:04+00:00,14.01778266,,,,,2656.0,3.8938285166666664,-200.0,13.777898646062766
2022-09-04 13:03:06+00:00,9.090919998,,,,,2658.0,2.525255555,-121.5815514400901,0.0
2022-09-04 13:03:08+00:00,6.22186083,,,,,2660.0,1.728294675,-49.683915108068796,0.0
2022-09-04 13:03:10+00:00,4.534528956,,,,,2662.0,1.2595913766666667,0.0,30.900215906081755
2022-09-04 13:03:12+00:00,3.250621458,,,,,2664.0,0.9029504049999999,0.0,12.012471566321205
2022-09-04 13:03:14+00:00,2.676217849,,,,,2666.0,0.7433938469444444,0.0,4.824088147616359
2022-09-04 13:03:16+00:00,2.288763949,,,,,2668.0,0.6357677636111111,0.0,1.9617890456025686
2022-09-04 13:03:18+00:00,1.868655858,,,,,2670.0,0.5190710716666667,0.0,1.04624360747512
2022-09-04 13:03:20+00:00,1.512648262,,,,,2672.0,0.42018007277777775,0.0,0.40687200268146473
2022-09-04 13:03:22+00:00,1.254672379,,,,,2674.0,0.34852010527777777,0.9836996395698295,0.0
2022-09-04 13:03:24+00:00,1.042165953,,,,,2676.0,0.2894905425,3.3817450268228453,0.0
2022-09-04 13:03:26+00:00,0.87180188,,,,,2678.0,0.24216718888888888,466.96749207413285,0.0
2022-09-04 13:03:28+00:00,0.695866986,,,,,2680.0,0.193296385,644.9323194744258,0.0
2022-09-04 13:03:30+00:00,0.630371737,,,,,2682.0,0.17510326027777778,802.5204502243273,0.0
2022-09-04 13:03:32+00:00,0.735151339,,,,,2684.0,0.20420870527777776,963.2015287707675,0.0
2022-09-04 13:03:34+00:00,0.656738929,,,,,2686.0,0.18242748027777778,732.3303236473809,0.0
2022-09-04 13:03:36+00:00,0.532648213,,,,,2688.0,0.14795783694444445,565.349001972861,0.0
2022-09-04 13:03:38+00:00,0.487109331,,,,,2690.0,0.1353081475,829.5197274612182,0.0
2022-09-04 13:03:40+00:00,0.502291934,,,,,2692.0,0.13952553722222225,2577.821730967046,0.0
2022-09-04 13:03:42+00:00,0.974263974,,,,,2694.0,0.27062888166666665,11232.670528386594,0.0
2022-09-04 13:03:44+00:00,4.017216616,,,,,2696.0,1.1158935044444445,98.6273618577739,0.0
2022-09-04 13:03:46+00:00,7.813132365,,,,,2698.0,2.1703145458333335,168.8292718727862,0.0
2022-09-04 13:03:48+00:00,9.702515281,,,,,2700.0,2.695143133611111,177.9331717757549,0.0
2022-09-04 13:03:50+00:00,11.53593612,,,,,2702.0,3.2044267,211.81471415561265,0.0
2022-09-04 13:03:52+00:00,13.71196264,,,,,2704.0,3.8088785111111108,292.00674426118366,0.0
2022-09-04 13:03:54+00:00,17.38546264,,,,,2706.0,4.8292951777777775,362.20940171108975,0.0
2022-09-04 13:03:56+00:00,20.17881386,,,,,2708.0,5.605226072222223,324.5797146784032,0.0
2022-09-04 13:03:58+00:00,20.38656699,,,,,2710.0,5.662935275,232.78316468414144,0.0
2022-09-04 13:04:00+00:00,20.9712911,,,,,2712.0,5.825358638888888,211.655441876786,0.0
2022-09-04 13:04:02+00:00,22.34074786,,,,,2714.0,6.205763294444444,190.36937543741357,0.0
2022-09-04 13:04:04+00:00,22.54542743,,,,,2716.0,6.262618730555555,93.34339445653107,0.0
2022-09-04 13:04:06+00:00,21.25838948,,,,,2718.0,5.90510818888889,37.60698669781992,0.0
2022-09-04 13:04:08+00:00,20.02674252,,,,,2720.0,5.562984033333333,67.3043118074175,0.0
2022-09-04 13:04:10+00:00,20.65078333,,,,,2722.0,5.736328702777778,137.15737185304843,0.0
2022-09-04 13:04:12+00:00,20.8613723,,,,,2724.0,5.794825638888889,174.53939908660558,0.0
2022-09-04 13:04:14+00:00,21.37646695,,,,,2726.0,5.937907486111111,178.23337680990264,0.0
2022-09-04 13:04:16+00:00,21.93988974,,,,,2728.0,6.094413816666667,160.40491300926828,0.0
2022-09-04 13:04:18+00:00,22.06692644,,,,,2730.0,6.129701788888888,65.95229029764492,0.0
2022-09-04 13:04:20+00:00,21.50935649,,,,,2732.0,5.974821247222222,-42.73809466265223,0.0
2022-09-04 13:04:22+00:00,18.69927412,,,,,2734.0,5.194242811111111,-98.90108028606323,0.0
2022-09-04 13:04:24+00:00,17.19921213,,,,,2736.0,4.777558925,-124.82370463398044,0.0
2022-09-04 13:04:26+00:00,14.52300196,,,,,2738.0,4.034167211111111,-113.97243441913145,0.0
2022-09-04 13:04:28+00:00,11.51202915,,,,,2740.0,3.197785875,-82.8895717543991,0.0
2022-09-04 13:04:30+00:00,9.801176963,,,,,2742.0,2.722549156388889,-49.5471382116423,0.0
2022-09-04 13:04:32+00:00,8.3652129,,,,,2744.0,2.3236702499999997,-30.415967904483075,0.0
2022-09-04 13:04:34+00:00,6.920594977,,,,,2746.0,1.9223874936111112,-21.26859010337157,0.0
2022-09-04 13:04:36+00:00,5.479883629,,,,,2748.0,1.5221898969444443,0.0,25.40083303853846
2022-09-04 13:04:38+00:00,4.385531726,,,,,2750.0,1.2182032572222221,0.0,12.510815058004253
2022-09-04 13:04:40+00:00,3.915802815,,,,,2752.0,1.0877230041666668,0.0,7.064644311077745
2022-09-04 13:04:42+00:00,3.588490181,,,,,2754.0,0.9968028280555555,0.0,6.750463261115048
2022-09-04 13:04:44+00:00,2.592830389,,,,,2756.0,0.7202306636111111,0.0,5.12222584464214
2022-09-04 13:04:46+00:00,1.953723447,,,,,2758.0,0.5427009575,0.0,1.6271755798051633
2022-09-04 13:04:48+00:00,1.73015015,,,,,2760.0,0.4805972638888889,12.44568599079531,0.0
2022-09-04 13:04:50+00:00,1.942595242,,,,,2762.0,0.5396097894444445,19.895026632542923,0.0
2022-09-04 13:04:52+00:00,1.815828913,,,,,2764.0,0.5043969202777778,16.364770914961053,0.0
2022-09-04 13:04:54+00:00,1.402215425,,,,,2766.0,0.3895042847222222,23.899479022855434,0.0
2022-09-04 13:04:56+00:00,1.67580848,,,,,2768.0,0.4655023555555555,34.868652515246154,0.0
2022-09-04 13:04:58+00:00,2.359806054,,,,,2770.0,0.6555016816666667,42.462463777785935,0.0
2022-09-04 13:05:00+00:00,2.037705482,,,,,2772.0,0.5660293005555554,50.1064918337953,0.0
2022-09-04 13:05:02+00:00,4.804015164,,,,,2774.0,1.3344486566666667,91.69949779174294,0.0
2022-09-04 13:05:04+00:00,7.795170651,,,,,2776.0,2.1653251808333334,132.99388975571824,0.0
2022-09-04 13:05:06+00:00,8.213456547,,,,,2778.0,2.2815157075,126.31116921198922,0.0
2022-09-04 13:05:08+00:00,10.29576695,,,,,2780.0,2.859935263888889,160.91110439949685,0.0
2022-09-04 13:05:10+00:00,12.40735084,,,,,2782.0,3.4464863444444442,200.37891830730524,0.0
2022-09-04 13:05:12+00:00,14.39121044,,,,,2784.0,3.9975584555555557,195.56418577021796,0.0
2022-09-04 13:05:14+00:00,15.52920992,,,,,2786.0,4.313669422222222,147.29699116594014,0.0
2022-09-04 13:05:16+00:00,15.97244456,,,,,2788.0,4.436790155555555,68.44436322300966,0.0
2022-09-04 13:05:18+00:00,15.4381679,,,,,2790.0,4.288379972222222,-23.499305588164447,0.0
2022-09-04 13:05:20+00:00,13.72988524,,,,,2792.0,3.8138570111111108,-64.69658725304653,0.0
2022-09-04 13:05:22+00:00,11.53873455,,,,,2794.0,3.2052040416666663,-69.69750947132314,0.0
2022-09-04 13:05:24+00:00,9.486424435,,,,,2796.0,2.635117898611111,-52.445161853724365,0.0
2022-09-04 13:05:26+00:00,7.653013645,,,,,2798.0,2.125837123611111,-30.43901486243413,0.0
2022-09-04 13:05:28+00:00,6.213210627,,,,,2800.0,1.7258918408333332,0.0,29.206625320629158
2022-09-04 13:05:30+00:00,5.328703356,,,,,2802.0,1.4801953766666667,0.0,15.866347861373841
2022-09-04 13:05:32+00:00,4.694946104,,,,,2804.0,1.3041516955555554,0.0,10.184328668984776
2022-09-04 13:05:34+00:00,4.072742321,,,,,2806.0,1.1313173113888888,0.0,8.075772125544027
2022-09-04 13:05:36+00:00,3.327329794,,,,,2808.0,0.9242582761111111,0.0,5.864805471877628
2022-09-04 13:05:38+00:00,2.801675992,,,,,2810.0,0.778243331111111,0.0,4.133937156319398
2022-09-04 13:05:40+00:00,2.35736029,,,,,2812.0,0.6548223027777778,0.0,2.9863690995249037
2022-09-04 13:05:42+00:00,1.780304909,,,,,2814.0,0.49452914138888887,0.0,1.1457415792815573
2022-09-04 13:05:44+00:00,1.337656084,,,,,2816.0,0.37157113444444445,15.29859854501212,0.0
2022-09-04 13:05:46+00:00,1.531233557,,,,,2818.0,0.4253426547222222,34.154776601137115,0.0
2022-09-04 13:05:48+00:00,2.282307633,,,,,2820.0,0.6339743425,34.98069173269991,0.0
2022-09-04 13:05:50+00:00,1.783830977,,,,,2822.0,0.49550860472222225,36.02867988832747,0.0
2022-09-04 13:05:52+00:00,1.572451207,,,,,2824.0,0.43679200194444445,46.003135577989994,0.0
2022-09-04 13:05:54+00:00,3.939589618,,,,,2826.0,1.0943304494444444,107.15723790234121,0.0
2022-09-04 13:05:56+00:00,8.956502651,,,,,2828.0,2.487917403055555,244.31354495292013,0.0
2022-09-04 13:05:58+00:00,13.01323747,,,,,2830.0,3.614788186111111,285.5888139790866,0.0
2022-09-04 13:06:00+00:00,14.58382638,,,,,2832.0,4.0510628833333335,215.2521608151484,0.0
2022-09-04 13:06:02+00:00,15.319598,,,,,2834.0,4.255443888888888,176.85342999829618,0.0
2022-09-04 13:06:04+00:00,16.58476707,,,,,2836.0,4.606879741666667,183.12536870860822,0.0
2022-09-04 13:06:06+00:00,17.70522819,,,,,2838.0,4.918118941666666,176.1833174579634,0.0
2022-09-04 13:06:08+00:00,18.24951338,,,,,2840.0,5.069309272222222,141.92692598273942,0.0
2022-09-04 13:06:10+00:00,18.46293073,,,,,2842.0,5.128591869444445,124.05704460002026,0.0
2022-09-04 13:06:12+00:00,18.37105572,,,,,2844.0,5.103071033333333,129.88145587301224,0.0
2022-09-04 13:06:14+00:00,19.02176982,,,,,2846.0,5.28382495,138.89762989813045,0.0
2022-09-04 13:06:16+00:00,19.49968167,,,,,2848.0,5.416578241666667,110.64598264941209,0.0
2022-09-04 13:06:18+00:00,19.26892923,,,,,2850.0,5.352480341666667,52.95354312788991,0.0
2022-09-04 13:06:20+00:00,18.31811123,,,,,2852.0,5.088364230555555,0.0,6.620903315801537
2022-09-04 13:06:22+00:00,17.40793993,,,,,2854.0,4.835538869444445,52.623028328922935,0.0
2022-09-04 13:06:24+00:00,17.16869501,,,,,2856.0,4.769081947222222,100.12486544814709,0.0
2022-09-04 13:06:26+00:00,18.19022604,,,,,2858.0,5.052840566666666,119.31662099276862,0.0
2022-09-04 13:06:28+00:00,18.25356133,,,,,2860.0,5.070433702777778,82.97135628768206,0.0
2022-09-04 13:06:30+00:00,17.64147213,,,,,2862.0,4.900408925,61.3188391519147,0.0
2022-09-04 13:06:32+00:00,16.95811467,,,,,2864.0,4.710587408333334,83.9738942668813,0.0
2022-09-04 13:06:34+00:00,17.70118297,,,,,2866.0,4.9169952694444445,101.75120590759502,0.0
2022-09-04 13:06:36+00:00,18.03026745,,,,,2868.0,5.008407625,59.48775713604082,0.0
2022-09-04 13:06:38+00:00,17.13014679,,,,,2870.0,4.758374108333333,-18.508333928110464,0.0
2022-09-04 13:06:40+00:00,15.50624287,,,,,2872.0,4.307289686111111,0.0,27.052517979738035
2022-09-04 13:06:42+00:00,14.36349741,,,,,2874.0,3.989860391666667,72.84557069490153,0.0
2022-09-04 13:06:44+00:00,15.67599322,,,,,2876.0,4.354442561111111,164.2127143681569,0.0
2022-09-04 13:06:46+00:00,17.13230517,,,,,2878.0,4.758973658333333,223.6439910557859,0.0
2022-09-04 13:06:48+00:00,18.32922228,,,,,2880.0,5.091450633333333,257.54275878465904,0.0
2022-09-04 13:06:50+00:00,19.66565993,,,,,2882.0,5.462683313888889,287.09914290127165,0.0
2022-09-04 13:06:52+00:00,21.86119341,,,,,2884.0,6.072553725,266.7926605116021,0.0
2022-09-04 13:06:54+00:00,22.57109802,,,,,2886.0,6.26974945,160.40321155228844,0.0
2022-09-04 13:06:56+00:00,21.58088439,,,,,2888.0,5.994690108333334,70.69559143161783,0.0
2022-09-04 13:06:58+00:00,20.92613405,,,,,2890.0,5.81281501388889,62.18127280847465,0.0
2022-09-04 13:07:00+00:00,20.80712168,,,,,2892.0,5.779756022222222,62.137400198745446,0.0
2022-09-04 13:07:02+00:00,20.46875962,,,,,2894.0,5.6857665611111115,0.0,19.781916521976605
2022-09-04 13:07:04+00:00,19.20224237,,,,,2896.0,5.3339562138888885,-52.410342911327845,0.0
2022-09-04 13:07:06+00:00,17.09736813,,,,,2898.0,4.749268925,-37.69965627190411,0.0
2022-09-04 13:07:08+00:00,15.60141681,,,,,2900.0,4.333726891666666,40.1965013166505,0.0
2022-09-04 13:07:10+00:00,16.60506834,,,,,2902.0,4.612518983333333,117.42415463905624,0.0
2022-09-04 13:07:12+00:00,17.1819808,,,,,2904.0,4.772772444444445,147.04886495339503,0.0
2022-09-04 13:07:14+00:00,17.57159587,,,,,2906.0,4.880998852777777,132.09572641001017,0.0
2022-09-04 13:07:16+00:00,18.12426751,,,,,2908.0,5.034518752777777,150.73886279034005,0.0
2022-09-04 13:07:18+00:00,18.04658622,,,,,2910.0,5.012940616666666,152.7882589140167,0.0
2022-09-04 13:07:20+00:00,19.81489959,,,,,2912.0,5.5041387749999995,122.37299200758068,0.0
2022-09-04 13:07:22+00:00,19.15127103,,,,,2914.0,5.319797508333333,44.94763914806161,0.0
2022-09-04 13:07:24+00:00,17.66674582,,,,,2916.0,4.907429394444444,0.0,18.614995113299738
2022-09-04 13:07:26+00:00,16.99787276,,,,,2918.0,4.721631322222222,70.49873528624205,0.0
2022-09-04 13:07:28+00:00,17.14998461,,,,,2920.0,4.763884613888889,144.0638713010561,0.0
2022-09-04 13:07:30+00:00,18.66517398,,,,,2922.0,5.18477055,174.2999062271923,0.0
2022-09-04 13:07:32+00:00,19.33380431,,,,,2924.0,5.3705011972222225,131.7214472559276,0.0
2022-09-04 13:07:34+00:00,18.85411024,,,,,2926.0,5.237252844444445,97.48924542523228,0.0
2022-09-04 13:07:36+00:00,18.34489791,,,,,2928.0,5.095804975,139.48973656681395,0.0
2022-09-04 13:07:38+00:00,19.44446569,,,,,2930.0,5.401240469444445,202.19165285600727,0.0
2022-09-04 13:07:40+00:00,21.09713645,,,,,2932.0,5.860315680555556,198.89112876123082,0.0
2022-09-04 13:07:42+00:00,21.04744936,,,,,2934.0,5.846513711111111,115.90080337037685,0.0
2022-09-04 13:07:44+00:00,20.37954072,,,,,2936.0,5.660983533333334,71.7682420737807,0.0
2022-09-04 13:07:46+00:00,19.87755523,,,,,2938.0,5.521543119444444,84.81115753611401,0.0
2022-09-04 13:07:48+00:00,20.07475697,,,,,2940.0,5.576321380555555,105.98437107517988,0.0
2022-09-04 13:07:50+00:00,20.02912635,,,,,2942.0,5.563646208333333,106.83736039181682,0.0
2022-09-04 13:07:52+00:00,19.90990053,,,,,2944.0,5.530527925,104.65114248046963,0.0
2022-09-04 13:07:54+00:00,19.78912483,,,,,2946.0,5.496979119444444,157.15014137550654,0.0
2022-09-04 13:07:56+00:00,20.0045165,,,,,2948.0,5.556810138888889,250.2611072256582,0.0
2022-09-04 13:07:58+00:00,22.37029433,,,,,2950.0,6.213970647222222,318.90462697001533,0.0
2022-09-04 13:08:00+00:00,24.21949638,,,,,2952.0,6.727637883333333,224.89638832446664,0.0
2022-09-04 13:08:02+00:00,23.54997098,,,,,2954.0,6.541658605555556,49.18927583741775,0.0
2022-09-04 13:08:04+00:00,21.51972306,,,,,2956.0,5.97770085,-27.490510976897802,0.0
2022-09-04 13:08:06+00:00,20.65907754,,,,,2958.0,5.73863265,0.0,25.695719442539357
2022-09-04 13:08:08+00:00,19.98389119,,,,,2960.0,5.551080886111111,56.51449382880931,0.0
2022-09-04 13:08:10+00:00,19.28615445,,,,,2962.0,5.3572651250000005,101.6296840217237,0.0
2022-09-04 13:08:12+00:00,20.05257461,,,,,2964.0,5.570159613888889,126.93449237486031,0.0
2022-09-04 13:08:14+00:00,20.40824346,,,,,2966.0,5.668956516666667,73.08439371283116,0.0
2022-09-04 13:08:16+00:00,19.61989421,,,,,2968.0,5.449970613888889,-70.48694881971227,0.0
2022-09-04 13:08:18+00:00,17.58280651,,,,,2970.0,4.884112919444445,-184.76565357736033,0.0
2022-09-04 13:08:20+00:00,13.0670779,,,,,2972.0,3.629743861111111,-187.45249625650342,0.0
2022-09-04 13:08:22+00:00,8.386950036,,,,,2974.0,2.3297083433333334,-105.54867896633841,0.0
2022-09-04 13:08:24+00:00,5.716574491,,,,,2976.0,1.5879373586111112,-40.51837465194757,0.0
2022-09-04 13:08:26+00:00,4.096205231,,,,,2978.0,1.137834786388889,0.0,25.68577738110763
2022-09-04 13:08:28+00:00,3.048657024,,,,,2980.0,0.8468491733333333,0.0,11.127620584181761
2022-09-04 13:08:30+00:00,2.309270348,,,,,2982.0,0.6414639855555556,0.0,4.961720183763103
2022-09-04 13:08:32+00:00,1.77198725,,,,,2984.0,0.49221868055555557,0.0,2.110287713245814
2022-09-04 13:08:34+00:00,1.365986328,,,,,2986.0,0.37944064666666666,0.0,0.6455859480503624
2022-09-04 13:08:36+00:00,1.082907933,,,,,2988.0,0.30080775916666663,2.336041601659304,0.0
2022-09-04 13:08:38+00:00,0.910266509,,,,,2990.0,0.2528518080555555,658.3806385280282,0.0
2022-09-04 13:08:40+00:00,0.910600351,,,,,2992.0,0.25294454194444443,782.9613046407557,0.0
2022-09-04 13:08:42+00:00,0.768864945,,,,,2994.0,0.21357359583333332,641.7948318762706,0.0
2022-09-04 13:08:44+00:00,0.60159583,,,,,2996.0,0.1671099527777778,525.8140491774998,0.0
2022-09-04 13:08:46+00:00,0.57117841,,,,,2998.0,0.15866066944444446,604.1412427415281,0.0
2022-09-04 13:08:48+00:00,0.50395585,,,,,3000.0,0.1399877361111111,613.2929766279386,0.0
2022-09-04 13:08:50+00:00,0.459774755,,,,,3002.0,0.12771520972222222,580.7264889019928,0.0
2022-09-04 13:08:52+00:00,0.477863989,,,,,3004.0,0.13273999694444444,610.9632672689129,0.0
2022-09-04 13:08:54+00:00,0.411964146,,,,,3006.0,0.11443448499999999,517.516667171663,0.0
2022-09-04 13:08:56+00:00,0.382961229,,,,,3008.0,0.10637811916666667,478.4679118519444,0.0
2022-09-04 13:08:58+00:00,0.362289938,,,,,3010.0,0.10063609388888888,467.48784456673474,0.0
2022-09-04 13:09:00+00:00,0.327968204,,,,,3012.0,0.09110227888888889,430.6352726629247,0.0
2022-09-04 13:09:02+00:00,0.311522588,,,,,3014.0,0.08653405222222221,425.93443535027416,0.0
2022-09-04 13:09:04+00:00,0.30281159,,,,,3016.0,0.08411433055555556,433.3799228207863,0.0
2022-09-04 13:09:06+00:00,0.314866755,,,,,3018.0,0.08746298749999999,454.19177300150614,0.0
2022-09-04 13:09:08+00:00,0.320762251,,,,,3020.0,0.08910062527777778,461.94523827628274,0.0
2022-09-04 13:09:10+00:00,0.301804523,,,,,3022.0,0.08383458972222221,439.2084563238668,0.0
2022-09-04 13:09:12+00:00,0.321566582,,,,,3024.0,0.08932405055555555,521.3721833625352,0.0
2022-09-04 13:09:14+00:00,0.336087189,,,,,3026.0,0.0933575525,680.3470796743636,0.0
2022-09-04 13:09:16+00:00,0.486871043,,,,,3028.0,0.1352419563888889,1139.079917296362,0.0
2022-09-04 13:09:18+00:00,0.769816021,,,,,3030.0,0.2138377836111111,1684.8855855915021,0.0
2022-09-04 13:09:20+00:00,0.859088615,,,,,3032.0,0.23863572638888889,1333.7741326177445,0.0
2022-09-04 13:09:22+00:00,0.770595181,,,,,3034.0,0.21405421694444443,737.6839289004912,0.0
2022-09-04 13:09:24+00:00,0.608311585,,,,,3036.0,0.16897544027777778,504.79166896795243,0.0
2022-09-04 13:09:26+00:00,0.504174512,,,,,3038.0,0.14004847555555555,1335.5828927825578,0.0
2022-09-04 13:09:28+00:00,0.473622508,,,,,3040.0,0.13156180777777776,3472.1109200145133,0.0
2022-09-04 13:09:30+00:00,2.208931742,,,,,3042.0,0.6135921505555555,59.22561301040021,0.0
2022-09-04 13:09:32+00:00,5.238130925,,,,,3044.0,1.4550363680555556,115.85322622231608,0.0
2022-09-04 13:09:34+00:00,7.83926846,,,,,3046.0,2.1775745722222224,154.29846914497972,0.0
2022-09-04 13:09:36+00:00,10.05230635,,,,,3048.0,2.7923073194444443,169.05974790172596,0.0
2022-09-04 13:09:38+00:00,11.72234532,,,,,3050.0,3.2562070333333333,183.43964163480666,0.0
2022-09-04 13:09:40+00:00,13.30443168,,,,,3052.0,3.6956754666666667,209.50331972482329,0.0
2022-09-04 13:09:42+00:00,15.49642221,,,,,3054.0,4.304561725,265.121809745425,0.0
2022-09-04 13:09:44+00:00,17.26749249,,,,,3056.0,4.796525691666666,310.8449214865695,0.0
2022-09-04 13:09:46+00:00,19.87490193,,,,,3058.0,5.520806091666667,340.37143621968727,0.0
2022-09-04 13:09:48+00:00,21.61314256,,,,,3060.0,6.003650711111111,304.15296850271534,0.0
2022-09-04 13:09:50+00:00,22.45997845,,,,,3062.0,6.238882902777778,205.10076680227155,0.0
2022-09-04 13:09:52+00:00,22.68616153,,,,,3064.0,6.301711536111111,113.1427912486988,0.0
2022-09-04 13:09:54+00:00,21.82055349,,,,,3066.0,6.061264858333334,53.116313071631176,0.0
2022-09-04 13:09:56+00:00,21.06048632,,,,,3068.0,5.850135088888888,0.0,1.5487551205855887
2022-09-04 13:09:58+00:00,20.45409111,,,,,3070.0,5.681691975,0.0,10.754760151275928
2022-09-04 13:10:00+00:00,19.46470519,,,,,3072.0,5.406862552777778,0.0,13.679636250316662
2022-09-04 13:10:02+00:00,18.48509315,,,,,3074.0,5.134748097222222,48.234564480181646,0.0
2022-09-04 13:10:04+00:00,18.16195436,,,,,3076.0,5.044987322222222,126.76707531751346,0.0
2022-09-04 13:10:06+00:00,18.94317002,,,,,3078.0,5.261991672222222,216.3876207116833,0.0
2022-09-04 13:10:08+00:00,20.75713967,,,,,3080.0,5.765872130555556,244.00896597920536,0.0
2022-09-04 13:10:10+00:00,21.93876567,,,,,3082.0,6.094101575,155.49293655682075,0.0
2022-09-04 13:10:12+00:00,21.15786162,,,,,3084.0,5.877183783333333,49.61497763805662,0.0
2022-09-04 13:10:14+00:00,19.65701993,,,,,3086.0,5.460283313888889,-20.028865409192406,0.0
2022-09-04 13:10:16+00:00,19.45812155,,,,,3088.0,5.4050337638888895,-26.79142767609998,0.0
2022-09-04 13:10:18+00:00,17.34234169,,,,,3090.0,4.817317136111112,-16.59261297717786,0.0
2022-09-04 13:10:20+00:00,16.6979485,,,,,3092.0,4.6383190277777775,38.38436883115632,0.0
2022-09-04 13:10:22+00:00,16.70499502,,,,,3094.0,4.640276394444444,82.30037586093104,0.0
2022-09-04 13:10:24+00:00,17.18873199,,,,,3096.0,4.774647775,108.2347966841265,0.0
2022-09-04 13:10:26+00:00,16.69122078,,,,,3098.0,4.636450216666666,113.86084835259203,0.0
2022-09-04 13:10:28+00:00,17.90380107,,,,,3100.0,4.973278075,110.85595029856457,0.0
2022-09-04 13:10:30+00:00,17.77960776,,,,,3102.0,4.9387799333333335,87.99143850962794,0.0
2022-09-04 13:10:32+00:00,17.08654445,,,,,3104.0,4.746262347222222,80.87652985458763,0.0
2022-09-04 13:10:34+00:00,17.23534784,,,,,3106.0,4.787596622222222,143.7261945367854,0.0
2022-09-04 13:10:36+00:00,18.04280683,,,,,3108.0,5.011890786111111,234.4036067624308,0.0
2022-09-04 13:10:38+00:00,20.08445171,,,,,3110.0,5.579014363888889,292.87363027653083,0.0
2022-09-04 13:10:40+00:00,21.98198386,,,,,3112.0,6.106106627777778,253.72002704522941,0.0
2022-09-04 13:10:42+00:00,22.15653857,,,,,3114.0,6.154594047222222,143.1757654158411,0.0
2022-09-04 13:10:44+00:00,21.45970928,,,,,3116.0,5.961030355555555,94.50279386868871,0.0
2022-09-04 13:10:46+00:00,21.03999619,,,,,3118.0,5.844443386111111,141.2331471390968,0.0
2022-09-04 13:10:48+00:00,21.59376099,,,,,3120.0,5.9982669416666665,228.45653287759302,0.0
2022-09-04 13:10:50+00:00,22.9636843,,,,,3122.0,6.378801194444445,244.2381551747159,0.0
2022-09-04 13:10:52+00:00,24.18722361,,,,,3124.0,6.718673225,141.84663226604724,0.0
2022-09-04 13:10:54+00:00,22.80267836,,,,,3126.0,6.334077322222223,-17.480755060797208,0.0
2022-09-04 13:10:56+00:00,21.06260588,,,,,3128.0,5.850723855555556,-107.91471521930798,0.0
2022-09-04 13:10:58+00:00,19.368919,,,,,3130.0,5.380255277777779,-159.52150454583492,0.0
2022-09-04 13:11:00+00:00,15.47157949,,,,,3132.0,4.297660969444444,-118.31325187575877,0.0
2022-09-04 13:11:02+00:00,12.50716455,,,,,3134.0,3.474212375,-34.19392913696691,0.0
2022-09-04 13:11:04+00:00,13.49283214,,,,,3136.0,3.7480089277777777,63.93072664283759,0.0
2022-09-04 13:11:06+00:00,13.72131207,,,,,3138.0,3.811475575,135.23746134560795,0.0
2022-09-04 13:11:08+00:00,14.10268787,,,,,3140.0,3.917413297222222,206.00697347252267,0.0
2022-09-04 13:11:10+00:00,16.99835118,,,,,3142.0,4.721764216666666,306.0928454181894,0.0
2022-09-04 13:11:12+00:00,20.03897387,,,,,3144.0,5.566381630555555,330.80431978406284,0.0
2022-09-04 13:11:14+00:00,20.52612839,,,,,3146.0,5.701702330555555,233.84420877738899,0.0
2022-09-04 13:11:16+00:00,21.26616079,,,,,3148.0,5.9072668861111115,126.36410245616318,0.0
2022-09-04 13:11:18+00:00,21.46264393,,,,,3150.0,5.9618455361111105,21.287754561240337,0.0
2022-09-04 13:11:20+00:00,19.21372101,,,,,3152.0,5.337144725,0.0,19.235825273332114
2022-09-04 13:11:22+00:00,18.06613427,,,,,3154.0,5.018370630555555,100.81980354407916,0.0
2022-09-04 13:11:24+00:00,19.5225456,,,,,3156.0,5.422929333333333,239.06883122089422,0.0
2022-09-04 13:11:26+00:00,21.48973605,,,,,3158.0,5.969371125,287.9320932415025,0.0
2022-09-04 13:11:28+00:00,22.52681787,,,,,3160.0,6.257449408333333,228.88765179541141,0.0
2022-09-04 13:11:30+00:00,22.4563781,,,,,3162.0,6.237882805555555,160.9865328495979,0.0
2022-09-04 13:11:32+00:00,22.56516187,,,,,3164.0,6.268100519444444,107.58050921025492,0.0
2022-09-04 13:11:34+00:00,22.52236061,,,,,3166.0,6.256211280555555,90.19307873397027,0.0
2022-09-04 13:11:36+00:00,21.07352018,,,,,3168.0,5.8537556055555555,89.20175984784701,0.0
2022-09-04 13:11:38+00:00,21.78682445,,,,,3170.0,6.051895680555556,121.04759082839976,0.0
2022-09-04 13:11:40+00:00,21.70339702,,,,,3172.0,6.028721394444444,111.56827418804303,0.0
2022-09-04 13:11:42+00:00,21.49406621,,,,,3174.0,5.970573947222222,69.94959064061533,0.0
2022-09-04 13:11:44+00:00,20.56306654,,,,,3176.0,5.711962927777778,80.96258121422485,0.0
2022-09-04 13:11:46+00:00,20.22487917,,,,,3178.0,5.618021991666667,131.22182149965826,0.0
2022-09-04 13:11:48+00:00,21.17524955,,,,,3180.0,5.882013763888889,173.983675583612,0.0
2022-09-04 13:11:50+00:00,21.7662476,,,,,3182.0,6.046179888888888,98.28221633280594,0.0
2022-09-04 13:11:52+00:00,21.44116262,,,,,3184.0,5.955878505555556,-38.788320588692,-7.105427357601002e-15
2022-09-04 13:11:54+00:00,18.50048579,,,,,3186.0,5.139023830555555,-93.43530917334127,0.0
2022-09-04 13:11:56+00:00,16.59256722,,,,,3188.0,4.60904645,-50.09339462951419,0.0
2022-09-04 13:11:58+00:00,15.11258358,,,,,3190.0,4.1979398833333335,94.80198838693829,0.0
2022-09-04 13:12:00+00:00,16.34413121,,,,,3192.0,4.5400364472222225,257.6978598932249,0.0
2022-09-04 13:12:02+00:00,20.12318242,,,,,3194.0,5.589772894444444,367.8318644492633,0.0
2022-09-04 13:12:04+00:00,22.28832019,,,,,3196.0,6.191200052777778,280.246427456744,0.0
2022-09-04 13:12:06+00:00,21.49050593,,,,,3198.0,5.969584980555556,175.44934219536546,0.0
2022-09-04 13:12:08+00:00,21.37777409,,,,,3200.0,5.938270580555555,201.83639908324471,0.0
2022-09-04 13:12:10+00:00,23.32919337,,,,,3202.0,6.480331491666666,223.18385369075662,0.0
2022-09-04 13:12:12+00:00,24.03640635,,,,,3204.0,6.676779541666667,94.56641535273421,0.0
2022-09-04 13:12:14+00:00,22.04914813,,,,,3206.0,6.124763369444444,-27.004610320283224,0.0
2022-09-04 13:12:16+00:00,20.03871633,,,,,3208.0,5.566310091666667,0.0,25.471160443553625
2022-09-04 13:12:18+00:00,20.13755945,,,,,3210.0,5.593766513888889,66.60762130421568,0.0
2022-09-04 13:12:20+00:00,20.2861676,,,,,3212.0,5.635046555555555,75.59473319075596,0.0
2022-09-04 13:12:22+00:00,19.43362008,,,,,3214.0,5.3982278,58.10259417084004,0.0
2022-09-04 13:12:24+00:00,18.78154574,,,,,3216.0,5.217096038888888,86.03010974332975,0.0
2022-09-04 13:12:26+00:00,19.0713539,,,,,3218.0,5.297598305555555,143.64851946893202,0.0
2022-09-04 13:12:28+00:00,19.84232413,,,,,3220.0,5.511756702777778,197.66576180509625,0.0
2022-09-04 13:12:30+00:00,20.53104263,,,,,3222.0,5.703067397222223,209.7047890009101,0.0
2022-09-04 13:12:32+00:00,21.75737706,,,,,3224.0,6.04371585,135.46655808236477,0.0
2022-09-04 13:12:34+00:00,21.69460669,,,,,3226.0,6.026279636111111,-44.73816832018767,0.0
2022-09-04 13:12:36+00:00,18.96751208,,,,,3228.0,5.268753355555555,-186.17289081632416,0.0
2022-09-04 13:12:38+00:00,15.06376217,,,,,3230.0,4.184378380555556,-200.0,12.221344556632005
2022-09-04 13:12:40+00:00,10.46852754,,,,,3232.0,2.9079243166666666,-134.75392009693326,0.0
2022-09-04 13:12:42+00:00,7.415844292,,,,,3234.0,2.0599567477777776,-61.86191093009941,0.0
2022-09-04 13:12:44+00:00,5.58155221,,,,,3236.0,1.5504311694444444,-19.637608100643366,0.0
2022-09-04 13:12:46+00:00,4.505889599,,,,,3238.0,1.2516359997222222,0.0,13.872511303772516
2022-09-04 13:12:48+00:00,4.080725725,,,,,3240.0,1.133534923611111,0.0,4.191720392671219
2022-09-04 13:12:50+00:00,3.757712619,,,,,3242.0,1.0438090608333332,0.0,0.3291147428042479
2022-09-04 13:12:52+00:00,3.515580649,,,,,3244.0,0.9765501802777777,10.736686139996896,0.0
2022-09-04 13:12:54+00:00,3.336560831,,,,,3246.0,0.9268224530555556,17.568965336234747,0.0
2022-09-04 13:12:56+00:00,3.206389049,,,,,3248.0,0.8906636247222223,19.16576588525152,0.0
2022-09-04 13:12:58+00:00,3.017244868,,,,,3250.0,0.8381235744444444,19.455514631411884,0.0
2022-09-04 13:13:00+00:00,2.867408715,,,,,3252.0,0.7965024208333332,22.262601542784537,0.0
2022-09-04 13:13:02+00:00,2.766499792,,,,,3254.0,0.7684721644444443,26.946134024828332,0.0
2022-09-04 13:13:04+00:00,2.6953789,,,,,3256.0,0.7487163611111112,30.21773527350568,0.0
2022-09-04 13:13:06+00:00,2.643654747,,,,,3258.0,0.7343485408333332,32.170618485197,0.0
2022-09-04 13:13:08+00:00,2.605265789,,,,,3260.0,0.723684941388889,33.419978845854764,0.0
2022-09-04 13:13:10+00:00,2.576413063,,,,,3262.0,0.7156702952777777,34.99961030816982,0.0
2022-09-04 13:13:12+00:00,2.554562171,,,,,3264.0,0.7096006030555556,37.08397340443405,0.0
2022-09-04 13:13:14+00:00,2.944439015,,,,,3266.0,0.8178997263888889,38.38425944119284,0.0
2022-09-04 13:13:16+00:00,3.366037861,,,,,3268.0,0.9350105169444445,36.87977211308956,0.0
2022-09-04 13:13:18+00:00,2.986441566,,,,,3270.0,0.8295671016666666,30.492542693575736,0.0
2022-09-04 13:13:20+00:00,2.891017971,,,,,3272.0,0.8030605475,35.515460794413904,0.0
2022-09-04 13:13:22+00:00,2.915904476,,,,,3274.0,0.8099734655555556,48.880132882453886,0.0
2022-09-04 13:13:24+00:00,3.664051906,,,,,3276.0,1.0177921961111112,82.83609438105866,0.0
2022-09-04 13:13:26+00:00,7.254518926,,,,,3278.0,2.015144146111111,186.31002388473496,0.0
2022-09-04 13:13:28+00:00,11.86896791,,,,,3280.0,3.2969355305555554,295.2081711475086,0.0
2022-09-04 13:13:30+00:00,14.81249466,,,,,3282.0,4.11458185,243.80250887638218,0.0
2022-09-04 13:13:32+00:00,15.97296366,,,,,3284.0,4.43693435,161.76189054933175,0.0
2022-09-04 13:13:34+00:00,14.7197825,,,,,3286.0,4.088828472222223,120.75584186980875,0.0
2022-09-04 13:13:36+00:00,17.17398007,,,,,3288.0,4.770550019444444,177.32083682126364,0.0
2022-09-04 13:13:38+00:00,16.9880499,,,,,3290.0,4.71890275,272.19838446626244,0.0
2022-09-04 13:13:40+00:00,18.96369216,,,,,3292.0,5.267692266666667,395.40406637520556,0.0
2022-09-04 13:13:42+00:00,23.78192649,,,,,3294.0,6.606090691666666,548.0762990269006,0.0
2022-09-04 13:13:44+00:00,25.35871371,,,,,3296.0,7.044087141666666,421.8475347729755,0.0
2022-09-04 13:13:46+00:00,26.10657268,,,,,3298.0,7.251825744444444,228.84912006691857,0.0
2022-09-04 13:13:48+00:00,25.90443624,,,,,3300.0,7.1956767333333325,110.60425169456323,0.0
2022-09-04 13:13:50+00:00,24.85474273,,,,,3302.0,6.904095202777778,0.0,6.853228704382085
2022-09-04 13:13:52+00:00,23.80281281,,,,,3304.0,6.611892447222222,-30.57185064202872,0.0
2022-09-04 13:13:54+00:00,22.22751902,,,,,3306.0,6.174310838888888,-63.033630983420906,0.0
2022-09-04 13:13:56+00:00,20.76927334,,,,,3308.0,5.769242594444445,-109.54736027542386,0.0
2022-09-04 13:13:58+00:00,18.45994061,,,,,3310.0,5.127761280555555,-175.12761028693168,0.0
2022-09-04 13:14:00+00:00,15.29163373,,,,,3312.0,4.247676036111111,-197.89001623259202,0.0
2022-09-04 13:14:02+00:00,10.33362908,,,,,3314.0,2.870452522222222,-129.66311031093218,-2.842170943040401e-14
2022-09-04 13:14:04+00:00,7.421370243,,,,,3316.0,2.0614917341666668,-59.68742321976329,0.0
2022-09-04 13:14:06+00:00,5.721558609,,,,,3318.0,1.5893218358333332,-19.70542751415173,0.0
2022-09-04 13:14:08+00:00,4.857249623,,,,,3320.0,1.349236006388889,0.0,20.528815863723263
2022-09-04 13:14:10+00:00,3.756315104,,,,,3322.0,1.0434208622222223,0.0,10.579895918552818
2022-09-04 13:14:12+00:00,2.907588023,,,,,3324.0,0.8076633397222223,0.0,4.461151842690006
2022-09-04 13:14:14+00:00,2.850192868,,,,,3326.0,0.7917202411111112,0.0,2.187129318150462
2022-09-04 13:14:16+00:00,2.430429125,,,,,3328.0,0.6751192013888888,0.0,2.3249478132996404
2022-09-04 13:14:18+00:00,1.770203643,,,,,3330.0,0.4917232341666667,0.0,1.5391472984474122
2022-09-04 13:14:20+00:00,1.325079567,,,,,3332.0,0.3680776575,5.1538654670758834,0.0
2022-09-04 13:14:22+00:00,1.410119,,,,,3334.0,0.39169972222222216,25.626027076045688,0.0
2022-09-04 13:14:24+00:00,1.655644701,,,,,3336.0,0.45990130583333333,34.22479809052972,0.0
2022-09-04 13:14:26+00:00,1.837977488,,,,,3338.0,0.5105493022222222,27.981371645024897,0.0
2022-09-04 13:14:28+00:00,1.699253381,,,,,3340.0,0.4720148280555555,13.605302149645373,0.0
2022-09-04 13:14:30+00:00,1.438697949,,,,,3342.0,0.39963831916666664,7.715122423414377,0.0
2022-09-04 13:14:32+00:00,1.354883347,,,,,3344.0,0.37635648527777776,8.13348228609553,0.0
2022-09-04 13:14:34+00:00,1.203664748,,,,,3346.0,0.33435131888888886,7.126967471219934,0.0
2022-09-04 13:14:36+00:00,1.025991655,,,,,3348.0,0.2849976819444444,7.023338961290289,0.0
2022-09-04 13:14:38+00:00,0.853065787,,,,,3350.0,0.23696271861111112,1008.6262500092296,0.0
2022-09-04 13:14:40+00:00,0.892927932,,,,,3352.0,0.24803553666666667,1547.8445456325967,0.0
2022-09-04 13:14:42+00:00,1.06124631,,,,,3354.0,0.2947906416666667,19.31168663541433,0.0
2022-09-04 13:14:44+00:00,1.134015283,,,,,3356.0,0.3150042452777778,15.38609272656896,0.0
2022-09-04 13:14:46+00:00,1.018681208,,,,,3358.0,0.2829670022222222,9.380733980246706,0.0
2022-09-04 13:14:48+00:00,0.843701053,,,,,3360.0,0.2343614036111111,805.1169875729672,0.0
2022-09-04 13:14:50+00:00,0.79304187,,,,,3362.0,0.22028940833333333,1010.680262403586,0.0
2022-09-04 13:14:52+00:00,0.839199266,,,,,3364.0,0.23311090722222222,1214.4146031741589,0.0
2022-09-04 13:14:54+00:00,0.847301531,,,,,3366.0,0.2353615363888889,1179.6548846522617,0.0
2022-09-04 13:14:56+00:00,0.798597414,,,,,3368.0,0.22183261499999998,1259.790953034205,0.0
2022-09-04 13:14:58+00:00,0.783759198,,,,,3370.0,0.21771088833333335,2487.0941821248152,0.0
2022-09-04 13:15:00+00:00,1.05244977,,,,,3372.0,0.2923471583333333,40.163837563288325,0.0
2022-09-04 13:15:02+00:00,2.457987304,,,,,3374.0,0.6827742511111111,74.70515934315398,0.0
2022-09-04 13:15:04+00:00,7.251095479,,,,,3376.0,2.014193188611111,224.10335677781922,0.0
2022-09-04 13:15:06+00:00,11.85531604,,,,,3378.0,3.2931433444444442,416.92479188644495,0.0
2022-09-04 13:15:08+00:00,16.89588987,,,,,3380.0,4.693302741666667,571.3225260688328,0.0
2022-09-04 13:15:10+00:00,22.26123489,,,,,3382.0,6.183676358333333,599.0423151315493,0.0
2022-09-04 13:15:12+00:00,23.91836511,,,,,3384.0,6.643990308333333,371.30146793872404,0.0
2022-09-04 13:15:14+00:00,24.22099382,,,,,3386.0,6.728053838888889,173.28984555390704,0.0
2022-09-04 13:15:16+00:00,23.646686,,,,,3388.0,6.568523888888889,85.5664843755785,0.0
2022-09-04 13:15:18+00:00,23.12519332,,,,,3390.0,6.423664811111111,39.96731971026913,0.0
2022-09-04 13:15:20+00:00,22.17238765,,,,,3392.0,6.158996569444445,-16.169611001039,0.0
2022-09-04 13:15:22+00:00,21.01232691,,,,,3394.0,5.836757475,-64.98194773327624,0.0
2022-09-04 13:15:24+00:00,19.27260396,,,,,3396.0,5.3535011,-147.6699243209598,0.0
2022-09-04 13:15:26+00:00,16.55973417,,,,,3398.0,4.599926158333333,-200.0,10.926009264732869
2022-09-04 13:15:28+00:00,11.52305615,,,,,3400.0,3.2008489305555554,-166.2562955360728,-2.842170943040401e-14
2022-09-04 13:15:30+00:00,7.534851108,,,,,3402.0,2.0930141966666667,-84.25144195981163,0.0
2022-09-04 13:15:32+00:00,5.188559405,,,,,3404.0,1.441266501388889,-28.642450634088572,0.0
2022-09-04 13:15:34+00:00,3.732543556,,,,,3406.0,1.0368176544444445,0.0,19.38343363819791
2022-09-04 13:15:36+00:00,2.956564609,,,,,3408.0,0.8212679469444444,0.0,8.794492551043101
2022-09-04 13:15:38+00:00,2.259026034,,,,,3410.0,0.6275072316666667,0.0,4.1187894977678345
2022-09-04 13:15:40+00:00,1.698212643,,,,,3412.0,0.47172573416666663,0.0,1.7891856945538658
2022-09-04 13:15:42+00:00,1.353529704,,,,,3414.0,0.37598047333333334,0.0,0.42762270646341727
2022-09-04 13:15:44+00:00,1.110084246,,,,,3416.0,0.308356735,2.8992587454160628,0.0
2022-09-04 13:15:46+00:00,0.936515447,,,,,3418.0,0.26014317972222223,668.0975241893066,0.0
2022-09-04 13:15:48+00:00,0.84656381,,,,,3420.0,0.2351566138888889,919.9626271301391,0.0
2022-09-04 13:15:50+00:00,0.836663104,,,,,3422.0,0.23240641777777776,1336.1901991038126,0.0
2022-09-04 13:15:52+00:00,0.831749438,,,,,3424.0,0.23104151055555555,1520.7583539464863,0.0
2022-09-04 13:15:54+00:00,1.121620469,,,,,3426.0,0.3115612413888889,18.524939603259373,0.0
2022-09-04 13:15:56+00:00,0.980525308,,,,,3428.0,0.27236814111111113,1286.20686316142,0.0
2022-09-04 13:15:58+00:00,0.913091193,,,,,3430.0,0.2536364425,1026.946867772026,0.0
2022-09-04 13:16:00+00:00,0.902273614,,,,,3432.0,0.25063155944444443,1087.8900838487732,0.0
2022-09-04 13:16:02+00:00,0.861723672,,,,,3434.0,0.23936768666666666,905.3893807204196,0.0
2022-09-04 13:16:04+00:00,0.780940574,,,,,3436.0,0.21692793722222223,714.9435251691316,0.0
2022-09-04 13:16:06+00:00,0.617350244,,,,,3438.0,0.1714861788888889,694.5604119568284,0.0
2022-09-04 13:16:08+00:00,0.585206194,,,,,3440.0,0.1625572761111111,1322.5068802264436,0.0
2022-09-04 13:16:10+00:00,0.722736231,,,,,3442.0,0.20076006416666664,3581.0241704359237,0.0
2022-09-04 13:16:12+00:00,1.560470033,,,,,3444.0,0.4334638980555556,46.365961289481326,0.0
2022-09-04 13:16:14+00:00,3.421491861,,,,,3446.0,0.9504144058333333,82.57608431186841,0.0
2022-09-04 13:16:16+00:00,7.04099948,,,,,3448.0,1.955833188888889,160.84519321977848,0.0
2022-09-04 13:16:18+00:00,9.551257349,,,,,3450.0,2.6531270413888888,215.38502160970603,0.0
2022-09-04 13:16:20+00:00,12.61583068,,,,,3452.0,3.504397411111111,241.44577445936395,0.0
2022-09-04 13:16:22+00:00,15.40185685,,,,,3454.0,4.278293569444444,206.61525755803274,0.0
2022-09-04 13:16:24+00:00,15.51911703,,,,,3456.0,4.310865841666667,68.06737569969185,0.0
2022-09-04 13:16:26+00:00,15.18318512,,,,,3458.0,4.217551422222222,-48.8140013493284,0.0
2022-09-04 13:16:28+00:00,12.22505398,,,,,3460.0,3.395848327777778,-58.548830479004835,0.0
2022-09-04 13:16:30+00:00,10.1496117,,,,,3462.0,2.819336583333333,0.0,14.204807192762551
2022-09-04 13:16:32+00:00,10.16158121,,,,,3464.0,2.822661447222222,116.26887766226393,0.0
2022-09-04 13:16:34+00:00,13.43431286,,,,,3466.0,3.7317535722222224,203.3608830646868,0.0
2022-09-04 13:16:36+00:00,15.47998289,,,,,3468.0,4.299995247222222,177.50760784320207,0.0
2022-09-04 13:16:38+00:00,15.21502909,,,,,3470.0,4.226396969444444,75.35525263953927,0.0
2022-09-04 13:16:40+00:00,14.98127887,,,,,3472.0,4.1614663527777775,0.0,13.737040999178527
2022-09-04 13:16:42+00:00,13.93498901,,,,,3474.0,3.8708302805555554,-43.91208030625118,0.0
2022-09-04 13:16:44+00:00,12.68218521,,,,,3476.0,3.5228292249999997,-88.58131250083075,0.0
2022-09-04 13:16:46+00:00,9.195984804,,,,,3478.0,2.554440223333333,-75.25525348803635,0.0
2022-09-04 13:16:48+00:00,6.412345671,,,,,3480.0,1.7812071308333333,-24.04749287806127,0.0
2022-09-04 13:16:50+00:00,5.258840124,,,,,3482.0,1.4607889233333333,50.924397426081505,0.0
2022-09-04 13:16:52+00:00,7.216801762,,,,,3484.0,2.004667156111111,134.77187052938234,0.0
2022-09-04 13:16:54+00:00,10.75508362,,,,,3486.0,2.987523227777778,270.2743483295622,0.0
2022-09-04 13:16:56+00:00,13.98223288,,,,,3488.0,3.8839535777777776,369.7789833860649,0.0
2022-09-04 13:16:58+00:00,18.62876723,,,,,3490.0,5.174657563888889,406.276151523271,0.0
2022-09-04 13:17:00+00:00,20.47065472,,,,,3492.0,5.686292977777778,309.40171295222274,0.0
2022-09-04 13:17:02+00:00,20.20418743,,,,,3494.0,5.612274286111111,222.26987037763396,0.0
2022-09-04 13:17:04+00:00,21.68150055,,,,,3496.0,6.022639041666666,270.7866228907045,0.0
2022-09-04 13:17:06+00:00,22.7984499,,,,,3498.0,6.332902750000001,326.3683735374283,0.0
2022-09-04 13:17:08+00:00,24.3529227,,,,,3500.0,6.76470075,348.33673204552343,0.0
2022-09-04 13:17:10+00:00,25.44604677,,,,,3502.0,7.068346324999999,373.2880434949234,0.0
2022-09-04 13:17:12+00:00,26.47704818,,,,,3504.0,7.354735605555556,411.3279296735159,0.0
2022-09-04 13:17:14+00:00,28.10823857,,,,,3506.0,7.807844047222222,416.21072760421845,0.0
2022-09-04 13:17:16+00:00,29.56885909,,,,,3508.0,8.213571969444445,287.33579777856096,0.0
2022-09-04 13:17:18+00:00,28.97738894,,,,,3510.0,8.049274705555556,42.365585717632946,0.0
2022-09-04 13:17:20+00:00,26.94228769,,,,,3512.0,7.4839688027777775,-126.91655962634336,0.0
2022-09-04 13:17:22+00:00,24.01460466,,,,,3514.0,6.6707235166666665,-166.559030022346,2.842170943040401e-14
2022-09-04 13:17:24+00:00,21.23533171,,,,,3516.0,5.898703252777778,-92.76991411048638,0.0
2022-09-04 13:17:26+00:00,19.3496939,,,,,3518.0,5.374914972222221,54.278192104858505,0.0
2022-09-04 13:17:28+00:00,20.40832228,,,,,3520.0,5.6689784111111114,179.75746307599016,0.0
2022-09-04 13:17:30+00:00,22.09202886,,,,,3522.0,6.136674683333333,213.7683258382284,0.0
2022-09-04 13:17:32+00:00,21.66850512,,,,,3524.0,6.019029199999999,128.86004459857824,0.0
2022-09-04 13:17:34+00:00,21.73519863,,,,,3526.0,6.037555175,84.80367883739366,0.0
2022-09-04 13:17:36+00:00,20.79116397,,,,,3528.0,5.775323325,117.69698514051434,0.0
2022-09-04 13:17:38+00:00,20.88512214,,,,,3530.0,5.801422816666666,174.19984057825133,0.0
2022-09-04 13:17:40+00:00,22.4458229,,,,,3532.0,6.234950805555555,185.284824609742,0.0
2022-09-04 13:17:42+00:00,22.68849067,,,,,3534.0,6.302358519444445,80.87105571862654,0.0
2022-09-04 13:17:44+00:00,21.14360539,,,,,3536.0,5.873223719444445,-34.15830375502184,7.105427357601002e-15
2022-09-04 13:17:46+00:00,19.53091456,,,,,3538.0,5.425254044444444,-53.34704433264448,0.0
2022-09-04 13:17:48+00:00,18.09618888,,,,,3540.0,5.026719133333333,-26.000624281257874,0.0
2022-09-04 13:17:50+00:00,17.08655277,,,,,3542.0,4.746264658333334,8.506647064465605,0.0
2022-09-04 13:17:52+00:00,17.01436156,,,,,3544.0,4.726211544444444,69.44691773474388,0.0
2022-09-04 13:17:54+00:00,17.17441608,,,,,3546.0,4.770671133333333,82.15232379694515,0.0
2022-09-04 13:17:56+00:00,16.93498115,,,,,3548.0,4.704161430555555,56.6496249314252,0.0
2022-09-04 13:17:58+00:00,16.80170193,,,,,3550.0,4.667139425,0.0,9.491277369966406
2022-09-04 13:18:00+00:00,15.5540242,,,,,3552.0,4.3205622777777775,-19.775233599034863,0.0
2022-09-04 13:18:02+00:00,14.48912029,,,,,3554.0,4.024755636111111,-22.59009724127815,0.0
2022-09-04 13:18:04+00:00,13.36790295,,,,,3556.0,3.7133063749999997,0.0,12.033514987879611
2022-09-04 13:18:06+00:00,12.83344233,,,,,3558.0,3.5648450916666667,70.33160707838978,0.0
2022-09-04 13:18:08+00:00,13.45644154,,,,,3560.0,3.737900427777778,132.64138338420332,0.0
2022-09-04 13:18:10+00:00,15.01536641,,,,,3562.0,4.170935113888889,170.15806181825567,0.0
2022-09-04 13:18:12+00:00,16.29523932,,,,,3564.0,4.526455366666666,155.19050421926755,0.0
2022-09-04 13:18:14+00:00,16.50352776,,,,,3566.0,4.584313266666666,135.16958565868913,0.0
2022-09-04 13:18:16+00:00,16.53951726,,,,,3568.0,4.59431035,139.3705315282833,0.0
2022-09-04 13:18:18+00:00,17.97425363,,,,,3570.0,4.9928482305555555,189.03352195442915,0.0
2022-09-04 13:18:20+00:00,18.26232534,,,,,3572.0,5.07286815,236.30883590097454,0.0
2022-09-04 13:18:22+00:00,20.1080678,,,,,3574.0,5.585574388888889,274.4863679755076,0.0
2022-09-04 13:18:24+00:00,22.06068661,,,,,3576.0,6.127968502777778,245.01304899425628,0.0
2022-09-04 13:18:26+00:00,22.1413425,,,,,3578.0,6.150372916666667,118.2022826829001,0.0
2022-09-04 13:18:28+00:00,21.27650893,,,,,3580.0,5.910141369444444,50.13930585321595,0.0
2022-09-04 13:18:30+00:00,20.18976319,,,,,3582.0,5.608267552777778,95.87550226832282,0.0
2022-09-04 13:18:32+00:00,20.4184361,,,,,3584.0,5.671787805555556,219.3379408163452,0.0
2022-09-04 13:18:34+00:00,22.11389996,,,,,3586.0,6.142749988888889,312.58898419298697,0.0
2022-09-04 13:18:36+00:00,24.43307082,,,,,3588.0,6.786964116666667,238.14921178633836,0.0
2022-09-04 13:18:38+00:00,24.10673954,,,,,3590.0,6.696316538888889,0.0,13.948150746070505
2022-09-04 13:18:40+00:00,21.50802704,,,,,3592.0,5.974451955555556,-112.35892968814714,0.0
2022-09-04 13:18:42+00:00,18.96041649,,,,,3594.0,5.266782358333333,-101.62402794220226,0.0
2022-09-04 13:18:44+00:00,17.1897795,,,,,3596.0,4.77493875,-43.0081427234457,0.0
2022-09-04 13:18:46+00:00,16.42637271,,,,,3598.0,4.562881308333333,39.18593381951378,0.0
2022-09-04 13:18:48+00:00,16.15590798,,,,,3600.0,4.487752216666666,107.35364057154797,0.0
2022-09-04 13:18:50+00:00,17.20738682,,,,,3602.0,4.779829672222222,169.53788087519158,0.0
2022-09-04 13:18:52+00:00,18.0760428,,,,,3604.0,5.021123,210.86361451520642,0.0
2022-09-04 13:18:54+00:00,19.28981947,,,,,3606.0,5.3582831861111115,242.0753399831443,0.0
2022-09-04 13:18:56+00:00,20.5162392,,,,,3608.0,5.698955333333333,236.61542550978172,0.0
2022-09-04 13:18:58+00:00,21.84610435,,,,,3610.0,6.068362319444445,217.63703501818955,0.0
2022-09-04 13:19:00+00:00,21.35015599,,,,,3612.0,5.930598886111111,197.89048037619358,0.0
2022-09-04 13:19:02+00:00,22.44242012,,,,,3614.0,6.2340055888888894,225.37955310631907,0.0
2022-09-04 13:19:04+00:00,23.34292999,,,,,3616.0,6.484147219444444,240.528254059657,0.0
2022-09-04 13:19:06+00:00,23.76907615,,,,,3618.0,6.602521152777777,205.20265297299773,0.0
2022-09-04 13:19:08+00:00,23.95510481,,,,,3620.0,6.654195780555556,176.8798103125759,0.0
2022-09-04 13:19:10+00:00,24.01199005,,,,,3622.0,6.6699972361111115,160.98718036141818,0.0
2022-09-04 13:19:12+00:00,23.99430944,,,,,3624.0,6.665085955555555,151.77760186412746,0.0
2022-09-04 13:19:14+00:00,23.9303436,,,,,3626.0,6.647317666666667,133.50370468136958,0.0
2022-09-04 13:19:16+00:00,23.86188539,,,,,3628.0,6.628301497222222,101.2818527901732,0.0
2022-09-04 13:19:18+00:00,23.23338675,,,,,3630.0,6.4537185416666665,62.52299531375244,0.0
2022-09-04 13:19:20+00:00,22.43776221,,,,,3632.0,6.232711725,31.566021764921814,0.0
2022-09-04 13:19:22+00:00,21.65494176,,,,,3634.0,6.0152616,0.0,0.3945375042609929
2022-09-04 13:19:24+00:00,20.68644968,,,,,3636.0,5.746236022222222,69.75377595795653,0.0
2022-09-04 13:19:26+00:00,20.28968201,,,,,3638.0,5.636022780555556,147.56808776188845,0.0
2022-09-04 13:19:28+00:00,21.39369658,,,,,3640.0,5.942693494444445,237.52439915772575,0.0
2022-09-04 13:19:30+00:00,22.61211083,,,,,3642.0,6.281141897222222,236.09731382041605,0.0
2022-09-04 13:19:32+00:00,23.57229986,,,,,3644.0,6.547861072222222,146.65574272020714,0.0
2022-09-04 13:19:34+00:00,22.37129389,,,,,3646.0,6.2142483027777775,57.865497199303576,0.0
2022-09-04 13:19:36+00:00,21.46843935,,,,,3648.0,5.963455375,52.412748072562884,0.0
2022-09-04 13:19:38+00:00,21.11731706,,,,,3650.0,5.8659214055555555,113.84114889923933,0.0
2022-09-04 13:19:40+00:00,21.28008312,,,,,3652.0,5.9111342,178.23202206128485,0.0
2022-09-04 13:19:42+00:00,22.14193714,,,,,3654.0,6.150538094444444,232.13670477157945,0.0
2022-09-04 13:19:44+00:00,22.99799634,,,,,3656.0,6.388332316666666,249.39163308026954,0.0
2022-09-04 13:19:46+00:00,23.82191974,,,,,3658.0,6.6171999277777775,229.48255500997485,0.0
2022-09-04 13:19:48+00:00,24.14861593,,,,,3660.0,6.707948869444444,179.9604636028551,0.0
2022-09-04 13:19:50+00:00,24.13774485,,,,,3662.0,6.704929125,140.15271856012322,0.0
2022-09-04 13:19:52+00:00,23.59089139,,,,,3664.0,6.553025386111111,119.08543701461663,0.0
2022-09-04 13:19:54+00:00,23.64234949,,,,,3666.0,6.567319302777777,139.60887035123343,0.0
2022-09-04 13:19:56+00:00,23.28393903,,,,,3668.0,6.467760841666666,170.13589622676412,0.0
2022-09-04 13:19:58+00:00,23.94073786,,,,,3670.0,6.65020496111111,178.76492341692887,0.0
2022-09-04 13:20:00+00:00,24.29076083,,,,,3672.0,6.7474335638888885,101.38650585719351,0.0
2022-09-04 13:20:02+00:00,23.61650638,,,,,3674.0,6.560140661111111,-30.55726616315507,0.0
2022-09-04 13:20:04+00:00,21.16650664,,,,,3676.0,5.879585177777778,-67.14717087618816,1.4210854715202004e-14
2022-09-04 13:20:06+00:00,19.34329146,,,,,3678.0,5.3731365166666665,-29.280948255670857,0.0
2022-09-04 13:20:08+00:00,18.9562341,,,,,3680.0,5.265620583333333,57.24629410065987,0.0
2022-09-04 13:20:10+00:00,18.88271535,,,,,3682.0,5.245198708333334,135.64715546487588,0.0
2022-09-04 13:20:12+00:00,19.16905333,,,,,3684.0,5.324737036111111,205.61239622935537,0.0
2022-09-04 13:20:14+00:00,20.96962146,,,,,3686.0,5.82489485,243.3085168123557,0.0
2022-09-04 13:20:16+00:00,22.19113491,,,,,3688.0,6.164204141666666,180.18904098553034,0.0
2022-09-04 13:20:18+00:00,21.65501601,,,,,3690.0,6.015282225,68.38013774102114,0.0
2022-09-04 13:20:20+00:00,20.56852729,,,,,3692.0,5.713479802777777,0.0,3.731464477881045
2022-09-04 13:20:22+00:00,19.7537715,,,,,3694.0,5.48715875,51.00431514437933,0.0
2022-09-04 13:20:24+00:00,19.51928713,,,,,3696.0,5.422024202777777,66.98106813242312,0.0
2022-09-04 13:20:26+00:00,19.64879846,,,,,3698.0,5.457999572222222,56.73193055030629,0.0
2022-09-04 13:20:28+00:00,18.54882682,,,,,3700.0,5.152451894444444,42.15116087254838,0.0
2022-09-04 13:20:30+00:00,18.00783993,,,,,3702.0,5.002177758333333,54.01624649757953,0.0
2022-09-04 13:20:32+00:00,17.98217078,,,,,3704.0,4.995047438888889,80.31253693248287,0.0
2022-09-04 13:20:34+00:00,17.88193474,,,,,3706.0,4.967204094444444,90.74132804440286,0.0
2022-09-04 13:20:36+00:00,17.87338722,,,,,3708.0,4.964829783333333,98.12414750059726,0.0
2022-09-04 13:20:38+00:00,17.95848557,,,,,3710.0,4.988468213888889,107.69219141137816,0.0
2022-09-04 13:20:40+00:00,18.17659817,,,,,3712.0,5.049055047222222,110.89628643886054,0.0
2022-09-04 13:20:42+00:00,18.35732248,,,,,3714.0,5.099256244444445,104.5223757228624,0.0
2022-09-04 13:20:44+00:00,18.327178,,,,,3716.0,5.090882777777778,105.41287779368609,0.0
2022-09-04 13:20:46+00:00,18.21556921,,,,,3718.0,5.059880336111111,125.20118462891931,0.0
2022-09-04 13:20:48+00:00,18.79012647,,,,,3720.0,5.219479575,158.8144333863887,0.0
2022-09-04 13:20:50+00:00,19.52832741,,,,,3722.0,5.424535391666667,177.80787292821952,0.0
2022-09-04 13:20:52+00:00,20.14709273,,,,,3724.0,5.596414647222223,181.83497974120348,0.0
2022-09-04 13:20:54+00:00,20.50761712,,,,,3726.0,5.696560311111111,184.34208859693248,0.0
2022-09-04 13:20:56+00:00,21.25682458,,,,,3728.0,5.904673494444444,183.23389534899457,0.0
2022-09-04 13:20:58+00:00,21.75264545,,,,,3730.0,6.042401513888889,171.2332126030202,0.0
2022-09-04 13:21:00+00:00,21.70443448,,,,,3732.0,6.029009577777778,164.63817380302524,0.0
2022-09-04 13:21:02+00:00,22.00316028,,,,,3734.0,6.111988966666666,192.71615277456024,0.0
2022-09-04 13:21:04+00:00,22.67476312,,,,,3736.0,6.298545311111111,245.53234605561775,0.0
2022-09-04 13:21:06+00:00,23.54615361,,,,,3738.0,6.540598225,269.1482854587174,0.0
2022-09-04 13:21:08+00:00,24.78103385,,,,,3740.0,6.883620513888888,213.271912510089,0.0
2022-09-04 13:21:10+00:00,24.85946612,,,,,3742.0,6.905407255555556,105.83989985848393,0.0
2022-09-04 13:21:12+00:00,23.22862023,,,,,3744.0,6.452394508333334,68.33484163003814,0.0
2022-09-04 13:21:14+00:00,22.58430718,,,,,3746.0,6.273418661111111,111.14959725717033,0.0
2022-09-04 13:21:16+00:00,23.61939678,,,,,3748.0,6.560943549999999,163.29224756796114,0.0
2022-09-04 13:21:18+00:00,23.23429747,,,,,3750.0,6.453971519444445,146.36659532333914,0.0
2022-09-04 13:21:20+00:00,23.09472842,,,,,3752.0,6.415202338888888,91.17489100661633,0.0
2022-09-04 13:21:22+00:00,23.11008925,,,,,3754.0,6.419469236111111,44.7883552709789,0.0
2022-09-04 13:21:24+00:00,21.38316916,,,,,3756.0,5.939769211111112,21.26856581421954,0.0
2022-09-04 13:21:26+00:00,20.48766564,,,,,3758.0,5.691018233333333,67.89696770246178,0.0
2022-09-04 13:21:28+00:00,21.22777048,,,,,3760.0,5.896602911111111,135.8322168053498,0.0
2022-09-04 13:21:30+00:00,20.83578743,,,,,3762.0,5.7877187305555555,172.23221354433687,0.0
2022-09-04 13:21:32+00:00,21.61791115,,,,,3764.0,6.004975319444444,228.74568256641788,0.0
2022-09-04 13:21:34+00:00,22.64184329,,,,,3766.0,6.289400913888889,271.7700095641321,0.0
2022-09-04 13:21:36+00:00,24.06858714,,,,,3768.0,6.68571865,163.51596195071207,0.0
2022-09-04 13:21:38+00:00,24.14560408,,,,,3770.0,6.707112244444444,-102.05951699621062,0.0
2022-09-04 13:21:40+00:00,20.38845653,,,,,3772.0,5.663460147222222,-200.0,92.9382761764646
2022-09-04 13:21:42+00:00,14.5360691,,,,,3774.0,4.037796972222222,-200.0,48.14098230381154
2022-09-04 13:21:44+00:00,10.38191438,,,,,3776.0,2.8838651055555555,-119.49442560590593,0.0
2022-09-04 13:21:46+00:00,8.039119412,,,,,3778.0,2.2330887255555556,-41.71652689403436,0.0
2022-09-04 13:21:48+00:00,7.647835088,,,,,3780.0,2.1243986355555555,-23.307797022698296,0.0
2022-09-04 13:21:50+00:00,6.170002868,,,,,3782.0,1.7138896855555554,-18.14109462982436,0.0
2022-09-04 13:21:52+00:00,4.099087364,,,,,3784.0,1.1386353788888888,0.0,22.19202125439236
2022-09-04 13:21:54+00:00,3.331040504,,,,,3786.0,0.9252890288888889,0.0,11.359085469817147
2022-09-04 13:21:56+00:00,2.710055743,,,,,3788.0,0.7527932619444444,0.0,5.029731786281507
2022-09-04 13:21:58+00:00,2.086855754,,,,,3790.0,0.5796821538888889,0.0,2.6877714676069386
2022-09-04 13:22:00+00:00,1.653954054,,,,,3792.0,0.45943168166666665,0.0,1.2130047760820746
2022-09-04 13:22:02+00:00,1.360236541,,,,,3794.0,0.3778434836111111,0.0,0.05142863642516801
2022-09-04 13:22:04+00:00,1.047822699,,,,,3796.0,0.2910618608333333,10.282277501739477,0.0
2022-09-04 13:22:06+00:00,1.096798714,,,,,3798.0,0.30466630944444445,22.23945746424702,0.0
2022-09-04 13:22:08+00:00,1.423401831,,,,,3800.0,0.3953893975,34.35830532652202,0.0
2022-09-04 13:22:10+00:00,1.614292583,,,,,3802.0,0.44841460638888886,34.93947155239427,0.0
2022-09-04 13:22:12+00:00,1.821627034,,,,,3804.0,0.5060075094444444,36.21985463472117,0.0
2022-09-04 13:22:14+00:00,2.030164404,,,,,3806.0,0.5639345566666667,37.84293794215435,0.0
2022-09-04 13:22:16+00:00,2.748364047,,,,,3808.0,0.7634344574999999,46.31850646706564,0.0
2022-09-04 13:22:18+00:00,2.928131106,,,,,3810.0,0.8133697516666666,61.586378120735795,0.0
2022-09-04 13:22:20+00:00,5.395972271,,,,,3812.0,1.498881186388889,111.87657089691933,0.0
2022-09-04 13:22:22+00:00,8.941831555,,,,,3814.0,2.483842098611111,177.8538906360722,0.0
2022-09-04 13:22:24+00:00,10.68445144,,,,,3816.0,2.9679031777777776,159.7674355209328,0.0
2022-09-04 13:22:26+00:00,12.4691904,,,,,3818.0,3.463664,104.54754531688477,0.0
2022-09-04 13:22:28+00:00,12.02247782,,,,,3820.0,3.3395771722222225,41.02218430041703,0.0
2022-09-04 13:22:30+00:00,11.20986757,,,,,3822.0,3.113852102777778,0.0,6.637652345952036
2022-09-04 13:22:32+00:00,10.35918411,,,,,3824.0,2.8775511416666664,74.84308576371642,0.0
2022-09-04 13:22:34+00:00,11.08205083,,,,,3826.0,3.078347452777778,166.2037426499158,0.0
2022-09-04 13:22:36+00:00,14.37906136,,,,,3828.0,3.994183711111111,278.3165722832029,0.0
2022-09-04 13:22:38+00:00,17.4202705,,,,,3830.0,4.838964027777778,300.4571194315854,0.0
2022-09-04 13:22:40+00:00,18.42571616,,,,,3832.0,5.118254488888889,214.5522005553452,0.0
2022-09-04 13:22:42+00:00,18.98008185,,,,,3834.0,5.272244958333333,177.75857268086372,0.0
2022-09-04 13:22:44+00:00,19.18017827,,,,,3836.0,5.327827297222222,166.85333418293598,0.0
2022-09-04 13:22:46+00:00,20.67682676,,,,,3838.0,5.743562988888889,83.52595985093105,0.0
2022-09-04 13:22:48+00:00,20.03910991,,,,,3840.0,5.566419419444444,-120.0668325368733,0.0
2022-09-04 13:22:50+00:00,16.40668327,,,,,3842.0,4.557412019444444,-200.0,30.95758187933086
2022-09-04 13:22:52+00:00,10.3932894,,,,,3844.0,2.8870248333333333,-155.34381210090095,0.0
2022-09-04 13:22:54+00:00,7.623626377,,,,,3846.0,2.117673993611111,-75.18545783387954,1.4210854715202004e-14
2022-09-04 13:22:56+00:00,5.032678579,,,,,3848.0,1.3979662719444443,0.0,20.04230965635351
2022-09-04 13:22:58+00:00,4.361875347,,,,,3850.0,1.2116320408333332,55.509682353937684,0.0
2022-09-04 13:23:00+00:00,7.440392562,,,,,3852.0,2.0667757116666667,131.2677566194992,0.0
2022-09-04 13:23:02+00:00,9.580413277,,,,,3854.0,2.6612259102777776,179.02730090177207,0.0
2022-09-04 13:23:04+00:00,11.93181096,,,,,3856.0,3.3143919333333334,142.81870971620813,0.0
2022-09-04 13:23:06+00:00,13.61597437,,,,,3858.0,3.7822151027777777,0.0,17.433133987091015
2022-09-04 13:23:08+00:00,10.6395715,,,,,3860.0,2.955436527777778,-72.49837288938724,0.0
2022-09-04 13:23:10+00:00,6.644677712,,,,,3862.0,1.845743808888889,-26.379818988575504,0.0
2022-09-04 13:23:12+00:00,5.849351303,,,,,3864.0,1.6248198063888888,52.47588043360811,0.0
2022-09-04 13:23:14+00:00,8.741564282,,,,,3866.0,2.428212300555556,134.09682373777864,0.0
2022-09-04 13:23:16+00:00,10.72790182,,,,,3868.0,2.9799727277777777,182.69564092774976,0.0
2022-09-04 13:23:18+00:00,11.98289405,,,,,3870.0,3.3285816805555557,213.49500611750028,0.0
2022-09-04 13:23:20+00:00,14.83685485,,,,,3872.0,4.121348569444445,270.3053292627876,0.0
2022-09-04 13:23:22+00:00,17.68447673,,,,,3874.0,4.912354647222222,251.06807360031678,0.0
2022-09-04 13:23:24+00:00,18.28965752,,,,,3876.0,5.080460422222222,154.36846647201546,0.0
2022-09-04 13:23:26+00:00,17.5062046,,,,,3878.0,4.862834611111111,101.9873349215285,0.0
2022-09-04 13:23:28+00:00,18.22034676,,,,,3880.0,5.061207433333334,81.11377674391876,0.0
2022-09-04 13:23:30+00:00,18.42105832,,,,,3882.0,5.116960644444444,-38.6814725801327,0.0
2022-09-04 13:23:32+00:00,16.52348903,,,,,3884.0,4.589858063888889,-156.69542454683193,0.0
2022-09-04 13:23:34+00:00,11.63651115,,,,,3886.0,3.2323642083333333,-152.8274328004077,0.0
2022-09-04 13:23:36+00:00,7.990212541,,,,,3888.0,2.219503483611111,-80.63023837265742,0.0
2022-09-04 13:23:38+00:00,5.569732561,,,,,3890.0,1.5471479336111111,-19.856700453521395,0.0
2022-09-04 13:23:40+00:00,4.959798502,,,,,3892.0,1.3777218061111112,34.931086943679325,0.0
2022-09-04 13:23:42+00:00,5.294944399,,,,,3894.0,1.4708178886111112,74.6874021542191,0.0
2022-09-04 13:23:44+00:00,7.498426631,,,,,3896.0,2.082896286388889,127.7027541025848,0.0
2022-09-04 13:23:46+00:00,10.05041712,,,,,3898.0,2.7917825333333335,156.89956725565435,0.0
2022-09-04 13:23:48+00:00,11.72523804,,,,,3900.0,3.2570105666666667,121.03301943188467,0.0
2022-09-04 13:23:50+00:00,11.80964785,,,,,3902.0,3.280457736111111,54.728329423048436,0.0
2022-09-04 13:23:52+00:00,11.29465606,,,,,3904.0,3.1374044611111107,0.0,23.437489927789784
2022-09-04 13:23:54+00:00,10.16688246,,,,,3906.0,2.8241340166666666,0.0,25.1673857854715
2022-09-04 13:23:56+00:00,8.627500847,,,,,3908.0,2.3965280130555557,42.28432220210672,0.0
2022-09-04 13:23:58+00:00,9.445227653,,,,,3910.0,2.6236743480555553,119.58371912727651,0.0
2022-09-04 13:24:00+00:00,11.4172804,,,,,3912.0,3.1714667777777774,225.22032630346303,0.0
2022-09-04 13:24:02+00:00,15.0335969,,,,,3914.0,4.175999138888889,307.6730638118825,0.0
2022-09-04 13:24:04+00:00,17.95481612,,,,,3916.0,4.987448922222222,281.62625475797023,0.0
2022-09-04 13:24:06+00:00,18.28770458,,,,,3918.0,5.079917938888888,162.06599821594514,0.0
2022-09-04 13:24:08+00:00,18.52086135,,,,,3920.0,5.144683708333333,86.47243146945155,0.0
2022-09-04 13:24:10+00:00,18.09602476,,,,,3922.0,5.026673544444444,64.10482399630284,0.0
2022-09-04 13:24:12+00:00,17.47356325,,,,,3924.0,4.853767569444445,70.70856288418922,0.0
2022-09-04 13:24:14+00:00,17.55661238,,,,,3926.0,4.876836772222222,116.65751940278625,0.0
2022-09-04 13:24:16+00:00,17.89313617,,,,,3928.0,4.970315602777777,161.7119135523348,0.0
2022-09-04 13:24:18+00:00,19.17476022,,,,,3930.0,5.326322283333333,209.59169681757245,0.0
2022-09-04 13:24:20+00:00,19.72273816,,,,,3932.0,5.478538377777777,238.99007364721163,0.0
2022-09-04 13:24:22+00:00,21.24858593,,,,,3934.0,5.9023849805555555,253.684227993539,0.0
2022-09-04 13:24:24+00:00,22.38976339,,,,,3936.0,6.219378719444444,234.03029681958154,0.0
2022-09-04 13:24:26+00:00,22.5610282,,,,,3938.0,6.2669522777777775,142.72286136148816,0.0
2022-09-04 13:24:28+00:00,22.73911984,,,,,3940.0,6.316422177777778,60.81424139906003,0.0
2022-09-04 13:24:30+00:00,21.09717882,,,,,3942.0,5.86032745,0.0,6.406888768333748
2022-09-04 13:24:32+00:00,20.25889262,,,,,3944.0,5.627470172222222,58.133584401400554,0.0
2022-09-04 13:24:34+00:00,20.1826929,,,,,3946.0,5.606303583333333,128.70463643202098,0.0
2022-09-04 13:24:36+00:00,20.80465277,,,,,3948.0,5.779070213888889,182.26607155635543,0.0
2022-09-04 13:24:38+00:00,21.33143606,,,,,3950.0,5.925398905555556,187.73235761651043,0.0
2022-09-04 13:24:40+00:00,22.15343923,,,,,3952.0,6.1537331194444445,145.38176048135892,0.0
2022-09-04 13:24:42+00:00,21.79841957,,,,,3954.0,6.055116547222222,115.2139999046523,0.0
2022-09-04 13:24:44+00:00,20.87300755,,,,,3956.0,5.798057652777778,112.89941407198283,0.0
2022-09-04 13:24:46+00:00,21.93494797,,,,,3958.0,6.093041102777778,94.04570506396229,0.0
2022-09-04 13:24:48+00:00,21.66967926,,,,,3960.0,6.01935535,0.0,21.74054735731615
2022-09-04 13:24:50+00:00,19.27026848,,,,,3962.0,5.352852355555555,-43.61430979876384,0.0
2022-09-04 13:24:52+00:00,17.72425693,,,,,3964.0,4.923404702777778,0.0,8.261016845119745
2022-09-04 13:24:54+00:00,17.91654594,,,,,3966.0,4.976818316666666,82.40882118745995,0.0
2022-09-04 13:24:56+00:00,18.85608361,,,,,3968.0,5.237801002777777,0.0,4.835726938572831
2022-09-04 13:24:58+00:00,17.4846411,,,,,3970.0,4.8568447500000005,-115.59192305546584,0.0
2022-09-04 13:25:00+00:00,13.94930288,,,,,3972.0,3.874806355555555,-176.07277828385918,0.0
2022-09-04 13:25:02+00:00,9.45347995,,,,,3974.0,2.6259666527777776,-122.38729952949751,0.0
2022-09-04 13:25:04+00:00,6.018833613,,,,,3976.0,1.6718982258333333,-51.22429911623661,0.0
2022-09-04 13:25:06+00:00,4.22991833,,,,,3978.0,1.174977313888889,0.0,31.686255672655452
2022-09-04 13:25:08+00:00,3.066419597,,,,,3980.0,0.8517832213888888,0.0,12.43595742507919
2022-09-04 13:25:10+00:00,2.272566782,,,,,3982.0,0.6312685505555556,0.0,4.817927694171247
2022-09-04 13:25:12+00:00,1.78526876,,,,,3984.0,0.4959079888888889,0.0,1.4548401879514088
2022-09-04 13:25:14+00:00,1.537620203,,,,,3986.0,0.42711672305555554,0.0,0.22260101937910592
2022-09-04 13:25:16+00:00,1.317296188,,,,,3988.0,0.36591560777777776,1.299480697088399,0.0
2022-09-04 13:25:18+00:00,1.019937297,,,,,3990.0,0.2833159158333333,2.4620297475909108,0.0
2022-09-04 13:25:20+00:00,0.856292089,,,,,3992.0,0.2378589136111111,423.720672849542,0.0
2022-09-04 13:25:22+00:00,0.709985896,,,,,3994.0,0.19721830444444444,548.2861990553404,0.0
2022-09-04 13:25:24+00:00,0.612984236,,,,,3996.0,0.17027339888888887,587.664795827686,0.0
2022-09-04 13:25:26+00:00,0.548598571,,,,,3998.0,0.15238849194444443,690.6982207846901,0.0
2022-09-04 13:25:28+00:00,0.504226204,,,,,4000.0,0.14006283444444442,1052.7722294831194,0.0
2022-09-04 13:25:30+00:00,0.628493654,,,,,4002.0,0.17458157055555557,2600.524352392127,0.0
2022-09-04 13:25:32+00:00,1.233777327,,,,,4004.0,0.3427159241666667,39.630516744422344,0.0
2022-09-04 13:25:34+00:00,2.721322988,,,,,4006.0,0.7559230522222221,64.65167087237116,0.0
2022-09-04 13:25:36+00:00,4.657381539,,,,,4008.0,1.2937170941666667,125.35256446834204,0.0
2022-09-04 13:25:38+00:00,8.795895186,,,,,4010.0,2.443304218333333,274.16085501545086,0.0
2022-09-04 13:25:40+00:00,14.59534056,,,,,4012.0,4.054261266666667,496.08126906450457,0.0
2022-09-04 13:25:42+00:00,18.59873423,,,,,4014.0,5.166315063888889,580.5228904030533,0.0
2022-09-04 13:25:44+00:00,22.70077952,,,,,4016.0,6.305772088888889,552.1736630499266,0.0
2022-09-04 13:25:46+00:00,24.99357538,,,,,4018.0,6.942659827777778,401.0593881320966,0.0
2022-09-04 13:25:48+00:00,25.19956815,,,,,4020.0,6.999880041666667,227.56379639211914,0.0
2022-09-04 13:25:50+00:00,24.94971914,,,,,4022.0,6.930477538888889,148.58203339392657,0.0
2022-09-04 13:25:52+00:00,24.90200848,,,,,4024.0,6.917224577777778,131.29353322758584,0.0
2022-09-04 13:25:54+00:00,24.47534541,,,,,4026.0,6.798707058333333,119.35929163897644,0.0
2022-09-04 13:25:56+00:00,24.18203835,,,,,4028.0,6.717232875,107.58429877507893,0.0
2022-09-04 13:25:58+00:00,23.89603999,,,,,4030.0,6.63778888611111,83.86853475408007,0.0
2022-09-04 13:26:00+00:00,23.35135131,,,,,4032.0,6.4864864749999995,0.0,10.309686434026686
2022-09-04 13:26:02+00:00,22.2861424,,,,,4034.0,6.190595111111111,-55.969850094115884,0.0
2022-09-04 13:26:04+00:00,20.10801111,,,,,4036.0,5.585558641666666,-68.15309721098798,0.0
2022-09-04 13:26:06+00:00,18.1267879,,,,,4038.0,5.035218861111111,0.0,19.769584352150137
2022-09-04 13:26:08+00:00,17.86173783,,,,,4040.0,4.961593841666667,128.14739317859517,0.0
2022-09-04 13:26:10+00:00,19.56227923,,,,,4042.0,5.433966452777778,212.51347021148337,0.0
2022-09-04 13:26:12+00:00,20.66613891,,,,,4044.0,5.740594141666667,187.91141201824388,0.0
2022-09-04 13:26:14+00:00,20.70170849,,,,,4046.0,5.750474580555556,124.99430545800097,0.0
2022-09-04 13:26:16+00:00,20.12502707,,,,,4048.0,5.590285297222223,70.16203029788804,0.0
2022-09-04 13:26:18+00:00,20.43314063,,,,,4050.0,5.675872397222222,67.43390599711644,0.0
2022-09-04 13:26:20+00:00,18.75513839,,,,,4052.0,5.209760663888889,87.75620512536021,0.0
2022-09-04 13:26:22+00:00,19.63830537,,,,,4054.0,5.455084825,96.46314307787496,0.0
2022-09-04 13:26:24+00:00,20.21981896,,,,,4056.0,5.6166163777777784,0.0,18.025351685178293
2022-09-04 13:26:26+00:00,18.35538535,,,,,4058.0,5.098718152777777,-137.77065161052636,0.0
2022-09-04 13:26:28+00:00,14.75689422,,,,,4060.0,4.0991372833333335,-180.33073280251088,0.0
2022-09-04 13:26:30+00:00,10.39174956,,,,,4062.0,2.8865971,-120.79923661183801,0.0
2022-09-04 13:26:32+00:00,7.758680858,,,,,4064.0,2.155189127222222,-61.61157532564818,0.0
2022-09-04 13:26:34+00:00,5.965232022,,,,,4066.0,1.6570088950000001,-24.576422911745883,0.0
2022-09-04 13:26:36+00:00,4.344727901,,,,,4068.0,1.2068688613888887,0.0,17.45498406479544
2022-09-04 13:26:38+00:00,3.742721998,,,,,4070.0,1.0396449994444443,0.0,4.5133311592590735
2022-09-04 13:26:40+00:00,3.769976673,,,,,4072.0,1.0472157425,0.0,1.2062972067746518
2022-09-04 13:26:42+00:00,3.541389288,,,,,4074.0,0.9837192466666667,0.0,1.0095021402832596
2022-09-04 13:26:44+00:00,2.5481231,,,,,4076.0,0.7078119722222223,25.33495841990257,0.0
2022-09-04 13:26:46+00:00,3.017297744,,,,,4078.0,0.8381382622222222,39.265044457185326,0.0
2022-09-04 13:26:48+00:00,3.777955555,,,,,4080.0,1.0494320986111112,44.39197485783319,0.0
2022-09-04 13:26:50+00:00,3.770150458,,,,,4082.0,1.047264016111111,42.1109358090772,0.0
2022-09-04 13:26:52+00:00,4.0334958,,,,,4084.0,1.1204155,42.24299286780033,0.0
2022-09-04 13:26:54+00:00,4.371099102,,,,,4086.0,1.214194195,45.99717222743059,0.0
2022-09-04 13:26:56+00:00,4.595230724,,,,,4088.0,1.276452978888889,55.12330582735163,0.0
2022-09-04 13:26:58+00:00,5.275045818,,,,,4090.0,1.4652905049999998,73.36520333439856,0.0
2022-09-04 13:27:00+00:00,7.085641863,,,,,4092.0,1.9682338508333332,104.34191127328779,0.0
2022-09-04 13:27:02+00:00,8.673971177,,,,,4094.0,2.4094364380555557,131.14029259971917,0.0
2022-09-04 13:27:04+00:00,10.17606268,,,,,4096.0,2.8266840777777777,158.01318669497405,0.0
2022-09-04 13:27:06+00:00,12.15947455,,,,,4098.0,3.3776318194444443,195.29477118642092,0.0
2022-09-04 13:27:08+00:00,14.27444353,,,,,4100.0,3.9651232027777774,228.94879268690804,0.0
2022-09-04 13:27:10+00:00,15.89987522,,,,,4102.0,4.416632005555556,249.0404344925804,0.0
2022-09-04 13:27:12+00:00,17.64737517,,,,,4104.0,4.902048658333333,311.3846156216716,0.0
2022-09-04 13:27:14+00:00,19.45480026,,,,,4106.0,5.404111183333333,397.266633231312,0.0
2022-09-04 13:27:16+00:00,22.99782682,,,,,4108.0,6.388285227777778,413.93151056008577,0.0
2022-09-04 13:27:18+00:00,25.01211883,,,,,4110.0,6.947810786111111,270.16717240630965,0.0
2022-09-04 13:27:20+00:00,23.35526174,,,,,4112.0,6.487572705555555,95.11130004274987,0.0
2022-09-04 13:27:22+00:00,23.02509747,,,,,4114.0,6.395860408333332,61.79120409726194,0.0
2022-09-04 13:27:24+00:00,22.68660701,,,,,4116.0,6.301835280555555,78.1300448128554,0.0
2022-09-04 13:27:26+00:00,22.02553469,,,,,4118.0,6.1182040805555555,75.61456075012978,0.0
2022-09-04 13:27:28+00:00,21.57392831,,,,,4120.0,5.9927578638888885,88.248264410831,0.0
2022-09-04 13:27:30+00:00,21.50187019,,,,,4122.0,5.9727417194444445,90.13573202736019,0.0
2022-09-04 13:27:32+00:00,21.35722149,,,,,4124.0,5.932561525,91.57887107687294,0.0
2022-09-04 13:27:34+00:00,20.50991461,,,,,4126.0,5.697198502777778,68.75862479551108,0.0
2022-09-04 13:27:36+00:00,20.96430395,,,,,4128.0,5.823417763888889,47.133527740665,0.0
2022-09-04 13:27:38+00:00,19.50067463,,,,,4130.0,5.416854063888889,0.0,1.31017115337687
2022-09-04 13:27:40+00:00,18.72456709,,,,,4132.0,5.201268636111111,47.02965731920164,0.0
2022-09-04 13:27:42+00:00,18.59166152,,,,,4134.0,5.164350422222221,76.44939529649719,0.0
2022-09-04 13:27:44+00:00,18.91953286,,,,,4136.0,5.255425794444444,56.678737656064015,0.0
2022-09-04 13:27:46+00:00,18.04484852,,,,,4138.0,5.012457922222222,0.0,4.926899237940534
2022-09-04 13:27:48+00:00,16.79411281,,,,,4140.0,4.665031336111111,1.995596070596325,0.0
2022-09-04 13:27:50+00:00,16.69149013,,,,,4142.0,4.63652503611111,73.42209455419402,0.0
2022-09-04 13:27:52+00:00,16.86004256,,,,,4144.0,4.683345155555555,114.24888080594557,0.0
2022-09-04 13:27:54+00:00,17.27248541,,,,,4146.0,4.797912613888889,142.5540104576337,0.0
2022-09-04 13:27:56+00:00,17.93646526,,,,,4148.0,4.982351461111111,198.31278172681468,0.0
2022-09-04 13:27:58+00:00,18.7845506,,,,,4150.0,5.2179307222222215,275.85653945579895,0.0
2022-09-04 13:28:00+00:00,21.21477184,,,,,4152.0,5.892992177777778,328.87917808656704,0.0
2022-09-04 13:28:02+00:00,23.2336112,,,,,4154.0,6.453780888888888,231.93860577358043,0.0
2022-09-04 13:28:04+00:00,22.94266967,,,,,4156.0,6.372963797222222,0.0,7.855077072450517
2022-09-04 13:28:06+00:00,20.7057482,,,,,4158.0,5.751596722222222,-92.78078639765687,1.4210854715202004e-14
2022-09-04 13:28:08+00:00,18.29724173,,,,,4160.0,5.082567147222222,-102.61229975920106,0.0
2022-09-04 13:28:10+00:00,16.65793549,,,,,4162.0,4.627204302777778,-97.06939673085934,0.0
2022-09-04 13:28:12+00:00,14.79402024,,,,,4164.0,4.109450066666667,-118.52915387894976,0.0
2022-09-04 13:28:14+00:00,12.00413325,,,,,4166.0,3.3344814583333333,-126.13542654068836,0.0
2022-09-04 13:28:16+00:00,8.1201856,,,,,4168.0,2.255607111111111,-80.87397681050713,0.0
2022-09-04 13:28:18+00:00,5.416050776,,,,,4170.0,1.5044585488888886,-33.541697544524766,0.0
2022-09-04 13:28:20+00:00,3.948866342,,,,,4172.0,1.0969073172222221,0.0,23.179071329653826
2022-09-04 13:28:22+00:00,2.966940779,,,,,4174.0,0.824150216388889,0.0,9.765127289910106
2022-09-04 13:28:24+00:00,2.284972083,,,,,4176.0,0.6347144674999999,0.0,4.392801187837852
2022-09-04 13:28:26+00:00,1.757411717,,,,,4178.0,0.4881699213888889,0.0,0.7635013429238546
2022-09-04 13:28:28+00:00,1.408023331,,,,,4180.0,0.39111759194444445,26.78889604896558,0.0
2022-09-04 13:28:30+00:00,1.790808273,,,,,4182.0,0.4974467425,38.71347690879623,0.0
2022-09-04 13:28:32+00:00,2.741602072,,,,,4184.0,0.7615561311111111,51.566054012739535,0.0
2022-09-04 13:28:34+00:00,3.692844136,,,,,4186.0,1.0257900377777778,70.83337423493029,0.0
2022-09-04 13:28:36+00:00,6.004493675,,,,,4188.0,1.6679149097222221,105.37686972085505,0.0
2022-09-04 13:28:38+00:00,8.353563613,,,,,4190.0,2.3204343369444445,131.81078283126013,0.0
2022-09-04 13:28:40+00:00,9.286665065,,,,,4192.0,2.579629184722222,139.41612987068027,0.0
2022-09-04 13:28:42+00:00,10.96433174,,,,,4194.0,3.0456477055555555,177.9824239493018,0.0
2022-09-04 13:28:44+00:00,13.40411957,,,,,4196.0,3.723366547222222,242.42127875240706,0.0
2022-09-04 13:28:46+00:00,15.68999708,,,,,4198.0,4.358332522222222,254.865933224979,0.0
2022-09-04 13:28:48+00:00,17.82742453,,,,,4200.0,4.952062369444444,207.39668973540017,0.0
2022-09-04 13:28:50+00:00,17.79828727,,,,,4202.0,4.943968686111111,119.30509338054533,0.0
2022-09-04 13:28:52+00:00,17.74897052,,,,,4204.0,4.930269588888889,39.73955055074238,0.0
2022-09-04 13:28:54+00:00,17.29209401,,,,,4206.0,4.803359447222222,-41.33335599042667,0.0
2022-09-04 13:28:56+00:00,15.23609601,,,,,4208.0,4.232248891666667,-78.58028250285915,0.0
2022-09-04 13:28:58+00:00,12.55903558,,,,,4210.0,3.488620994444444,-49.362246306518045,0.0
2022-09-04 13:29:00+00:00,11.35286281,,,,,4212.0,3.1535730027777777,34.645310115079894,0.0
2022-09-04 13:29:02+00:00,11.91492085,,,,,4214.0,3.309700236111111,105.54476360415038,0.0
2022-09-04 13:29:04+00:00,13.8614943,,,,,4216.0,3.8504150833333335,95.26419297985922,0.0
2022-09-04 13:29:06+00:00,14.12034209,,,,,4218.0,3.922317247222222,-29.8255397115143,0.0
2022-09-04 13:29:08+00:00,11.19910686,,,,,4220.0,3.110863016666667,-91.80169521172739,1.4210854715202004e-14
2022-09-04 13:29:10+00:00,7.672816725,,,,,4222.0,2.1313379791666667,-68.52364177027815,0.0
2022-09-04 13:29:12+00:00,5.444021375,,,,,4224.0,1.5122281597222222,-30.16836235406997,0.0
2022-09-04 13:29:14+00:00,3.709192397,,,,,4226.0,1.0303312213888889,0.0,20.30866596026666
2022-09-04 13:29:16+00:00,2.87898422,,,,,4228.0,0.7997178388888888,0.0,7.885030895102787
2022-09-04 13:29:18+00:00,2.41208384,,,,,4230.0,0.670023288888889,0.0,2.6150787225308796
2022-09-04 13:29:20+00:00,2.046926266,,,,,4232.0,0.5685906294444444,0.0,1.0826244508803102
2022-09-04 13:29:22+00:00,1.735071484,,,,,4234.0,0.4819643011111111,0.41653326022157267,0.0
2022-09-04 13:29:24+00:00,1.388720966,,,,,4236.0,0.38575582388888885,9.878823919699938,0.0
2022-09-04 13:29:26+00:00,1.534907122,,,,,4238.0,0.4263630894444444,16.41877882241422,0.0
2022-09-04 13:29:28+00:00,1.457501658,,,,,4240.0,0.40486157166666664,12.701609602435163,0.0
2022-09-04 13:29:30+00:00,1.25887302,,,,,4242.0,0.34968695,15.441266071264119,0.0
2022-09-04 13:29:32+00:00,1.045889184,,,,,4244.0,0.2905247733333333,36.09172955053577,0.0
2022-09-04 13:29:34+00:00,1.712846613,,,,,4246.0,0.4757907258333333,53.73507564523067,0.0
2022-09-04 13:29:36+00:00,5.080405919,,,,,4248.0,1.411223866388889,138.01675580665636,0.0
2022-09-04 13:29:38+00:00,9.940560746,,,,,4250.0,2.761266873888889,269.7098437838584,0.0
2022-09-04 13:29:40+00:00,12.99494667,,,,,4252.0,3.609707408333333,317.1643442996361,0.0
2022-09-04 13:29:42+00:00,15.83127764,,,,,4254.0,4.397577122222222,310.7593221655604,0.0
2022-09-04 13:29:44+00:00,18.5331371,,,,,4256.0,5.148093638888889,256.6444452937634,0.0
2022-09-04 13:29:46+00:00,18.87361135,,,,,4258.0,5.242669819444445,173.9719839104593,0.0
2022-09-04 13:29:48+00:00,18.43661153,,,,,4260.0,5.1212809805555555,123.88252517930965,0.0
2022-09-04 13:29:50+00:00,19.81092433,,,,,4262.0,5.503034536111111,71.13219978804855,0.0
2022-09-04 13:29:52+00:00,19.03827499,,,,,4264.0,5.288409719444445,-22.7948859544315,0.0
2022-09-04 13:29:54+00:00,16.25993837,,,,,4266.0,4.516649547222222,0.0,22.872153641715308
2022-09-04 13:29:56+00:00,15.56546727,,,,,4268.0,4.323740908333333,156.80515644127482,0.0
2022-09-04 13:29:58+00:00,18.38508813,,,,,4270.0,5.106968924999999,373.7772209365641,0.0
2022-09-04 13:30:00+00:00,22.11357785,,,,,4272.0,6.142660513888888,482.99914928142306,0.0
2022-09-04 13:30:02+00:00,24.3468446,,,,,4274.0,6.763012388888889,344.6976537690507,0.0
2022-09-04 13:30:04+00:00,24.60455109,,,,,4276.0,6.834597525,112.0256502227075,0.0
2022-09-04 13:30:06+00:00,23.20295237,,,,,4278.0,6.445264547222221,-46.36212041542851,0.0
2022-09-04 13:30:08+00:00,21.11746839,,,,,4280.0,5.865963441666667,-89.72088896607546,-1.4210854715202004e-14
2022-09-04 13:30:10+00:00,19.26184167,,,,,4282.0,5.350511575,-81.21607972437822,0.0
2022-09-04 13:30:12+00:00,17.53272541,,,,,4284.0,4.870201502777778,-37.07525467758146,0.0
2022-09-04 13:30:14+00:00,16.23029279,,,,,4286.0,4.508414663888889,68.34946696843166,0.0
2022-09-04 13:30:16+00:00,16.73134704,,,,,4288.0,4.647596399999999,179.5792930108509,0.0
2022-09-04 13:30:18+00:00,19.20966927,,,,,4290.0,5.3360192416666665,253.35135556026742,0.0
2022-09-04 13:30:20+00:00,20.2788949,,,,,4292.0,5.633026361111111,207.15478360949862,0.0
2022-09-04 13:30:22+00:00,20.39676834,,,,,4294.0,5.665768983333334,129.46902259365197,0.0
2022-09-04 13:30:24+00:00,20.13835093,,,,,4296.0,5.593986369444445,105.13409514561089,0.0
2022-09-04 13:30:26+00:00,20.0572882,,,,,4298.0,5.571468944444444,102.22803707039576,0.0
2022-09-04 13:30:28+00:00,20.22757829,,,,,4300.0,5.6187717472222225,80.99197902505954,0.0
2022-09-04 13:30:30+00:00,19.8054958,,,,,4302.0,5.501526611111111,0.0,2.4624192134761187
2022-09-04 13:30:32+00:00,18.72836324,,,,,4304.0,5.202323122222222,-31.707115899197927,0.0
2022-09-04 13:30:34+00:00,17.25382292,,,,,4306.0,4.792728588888889,-47.03192130969636,0.0
2022-09-04 13:30:36+00:00,15.71390517,,,,,4308.0,4.364973658333334,-36.43388850060637,0.0
2022-09-04 13:30:38+00:00,14.61976148,,,,,4310.0,4.061044855555555,-16.06251321453428,0.0
2022-09-04 13:30:40+00:00,13.96260128,,,,,4312.0,3.8785003555555555,0.0,9.220361323743276
2022-09-04 13:30:42+00:00,13.52824626,,,,,4314.0,3.757846183333333,35.23844821748582,0.0
2022-09-04 13:30:44+00:00,13.21480519,,,,,4316.0,3.6707792194444444,42.5638458611935,0.0
2022-09-04 13:30:46+00:00,12.97186276,,,,,4318.0,3.603295211111111,46.49662366782777,0.0
2022-09-04 13:30:48+00:00,12.77308425,,,,,4320.0,3.5480789583333334,48.73138043783077,0.0
2022-09-04 13:30:50+00:00,12.60375802,,,,,4322.0,3.5010438944444444,50.054847786089724,0.0
2022-09-04 13:30:52+00:00,12.45504311,,,,,4324.0,3.459734197222222,50.85135314629503,0.0
2022-09-04 13:30:54+00:00,12.32124735,,,,,4326.0,3.4225687083333334,51.32063954508937,0.0
2022-09-04 13:30:56+00:00,12.19849124,,,,,4328.0,3.3884697888888886,51.57417057915709,0.0
2022-09-04 13:30:58+00:00,12.08401721,,,,,4330.0,3.3566714472222223,51.67888781508582,0.0
2022-09-04 13:31:00+00:00,11.97580853,,,,,4332.0,3.3266134805555554,51.677779243545935,0.0
2022-09-04 13:31:02+00:00,11.87236314,,,,,4334.0,3.2978786499999995,51.59998811772602,0.0
2022-09-04 13:31:04+00:00,11.77254972,,,,,4336.0,3.2701527,51.46607245695894,0.0
2022-09-04 13:31:06+00:00,11.67551038,,,,,4338.0,3.2431973277777777,51.290931541746026,0.0
2022-09-04 13:31:08+00:00,11.580592,,,,,4340.0,3.216831111111111,51.08555451179171,0.0
2022-09-04 13:31:10+00:00,11.48729616,,,,,4342.0,3.1909156,50.85813602596909,0.0
2022-09-04 13:31:12+00:00,11.395242,,,,,4344.0,3.165345,50.614827927888456,0.0
2022-09-04 13:31:14+00:00,11.30413824,,,,,4346.0,3.1400384,50.36026671676729,0.0
2022-09-04 13:31:16+00:00,11.21376202,,,,,4348.0,3.1149338944444445,50.097954726831276,0.0
2022-09-04 13:31:18+00:00,11.12394276,,,,,4350.0,3.0899841,49.8305404865397,0.0
2022-09-04 13:31:20+00:00,11.03454991,,,,,4352.0,3.0651527527777778,49.56002738927864,0.0
2022-09-04 13:31:22+00:00,10.94548352,,,,,4354.0,3.0404120888888886,49.287930060155496,0.0
2022-09-04 13:31:24+00:00,10.85666707,,,,,4356.0,3.015740852777778,49.01539261919362,0.0
2022-09-04 13:31:26+00:00,10.76804197,,,,,4358.0,2.9911227694444444,48.74327824915,0.0
2022-09-04 13:31:28+00:00,10.67956338,,,,,4360.0,2.966545383333333,48.47223635603191,0.0
2022-09-04 13:31:30+00:00,10.59119697,,,,,4362.0,2.9419991583333336,48.20275392768463,0.0
2022-09-04 13:31:32+00:00,10.50291643,,,,,4364.0,2.9174767861111115,47.935194582338205,0.0
2022-09-04 13:31:34+00:00,10.41470164,,,,,4366.0,2.892972677777778,47.669828602191345,0.0
2022-09-04 13:31:36+00:00,10.32653719,,,,,4368.0,2.8684825527777775,47.40685482029912,0.0
2022-09-04 13:31:38+00:00,10.23841129,,,,,4370.0,2.844003136111111,47.14641780566396,0.0
2022-09-04 13:31:40+00:00,10.15031489,,,,,4372.0,2.819531913888889,46.888620938970256,0.0
2022-09-04 13:31:42+00:00,10.06224109,,,,,4374.0,2.7950669694444445,46.633536458386054,0.0
2022-09-04 13:31:44+00:00,9.974184584,,,,,4376.0,2.7706068288888885,46.381212771833795,0.0
2022-09-04 13:31:46+00:00,9.886141322,,,,,4378.0,2.746150367222222,46.13168014845096,0.0
2022-09-04 13:31:48+00:00,9.7981082,,,,,4380.0,2.721696722222222,45.88495525043288,0.0
2022-09-04 13:31:50+00:00,9.71008284,,,,,4382.0,2.697245233333333,45.6410441970109,0.0
2022-09-04 13:31:52+00:00,9.622063425,,,,,4384.0,2.6727953958333335,45.399945220071395,0.0
2022-09-04 13:31:54+00:00,9.53404856,,,,,4386.0,2.6483468222222224,45.161650539729166,0.0
2022-09-04 13:31:56+00:00,9.446037178,,,,,4388.0,2.623899216111111,44.92614779414452,0.0
2022-09-04 13:31:58+00:00,9.358028465,,,,,4390.0,2.599452351388889,44.69342118984997,0.0
2022-09-04 13:32:00+00:00,9.270021793,,,,,4392.0,2.575006053611111,44.46345225145374,0.0
2022-09-04 13:32:02+00:00,9.182016686,,,,,4394.0,2.5505601905555557,44.23622053669982,0.0
2022-09-04 13:32:04+00:00,9.094012775,,,,,4396.0,2.526114659722222,44.0117040914337,0.0
2022-09-04 13:32:06+00:00,9.006009781,,,,,4398.0,2.501669383611111,43.78987982640849,0.0
2022-09-04 13:32:08+00:00,8.918007488,,,,,4400.0,2.4772243022222225,43.570723800750535,0.0
2022-09-04 13:32:10+00:00,8.830005733,,,,,4402.0,2.452779370277778,43.35421139146289,0.0
2022-09-04 13:32:12+00:00,8.74200439,,,,,4404.0,2.4283345527777778,43.140317490632576,0.0
2022-09-04 13:32:14+00:00,8.654003361,,,,,4406.0,2.4038898224999996,42.929016627574825,0.0
2022-09-04 13:32:16+00:00,8.566002573,,,,,4408.0,2.3794451591666665,42.720283074859,0.0
2022-09-04 13:32:18+00:00,8.47800197,,,,,4410.0,2.355000547222222,42.514090897021035,0.0
2022-09-04 13:32:20+00:00,8.390001508,,,,,4412.0,2.330555974444444,42.31041398022093,0.0
2022-09-04 13:32:22+00:00,8.302001155,,,,,4414.0,2.3061114319444442,42.10922611941829,0.0
2022-09-04 13:32:24+00:00,8.214000884,,,,,4416.0,2.281666912222222,41.91050102248651,0.0
2022-09-04 13:32:26+00:00,8.126000677,,,,,4418.0,2.257222410277778,41.71421235432888,0.0
2022-09-04 13:32:28+00:00,8.038000518,,,,,4420.0,2.2327779216666666,41.52033373138169,0.0
2022-09-04 13:32:30+00:00,7.950000397,,,,,4422.0,2.208333443611111,41.32883874057336,0.0
2022-09-04 13:32:32+00:00,7.862000304,,,,,4424.0,2.1838889733333335,41.139700950702355,0.0
2022-09-04 13:32:34+00:00,7.774000233,,,,,4426.0,2.1594445091666667,40.95289392962887,0.0
2022-09-04 13:32:36+00:00,7.686000178,,,,,4428.0,2.1350000494444443,40.768391250958345,0.0
2022-09-04 13:32:38+00:00,7.598000136,,,,,4430.0,2.1105555933333333,40.58616648594113,0.0
2022-09-04 13:32:40+00:00,7.510000104,,,,,4432.0,2.08611114,40.40619319797165,0.0
2022-09-04 13:32:42+00:00,7.42200008,,,,,4434.0,2.061666688888889,40.22844495965798,0.0
2022-09-04 13:32:44+00:00,7.334000061,,,,,4436.0,2.037222239166667,40.05289535583661,0.0
2022-09-04 13:32:46+00:00,7.246000047,,,,,4438.0,2.0127777908333333,38.73557623001374,0.0
2022-09-04 13:32:48+00:00,7.158000036,,,,,4440.0,1.9883333433333332,34.7923395535336,0.0
2022-09-04 13:32:50+00:00,6.903410284,,,,,4442.0,1.9176139677777777,0.0,1.8161748212353295
2022-09-04 13:32:52+00:00,6.423214008,,,,,4444.0,1.7842261133333335,0.0,7.179848506799069
2022-09-04 13:32:54+00:00,5.823726325,,,,,4446.0,1.6177017569444443,0.0,10.060434246857264
2022-09-04 13:32:56+00:00,5.156656643,,,,,4448.0,1.4324046230555554,0.0,10.789245846329578
2022-09-04 13:32:58+00:00,4.448400262,,,,,4450.0,1.2356667394444443,0.0,9.648108336482792
2022-09-04 13:33:00+00:00,3.713301769,,,,,4452.0,1.031472713611111,0.0,5.4195042938602365
2022-09-04 13:33:02+00:00,3.140660452,,,,0.49,4454.0,0.8724056811111112,0.0,1.6559769040106376
2022-09-04 13:33:04+00:00,3.180445706,,,,,4456.0,0.8834571405555556,0.0,1.5282692757125125
2022-09-04 13:33:06+00:00,2.777915293,,,,,4458.0,0.7716431369444444,0.0,3.236206640086662
2022-09-04 13:33:08+00:00,1.923902084,,,,,4460.0,0.5344172455555556,0.0,2.5676202004920667
2022-09-04 13:33:10+00:00,1.4869277,,,,,4462.0,0.41303547222222226,0.0,0.6694395814094436
2022-09-04 13:33:12+00:00,1.396145484,,,,,4464.0,0.38781819,7.955244823676167,0.0
2022-09-04 13:33:14+00:00,1.240617314,,,,,4466.0,0.34461592055555557,17.712048721187475,0.0
2022-09-04 13:33:16+00:00,1.228378044,,,,,4468.0,0.34121612333333334,25.90938667258985,0.0
2022-09-04 13:33:18+00:00,1.637394181,,,,,4470.0,0.4548317169444444,34.3003022632818,0.0
2022-09-04 13:33:20+00:00,1.714601977,,,,,4472.0,0.47627832694444444,28.651300875254595,0.0
2022-09-04 13:33:22+00:00,1.63191785,,,,,4474.0,0.4533105138888889,14.24348376815651,0.0
2022-09-04 13:33:24+00:00,1.468660401,,,,,4476.0,0.4079612225,7.705207173867613,0.0
2022-09-04 13:33:26+00:00,1.262311301,,,,,4478.0,0.35064202805555555,7.460753739864828,0.0
2022-09-04 13:33:28+00:00,1.092462898,,,,,4480.0,0.3034619161111111,12.402934463302294,0.0
2022-09-04 13:33:30+00:00,1.091479147,,,,,4482.0,0.30318865194444444,17.28575619899548,0.0
2022-09-04 13:33:32+00:00,1.310358051,,,,,4484.0,0.3639883475,18.478761361220197,0.0
2022-09-04 13:33:34+00:00,1.197082724,,,,,4486.0,0.3325229788888889,9.645438698052603,0.0
2022-09-04 13:33:36+00:00,0.949594584,,,,,4488.0,0.2637762733333333,385.2108515820087,0.0
2022-09-04 13:33:38+00:00,0.767380575,,,,,4490.0,0.21316127083333333,420.21254331507276,0.0
2022-09-04 13:33:40+00:00,0.628853685,,,,,4492.0,0.17468157916666668,543.3626287483481,0.0
2022-09-04 13:33:42+00:00,0.561217174,,,,,4494.0,0.15589365944444444,643.6936205211383,0.0
2022-09-04 13:33:44+00:00,0.540479829,,,,,4496.0,0.15013328583333332,735.4244671306814,0.0
2022-09-04 13:33:46+00:00,0.544998625,,,,,4498.0,0.15138850694444442,810.4150849371914,0.0
2022-09-04 13:33:48+00:00,0.564120362,,,,,4500.0,0.15670010055555555,880.2043441907626,0.0
2022-09-04 13:33:50+00:00,0.592318568,,,,,4502.0,0.16453293555555557,951.3188481654781,0.0
2022-09-04 13:33:52+00:00,0.626530875,,,,,4504.0,0.17403635416666668,1025.382832189643,0.0
2022-09-04 13:33:54+00:00,0.664932143,,,,,4506.0,0.18470337305555556,1110.7147863546245,0.0
2022-09-04 13:33:56+00:00,0.706355877,,,,,4508.0,0.19620996583333333,1348.8775466109562,0.0
2022-09-04 13:33:58+00:00,0.76334493,,,,,4510.0,0.21204025833333334,1529.8294849856895,0.0
2022-09-04 13:34:00+00:00,1.035622102,,,,,4512.0,0.2876728061111111,18.15186890981424,0.0
2022-09-04 13:34:02+00:00,0.944133679,,,,,4514.0,0.2622593552777778,1181.8598056109117,0.0
2022-09-04 13:34:04+00:00,0.860672295,,,,,4516.0,0.2390756375,848.8064253958655,0.0
2022-09-04 13:34:06+00:00,0.736330536,,,,,4518.0,0.20453626,803.9691867299815,0.0
2022-09-04 13:34:08+00:00,0.75710176,,,,,4520.0,0.21030604444444442,899.8024614862128,0.0
2022-09-04 13:34:10+00:00,0.676224204,,,,,4522.0,0.18784005666666667,860.9093582036946,0.0
2022-09-04 13:34:12+00:00,0.652913759,,,,,4524.0,0.18136493305555557,962.9765807094086,0.0
2022-09-04 13:34:14+00:00,0.664362754,,,,,4526.0,0.18454520944444444,1655.9664980202697,0.0
2022-09-04 13:34:16+00:00,0.809825942,,,,,4528.0,0.22495165055555555,3796.407371002563,0.0
2022-09-04 13:34:18+00:00,1.653565246,,,,,4530.0,0.45932367944444447,42.23398261064932,0.0
2022-09-04 13:34:20+00:00,3.155456757,,,,,4532.0,0.8765157658333333,54.633208090762906,0.0
2022-09-04 13:34:22+00:00,4.237327381,,,,,4534.0,1.1770353836111112,51.7038379380715,0.0
2022-09-04 13:34:24+00:00,4.66659316,,,,,4536.0,1.2962758777777776,32.77096874383513,0.0
2022-09-04 13:34:26+00:00,3.749710531,,,,,4538.0,1.041586258611111,0.0,9.196462545581078
2022-09-04 13:34:28+00:00,2.711065939,,,,,4540.0,0.7530738719444444,0.0,9.101717842590169
2022-09-04 13:34:30+00:00,1.783843221,,,,,4542.0,0.4955120058333333,0.0,4.268043524139623
2022-09-04 13:34:32+00:00,1.245058682,,,,,4544.0,0.3458496338888889,0.0,1.3673177891463821
2022-09-04 13:34:34+00:00,0.947219844,,,,,4546.0,0.26311662333333335,272.3691314392019,0.0
2022-09-04 13:34:36+00:00,0.754150572,,,,,4548.0,0.20948627,1102.0072105370618,0.0
2022-09-04 13:34:38+00:00,1.03666295,,,,,4550.0,0.2879619305555555,19.55185746846463,0.0
2022-09-04 13:34:40+00:00,1.18087598,,,,,4552.0,0.3280211055555555,17.308286633995024,0.0
2022-09-04 13:34:42+00:00,0.998803159,,,,,4554.0,0.27744532194444443,768.3238867559669,0.0
2022-09-04 13:34:44+00:00,0.816545329,,,,,4556.0,0.22681814694444444,512.033063960201,0.0
2022-09-04 13:34:46+00:00,0.679820617,,,,,4558.0,0.18883906027777775,649.4516052700129,0.0
2022-09-04 13:34:48+00:00,0.628132093,,,,,4560.0,0.17448113694444442,936.6061387180391,0.0
2022-09-04 13:34:50+00:00,0.669568104,,,,,4562.0,0.18599114,1232.7310048778554,0.0
2022-09-04 13:34:52+00:00,0.885286594,,,,,4564.0,0.24591294277777775,1453.8776532808097,0.0
2022-09-04 13:34:54+00:00,0.856856611,,,,,4566.0,0.23801572527777776,1006.2015474439743,0.0
2022-09-04 13:34:56+00:00,0.659164731,,,,,4568.0,0.18310131416666664,585.3873372716398,0.0
2022-09-04 13:34:58+00:00,0.611503337,,,,,4570.0,0.16986203805555555,639.5813780948936,0.0
2022-09-04 13:35:00+00:00,0.540912393,,,,,4572.0,0.1502534425,705.2395661451235,0.0
2022-09-04 13:35:02+00:00,0.555387646,,,,,4574.0,0.1542743461111111,779.9120811982946,0.0
2022-09-04 13:35:04+00:00,0.57319507,,,,,4576.0,0.15922085277777778,886.6917018189522,0.0
2022-09-04 13:35:06+00:00,0.544984349,,,,,4578.0,0.1513845413888889,883.0324850499984,0.0
2022-09-04 13:35:08+00:00,0.670235864,,,,,4580.0,0.1861766288888889,1124.1431651002863,0.0
2022-09-04 13:35:10+00:00,0.656304626,,,,,4582.0,0.18230684055555554,1239.2893845196556,0.0
2022-09-04 13:35:12+00:00,0.720003637,,,,,4584.0,0.20000101027777778,1789.1586314367896,0.0
2022-09-04 13:35:14+00:00,0.980241022,,,,,4586.0,0.27228917277777775,2676.9844951802456,0.0
2022-09-04 13:35:16+00:00,1.471835554,,,,,4588.0,0.40884320944444447,34.73900086623851,0.0
2022-09-04 13:35:18+00:00,1.291396078,,,,,4590.0,0.3587211327777778,34.29856108125713,0.0
2022-09-04 13:35:20+00:00,1.879085587,,,,,4592.0,0.5219682186111111,34.96443066860367,0.0
2022-09-04 13:35:22+00:00,2.108661497,,,,,4594.0,0.5857393047222222,32.55921368504974,0.0
2022-09-04 13:35:24+00:00,1.586767862,,,,,4596.0,0.4407688505555556,20.08325605557567,0.0
2022-09-04 13:35:26+00:00,1.672047824,,,,,4598.0,0.4644577288888889,39.005780866994904,0.0
2022-09-04 13:35:28+00:00,2.117779223,,,,,4600.0,0.5882720063888889,57.42596059946391,0.0
2022-09-04 13:35:30+00:00,5.377084626,,,,,4602.0,1.4936346183333333,135.3304203822773,0.0
2022-09-04 13:35:32+00:00,9.683398015,,,,,4604.0,2.6898327819444443,257.2772719641988,0.0
2022-09-04 13:35:34+00:00,12.54929832,,,,,4606.0,3.4859162,312.61337385139154,0.0
2022-09-04 13:35:36+00:00,16.42056062,,,,,4608.0,4.561266838888889,341.1820693036098,0.0
2022-09-04 13:35:38+00:00,18.49879215,,,,,4610.0,5.138553375,286.98976568378004,0.0
2022-09-04 13:35:40+00:00,19.1855421,,,,,4612.0,5.32931725,210.7893003249262,0.0
2022-09-04 13:35:42+00:00,19.87306872,,,,,4614.0,5.5202968666666665,214.12218098252217,0.0
2022-09-04 13:35:44+00:00,20.62104626,,,,,4616.0,5.728068405555556,255.21918047196039,0.0
2022-09-04 13:35:46+00:00,22.29189891,,,,,4618.0,6.192194141666667,287.5523951950261,0.0
2022-09-04 13:35:48+00:00,23.39035152,,,,,4620.0,6.4973198666666665,278.02105733965647,0.0
2022-09-04 13:35:50+00:00,23.81479309,,,,,4622.0,6.615220302777777,275.5431331856307,0.0
2022-09-04 13:35:52+00:00,24.54118036,,,,,4624.0,6.8169945444444435,294.581580903312,0.0
2022-09-04 13:35:54+00:00,26.16098137,,,,,4626.0,7.2669392694444435,271.68282235389523,0.0
2022-09-04 13:35:56+00:00,26.2634317,,,,,4628.0,7.2953976944444445,152.63062131308806,0.0
2022-09-04 13:35:58+00:00,25.25929436,,,,,4630.0,7.016470655555555,85.44055704834098,0.0
2022-09-04 13:36:00+00:00,24.08824228,,,,,4632.0,6.69117841111111,106.49547282409372,0.0
2022-09-04 13:36:02+00:00,24.80677982,,,,,4634.0,6.8907721722222215,44.698484158293304,0.0
2022-09-04 13:36:04+00:00,24.58285772,,,,,4636.0,6.828571588888889,-190.58618329798324,0.0
2022-09-04 13:36:06+00:00,19.71488365,,,,,4638.0,5.4763565694444445,-200.0,175.28066552918506
2022-09-04 13:36:08+00:00,12.57609687,,,,,4640.0,3.4933602416666667,-200.0,36.91879138396558
2022-09-04 13:36:10+00:00,8.277653332,,,,,4642.0,2.2993481477777777,-64.33851831876962,0.0
2022-09-04 13:36:12+00:00,7.642544074,,,,,4644.0,2.1229289094444446,35.76956741986353,0.0
2022-09-04 13:36:14+00:00,10.12612008,,,,,4646.0,2.812811133333333,77.76048498312745,0.0
2022-09-04 13:36:16+00:00,9.521564337,,,,,4648.0,2.6448789825,57.325137053091645,0.0
2022-09-04 13:36:18+00:00,9.061622928,,,,,4650.0,2.51711748,38.42075849631605,0.0
2022-09-04 13:36:20+00:00,9.523466269,,,,,4652.0,2.645407296944444,58.654081276714734,0.0
2022-09-04 13:36:22+00:00,8.955222041,,,,,4654.0,2.4875616780555556,99.04817727013736,0.0
2022-09-04 13:36:24+00:00,10.58957704,,,,,4656.0,2.9415491777777776,187.5283607523037,0.0
2022-09-04 13:36:26+00:00,13.90153763,,,,,4658.0,3.8615382305555555,302.42286090933584,0.0
2022-09-04 13:36:28+00:00,17.46823026,,,,,4660.0,4.852286183333333,316.2919647701904,0.0
2022-09-04 13:36:30+00:00,18.81856444,,,,,4662.0,5.227379011111111,213.84360205945526,0.0
2022-09-04 13:36:32+00:00,18.42127132,,,,,4664.0,5.117019811111111,137.82598031496516,0.0
2022-09-04 13:36:34+00:00,18.96242618,,,,,4666.0,5.267340605555556,134.40812595535223,0.0
2022-09-04 13:36:36+00:00,19.5425345,,,,,4668.0,5.428481805555555,156.9356063355359,0.0
2022-09-04 13:36:38+00:00,19.42592537,,,,,4670.0,5.396090380555556,194.67712869710954,0.0
2022-09-04 13:36:40+00:00,20.53054726,,,,,4672.0,5.702929794444444,249.0127463924049,0.0
2022-09-04 13:36:42+00:00,22.55177095,,,,,4674.0,6.264380819444445,254.08372244657826,0.0
2022-09-04 13:36:44+00:00,22.82161995,,,,,4676.0,6.339338874999999,97.29889647258224,0.0
2022-09-04 13:36:46+00:00,22.21067013,,,,,4678.0,6.1696305916666665,-88.12138141367475,0.0
2022-09-04 13:36:48+00:00,18.90422148,,,,,4680.0,5.251172633333334,-126.14560002312501,0.0
2022-09-04 13:36:50+00:00,15.55389414,,,,,4682.0,4.32052615,-31.140471211991176,0.0
2022-09-04 13:36:52+00:00,15.76228265,,,,,4684.0,4.378411847222222,135.46111838774536,0.0
2022-09-04 13:36:54+00:00,18.41638499,,,,,4686.0,5.115662497222222,262.3783350684215,0.0
2022-09-04 13:36:56+00:00,19.73211274,,,,,4688.0,5.481142427777778,241.93670212443777,0.0
2022-09-04 13:36:58+00:00,20.47499848,,,,,4690.0,5.6874995777777775,162.12226570472708,0.0
2022-09-04 13:37:00+00:00,20.41149973,,,,,4692.0,5.669861036111111,127.41985696946676,0.0
2022-09-04 13:37:02+00:00,20.01072848,,,,,4694.0,5.558535688888889,122.92211586827302,0.0
2022-09-04 13:37:04+00:00,20.79390592,,,,,4696.0,5.776084977777778,152.7740458365955,0.0
2022-09-04 13:37:06+00:00,20.66847854,,,,,4698.0,5.741244038888889,183.14606641381818,0.0
2022-09-04 13:37:08+00:00,21.38717358,,,,,4700.0,5.940881549999999,237.62837706374268,0.0
2022-09-04 13:37:10+00:00,22.59001423,,,,,4702.0,6.275003952777778,275.56796871332955,0.0
2022-09-04 13:37:12+00:00,24.09022898,,,,,4704.0,6.691730272222221,251.87639184202186,0.0
2022-09-04 13:37:14+00:00,23.92733474,,,,,4706.0,6.646481872222222,141.91765763528142,0.0
2022-09-04 13:37:16+00:00,23.91810666,,,,,4708.0,6.643918516666666,-38.231902571582275,-7.105427357601002e-15
2022-09-04 13:37:18+00:00,22.20820266,,,,,4710.0,6.168945183333333,-160.44819313270816,0.0
2022-09-04 13:37:20+00:00,17.5771881,,,,,4712.0,4.88255225,-141.73194537316667,0.0
2022-09-04 13:37:22+00:00,15.05079581,,,,,4714.0,4.180776613888889,-36.52903739407003,-7.105427357601002e-15
2022-09-04 13:37:24+00:00,15.77086078,,,,,4716.0,4.380794661111111,90.69980854746521,0.0
2022-09-04 13:37:26+00:00,16.55686456,,,,,4718.0,4.599129044444445,140.19934614693665,0.0
2022-09-04 13:37:28+00:00,16.85608661,,,,,4720.0,4.682246280555555,153.51979445332879,0.0
2022-09-04 13:37:30+00:00,17.44298769,,,,,4722.0,4.845274358333333,167.8046632225454,0.0
2022-09-04 13:37:32+00:00,18.96979765,,,,,4724.0,5.269388236111111,184.26298726209077,0.0
2022-09-04 13:37:34+00:00,18.96083225,,,,,4726.0,5.266897847222222,179.15516044964994,0.0
2022-09-04 13:37:36+00:00,19.69681899,,,,,4728.0,5.471338608333333,202.79092285672007,0.0
2022-09-04 13:37:38+00:00,20.81319395,,,,,4730.0,5.781442763888888,245.83530357553516,0.0
2022-09-04 13:37:40+00:00,21.91150983,,,,,4732.0,6.086530508333333,253.72674377907657,0.0
2022-09-04 13:37:42+00:00,22.77905614,,,,,4734.0,6.327515594444445,257.09495853925455,0.0
2022-09-04 13:37:44+00:00,23.2739066,,,,,4736.0,6.4649740555555555,306.92413027336744,0.0
2022-09-04 13:37:46+00:00,24.48540954,,,,,4738.0,6.80150265,419.0694295332613,0.0
2022-09-04 13:37:48+00:00,26.91976521,,,,,4740.0,7.477712558333334,535.751677252795,0.0
2022-09-04 13:37:50+00:00,29.12488208,,,,,4742.0,8.090245022222222,529.7575662507969,0.0
2022-09-04 13:37:52+00:00,30.25597366,,,,,4744.0,8.404437127777777,426.6593695957732,0.0
2022-09-04 13:37:54+00:00,30.40121659,,,,,4746.0,8.444782386111111,368.1090480387437,0.0
2022-09-04 13:37:56+00:00,30.78885612,,,,,4748.0,8.552460033333332,363.75288942115617,0.0
2022-09-04 13:37:58+00:00,31.85112893,,,,,4750.0,8.84753581388889,294.30092178958245,0.0
2022-09-04 13:38:00+00:00,31.6373456,,,,,4752.0,8.788151555555554,89.10715033344421,0.0
2022-09-04 13:38:02+00:00,29.53410176,,,,,4754.0,8.203917155555555,-86.98501989501153,-1.4210854715202004e-14
2022-09-04 13:38:04+00:00,26.81283887,,,,,4756.0,7.4480107972222225,-107.71518746992174,0.0
2022-09-04 13:38:06+00:00,24.78597352,,,,,4758.0,6.884992644444444,-30.29565453097773,0.0
2022-09-04 13:38:08+00:00,24.04571723,,,,,4760.0,6.6793658972222225,123.30818399011457,0.0
2022-09-04 13:38:10+00:00,24.33194462,,,,,4762.0,6.758873505555556,265.00086276564866,0.0
2022-09-04 13:38:12+00:00,25.8670674,,,,,4764.0,7.1852965,363.4092521405937,0.0
2022-09-04 13:38:14+00:00,27.1823695,,,,,4766.0,7.550658194444444,365.88516296158514,0.0
2022-09-04 13:38:16+00:00,27.9145978,,,,,4768.0,7.754054944444444,295.336653713978,0.0
2022-09-04 13:38:18+00:00,28.00593098,,,,,4770.0,7.7794252722222215,212.6698492395384,0.0
2022-09-04 13:38:20+00:00,27.8028207,,,,,4772.0,7.7230057500000004,138.41390225219797,0.0
2022-09-04 13:38:22+00:00,27.13780826,,,,,4774.0,7.538280072222222,0.0,17.784636435882717
2022-09-04 13:38:24+00:00,26.09108593,,,,,4776.0,7.247523869444444,-195.59599776673983,0.0
2022-09-04 13:38:26+00:00,22.51447652,,,,,4778.0,6.254021255555555,-200.0,201.0610319759266
2022-09-04 13:38:28+00:00,15.68885294,,,,,4780.0,4.358014705555555,-200.0,150.89247906551773
2022-09-04 13:38:30+00:00,9.926165106,,,,,4782.0,2.7572680849999998,-171.438336395152,0.0
2022-09-04 13:38:32+00:00,6.622062331,,,,,4784.0,1.8394617586111113,-64.38116311694286,1.4210854715202004e-14
2022-09-04 13:38:34+00:00,4.674835215,,,,,4786.0,1.2985653375,0.0,36.399531493503055
2022-09-04 13:38:36+00:00,3.443170014,,,,,4788.0,0.956436115,0.0,15.211361031749773
2022-09-04 13:38:38+00:00,2.611273954,,,,,4790.0,0.7253538761111111,0.0,6.158564764519643
2022-09-04 13:38:40+00:00,2.068532332,,,,,4792.0,0.5745923144444445,0.0,2.103806483086767
2022-09-04 13:38:42+00:00,1.795311355,,,,,4794.0,0.49869759861111107,0.0,0.6443066961404391
2022-09-04 13:38:44+00:00,1.539138329,,,,,4796.0,0.4275384247222222,0.0,0.2519337958382202
2022-09-04 13:38:46+00:00,1.172153454,,,,,4798.0,0.32559818166666665,0.0,0.07228925898286638
2022-09-04 13:38:48+00:00,0.949662925,,,,,4800.0,0.26379525694444445,235.7952448949301,0.0
2022-09-04 13:38:50+00:00,0.764789899,,,,,4802.0,0.21244163861111112,488.48625645987335,0.0
2022-09-04 13:38:52+00:00,0.666205949,,,,,4804.0,0.18505720805555553,608.7787125644944,0.0
2022-09-04 13:38:54+00:00,0.596945705,,,,,4806.0,0.1658182513888889,640.3437615334327,0.0
2022-09-04 13:38:56+00:00,0.555359011,,,,,4808.0,0.15426639194444444,634.7514315108132,0.0
2022-09-04 13:38:58+00:00,0.484812279,,,,,4810.0,0.1346700775,554.1623063365297,0.0
2022-09-04 13:39:00+00:00,0.463326028,,,,,4812.0,0.12870167444444444,513.155826484223,0.0
2022-09-04 13:39:02+00:00,0.374550408,,,,,4814.0,0.10404178,408.4172100751339,0.0
2022-09-04 13:39:04+00:00,0.313187036,,,,,4816.0,0.08699639888888888,351.4009110784764,0.0
2022-09-04 13:39:06+00:00,0.264610215,,,,,4818.0,0.07350283749999999,319.9728415998646,0.0
2022-09-04 13:39:08+00:00,0.237157398,,,,,4820.0,0.06587705499999999,347.2104781332603,0.0
2022-09-04 13:39:10+00:00,0.208363028,,,,,4822.0,0.057878618888888886,394.53880636148403,0.0
2022-09-04 13:39:12+00:00,0.401121841,,,,,4824.0,0.1114227336111111,883.3849051972029,0.0
