date,spd,Unnamed: 2,Unnamed: 3,Unnamed: 4,Unnamed: 5,P_batt_W,P_mech_W
2022-09-04 12:18:48+00:00,18.696,,,,,130.82879680102266,0.0
2022-09-04 12:18:50+00:00,18.9338125,,,,,127.64791242646444,0.0
2022-09-04 12:18:52+00:00,19.09269672,,,,,122.57415131427491,0.0
2022-09-04 12:18:54+00:00,19.08308744,,,,,137.79544818186324,0.0
2022-09-04 12:18:56+00:00,19.23007186,,,,,164.13275412549962,0.0
2022-09-04 12:18:58+00:00,20.25327595,,,,,181.8378424802617,0.0
2022-09-04 12:19:00+00:00,20.60932509,,,,,170.98633386213461,0.0
2022-09-04 12:19:02+00:00,20.61074566,,,,,153.99192631951468,0.0
2022-09-04 12:19:04+00:00,21.05976832,,,,,153.91705738149173,0.0
2022-09-04 12:19:06+00:00,21.20456062,,,,,141.80247975425812,0.0
2022-09-04 12:19:08+00:00,21.16555647,,,,,121.06803349641699,0.0
2022-09-04 12:19:10+00:00,21.02874822,,,,,108.25770618991487,0.0
2022-09-04 12:19:12+00:00,20.83613208,,,,,103.6123383211703,0.0
2022-09-04 12:19:14+00:00,20.60926507,,,,,110.72427226933524,0.0
2022-09-04 12:19:16+00:00,20.53024914,,,,,127.1713187665198,0.0
2022-09-04 12:19:18+00:00,20.71560771,,,,,144.99335926132167,0.0
2022-09-04 12:19:20+00:00,20.92248578,,,,,155.07862665932382,0.0
2022-09-04 12:19:22+00:00,21.14509404,,,,,159.69767206276202,0.0
2022-09-04 12:19:24+00:00,21.37941432,,,,,164.0698864088702,0.0
2022-09-04 12:19:26+00:00,21.6225543,,,,,168.2888679856394,0.0
2022-09-04 12:19:28+00:00,21.87238141,,,,,172.41592500020616,0.0
2022-09-04 12:19:30+00:00,22.12729926,,,,,176.49359697792877,0.0
2022-09-04 12:19:32+00:00,22.38610177,,,,,180.552715128007,0.0
2022-09-04 12:19:34+00:00,22.64787273,,,,,184.61633106786863,0.0
2022-09-04 12:19:36+00:00,22.91191386,,,,,188.70206102265004,0.0
2022-09-04 12:19:38+00:00,23.17769194,,,,,192.82358329643412,0.0
2022-09-04 12:19:40+00:00,23.44479938,,,,,196.99165459351042,0.0
2022-09-04 12:19:42+00:00,23.71292438,,,,,197.48769608859482,0.0
2022-09-04 12:19:44+00:00,23.98182836,,,,,165.16080075289733,0.0
2022-09-04 12:19:46+00:00,24.10386317,,,,,106.29719476623025,0.0
2022-09-04 12:19:48+00:00,23.08214343,,,,,54.943905393229514,0.0
2022-09-04 12:19:50+00:00,22.22583123,,,,,53.54889939657109,0.0
2022-09-04 12:19:52+00:00,21.74179211,,,,,86.72151993327968,0.0
2022-09-04 12:19:54+00:00,21.56085274,,,,,114.76147299971653,0.0
2022-09-04 12:19:56+00:00,21.53421547,,,,,146.22500104488017,0.0
2022-09-04 12:19:58+00:00,21.56202091,,,,,181.17203869817914,0.0
2022-09-04 12:20:00+00:00,22.28951101,,,,,201.61271337884392,0.0
2022-09-04 12:20:02+00:00,22.88129631,,,,,174.2206283159941,0.0
2022-09-04 12:20:04+00:00,22.7210753,,,,,107.9520568104268,0.0
2022-09-04 12:20:06+00:00,22.13938091,,,,,53.15852913597997,0.0
2022-09-04 12:20:08+00:00,21.33292663,,,,,0.0,9.370259842128398
2022-09-04 12:20:10+00:00,20.39791528,,,,,0.0,26.1410465800933
2022-09-04 12:20:12+00:00,19.38382175,,,,,-33.094500836475234,0.0
2022-09-04 12:20:14+00:00,18.31777842,,,,,-40.893122368894545,0.0
2022-09-04 12:20:16+00:00,17.2157821,,,,,-39.34534321536518,0.0
2022-09-04 12:20:18+00:00,15.9773159,,,,,0.0,17.719183080191147
2022-09-04 12:20:20+00:00,15.33069078,,,,,59.388785019545516,0.0
2022-09-04 12:20:22+00:00,15.70174576,,,,,94.99539524616834,0.0
2022-09-04 12:20:24+00:00,16.14774896,,,,,78.90031446500561,0.0
2022-09-04 12:20:26+00:00,15.93104663,,,,,0.20793679765972065,0.0
2022-09-04 12:20:28+00:00,14.69034844,,,,,0.0,24.630037857525608
2022-09-04 12:20:30+00:00,13.92357938,,,,,0.0,19.766070442673477
2022-09-04 12:20:32+00:00,13.27583426,,,,,0.0,0.8365015770590134
2022-09-04 12:20:34+00:00,12.90346341,,,,,65.7687736244864,0.0
2022-09-04 12:20:36+00:00,12.92048,,,,,115.34368105566868,0.0
2022-09-04 12:20:38+00:00,14.2156662,,,,,153.1220522293248,0.0
2022-09-04 12:20:40+00:00,15.65170358,,,,,146.5255496846422,0.0
2022-09-04 12:20:42+00:00,15.60445628,,,,,109.36385013749047,0.0
2022-09-04 12:20:44+00:00,15.51061133,,,,,102.00965043071274,0.0
2022-09-04 12:20:46+00:00,16.07003588,,,,,121.45441776673334,0.0
2022-09-04 12:20:48+00:00,16.4869847,,,,,110.53637913217575,0.0
2022-09-04 12:20:50+00:00,16.83077657,,,,,69.39987528982648,0.0
2022-09-04 12:20:52+00:00,16.08171227,,,,,1.3590446128599976,0.0
2022-09-04 12:20:54+00:00,15.24064105,,,,,0.0,2.4267433142622883
2022-09-04 12:20:56+00:00,14.81659932,,,,,61.58928056957556,0.0
2022-09-04 12:20:58+00:00,14.82269805,,,,,98.88990174179436,0.0
2022-09-04 12:21:00+00:00,15.46822409,,,,,128.61843270175066,0.0
2022-09-04 12:21:02+00:00,16.03051975,,,,,149.58777139551546,0.0
2022-09-04 12:21:04+00:00,16.59834087,,,,,160.06176482382156,0.0
2022-09-04 12:21:06+00:00,17.60498215,,,,,164.07374094234817,0.0
2022-09-04 12:21:08+00:00,18.03931379,,,,,151.2552616219629,0.0
2022-09-04 12:21:10+00:00,18.29150645,,,,,147.5560847037848,0.0
2022-09-04 12:21:12+00:00,18.65680554,,,,,166.195806085221,0.0
2022-09-04 12:21:14+00:00,19.38876423,,,,,186.08977737842335,0.0
2022-09-04 12:21:16+00:00,20.08494233,,,,,185.71160707993442,0.0
2022-09-04 12:21:18+00:00,20.52676565,,,,,158.06971234785408,0.0
2022-09-04 12:21:20+00:00,20.71336278,,,,,98.28509136792229,0.0
2022-09-04 12:21:22+00:00,20.39831561,,,,,0.0,9.053915987624574
2022-09-04 12:21:24+00:00,18.9619668,,,,,-42.4729444376839,0.0
2022-09-04 12:21:26+00:00,17.45482812,,,,,0.0,1.9433100120478877
2022-09-04 12:21:28+00:00,16.89835366,,,,,125.20587476324246,0.0
2022-09-04 12:21:30+00:00,18.75918609,,,,,188.43032621221167,0.0
2022-09-04 12:21:32+00:00,19.62427325,,,,,109.66654642312196,0.0
2022-09-04 12:21:34+00:00,18.92934718,,,,,-82.89202551408559,0.0
2022-09-04 12:21:36+00:00,16.51033408,,,,,-181.22548907134924,0.0
2022-09-04 12:21:38+00:00,12.43459689,,,,,-160.4670150667946,0.0
2022-09-04 12:21:40+00:00,8.962105122,,,,,-84.33578721585098,0.0
2022-09-04 12:21:42+00:00,7.68545882,,,,,-28.33160056665923,0.0
2022-09-04 12:21:44+00:00,7.355594086,,,,,36.234381617982024,0.0
2022-09-04 12:21:46+00:00,7.4725888,,,,,51.10288115037333,0.0
2022-09-04 12:21:48+00:00,7.818656169,,,,,51.936177488690994,0.0
2022-09-04 12:21:50+00:00,7.833194348,,,,,34.30660402153357,0.0
2022-09-04 12:21:52+00:00,7.564756687,,,,,0.0,9.75422704865412
2022-09-04 12:21:54+00:00,6.221262706,,,,,0.0,3.1007131444367158
2022-09-04 12:21:56+00:00,6.048739228,,,,,70.83536404982624,0.0
2022-09-04 12:21:58+00:00,6.985812069,,,,,155.3717522772665,0.0
2022-09-04 12:22:00+00:00,11.36835785,,,,,333.536730998485,0.0
2022-09-04 12:22:02+00:00,16.2798442,,,,,474.6417102585714,0.0
2022-09-04 12:22:04+00:00,19.41444664,,,,,406.17944235671143,0.0
2022-09-04 12:22:06+00:00,20.70037821,,,,,264.46360562936536,0.0
2022-09-04 12:22:08+00:00,20.86944237,,,,,182.2497909363527,0.0
2022-09-04 12:22:10+00:00,21.16625702,,,,,168.19608408454752,0.0
2022-09-04 12:22:12+00:00,21.49256564,,,,,175.90195134221938,0.0
2022-09-04 12:22:14+00:00,21.81109335,,,,,179.16246053983198,0.0
2022-09-04 12:22:16+00:00,22.11016948,,,,,180.7853608673023,0.0
2022-09-04 12:22:18+00:00,22.38835552,,,,,181.96932624526204,0.0
2022-09-04 12:22:20+00:00,22.64788203,,,,,183.19648143775783,0.0
2022-09-04 12:22:22+00:00,22.89193767,,,,,187.62622149561454,0.0
2022-09-04 12:22:24+00:00,23.12362188,,,,,212.47216987396865,0.0
2022-09-04 12:22:26+00:00,23.4687581,,,,,254.89155068025104,0.0
2022-09-04 12:22:28+00:00,24.49769149,,,,,284.76420942708904,0.0
2022-09-04 12:22:30+00:00,25.40044858,,,,,259.29598137426274,0.0
2022-09-04 12:22:32+00:00,25.47716168,,,,,186.32766202662035,0.0
2022-09-04 12:22:34+00:00,25.20801001,,,,,110.0021845584426,0.0
2022-09-04 12:22:36+00:00,24.69310988,,,,,40.26199863994583,0.0
2022-09-04 12:22:38+00:00,23.44381879,,,,,0.0,28.70096783054207
2022-09-04 12:22:40+00:00,21.95205722,,,,,0.0,16.22652557643572
2022-09-04 12:22:42+00:00,21.35090174,,,,,67.28501562697102,0.0
2022-09-04 12:22:44+00:00,21.18899183,,,,,116.96026146452527,0.0
2022-09-04 12:22:46+00:00,21.25554612,,,,,144.6979141524641,0.0
2022-09-04 12:22:48+00:00,21.44909245,,,,,162.3311029161155,0.0
2022-09-04 12:22:50+00:00,21.71856666,,,,,175.1548164282963,0.0
2022-09-04 12:22:52+00:00,22.03670632,,,,,185.61092198626793,0.0
2022-09-04 12:22:54+00:00,22.38789799,,,,,194.86554142103512,0.0
2022-09-04 12:22:56+00:00,22.7625251,,,,,203.50100465949825,0.0
2022-09-04 12:22:58+00:00,23.15426387,,,,,211.82553200431693,0.0
2022-09-04 12:23:00+00:00,23.55873437,,,,,220.01434394964713,0.0
2022-09-04 12:23:02+00:00,23.97278844,,,,,228.17524059792788,0.0
2022-09-04 12:23:04+00:00,24.39410695,,,,,236.3798573879334,0.0
2022-09-04 12:23:06+00:00,24.82095488,,,,,225.3922285427825,0.0
2022-09-04 12:23:08+00:00,25.25202185,,,,,195.61060704445353,0.0
2022-09-04 12:23:10+00:00,24.96690847,,,,,155.57135060975654,0.0
2022-09-04 12:23:12+00:00,24.72587659,,,,,122.09968946647088,0.0
2022-09-04 12:23:14+00:00,24.47387487,,,,,121.67129613144036,0.0
2022-09-04 12:23:16+00:00,23.69882808,,,,,140.21519977177527,0.0
2022-09-04 12:23:18+00:00,24.05050989,,,,,191.58034637508888,0.0
2022-09-04 12:23:20+00:00,24.326863,,,,,224.17860094606746,0.0
2022-09-04 12:23:22+00:00,24.87552704,,,,,190.148436590825,0.0
2022-09-04 12:23:24+00:00,24.99426597,,,,,92.47363621003736,0.0
2022-09-04 12:23:26+00:00,23.87545847,,,,,0.0,5.32621532375987
2022-09-04 12:23:28+00:00,22.00020907,,,,,51.372071152638604,0.0
2022-09-04 12:23:30+00:00,22.26731573,,,,,156.36194799960725,0.0
2022-09-04 12:23:32+00:00,22.69709738,,,,,236.40866411171896,0.0
2022-09-04 12:23:34+00:00,23.77715796,,,,,222.52815741461694,0.0
2022-09-04 12:23:36+00:00,24.16949655,,,,,132.3036364686942,0.0
2022-09-04 12:23:38+00:00,23.20358704,,,,,0.0,3.8104248999454753
2022-09-04 12:23:40+00:00,21.89597369,,,,,-39.99796614115805,0.0
2022-09-04 12:23:42+00:00,20.72634653,,,,,-40.82404144666852,0.0
2022-09-04 12:23:44+00:00,19.60648904,,,,,0.0,9.734589381507291
2022-09-04 12:23:46+00:00,18.60628809,,,,,79.82280939460196,0.0
2022-09-04 12:23:48+00:00,19.34481639,,,,,130.54459253407927,0.0
2022-09-04 12:23:50+00:00,19.67530249,,,,,126.77724072834336,0.0
2022-09-04 12:23:52+00:00,19.49297807,,,,,83.54061625118511,0.0
2022-09-04 12:23:54+00:00,19.05888773,,,,,54.227493285156,0.0
2022-09-04 12:23:56+00:00,18.49464115,,,,,38.005247695241174,0.0
2022-09-04 12:23:58+00:00,17.85856684,,,,,0.0,3.592967936138831
2022-09-04 12:24:00+00:00,17.17986526,,,,,0.0,9.358933312387112
2022-09-04 12:24:02+00:00,16.47402311,,,,,0.0,13.420555669101471
2022-09-04 12:24:04+00:00,15.74984408,,,,,0.0,16.38260527166825
2022-09-04 12:24:06+00:00,15.01271151,,,,,0.0,18.557740674140415
2022-09-04 12:24:08+00:00,14.26614387,,,,,0.0,20.121800247428137
2022-09-04 12:24:10+00:00,13.51256695,,,,,0.0,21.183812490323543
2022-09-04 12:24:12+00:00,12.75371886,,,,,0.0,21.8181534044587
2022-09-04 12:24:14+00:00,11.99087738,,,,,0.0,22.079834677094432
2022-09-04 12:24:16+00:00,11.2249973,,,,,0.0,15.931810988868707
2022-09-04 12:24:18+00:00,10.45679916,,,,,59.53671621168106,0.0
2022-09-04 12:24:20+00:00,10.29949932,,,,,126.48359420903317,0.0
2022-09-04 12:24:22+00:00,13.2506222,,,,,224.45410088358852,0.0
2022-09-04 12:24:24+00:00,15.18666981,,,,,275.234752925534,0.0
2022-09-04 12:24:26+00:00,16.85656407,,,,,293.4414565376367,0.0
2022-09-04 12:24:28+00:00,18.90684353,,,,,312.81097012310033,0.0
2022-09-04 12:24:30+00:00,20.85329407,,,,,253.39635461601904,0.0
2022-09-04 12:24:32+00:00,21.34757402,,,,,90.1981727974482,0.0
2022-09-04 12:24:34+00:00,20.14889488,,,,,-74.61443722598084,0.0
2022-09-04 12:24:36+00:00,17.71738407,,,,,-157.6329611304013,0.0
2022-09-04 12:24:38+00:00,15.57589809,,,,,-199.6419708924325,0.0
2022-09-04 12:24:40+00:00,11.10084669,,,,,-158.2965773935711,0.0
2022-09-04 12:24:42+00:00,7.495371729,,,,,-80.6123652470741,0.0
2022-09-04 12:24:44+00:00,5.512694694,,,,,0.0,20.985732976658433
2022-09-04 12:24:46+00:00,5.731557887,,,,,39.68109626704502,0.0
2022-09-04 12:24:48+00:00,6.814839735,,,,,38.813781929352295,0.0
2022-09-04 12:24:50+00:00,5.735784634,,,,,0.0,12.441026299659718
2022-09-04 12:24:52+00:00,4.625717538,,,,,0.0,15.658627669670969
2022-09-04 12:24:54+00:00,3.706512736,,,,,0.0,6.195932872379557
2022-09-04 12:24:56+00:00,3.331317256,,,,,25.041165046637932,0.0
2022-09-04 12:24:58+00:00,3.506617415,,,,,43.34178820060538,0.0
2022-09-04 12:25:00+00:00,3.975580132,,,,,51.21584586285592,0.0
2022-09-04 12:25:02+00:00,4.612573505,,,,,58.64234210874416,0.0
2022-09-04 12:25:04+00:00,5.352968797,,,,,66.19271986498207,0.0
2022-09-04 12:25:06+00:00,6.161310494,,,,,74.22076379752157,0.0
2022-09-04 12:25:08+00:00,7.016686684,,,,,85.31397723209358,0.0
2022-09-04 12:25:10+00:00,7.933857226,,,,,94.88493595441217,0.0
2022-09-04 12:25:12+00:00,9.218784542,,,,,99.61431250216651,0.0
2022-09-04 12:25:14+00:00,9.819560433,,,,,94.6681502979347,0.0
2022-09-04 12:25:16+00:00,10.25484002,,,,,94.7913977534732,0.0
2022-09-04 12:25:18+00:00,11.0107737,,,,,104.5785366258707,0.0
2022-09-04 12:25:20+00:00,11.82656705,,,,,108.38657825940162,0.0
2022-09-04 12:25:22+00:00,12.39177802,,,,,101.23406374020746,0.0
2022-09-04 12:25:24+00:00,12.75854379,,,,,92.11601833691736,0.0
2022-09-04 12:25:26+00:00,13.01997031,,,,,86.43847693358228,0.0
2022-09-04 12:25:28+00:00,13.22145548,,,,,83.41704411367998,0.0
2022-09-04 12:25:30+00:00,13.38625208,,,,,81.76505692460286,0.0
2022-09-04 12:25:32+00:00,13.52704967,,,,,80.85560108117622,0.0
2022-09-04 12:25:34+00:00,13.65129108,,,,,80.37647650246724,0.0
2022-09-04 12:25:36+00:00,13.76366472,,,,,80.16549675950506,0.0
2022-09-04 12:25:38+00:00,13.86731121,,,,,80.13320069117228,0.0
2022-09-04 12:25:40+00:00,13.96443559,,,,,84.00898929486138,0.0
2022-09-04 12:25:42+00:00,14.05663742,,,,,84.18444624892759,0.0
2022-09-04 12:25:44+00:00,14.41127809,,,,,91.39787026474514,0.0
2022-09-04 12:25:46+00:00,14.22825676,,,,,97.18954995677291,0.0
2022-09-04 12:25:48+00:00,14.93359107,,,,,106.7328105911016,0.0
2022-09-04 12:25:50+00:00,15.16048724,,,,,106.62019790424253,0.0
2022-09-04 12:25:52+00:00,15.37719402,,,,,89.18640931881606,0.0
2022-09-04 12:25:54+00:00,15.55617489,,,,,70.23223876502054,0.0
2022-09-04 12:25:56+00:00,15.08994074,,,,,61.06659133150984,0.0
2022-09-04 12:25:58+00:00,14.72194517,,,,,73.72007711461804,0.0
2022-09-04 12:26:00+00:00,15.0552316,,,,,106.97104872819466,0.0
2022-09-04 12:26:02+00:00,15.40549161,,,,,130.57522817849983,0.0
2022-09-04 12:26:04+00:00,16.25573309,,,,,120.7139729737484,0.0
2022-09-04 12:26:06+00:00,16.67134654,,,,,69.56588419036073,0.0
2022-09-04 12:26:08+00:00,15.8454251,,,,,0.0,16.514786437793546
2022-09-04 12:26:10+00:00,14.64768988,,,,,0.0,26.42698278181979
2022-09-04 12:26:12+00:00,13.88183985,,,,,0.0,5.337087717877267
2022-09-04 12:26:14+00:00,13.61963436,,,,,53.97738380370493,0.0
2022-09-04 12:26:16+00:00,13.60994445,,,,,72.5352498074599,0.0
2022-09-04 12:26:18+00:00,13.73443687,,,,,83.27897681804278,0.0
2022-09-04 12:26:20+00:00,13.9353738,,,,,90.40857367513506,0.0
2022-09-04 12:26:22+00:00,14.18315463,,,,,95.79483725422823,0.0
2022-09-04 12:26:24+00:00,14.46160746,,,,,100.30498425785188,0.0
2022-09-04 12:26:26+00:00,14.7612356,,,,,104.3581936854421,0.0
2022-09-04 12:26:28+00:00,15.07605035,,,,,108.16769256778873,0.0
2022-09-04 12:26:30+00:00,15.40203644,,,,,111.84912519040444,0.0
2022-09-04 12:26:32+00:00,15.73637298,,,,,115.47014138409409,0.0
2022-09-04 12:26:34+00:00,16.07701279,,,,,134.5480581775912,0.0
2022-09-04 12:26:36+00:00,16.4224385,,,,,195.4051472856032,0.0
2022-09-04 12:26:38+00:00,17.7003592,,,,,261.18329221906924,0.0
2022-09-04 12:26:40+00:00,20.41391044,,,,,291.14716531935426,0.0
2022-09-04 12:26:42+00:00,20.84813746,,,,,207.056144199484,0.0
2022-09-04 12:26:44+00:00,21.0371482,,,,,117.27941282458067,0.0
2022-09-04 12:26:46+00:00,20.75254401,,,,,72.7168941868508,0.0
2022-09-04 12:26:48+00:00,19.99718078,,,,,55.493084688658485,0.0
2022-09-04 12:26:50+00:00,19.41078538,,,,,70.58240578188202,0.0
2022-09-04 12:26:52+00:00,19.327776,,,,,91.19526578782029,0.0
2022-09-04 12:26:54+00:00,19.33037142,,,,,94.5915718409691,0.0
2022-09-04 12:26:56+00:00,19.06454997,,,,,105.7697987680383,0.0
2022-09-04 12:26:58+00:00,18.83178565,,,,,127.3677050382091,0.0
2022-09-04 12:27:00+00:00,19.66882778,,,,,142.34456244459938,0.0
2022-09-04 12:27:02+00:00,19.78594267,,,,,115.74594855457381,0.0
2022-09-04 12:27:04+00:00,19.47584339,,,,,92.50656806602083,0.0
2022-09-04 12:27:06+00:00,19.03069459,,,,,116.73565300849948,0.0
2022-09-04 12:27:08+00:00,19.41555004,,,,,167.18202783027567,0.0
2022-09-04 12:27:10+00:00,20.26364972,,,,,195.9602003842391,0.0
2022-09-04 12:27:12+00:00,20.96707647,,,,,179.51673098218106,0.0
2022-09-04 12:27:14+00:00,21.03605721,,,,,148.82004935245752,0.0
2022-09-04 12:27:16+00:00,21.00411613,,,,,133.17993417572944,0.0
2022-09-04 12:27:18+00:00,21.15813841,,,,,120.70609467111663,0.0
2022-09-04 12:27:20+00:00,21.07921825,,,,,91.41458907201722,0.0
2022-09-04 12:27:22+00:00,20.54850693,,,,,59.2520114306034,0.0
2022-09-04 12:27:24+00:00,19.88674541,,,,,45.085278179420165,0.0
2022-09-04 12:27:26+00:00,19.30058019,,,,,42.16362110893079,0.0
2022-09-04 12:27:28+00:00,18.79067065,,,,,21.80874853053953,0.0
2022-09-04 12:27:30+00:00,18.13005369,,,,,0.0,12.51120316210624
2022-09-04 12:27:32+00:00,17.27507634,,,,,0.0,13.722413711828931
2022-09-04 12:27:34+00:00,16.29828765,,,,,48.69585578866006,0.0
2022-09-04 12:27:36+00:00,16.18888113,,,,,102.28093609714406,0.0
2022-09-04 12:27:38+00:00,16.91082946,,,,,168.98898530014057,0.0
2022-09-04 12:27:40+00:00,17.64964484,,,,,222.0187401559251,0.0
2022-09-04 12:27:42+00:00,19.2759373,,,,,258.80645108560935,0.0
2022-09-04 12:27:44+00:00,20.58446164,,,,,246.24839235030188,0.0
2022-09-04 12:27:46+00:00,21.22289246,,,,,184.97811851645514,0.0
2022-09-04 12:27:48+00:00,21.32337424,,,,,127.40520608496341,0.0
2022-09-04 12:27:50+00:00,20.98644952,,,,,95.4840746532449,0.0
2022-09-04 12:27:52+00:00,20.63313882,,,,,82.30648923832311,0.0
2022-09-04 12:27:54+00:00,20.41417301,,,,,82.39091378970987,0.0
2022-09-04 12:27:56+00:00,19.92019337,,,,,86.62671859663006,0.0
2022-09-04 12:27:58+00:00,19.81390974,,,,,98.22775363534303,0.0
2022-09-04 12:28:00+00:00,19.75031506,,,,,108.81775627221492,0.0
2022-09-04 12:28:02+00:00,19.71665501,,,,,111.47417287159318,0.0
2022-09-04 12:28:04+00:00,19.69979602,,,,,113.14953123150977,0.0
2022-09-04 12:28:06+00:00,19.69308137,,,,,114.19580193992272,0.0
2022-09-04 12:28:08+00:00,19.69292507,,,,,112.821181222907,0.0
2022-09-04 12:28:10+00:00,19.69725292,,,,,101.2668887812907,0.0
2022-09-04 12:28:12+00:00,19.60170382,,,,,78.16493137838175,0.0
2022-09-04 12:28:14+00:00,19.1177604,,,,,58.548612632727526,0.0
2022-09-04 12:28:16+00:00,18.49328307,,,,,65.2821628265159,0.0
2022-09-04 12:28:18+00:00,18.19655775,,,,,82.55459027107717,0.0
2022-09-04 12:28:20+00:00,18.47797442,,,,,91.09089290625008,0.0
2022-09-04 12:28:22+00:00,18.1259251,,,,,79.92313472017504,0.0
2022-09-04 12:28:24+00:00,17.8990882,,,,,75.60169966940371,0.0
2022-09-04 12:28:26+00:00,17.65342562,,,,,87.43741854271495,0.0
2022-09-04 12:28:28+00:00,17.67850064,,,,,91.2781842994224,0.0
2022-09-04 12:28:30+00:00,17.82545751,,,,,72.4228469938464,0.0
2022-09-04 12:28:32+00:00,17.40854472,,,,,45.589522753460116,0.0
2022-09-04 12:28:34+00:00,16.50309722,,,,,21.857067004342703,0.0
2022-09-04 12:28:36+00:00,16.20298611,,,,,37.37267383055858,0.0
2022-09-04 12:28:38+00:00,15.80496573,,,,,39.17991179684991,0.0
2022-09-04 12:28:40+00:00,15.12974624,,,,,0.0,14.99643391494482
2022-09-04 12:28:42+00:00,14.8070171,,,,,-36.61573344163514,0.0
2022-09-04 12:28:44+00:00,13.00925461,,,,,-31.36095494808875,0.0
2022-09-04 12:28:46+00:00,11.81170679,,,,,38.777274358830766,0.0
2022-09-04 12:28:48+00:00,12.42361064,,,,,98.99863417207136,0.0
2022-09-04 12:28:50+00:00,13.47513904,,,,,129.7404774409634,0.0
2022-09-04 12:28:52+00:00,14.09208372,,,,,122.7537717606136,0.0
2022-09-04 12:28:54+00:00,14.50510955,,,,,114.77155494421817,0.0
2022-09-04 12:28:56+00:00,14.85177943,,,,,115.64110536937811,0.0
2022-09-04 12:28:58+00:00,15.38176178,,,,,93.46999485283267,0.0
2022-09-04 12:29:00+00:00,15.73948819,,,,,49.926248861680975,0.0
2022-09-04 12:29:02+00:00,14.44004159,,,,,0.0,15.327879227344836
2022-09-04 12:29:04+00:00,13.72146754,,,,,0.0,6.871264687898798
2022-09-04 12:29:06+00:00,13.26486584,,,,,79.01511216208725,0.0
2022-09-04 12:29:08+00:00,13.54916294,,,,,142.01092925081264,0.0
2022-09-04 12:29:10+00:00,15.40063692,,,,,216.4154363364156,0.0
2022-09-04 12:29:12+00:00,16.76612152,,,,,251.34495370118458,0.0
2022-09-04 12:29:14+00:00,18.48272893,,,,,235.8172385415843,0.0
2022-09-04 12:29:16+00:00,19.5965282,,,,,169.40180321859566,0.0
2022-09-04 12:29:18+00:00,19.35452307,,,,,65.56842330245709,0.0
2022-09-04 12:29:20+00:00,18.61623099,,,,,0.0,25.29817067870709
2022-09-04 12:29:22+00:00,17.13566403,,,,,-33.45904408740243,0.0
2022-09-04 12:29:24+00:00,16.42162249,,,,,-47.22212256895446,0.0
2022-09-04 12:29:26+00:00,15.59219917,,,,,-52.47273496304126,0.0
2022-09-04 12:29:28+00:00,13.20289725,,,,,0.0,14.9046133654434
2022-09-04 12:29:30+00:00,12.95957699,,,,,101.77792719580135,0.0
2022-09-04 12:29:32+00:00,15.07159601,,,,,180.3541478730212,0.0
2022-09-04 12:29:34+00:00,16.36807175,,,,,162.31250349824185,0.0
2022-09-04 12:29:36+00:00,16.30291328,,,,,102.2698076910273,0.0
2022-09-04 12:29:38+00:00,16.16134411,,,,,83.91237398809685,0.0
2022-09-04 12:29:40+00:00,16.21007959,,,,,99.59542996617601,0.0
2022-09-04 12:29:42+00:00,16.3493686,,,,,107.34514901569834,0.0
2022-09-04 12:29:44+00:00,16.93026294,,,,,101.74307251144931,0.0
2022-09-04 12:29:46+00:00,16.65294623,,,,,67.85605408962275,0.0
2022-09-04 12:29:48+00:00,16.51118747,,,,,3.24043906101478,0.0
2022-09-04 12:29:50+00:00,15.50543092,,,,,2.950004652588273,0.0
2022-09-04 12:29:52+00:00,14.73510174,,,,,55.39431508414077,0.0
2022-09-04 12:29:54+00:00,15.3009053,,,,,83.93507645666779,0.0
2022-09-04 12:29:56+00:00,15.29404697,,,,,89.12465563044701,0.0
2022-09-04 12:29:58+00:00,15.1958217,,,,,72.85486615699362,0.0
2022-09-04 12:30:00+00:00,15.42527521,,,,,76.04622410378627,0.0
2022-09-04 12:30:02+00:00,14.74595793,,,,,105.16119744143431,0.0
2022-09-04 12:30:04+00:00,15.43763669,,,,,174.81526522934135,0.0
2022-09-04 12:30:06+00:00,17.07782122,,,,,223.8177112355121,0.0
2022-09-04 12:30:08+00:00,18.96102881,,,,,174.56006350479066,0.0
2022-09-04 12:30:10+00:00,18.56156966,,,,,56.55828274386968,0.0
2022-09-04 12:30:12+00:00,17.3263132,,,,,-27.050892256094304,0.0
2022-09-04 12:30:14+00:00,16.17816085,,,,,0.0,29.437872708597684
2022-09-04 12:30:16+00:00,15.83540751,,,,,0.0,5.803523101891712
2022-09-04 12:30:18+00:00,14.70448873,,,,,61.35702988821874,0.0
2022-09-04 12:30:20+00:00,15.16886939,,,,,107.90498016241759,0.0
2022-09-04 12:30:22+00:00,15.83479545,,,,,152.21635062826462,0.0
2022-09-04 12:30:24+00:00,16.55462504,,,,,162.70167094369236,0.0
2022-09-04 12:30:26+00:00,17.52011067,,,,,150.7350507384406,0.0
2022-09-04 12:30:28+00:00,17.81047332,,,,,100.6845222405268,0.0
2022-09-04 12:30:30+00:00,17.61037189,,,,,38.26186474572422,0.0
2022-09-04 12:30:32+00:00,16.60607715,,,,,0.0,16.89871935703508
2022-09-04 12:30:34+00:00,15.45471334,,,,,7.750152959944472,0.0
2022-09-04 12:30:36+00:00,15.43149319,,,,,77.19419343128989,0.0
2022-09-04 12:30:38+00:00,15.69900163,,,,,113.12212761456168,0.0
2022-09-04 12:30:40+00:00,16.12636713,,,,,136.71419786031538,0.0
2022-09-04 12:30:42+00:00,16.65641419,,,,,161.65011250404572,0.0
2022-09-04 12:30:44+00:00,17.55788235,,,,,173.2951636426427,0.0
2022-09-04 12:30:46+00:00,18.46468631,,,,,149.26918410488798,0.0
2022-09-04 12:30:48+00:00,18.5492976,,,,,99.90025994764774,0.0
2022-09-04 12:30:50+00:00,18.05456582,,,,,53.95941458896467,0.0
2022-09-04 12:30:52+00:00,17.73753133,,,,,37.551995452228454,0.0
2022-09-04 12:30:54+00:00,16.75981673,,,,,0.0,4.51506001184345
2022-09-04 12:30:56+00:00,16.50168771,,,,,0.0,9.857780077033308
2022-09-04 12:30:58+00:00,15.56777822,,,,,41.24889356430302,0.0
2022-09-04 12:31:00+00:00,14.89334137,,,,,73.38221591323335,0.0
2022-09-04 12:31:02+00:00,15.7882125,,,,,121.8313725489748,0.0
2022-09-04 12:31:04+00:00,16.00730418,,,,,125.3706692083486,0.0
2022-09-04 12:31:06+00:00,16.83721764,,,,,107.14321890797191,0.0
2022-09-04 12:31:08+00:00,16.31832479,,,,,84.25269879858858,0.0
2022-09-04 12:31:10+00:00,16.43762104,,,,,72.63945169936612,0.0
2022-09-04 12:31:12+00:00,16.251233,,,,,58.799815853191724,0.0
2022-09-04 12:31:14+00:00,16.00421124,,,,,39.574077009115726,0.0
2022-09-04 12:31:16+00:00,15.07777356,,,,,48.651653872901605,0.0
2022-09-04 12:31:18+00:00,14.8185673,,,,,73.66699909165803,0.0
2022-09-04 12:31:20+00:00,15.46621839,,,,,81.16406838567656,0.0
2022-09-04 12:31:22+00:00,15.38948789,,,,,49.52955291925222,0.0
2022-09-04 12:31:24+00:00,14.51030947,,,,,0.0,4.3725612625869665
2022-09-04 12:31:26+00:00,13.77513555,,,,,54.91795959494566,0.0
2022-09-04 12:31:28+00:00,13.79182434,,,,,113.39023152243205,0.0
2022-09-04 12:31:30+00:00,14.94423437,,,,,160.7567895271549,0.0
2022-09-04 12:31:32+00:00,16.33555171,,,,,160.50407383815866,0.0
2022-09-04 12:31:34+00:00,16.60305487,,,,,99.43286852085436,0.0
2022-09-04 12:31:36+00:00,16.48326582,,,,,41.35168386286244,0.0
2022-09-04 12:31:38+00:00,15.41884986,,,,,0.0,11.755771878584078
2022-09-04 12:31:40+00:00,14.71774002,,,,,0.0,2.9423739298396576
2022-09-04 12:31:42+00:00,14.37662886,,,,,60.3765879156703,0.0
2022-09-04 12:31:44+00:00,14.31094318,,,,,93.2723346746324,0.0
2022-09-04 12:31:46+00:00,14.85689607,,,,,111.91985609256469,0.0
2022-09-04 12:31:48+00:00,15.55421129,,,,,121.94344242115208,0.0
2022-09-04 12:31:50+00:00,15.41151673,,,,,118.86197897654384,0.0
2022-09-04 12:31:52+00:00,16.2797947,,,,,136.4728695702936,0.0
2022-09-04 12:31:54+00:00,16.54346463,,,,,160.16562014661747,0.0
2022-09-04 12:31:56+00:00,17.39863036,,,,,161.33252801770854,0.0
2022-09-04 12:31:58+00:00,18.48133384,,,,,126.59729865992955,0.0
2022-09-04 12:32:00+00:00,18.02898635,,,,,61.77477253755239,0.0
2022-09-04 12:32:02+00:00,17.1143612,,,,,0.0,15.913809412815203
2022-09-04 12:32:04+00:00,16.68718131,,,,,0.0,25.544180862555763
2022-09-04 12:32:06+00:00,15.273251,,,,,0.0,8.784353850612687
2022-09-04 12:32:08+00:00,14.73702155,,,,,38.474653563087635,0.0
2022-09-04 12:32:10+00:00,15.3142549,,,,,27.895680435257052,0.0
2022-09-04 12:32:12+00:00,14.07884972,,,,,-32.96269687255363,0.0
2022-09-04 12:32:14+00:00,13.00872274,,,,,-44.33861297386032,0.0
2022-09-04 12:32:16+00:00,11.23469653,,,,,0.0,8.765940324300372
2022-09-04 12:32:18+00:00,11.20320456,,,,,81.48388898009831,0.0
2022-09-04 12:32:20+00:00,12.61742545,,,,,133.66685973470825,0.0
2022-09-04 12:32:22+00:00,13.61308683,,,,,135.782486531783,0.0
2022-09-04 12:32:24+00:00,14.11969319,,,,,115.5607442551604,0.0
2022-09-04 12:32:26+00:00,14.39302776,,,,,110.81068813930709,0.0
2022-09-04 12:32:28+00:00,14.78493041,,,,,116.87300492284886,0.0
2022-09-04 12:32:30+00:00,15.41245669,,,,,133.10065298324673,0.0
2022-09-04 12:32:32+00:00,15.74335011,,,,,157.9937676326941,0.0
2022-09-04 12:32:34+00:00,16.73804678,,,,,199.99512751156922,0.0
2022-09-04 12:32:36+00:00,18.07329958,,,,,240.30510834928742,0.0
2022-09-04 12:32:38+00:00,19.38905716,,,,,262.7010891105065,0.0
2022-09-04 12:32:40+00:00,20.44659049,,,,,242.5411091136395,0.0
2022-09-04 12:32:42+00:00,21.70088953,,,,,151.31573828307603,0.0
2022-09-04 12:32:44+00:00,21.32004213,,,,,-64.46351509035702,0.0
2022-09-04 12:32:46+00:00,19.20091148,,,,,-200.0,3.1256511286920556
2022-09-04 12:32:48+00:00,14.56847057,,,,,-200.0,2.3823116982923978
2022-09-04 12:32:50+00:00,11.17357176,,,,,-132.99483001211604,0.0
2022-09-04 12:32:52+00:00,8.950512651,,,,,-58.16404865740483,0.0
2022-09-04 12:32:54+00:00,7.485238286,,,,,0.0,1.7619818867348
2022-09-04 12:32:56+00:00,8.013728829,,,,,95.98261159872604,0.0
2022-09-04 12:32:58+00:00,9.92867585,,,,,178.70668490685145,0.0
2022-09-04 12:33:00+00:00,12.41482156,,,,,268.22452689689356,0.0
2022-09-04 12:33:02+00:00,15.2506791,,,,,363.4324484828483,0.0
2022-09-04 12:33:04+00:00,18.31534601,,,,,469.17528512996313,0.0
2022-09-04 12:33:06+00:00,21.36043901,,,,,515.3479845164121,0.0
2022-09-04 12:33:08+00:00,24.55370516,,,,,439.9620809721431,0.0
2022-09-04 12:33:10+00:00,25.14824731,,,,,238.0862798450526,0.0
2022-09-04 12:33:12+00:00,24.36968084,,,,,91.1323584246736,0.0
2022-09-04 12:33:14+00:00,23.65738033,,,,,68.86270871803254,0.0
2022-09-04 12:33:16+00:00,22.93120946,,,,,109.02991505433614,0.0
2022-09-04 12:33:18+00:00,22.8481848,,,,,133.58585170896293,0.0
2022-09-04 12:33:20+00:00,23.43180513,,,,,123.95694972125459,0.0
2022-09-04 12:33:22+00:00,22.48656936,,,,,91.82918360972671,0.0
2022-09-04 12:33:24+00:00,21.93731709,,,,,103.57850358048182,0.0
2022-09-04 12:33:26+00:00,22.04986183,,,,,152.54784670670952,0.0
2022-09-04 12:33:28+00:00,22.32747213,,,,,174.17444827328154,0.0
2022-09-04 12:33:30+00:00,22.64805756,,,,,152.71000255808647,0.0
2022-09-04 12:33:32+00:00,22.663409,,,,,106.05129012489373,0.0
2022-09-04 12:33:34+00:00,21.95266804,,,,,64.5718399866939,0.0
2022-09-04 12:33:36+00:00,21.26864258,,,,,53.64235674055405,0.0
2022-09-04 12:33:38+00:00,20.75025048,,,,,61.49726944507817,0.0
2022-09-04 12:33:40+00:00,20.30814925,,,,,70.22702397910258,0.0
2022-09-04 12:33:42+00:00,19.90200394,,,,,62.5340195623744,0.0
2022-09-04 12:33:44+00:00,19.6829563,,,,,32.800878054856604,0.0
2022-09-04 12:33:46+00:00,18.70628432,,,,,0.0,11.24058044742122
2022-09-04 12:33:48+00:00,17.54378252,,,,,65.55388948167867,0.0
2022-09-04 12:33:50+00:00,17.48233107,,,,,159.6971787036969,0.0
2022-09-04 12:33:52+00:00,19.20234614,,,,,264.5869088250133,0.0
2022-09-04 12:33:54+00:00,20.59147981,,,,,299.87477317941193,0.0
2022-09-04 12:33:56+00:00,22.0196347,,,,,266.06208612037705,0.0
2022-09-04 12:33:58+00:00,22.65859955,,,,,204.2365865327939,0.0
2022-09-04 12:34:00+00:00,22.52272827,,,,,161.4831101220834,0.0
2022-09-04 12:34:02+00:00,22.4721703,,,,,171.11133275334845,0.0
2022-09-04 12:34:04+00:00,22.88303813,,,,,202.85073505885828,0.0
2022-09-04 12:34:06+00:00,23.41017048,,,,,202.38794991840948,0.0
2022-09-04 12:34:08+00:00,23.77134262,,,,,159.33434203325606,0.0
2022-09-04 12:34:10+00:00,23.42618124,,,,,84.76436089293507,0.0
2022-09-04 12:34:12+00:00,22.77714439,,,,,0.0,3.236517097504177
2022-09-04 12:34:14+00:00,21.42233007,,,,,0.0,14.435048580247868
2022-09-04 12:34:16+00:00,20.60689888,,,,,70.56496291547919,0.0
2022-09-04 12:34:18+00:00,20.22682956,,,,,143.44593100183,0.0
2022-09-04 12:34:20+00:00,21.44622573,,,,,196.47535698140135,0.0
2022-09-04 12:34:22+00:00,21.70042143,,,,,199.2481995000618,0.0
2022-09-04 12:34:24+00:00,21.95078037,,,,,179.37245384598353,0.0
2022-09-04 12:34:26+00:00,22.49935992,,,,,158.99398173659822,0.0
2022-09-04 12:34:28+00:00,22.41344603,,,,,119.2489562386077,0.0
2022-09-04 12:34:30+00:00,21.82222108,,,,,103.84932763073766,0.0
2022-09-04 12:34:32+00:00,21.55635533,,,,,131.90741317895464,0.0
2022-09-04 12:34:34+00:00,21.87811169,,,,,173.08837586389848,0.0
2022-09-04 12:34:36+00:00,22.25689618,,,,,193.2541432235497,0.0
2022-09-04 12:34:38+00:00,22.65893186,,,,,195.40815518542746,0.0
2022-09-04 12:34:40+00:00,22.94957266,,,,,192.64366419067096,0.0
2022-09-04 12:34:42+00:00,23.20352691,,,,,186.30858435668728,0.0
2022-09-04 12:34:44+00:00,23.44005558,,,,,170.0850318052108,0.0
2022-09-04 12:34:46+00:00,23.48648171,,,,,166.32981919215263,0.0
2022-09-04 12:34:48+00:00,23.19116469,,,,,184.1857383955148,0.0
2022-09-04 12:34:50+00:00,23.7992628,,,,,209.2085932312046,0.0
2022-09-04 12:34:52+00:00,24.36623939,,,,,187.8814220539565,0.0
2022-09-04 12:34:54+00:00,24.18403359,,,,,108.02819832022706,0.0
2022-09-04 12:34:56+00:00,23.50760155,,,,,52.22009214565436,0.0
2022-09-04 12:34:58+00:00,22.30481037,,,,,50.67070161915486,0.0
2022-09-04 12:35:00+00:00,21.86192014,,,,,90.11084708998358,0.0
2022-09-04 12:35:02+00:00,21.79104455,,,,,134.17841672727934,0.0
2022-09-04 12:35:04+00:00,21.91175509,,,,,159.08659626219904,0.0
2022-09-04 12:35:06+00:00,22.13770985,,,,,179.42216116233456,0.0
2022-09-04 12:35:08+00:00,22.42582492,,,,,176.97597421210574,0.0
2022-09-04 12:35:10+00:00,22.93507678,,,,,154.4788373823055,0.0
2022-09-04 12:35:12+00:00,22.50036148,,,,,141.2895479762729,0.0
2022-09-04 12:35:14+00:00,22.22297379,,,,,172.16244335641355,0.0
2022-09-04 12:35:16+00:00,22.9694998,,,,,220.70279476550135,0.0
2022-09-04 12:35:18+00:00,23.76467447,,,,,241.87658148911584,0.0
2022-09-04 12:35:20+00:00,23.81737525,,,,,216.86137943915037,0.0
2022-09-04 12:35:22+00:00,24.54635826,,,,,195.74539950831846,0.0
2022-09-04 12:35:24+00:00,24.34911832,,,,,162.7628482055677,0.0
2022-09-04 12:35:26+00:00,24.13114454,,,,,141.7946455479589,0.0
2022-09-04 12:35:28+00:00,23.96696276,,,,,142.2438786340857,0.0
2022-09-04 12:35:30+00:00,23.95067138,,,,,127.1290023373316,0.0
2022-09-04 12:35:32+00:00,23.65300565,,,,,105.83608619511158,0.0
2022-09-04 12:35:34+00:00,22.96969504,,,,,101.41825295392042,0.0
2022-09-04 12:35:36+00:00,22.74393809,,,,,119.95170042243099,0.0
2022-09-04 12:35:38+00:00,22.77274413,,,,,161.76547073795123,0.0
2022-09-04 12:35:40+00:00,22.65297707,,,,,207.95326959846167,0.0
2022-09-04 12:35:42+00:00,23.61219995,,,,,272.7623449723486,0.0
2022-09-04 12:35:44+00:00,24.44533656,,,,,276.2010796977186,0.0
2022-09-04 12:35:46+00:00,25.45594165,,,,,176.93027671540347,0.0
2022-09-04 12:35:48+00:00,24.81362737,,,,,0.0,21.95319908095844
2022-09-04 12:35:50+00:00,22.91031895,,,,,-136.91248106649186,0.0
2022-09-04 12:35:52+00:00,20.33512386,,,,,-200.0,7.559952822717861
2022-09-04 12:35:54+00:00,17.37598753,,,,,-200.0,47.45568370906227
2022-09-04 12:35:56+00:00,13.26319623,,,,,-200.0,5.333118373696607
2022-09-04 12:35:58+00:00,8.86964274,,,,,-110.4413708977252,0.0
2022-09-04 12:36:00+00:00,6.719601816,,,,,-40.62613377723715,0.0
2022-09-04 12:36:02+00:00,6.204574378,,,,,0.0,0.44988893752622416
2022-09-04 12:36:04+00:00,6.487433472,,,,,60.51337326480821,0.0
2022-09-04 12:36:06+00:00,7.221509128,,,,,82.00096424545482,0.0
2022-09-04 12:36:08+00:00,8.230085103,,,,,102.37890222837733,0.0
2022-09-04 12:36:10+00:00,9.417286557,,,,,123.41394848416626,0.0
2022-09-04 12:36:12+00:00,10.72723089,,,,,145.76621884140545,0.0
2022-09-04 12:36:14+00:00,12.12492034,,,,,181.2286901446369,0.0
2022-09-04 12:36:16+00:00,13.58702081,,,,,216.2580356969667,0.0
2022-09-04 12:36:18+00:00,15.99475685,,,,,230.71047066359554,0.0
2022-09-04 12:36:20+00:00,17.17583237,,,,,210.44664537638135,0.0
2022-09-04 12:36:22+00:00,17.24783128,,,,,205.41908187536947,0.0
2022-09-04 12:36:24+00:00,18.86319663,,,,,246.70444365839367,0.0
2022-09-04 12:36:26+00:00,20.50556792,,,,,243.67775402826064,0.0
2022-09-04 12:36:28+00:00,20.92662205,,,,,167.3155125591398,0.0
2022-09-04 12:36:30+00:00,20.749556,,,,,113.67933969106508,0.0
2022-09-04 12:36:32+00:00,20.45226842,,,,,90.95856002911492,0.0
2022-09-04 12:36:34+00:00,20.43494811,,,,,70.9569685463281,0.0
2022-09-04 12:36:36+00:00,19.75169136,,,,,48.37254137159044,0.0
2022-09-04 12:36:38+00:00,19.00539355,,,,,44.29026217155349,0.0
2022-09-04 12:36:40+00:00,18.55154763,,,,,61.7781144304729,0.0
2022-09-04 12:36:42+00:00,18.31590391,,,,,78.94752940662696,0.0
2022-09-04 12:36:44+00:00,18.1891696,,,,,88.85886190526794,0.0
2022-09-04 12:36:46+00:00,18.11997388,,,,,99.93605196687531,0.0
2022-09-04 12:36:48+00:00,18.08334439,,,,,97.88099645520474,0.0
2022-09-04 12:36:50+00:00,18.38390116,,,,,56.506688973786325,0.0
2022-09-04 12:36:52+00:00,17.79285349,,,,,0.0,28.94263267172626
2022-09-04 12:36:54+00:00,15.92980947,,,,,-31.624994352830726,0.0
2022-09-04 12:36:56+00:00,15.04118388,,,,,0.0,1.1071051696780752
2022-09-04 12:36:58+00:00,15.40399394,,,,,96.16433843558609,0.0
2022-09-04 12:37:00+00:00,15.1826801,,,,,155.1704184594105,0.0
2022-09-04 12:37:02+00:00,16.77167919,,,,,214.63027674157527,0.0
2022-09-04 12:37:04+00:00,18.51441163,,,,,247.002230905974,0.0
2022-09-04 12:37:06+00:00,19.16803782,,,,,248.32207905313277,0.0
2022-09-04 12:37:08+00:00,20.10263486,,,,,269.6644735371566,0.0
2022-09-04 12:37:10+00:00,22.0185123,,,,,291.08762111772586,0.0
2022-09-04 12:37:12+00:00,22.72458445,,,,,220.80752211578366,0.0
2022-09-04 12:37:14+00:00,22.97025859,,,,,119.06527260879425,0.0
2022-09-04 12:37:16+00:00,22.17408279,,,,,61.54934886980532,0.0
2022-09-04 12:37:18+00:00,21.22810941,,,,,57.21260595207605,0.0
2022-09-04 12:37:20+00:00,20.95919103,,,,,74.42067919867577,0.0
2022-09-04 12:37:22+00:00,20.80803941,,,,,54.256279442084804,0.0
2022-09-04 12:37:24+00:00,20.12026741,,,,,0.0,26.97851895282355
2022-09-04 12:37:26+00:00,18.69045948,,,,,-44.76603436071089,0.0
2022-09-04 12:37:28+00:00,17.31415201,,,,,-27.091970573215907,0.0
2022-09-04 12:37:30+00:00,16.72888945,,,,,42.533179203478525,0.0
2022-09-04 12:37:32+00:00,16.57126242,,,,,79.03631108321643,0.0
2022-09-04 12:37:34+00:00,16.63927282,,,,,100.06315399356924,0.0
2022-09-04 12:37:36+00:00,16.83480532,,,,,113.50484701111284,0.0
2022-09-04 12:37:38+00:00,17.10786901,,,,,129.76185740263122,0.0
2022-09-04 12:37:40+00:00,17.43135789,,,,,165.72400370919397,0.0
2022-09-04 12:37:42+00:00,18.15237546,,,,,207.9860588265936,0.0
2022-09-04 12:37:44+00:00,19.69575616,,,,,233.4165471415699,0.0
2022-09-04 12:37:46+00:00,20.47529332,,,,,206.57952852354123,0.0
2022-09-04 12:37:48+00:00,20.81709851,,,,,162.94022153128773,0.0
2022-09-04 12:37:50+00:00,20.93549942,,,,,138.18430918948104,0.0
2022-09-04 12:37:52+00:00,20.93251613,,,,,123.97640598672855,0.0
2022-09-04 12:37:54+00:00,20.85866902,,,,,114.97712904289996,0.0
2022-09-04 12:37:56+00:00,20.74037612,,,,,108.67347321936745,0.0
2022-09-04 12:37:58+00:00,20.59241411,,,,,103.8608330112416,0.0
2022-09-04 12:38:00+00:00,20.42367433,,,,,99.940330964892,0.0
2022-09-04 12:38:02+00:00,20.23988775,,,,,96.59760393205876,0.0
2022-09-04 12:38:04+00:00,20.0449637,,,,,96.71922947517098,0.0
2022-09-04 12:38:06+00:00,19.84168264,,,,,104.65090210473798,0.0
2022-09-04 12:38:08+00:00,19.78145385,,,,,115.28332849349236,0.0
2022-09-04 12:38:10+00:00,19.93963634,,,,,116.31885028287087,0.0
2022-09-04 12:38:12+00:00,19.9323951,,,,,109.04378749874336,0.0
2022-09-04 12:38:14+00:00,19.65162962,,,,,110.29971834528736,0.0
2022-09-04 12:38:16+00:00,19.67956668,,,,,134.37191601127952,0.0
2022-09-04 12:38:18+00:00,19.99330654,,,,,166.9040804896545,0.0
2022-09-04 12:38:20+00:00,20.56118999,,,,,191.95154673890872,0.0
2022-09-04 12:38:22+00:00,21.13281083,,,,,207.0008599310028,0.0
2022-09-04 12:38:24+00:00,21.71902201,,,,,217.62750148613364,0.0
2022-09-04 12:38:26+00:00,22.31920492,,,,,229.0184953511025,0.0
2022-09-04 12:38:28+00:00,22.93132982,,,,,240.83150872260694,0.0
2022-09-04 12:38:30+00:00,23.55315109,,,,,237.13153583204874,0.0
2022-09-04 12:38:32+00:00,24.18264205,,,,,191.0615850293552,0.0
2022-09-04 12:38:34+00:00,24.19602786,,,,,110.46699512516032,0.0
2022-09-04 12:38:36+00:00,23.22020413,,,,,0.0,9.259883560326719
2022-09-04 12:38:38+00:00,22.25504308,,,,,-64.52199665955561,0.0
2022-09-04 12:38:40+00:00,20.52882816,,,,,-90.10119606607594,0.0
2022-09-04 12:38:42+00:00,18.39341108,,,,,-74.02455284496659,0.0
2022-09-04 12:38:44+00:00,17.2090507,,,,,-28.171502513840387,0.0
2022-09-04 12:38:46+00:00,16.71546487,,,,,68.87261673268569,0.0
2022-09-04 12:38:48+00:00,16.6295991,,,,,143.75240318093006,0.0
2022-09-04 12:38:50+00:00,17.74804766,,,,,214.21823715572623,0.0
2022-09-04 12:38:52+00:00,19.3638434,,,,,241.85259417836846,0.0
2022-09-04 12:38:54+00:00,20.25159984,,,,,192.3435145096316,0.0
2022-09-04 12:38:56+00:00,20.49298573,,,,,121.21228087085413,0.0
2022-09-04 12:38:58+00:00,20.01583939,,,,,83.35946021385666,0.0
2022-09-04 12:39:00+00:00,19.52988342,,,,,122.15864362781737,0.0
2022-09-04 12:39:02+00:00,19.532924,,,,,235.3903617302837,0.0
2022-09-04 12:39:04+00:00,21.42153625,,,,,358.2008231050537,0.0
2022-09-04 12:39:06+00:00,24.05114673,,,,,385.2754369429409,0.0
2022-09-04 12:39:08+00:00,24.7310484,,,,,256.38271927658275,0.0
2022-09-04 12:39:10+00:00,24.57091316,,,,,165.6587396696072,0.0
2022-09-04 12:39:12+00:00,23.96855081,,,,,179.39372293740817,0.0
2022-09-04 12:39:14+00:00,24.54031959,,,,,213.67305672802655,0.0
2022-09-04 12:39:16+00:00,25.36008818,,,,,187.82278142133083,0.0
2022-09-04 12:39:18+00:00,24.76518198,,,,,104.42602223988338,0.0
2022-09-04 12:39:20+00:00,23.86915722,,,,,0.0,12.84093633887942
2022-09-04 12:39:22+00:00,23.27390089,,,,,-41.97393027138905,0.0
2022-09-04 12:39:24+00:00,20.89495505,,,,,0.0,19.59033532812116
2022-09-04 12:39:26+00:00,20.31247412,,,,,86.36944766483101,0.0
2022-09-04 12:39:28+00:00,21.31181124,,,,,162.47829253191813,0.0
2022-09-04 12:39:30+00:00,21.20375261,,,,,138.90489265348197,0.0
2022-09-04 12:39:32+00:00,21.39837946,,,,,121.85203571919563,0.0
2022-09-04 12:39:34+00:00,20.61895307,,,,,135.31345804190767,0.0
2022-09-04 12:39:36+00:00,21.42138875,,,,,146.81617515939934,0.0
2022-09-04 12:39:38+00:00,21.70987353,,,,,122.9390339177571,0.0
2022-09-04 12:39:40+00:00,20.94248204,,,,,88.93224313460787,0.0
2022-09-04 12:39:42+00:00,20.52212634,,,,,89.11184450766018,0.0
2022-09-04 12:39:44+00:00,20.82260135,,,,,80.02190594143514,0.0
2022-09-04 12:39:46+00:00,20.2232576,,,,,0.0,29.803631756249064
2022-09-04 12:39:48+00:00,19.08361924,,,,,-98.32102766334843,0.0
2022-09-04 12:39:50+00:00,16.32044605,,,,,-113.07488842760783,0.0
2022-09-04 12:39:52+00:00,14.27613112,,,,,-90.21074783558343,0.0
2022-09-04 12:39:54+00:00,13.00280202,,,,,-86.4776248994809,0.0
2022-09-04 12:39:56+00:00,11.55714533,,,,,-106.42346445994852,0.0
2022-09-04 12:39:58+00:00,8.010550516,,,,,-86.9858980791985,0.0
2022-09-04 12:40:00+00:00,5.262328516,,,,,-47.75527306154113,0.0
2022-09-04 12:40:02+00:00,3.681095616,,,,,0.0,21.977589447744304
2022-09-04 12:40:04+00:00,2.755790374,,,,,0.0,8.703223268618771
2022-09-04 12:40:06+00:00,2.132644357,,,,,0.0,3.573674341804468
2022-09-04 12:40:08+00:00,1.646923965,,,,,0.0,1.3582848489567139
2022-09-04 12:40:10+00:00,1.323200884,,,,,0.0,0.31608929336941327
2022-09-04 12:40:12+00:00,1.073222082,,,,,3.8758090011600403,0.0
2022-09-04 12:40:14+00:00,0.883396559,,,,,0.0,0.0
2022-09-04 12:40:16+00:00,0.905590058,,,,,0.0,0.0
2022-09-04 12:40:18+00:00,0.82144539,,,,,0.0,0.0
2022-09-04 12:40:20+00:00,0.680905878,,,,,0.0,0.0
2022-09-04 12:40:22+00:00,0.572069619,,,,,0.0,0.0
2022-09-04 12:40:24+00:00,0.52603641,,,,,0.0,0.0
2022-09-04 12:40:26+00:00,0.615336341,,,,,0.0,0.0
2022-09-04 12:40:28+00:00,0.586163704,,,,,0.0,0.0
2022-09-04 12:40:30+00:00,0.581601005,,,,,0.0,0.0
2022-09-04 12:40:32+00:00,0.550537872,,,,,0.0,0.0
2022-09-04 12:40:34+00:00,0.539543576,,,,,0.0,0.0
2022-09-04 12:40:36+00:00,0.703799392,,,,,0.0,0.0
2022-09-04 12:40:38+00:00,0.614405617,,,,,0.0,0.0
2022-09-04 12:40:40+00:00,0.480965337,,,,,0.0,0.0
2022-09-04 12:40:42+00:00,0.450818297,,,,,0.0,0.0
2022-09-04 12:40:44+00:00,0.534661713,,,,,0.0,0.0
2022-09-04 12:40:46+00:00,0.660230604,,,,,0.0,0.0
2022-09-04 12:40:48+00:00,0.650074714,,,,,0.0,0.0
2022-09-04 12:40:50+00:00,0.659796662,,,,,0.0,0.0
2022-09-04 12:40:52+00:00,0.908152134,,,,,0.0,0.0
2022-09-04 12:40:54+00:00,0.914616327,,,,,0.0,0.0
2022-09-04 12:40:56+00:00,0.972594273,,,,,0.0,0.0
2022-09-04 12:40:58+00:00,1.055665046,,,,,21.439348727292966,0.0
2022-09-04 12:41:00+00:00,1.151570899,,,,,24.181884007627342,0.0
2022-09-04 12:41:02+00:00,1.254469558,,,,,26.826211756398,0.0
2022-09-04 12:41:04+00:00,1.361462504,,,,,29.43417435058586,0.0
2022-09-04 12:41:06+00:00,1.471030328,,,,,32.03377716400437,0.0
2022-09-04 12:41:08+00:00,1.582320735,,,,,34.637333602596705,0.0
2022-09-04 12:41:10+00:00,1.694819416,,,,,36.00860167718089,0.0
2022-09-04 12:41:12+00:00,1.808194034,,,,,36.275106238417635,0.0
2022-09-04 12:41:14+00:00,1.922217449,,,,,36.54277863193893,0.0
2022-09-04 12:41:16+00:00,2.036727891,,,,,36.811626240101084,0.0
2022-09-04 12:41:18+00:00,2.151606898,,,,,37.08165425817539,0.0
2022-09-04 12:41:20+00:00,2.26676617,,,,,37.35287928936201,0.0
2022-09-04 12:41:22+00:00,2.382139168,,,,,37.62533200416012,0.0
2022-09-04 12:41:24+00:00,2.49767542,,,,,37.89905551482758,0.0
2022-09-04 12:41:26+00:00,2.613336497,,,,,38.174102544554565,0.0
2022-09-04 12:41:28+00:00,2.729093067,,,,,38.45053260483742,0.0
2022-09-04 12:41:30+00:00,2.844922716,,,,,38.72840970367538,0.0
2022-09-04 12:41:32+00:00,2.9608083,,,,,39.00780058151442,0.0
2022-09-04 12:41:34+00:00,3.076736705,,,,,39.28877347087794,0.0
2022-09-04 12:41:36+00:00,3.19269789,,,,,39.57139723198276,0.0
2022-09-04 12:41:38+00:00,3.308684172,,,,,39.85574082465227,0.0
2022-09-04 12:41:40+00:00,3.424689668,,,,,40.1418729757588,0.0
2022-09-04 12:41:42+00:00,3.540709874,,,,,40.42986198343225,0.0
2022-09-04 12:41:44+00:00,3.656741343,,,,,40.71977565562099,0.0
2022-09-04 12:41:46+00:00,3.772781434,,,,,41.0116812658057,0.0
2022-09-04 12:41:48+00:00,3.888828128,,,,,41.30564558921831,0.0
2022-09-04 12:41:50+00:00,4.004879876,,,,,41.60173492636051,0.0
2022-09-04 12:41:52+00:00,4.120935494,,,,,41.9000151805003,0.0
2022-09-04 12:41:54+00:00,4.236994074,,,,,42.20055189074501,0.0
2022-09-04 12:41:56+00:00,4.353054924,,,,,42.50341030311693,0.0
2022-09-04 12:41:58+00:00,4.469117509,,,,,42.80865539878726,0.0
2022-09-04 12:42:00+00:00,4.585181425,,,,,43.11635196589828,0.0
2022-09-04 12:42:02+00:00,4.701246359,,,,,43.42656462321538,0.0
2022-09-04 12:42:04+00:00,4.817312072,,,,,43.73935785534189,0.0
2022-09-04 12:42:06+00:00,4.933378382,,,,,44.05479606022012,0.0
2022-09-04 12:42:08+00:00,5.049445149,,,,,44.37294356204578,0.0
2022-09-04 12:42:10+00:00,5.165512265,,,,,44.69386462449038,0.0
2022-09-04 12:42:12+00:00,5.28157965,,,,,45.01762349539458,0.0
2022-09-04 12:42:14+00:00,5.397647239,,,,,45.34428438822136,0.0
2022-09-04 12:42:16+00:00,5.513714986,,,,,45.67391151513568,0.0
2022-09-04 12:42:18+00:00,5.629782853,,,,,46.00656910513869,0.0
2022-09-04 12:42:20+00:00,5.745850811,,,,,46.34232138831477,0.0
2022-09-04 12:42:22+00:00,5.861918841,,,,,46.68123263180272,0.0
2022-09-04 12:42:24+00:00,5.977986924,,,,,47.02336711239684,0.0
2022-09-04 12:42:26+00:00,6.094055048,,,,,47.36878915739961,0.0
2022-09-04 12:42:28+00:00,6.210123204,,,,,47.71756312516795,0.0
2022-09-04 12:42:30+00:00,6.326191385,,,,,48.06975340615405,0.0
2022-09-04 12:42:32+00:00,6.442259583,,,,,48.425424437738094,0.0
2022-09-04 12:42:34+00:00,6.558327796,,,,,48.78464072613547,0.0
2022-09-04 12:42:36+00:00,6.67439602,,,,,49.14746679571033,0.0
2022-09-04 12:42:38+00:00,6.790464253,,,,,49.51396722661277,0.0
2022-09-04 12:42:40+00:00,6.906532491,,,,,49.88420665649871,0.0
2022-09-04 12:42:42+00:00,7.022600735,,,,,50.25824979032734,0.0
2022-09-04 12:42:44+00:00,7.138668982,,,,,50.63616137213194,0.0
2022-09-04 12:42:46+00:00,7.254737232,,,,,51.018006207914844,0.0
2022-09-04 12:42:48+00:00,7.370805484,,,,,51.403849168033965,0.0
2022-09-04 12:42:50+00:00,7.486873738,,,,,51.79375517284833,0.0
2022-09-04 12:42:52+00:00,7.602941993,,,,,52.18778920887048,0.0
2022-09-04 12:42:54+00:00,7.719010249,,,,,52.58601632939341,0.0
2022-09-04 12:42:56+00:00,7.835078506,,,,,52.988501644403655,0.0
2022-09-04 12:42:58+00:00,7.951146764,,,,,53.395310321104105,0.0
2022-09-04 12:43:00+00:00,8.067215022,,,,,53.80650760522771,0.0
2022-09-04 12:43:02+00:00,8.18328328,,,,,54.22215880568128,0.0
2022-09-04 12:43:04+00:00,8.299351539,,,,,54.642329312005735,0.0
2022-09-04 12:43:06+00:00,8.415419797,,,,,55.0670845646946,0.0
2022-09-04 12:43:08+00:00,8.531488056,,,,,55.49649008982421,0.0
2022-09-04 12:43:10+00:00,8.647556315,,,,,55.9306114747491,0.0
2022-09-04 12:43:12+00:00,8.763624574,,,,,56.36951438393045,0.0
2022-09-04 12:43:14+00:00,8.879692833,,,,,56.81326455654388,0.0
2022-09-04 12:43:16+00:00,8.995761093,,,,,57.26192780257121,0.0
2022-09-04 12:43:18+00:00,9.111829352,,,,,57.71557001551779,0.0
2022-09-04 12:43:20+00:00,9.227897611,,,,,58.17425717019922,0.0
2022-09-04 12:43:22+00:00,9.343965871,,,,,58.638055321477296,0.0
2022-09-04 12:43:24+00:00,9.46003413,,,,,59.10703059340845,0.0
2022-09-04 12:43:26+00:00,9.576102389,,,,,59.58124920456677,0.0
2022-09-04 12:43:28+00:00,9.692170649,,,,,60.060777457624994,0.0
2022-09-04 12:43:30+00:00,9.808238908,,,,,60.54568175781252,0.0
2022-09-04 12:43:32+00:00,9.924307167,,,,,61.03602856080672,0.0
2022-09-04 12:43:34+00:00,10.04037543,,,,,61.531884412394014,0.0
2022-09-04 12:43:36+00:00,10.15644369,,,,,62.033315807224525,0.0
2022-09-04 12:43:38+00:00,10.27251195,,,,,62.5403896269961,0.0
2022-09-04 12:43:40+00:00,10.3885802,,,,,63.05317280538898,0.0
2022-09-04 12:43:42+00:00,10.50464846,,,,,63.57173232918423,0.0
2022-09-04 12:43:44+00:00,10.62071672,,,,,64.09613507180906,0.0
2022-09-04 12:43:46+00:00,10.73678498,,,,,64.62644804280684,0.0
2022-09-04 12:43:48+00:00,10.85285324,,,,,65.1627385647488,0.0
2022-09-04 12:43:50+00:00,10.9689215,,,,,65.70507395418558,0.0
2022-09-04 12:43:52+00:00,11.08498976,,,,,66.25352162928455,0.0
2022-09-04 12:43:54+00:00,11.20105802,,,,,66.80814911141451,0.0
2022-09-04 12:43:56+00:00,11.31712628,,,,,67.36902402674679,0.0
2022-09-04 12:43:58+00:00,11.43319454,,,,,67.93621410787364,0.0
2022-09-04 12:44:00+00:00,11.5492628,,,,,68.50978719544318,0.0
2022-09-04 12:44:02+00:00,11.66533106,,,,,69.08981123981125,0.0
2022-09-04 12:44:04+00:00,11.78139932,,,,,69.6763543027101,0.0
2022-09-04 12:44:06+00:00,11.89746758,,,,,70.26948455893415,0.0
2022-09-04 12:44:08+00:00,12.01353584,,,,,70.86927017636494,0.0
2022-09-04 12:44:10+00:00,12.1296041,,,,,71.47577968030949,0.0
2022-09-04 12:44:12+00:00,12.24567235,,,,,72.08908166598545,0.0
2022-09-04 12:44:14+00:00,12.36174061,,,,,72.70924488692637,0.0
2022-09-04 12:44:16+00:00,12.47780887,,,,,73.33633793368368,0.0
2022-09-04 12:44:18+00:00,12.59387713,,,,,73.97042956804826,0.0
2022-09-04 12:44:20+00:00,12.70994539,,,,,74.61158893016267,0.0
2022-09-04 12:44:22+00:00,12.82601365,,,,,75.25988516202251,0.0
2022-09-04 12:44:24+00:00,12.94208191,,,,,75.91538753461451,0.0
2022-09-04 12:44:26+00:00,13.05815017,,,,,76.57816544977055,0.0
2022-09-04 12:44:28+00:00,13.17421843,,,,,77.24828844203884,0.0
2022-09-04 12:44:30+00:00,13.29028669,,,,,77.92582618057155,0.0
2022-09-04 12:44:32+00:00,13.40635495,,,,,78.61084847102966,0.0
2022-09-04 12:44:34+00:00,13.52242321,,,,,79.30342525750459,0.0
2022-09-04 12:44:36+00:00,13.63849147,,,,,80.0036266244565,0.0
2022-09-04 12:44:38+00:00,13.75455973,,,,,80.71152279866965,0.0
2022-09-04 12:44:40+00:00,13.87062799,,,,,81.42718415122464,0.0
2022-09-04 12:44:42+00:00,13.98669625,,,,,82.1506810571583,0.0
2022-09-04 12:44:44+00:00,14.10276451,,,,,82.88208432200733,0.0
2022-09-04 12:44:46+00:00,14.21883276,,,,,83.62146484247044,0.0
2022-09-04 12:44:48+00:00,14.33490102,,,,,84.3688937179483,0.0
2022-09-04 12:44:50+00:00,14.45096928,,,,,85.12444186426723,0.0
2022-09-04 12:44:52+00:00,14.56703754,,,,,85.88818041218403,0.0
2022-09-04 12:44:54+00:00,14.6831058,,,,,86.66018094549524,0.0
2022-09-04 12:44:56+00:00,14.79917406,,,,,87.44051506267127,0.0
2022-09-04 12:44:58+00:00,14.91524232,,,,,88.22925452498656,0.0
2022-09-04 12:45:00+00:00,15.03131058,,,,,89.02647125866038,0.0
2022-09-04 12:45:02+00:00,15.14737884,,,,,89.83223735701418,0.0
2022-09-04 12:45:04+00:00,15.2634471,,,,,90.64662508264625,0.0
2022-09-04 12:45:06+00:00,15.37951536,,,,,91.4697068696228,0.0
2022-09-04 12:45:08+00:00,15.49558362,,,,,92.30155532568612,0.0
2022-09-04 12:45:10+00:00,15.61165188,,,,,93.14224323447964,0.0
2022-09-04 12:45:12+00:00,15.72772014,,,,,93.99184355778958,0.0
2022-09-04 12:45:14+00:00,15.8437884,,,,,94.85042927573117,0.0
2022-09-04 12:45:16+00:00,15.95985666,,,,,95.71807387275138,0.0
2022-09-04 12:45:18+00:00,16.07592491,,,,,96.59485094731009,0.0
2022-09-04 12:45:20+00:00,16.19199317,,,,,97.48083435133529,0.0
2022-09-04 12:45:22+00:00,16.30806143,,,,,98.37609773308613,0.0
2022-09-04 12:45:24+00:00,16.42412969,,,,,99.28071500291892,0.0
2022-09-04 12:45:26+00:00,16.54019795,,,,,100.1947605996207,0.0
2022-09-04 12:45:28+00:00,16.65626621,,,,,101.11830899284952,0.0
2022-09-04 12:45:30+00:00,16.77233447,,,,,102.05143485134134,0.0
2022-09-04 12:45:32+00:00,16.88840273,,,,,102.99421304532034,0.0
2022-09-04 12:45:34+00:00,17.00447099,,,,,103.94671864892618,0.0
2022-09-04 12:45:36+00:00,17.12053925,,,,,104.90902694265839,0.0
2022-09-04 12:45:38+00:00,17.23660751,,,,,105.88121341583677,0.0
2022-09-04 12:45:40+00:00,17.35267577,,,,,106.86335376907958,0.0
2022-09-04 12:45:42+00:00,17.46874403,,,,,106.97085369414376,0.0
2022-09-04 12:45:44+00:00,17.58481229,,,,,86.10847054970979,0.0
2022-09-04 12:45:46+00:00,17.65162628,,,,,0.0,7.4597973307489704
2022-09-04 12:45:48+00:00,16.60287414,,,,,-54.22047514431567,0.0
2022-09-04 12:45:50+00:00,14.3497023,,,,,-33.40061594775671,0.0
2022-09-04 12:45:52+00:00,13.39966523,,,,,41.40732225564005,0.0
2022-09-04 12:45:54+00:00,15.01271356,,,,,81.07918906976232,0.0
2022-09-04 12:45:56+00:00,13.88530724,,,,,121.73666710368745,0.0
2022-09-04 12:45:58+00:00,14.04925571,,,,,201.24599657905017,0.0
2022-09-04 12:46:00+00:00,17.88330731,,,,,315.81587269992036,0.0
2022-09-04 12:46:02+00:00,19.81805048,,,,,233.6708016115579,0.0
2022-09-04 12:46:04+00:00,19.48324818,,,,,85.15031487746988,0.0
2022-09-04 12:46:06+00:00,18.07683695,,,,,69.01967514529662,0.0
2022-09-04 12:46:08+00:00,18.24288666,,,,,126.92822633950139,0.0
2022-09-04 12:46:10+00:00,19.36073256,,,,,158.00183519339518,0.0
2022-09-04 12:46:12+00:00,19.54229655,,,,,130.13976797691575,0.0
2022-09-04 12:46:14+00:00,19.08385263,,,,,113.36979172303516,0.0
2022-09-04 12:46:16+00:00,19.35349854,,,,,142.78937302214743,0.0
2022-09-04 12:46:18+00:00,19.77020376,,,,,180.10585767961123,0.0
2022-09-04 12:46:20+00:00,20.415129,,,,,190.30251247539726,0.0
2022-09-04 12:46:22+00:00,21.15120656,,,,,176.27788052230844,0.0
2022-09-04 12:46:24+00:00,21.16940571,,,,,147.8385026473197,0.0
2022-09-04 12:46:26+00:00,21.12069608,,,,,139.2426045828685,0.0
2022-09-04 12:46:28+00:00,21.26099755,,,,,153.85428568727383,0.0
2022-09-04 12:46:30+00:00,21.51092531,,,,,169.32047277009357,0.0
2022-09-04 12:46:32+00:00,21.81598143,,,,,180.16506838980297,0.0
2022-09-04 12:46:34+00:00,22.1504433,,,,,188.51925880660082,0.0
2022-09-04 12:46:36+00:00,22.50172923,,,,,195.75276700073098,0.0
2022-09-04 12:46:38+00:00,22.86336729,,,,,202.50293338116535,0.0
2022-09-04 12:46:40+00:00,23.23180732,,,,,203.34745655595373,0.0
2022-09-04 12:46:42+00:00,23.60495558,,,,,177.49087145872682,0.0
2022-09-04 12:46:44+00:00,23.75083218,,,,,116.41401564202455,0.0
2022-09-04 12:46:46+00:00,23.07421531,,,,,38.24884007374485,0.0
2022-09-04 12:46:48+00:00,21.94740167,,,,,-42.73627549015732,0.0
2022-09-04 12:46:50+00:00,20.5713666,,,,,-68.39306698805922,0.0
2022-09-04 12:46:52+00:00,19.04694826,,,,,-81.56051498859182,0.0
2022-09-04 12:46:54+00:00,17.42778035,,,,,-87.19427448445403,0.0
2022-09-04 12:46:56+00:00,15.74445042,,,,,-87.79362595266613,0.0
2022-09-04 12:46:58+00:00,14.01572118,,,,,-84.72880435617547,0.0
2022-09-04 12:47:00+00:00,12.2538885,,,,,-78.84212349961375,0.0
2022-09-04 12:47:02+00:00,10.46744676,,,,,-70.71801215959431,0.0
2022-09-04 12:47:04+00:00,8.662490706,,,,,-60.805897309117114,0.0
2022-09-04 12:47:06+00:00,6.843504959,,,,,-48.84363892398,0.0
2022-09-04 12:47:08+00:00,5.013842324,,,,,-32.08316032074671,0.0
2022-09-04 12:47:10+00:00,3.292553902,,,,,0.0,15.731889503937495
2022-09-04 12:47:12+00:00,2.462714922,,,,,0.0,3.6075550278853
2022-09-04 12:47:14+00:00,2.376931925,,,,,36.37662362266432,0.0
2022-09-04 12:47:16+00:00,2.69103062,,,,,42.732947165581265,0.0
2022-09-04 12:47:18+00:00,3.235828218,,,,,48.96540250225612,0.0
2022-09-04 12:47:20+00:00,3.923716654,,,,,55.71547521322641,0.0
2022-09-04 12:47:22+00:00,4.706253231,,,,,63.07133091189082,0.0
2022-09-04 12:47:24+00:00,5.55463,,,,,71.00525647457067,0.0
2022-09-04 12:47:26+00:00,6.450471314,,,,,79.47485888609742,0.0
2022-09-04 12:47:28+00:00,7.381344069,,,,,88.44785232826162,0.0
2022-09-04 12:47:30+00:00,8.338456171,,,,,97.90789990976248,0.0
2022-09-04 12:47:32+00:00,9.315399283,,,,,107.85482127938617,0.0
2022-09-04 12:47:34+00:00,10.30741063,,,,,118.30281275187295,0.0
2022-09-04 12:47:36+00:00,11.31090753,,,,,129.27803463698893,0.0
2022-09-04 12:47:38+00:00,12.32317537,,,,,140.81620096951968,0.0
2022-09-04 12:47:40+00:00,13.34214837,,,,,152.9604685911311,0.0
2022-09-04 12:47:42+00:00,14.36625053,,,,,165.75973433323873,0.0
2022-09-04 12:47:44+00:00,15.39427771,,,,,179.2673431268336,0.0
2022-09-04 12:47:46+00:00,16.42530909,,,,,197.07905851858206,0.0
2022-09-04 12:47:48+00:00,17.45864018,,,,,217.30120959188403,0.0
2022-09-04 12:47:50+00:00,18.69618246,,,,,234.91506482026008,0.0
2022-09-04 12:47:52+00:00,19.79090226,,,,,232.78979092267122,0.0
2022-09-04 12:47:54+00:00,20.65853318,,,,,235.15294125442017,0.0
2022-09-04 12:47:56+00:00,21.10318886,,,,,248.08439726899218,0.0
2022-09-04 12:47:58+00:00,22.45212176,,,,,233.61062628777648,0.0
2022-09-04 12:48:00+00:00,23.30806571,,,,,164.68208657120644,0.0
2022-09-04 12:48:02+00:00,22.18582628,,,,,82.85802643305858,0.0
2022-09-04 12:48:04+00:00,21.74759034,,,,,68.3433404663268,0.0
2022-09-04 12:48:06+00:00,21.44864673,,,,,76.49929121797067,0.0
2022-09-04 12:48:08+00:00,20.99794282,,,,,40.52676039972613,0.0
2022-09-04 12:48:10+00:00,20.37270032,,,,,-32.13362287639259,0.0
2022-09-04 12:48:12+00:00,18.73235301,,,,,-37.7622571125759,0.0
2022-09-04 12:48:14+00:00,17.41768539,,,,,41.530965996020605,0.0
2022-09-04 12:48:16+00:00,17.53382209,,,,,126.84037123430976,0.0
2022-09-04 12:48:18+00:00,18.53809316,,,,,181.6416957430531,0.0
2022-09-04 12:48:20+00:00,19.32611425,,,,,173.85838036756965,0.0
2022-09-04 12:48:22+00:00,19.63200585,,,,,137.92997971976655,0.0
2022-09-04 12:48:24+00:00,19.5463432,,,,,107.5855985756265,0.0
2022-09-04 12:48:26+00:00,19.48743067,,,,,73.45139831927393,0.0
2022-09-04 12:48:28+00:00,19.18527068,,,,,0.0,24.038771973605606
2022-09-04 12:48:30+00:00,18.01913064,,,,,-99.62510506808334,0.0
2022-09-04 12:48:32+00:00,15.59698438,,,,,-155.00816603869993,0.0
2022-09-04 12:48:34+00:00,12.41688283,,,,,-153.67822838667675,0.0
2022-09-04 12:48:36+00:00,9.131212487,,,,,-110.42718782966294,0.0
2022-09-04 12:48:38+00:00,6.359691092,,,,,-62.20234722255417,0.0
2022-09-04 12:48:40+00:00,4.357915006,,,,,0.0,32.5355368994448
2022-09-04 12:48:42+00:00,3.087172405,,,,,0.0,13.637133757620063
2022-09-04 12:48:44+00:00,2.29148928,,,,,0.0,4.745894829611024
2022-09-04 12:48:46+00:00,1.825104578,,,,,10.645261030014609,0.0
2022-09-04 12:48:48+00:00,1.701312486,,,,,41.51491184627571,0.0
2022-09-04 12:48:50+00:00,2.707767891,,,,,61.730912324406546,0.0
2022-09-04 12:48:52+00:00,5.316470439,,,,,107.74406289461295,0.0
2022-09-04 12:48:54+00:00,7.486926023,,,,,128.6991134374733,0.0
2022-09-04 12:48:56+00:00,9.2233945,,,,,115.55292545346995,0.0
2022-09-04 12:48:58+00:00,9.559073726,,,,,95.95293224365655,0.0
2022-09-04 12:49:00+00:00,10.04456435,,,,,108.15206569857185,0.0
2022-09-04 12:49:02+00:00,11.11545295,,,,,154.3455920697792,0.0
2022-09-04 12:49:04+00:00,12.91783003,,,,,183.96141423527183,0.0
2022-09-04 12:49:06+00:00,15.06939019,,,,,180.69260037778693,0.0
2022-09-04 12:49:08+00:00,14.86079562,,,,,148.79967036998406,0.0
2022-09-04 12:49:10+00:00,15.7040661,,,,,133.37951294854318,0.0
2022-09-04 12:49:12+00:00,16.95068078,,,,,121.54813465584166,0.0
2022-09-04 12:49:14+00:00,16.11997491,,,,,69.9407148535008,0.0
2022-09-04 12:49:16+00:00,16.17447409,,,,,53.95678302799383,0.0
2022-09-04 12:49:18+00:00,15.53221764,,,,,64.84709643163148,0.0
2022-09-04 12:49:20+00:00,15.59141454,,,,,81.99196411942577,0.0
2022-09-04 12:49:22+00:00,15.64317582,,,,,120.80724733118224,0.0
2022-09-04 12:49:24+00:00,16.06794844,,,,,170.57669545471285,0.0
2022-09-04 12:49:26+00:00,17.45805833,,,,,216.42759749772802,0.0
2022-09-04 12:49:28+00:00,18.90834508,,,,,197.29177840838474,0.0
2022-09-04 12:49:30+00:00,19.424113,,,,,128.4786888938518,0.0
2022-09-04 12:49:32+00:00,18.64172764,,,,,57.75161284396814,0.0
2022-09-04 12:49:34+00:00,18.53671184,,,,,44.354795955016755,0.0
2022-09-04 12:49:36+00:00,17.29938461,,,,,89.16895700507739,0.0
2022-09-04 12:49:38+00:00,17.58437769,,,,,151.84362385358506,0.0
2022-09-04 12:49:40+00:00,19.31729491,,,,,191.87950923742628,0.0
2022-09-04 12:49:42+00:00,19.57119536,,,,,167.55956255844217,0.0
2022-09-04 12:49:44+00:00,19.30530097,,,,,194.90622882478112,0.0
2022-09-04 12:49:46+00:00,20.24438279,,,,,277.4780741952711,0.0
2022-09-04 12:49:48+00:00,22.79235038,,,,,331.4940508129344,0.0
2022-09-04 12:49:50+00:00,23.3798215,,,,,251.20625496957865,0.0
2022-09-04 12:49:52+00:00,23.57909186,,,,,100.9262468511183,0.0
2022-09-04 12:49:54+00:00,23.2577153,,,,,-66.93183978504096,0.0
2022-09-04 12:49:56+00:00,20.54057215,,,,,-171.26790198620924,0.0
2022-09-04 12:49:58+00:00,17.64628922,,,,,-180.8653701969739,0.0
2022-09-04 12:50:00+00:00,14.3516667,,,,,-112.5078315676798,0.0
2022-09-04 12:50:02+00:00,12.94409052,,,,,-42.18547607033216,0.0
2022-09-04 12:50:04+00:00,12.47351958,,,,,40.625704292153955,0.0
2022-09-04 12:50:06+00:00,12.76809867,,,,,69.26366673377538,0.0
2022-09-04 12:50:08+00:00,12.62151204,,,,,84.10204986054693,0.0
2022-09-04 12:50:10+00:00,13.05414332,,,,,108.14755570621314,0.0
2022-09-04 12:50:12+00:00,13.66187072,,,,,155.44420403649622,0.0
2022-09-04 12:50:14+00:00,14.79245452,,,,,183.8262689460095,0.0
2022-09-04 12:50:16+00:00,16.91823288,,,,,183.63084800263118,0.0
2022-09-04 12:50:18+00:00,16.76420352,,,,,133.10800784897938,0.0
2022-09-04 12:50:20+00:00,16.9425429,,,,,112.72970285084158,0.0
2022-09-04 12:50:22+00:00,17.26277303,,,,,129.52507274125736,0.0
2022-09-04 12:50:24+00:00,17.64935441,,,,,153.19076670762848,0.0
2022-09-04 12:50:26+00:00,18.06794316,,,,,196.66086039326285,0.0
2022-09-04 12:50:28+00:00,19.22286488,,,,,213.91521595445118,0.0
2022-09-04 12:50:30+00:00,20.79790271,,,,,185.33320742026513,0.0
2022-09-04 12:50:32+00:00,20.04994908,,,,,96.18345434222822,0.0
2022-09-04 12:50:34+00:00,19.96875621,,,,,0.0,8.299890950976737
2022-09-04 12:50:36+00:00,18.98335254,,,,,-61.96330418773148,0.0
2022-09-04 12:50:38+00:00,17.18893837,,,,,-109.48936894001075,0.0
2022-09-04 12:50:40+00:00,14.77872734,,,,,-100.74684735013254,0.0
2022-09-04 12:50:42+00:00,12.65306429,,,,,-52.5658344984579,0.0
2022-09-04 12:50:44+00:00,11.95165148,,,,,-38.90758071241631,0.0
2022-09-04 12:50:46+00:00,12.18425084,,,,,-73.4391605727025,0.0
2022-09-04 12:50:48+00:00,8.660866568,,,,,-83.95591697864587,0.0
2022-09-04 12:50:50+00:00,5.836053531,,,,,-55.90256501373441,0.0
2022-09-04 12:50:52+00:00,4.075231708,,,,,0.0,27.009647541392603
2022-09-04 12:50:54+00:00,2.963267375,,,,,0.0,9.833654510864633
2022-09-04 12:50:56+00:00,2.385267267,,,,,0.0,2.9078239865957127
2022-09-04 12:50:58+00:00,2.172859166,,,,,0.0,0.6780942655358997
2022-09-04 12:51:00+00:00,1.907719539,,,,,0.0,0.062066633506358895
2022-09-04 12:51:02+00:00,1.515232851,,,,,25.41288989175942,0.0
2022-09-04 12:51:04+00:00,1.440715742,,,,,42.822646827472816,0.0
2022-09-04 12:51:06+00:00,2.790724364,,,,,72.37769323948157,0.0
2022-09-04 12:51:08+00:00,6.441549646,,,,,164.8041858623072,0.0
2022-09-04 12:51:10+00:00,9.238038416,,,,,249.45555910024578,0.0
2022-09-04 12:51:12+00:00,13.27219973,,,,,331.2980482312515,0.0
2022-09-04 12:51:14+00:00,16.43530501,,,,,342.80065497402006,0.0
2022-09-04 12:51:16+00:00,17.8443341,,,,,308.3972185827906,0.0
2022-09-04 12:51:18+00:00,19.16017897,,,,,335.41093785136525,0.0
2022-09-04 12:51:20+00:00,21.58178343,,,,,405.0215892754498,0.0
2022-09-04 12:51:22+00:00,23.66273607,,,,,374.7430756923521,0.0
2022-09-04 12:51:24+00:00,24.81712758,,,,,253.47900542391008,0.0
2022-09-04 12:51:26+00:00,24.23019037,,,,,143.1216317879916,0.0
2022-09-04 12:51:28+00:00,23.91491265,,,,,94.9267081148415,0.0
2022-09-04 12:51:30+00:00,23.58941806,,,,,66.25644228040957,0.0
2022-09-04 12:51:32+00:00,22.69203734,,,,,41.09013973531341,0.0
2022-09-04 12:51:34+00:00,21.63119459,,,,,68.69230258267832,0.0
2022-09-04 12:51:36+00:00,21.282662,,,,,132.70901300480924,0.0
2022-09-04 12:51:38+00:00,22.01007166,,,,,171.59405869527632,0.0
2022-09-04 12:51:40+00:00,22.38556284,,,,,100.91396066706801,0.0
2022-09-04 12:51:42+00:00,21.92485981,,,,,0.0,18.22297257778447
2022-09-04 12:51:44+00:00,19.51368398,,,,,0.0,15.648995132341536
2022-09-04 12:51:46+00:00,19.18885974,,,,,92.3448128195876,0.0
2022-09-04 12:51:48+00:00,20.12912358,,,,,141.94461182811295,0.0
2022-09-04 12:51:50+00:00,20.41265733,,,,,75.6705867047626,0.0
2022-09-04 12:51:52+00:00,19.38830198,,,,,-48.300359118131155,0.0
2022-09-04 12:51:54+00:00,17.72084313,,,,,-122.60978760414352,0.0
2022-09-04 12:51:56+00:00,15.6373654,,,,,-169.04472729987657,0.0
2022-09-04 12:51:58+00:00,11.8290077,,,,,-135.3425988580817,0.0
2022-09-04 12:52:00+00:00,8.519581155,,,,,-51.18142930490542,0.0
2022-09-04 12:52:02+00:00,7.983657217,,,,,65.84597076929256,0.0
2022-09-04 12:52:04+00:00,9.906870093,,,,,175.91822884129564,0.0
2022-09-04 12:52:06+00:00,12.67088653,,,,,294.5878665152135,0.0
2022-09-04 12:52:08+00:00,15.76709613,,,,,392.3794205972129,0.0
2022-09-04 12:52:10+00:00,19.23072265,,,,,438.28233727942205,0.0
2022-09-04 12:52:12+00:00,21.5201716,,,,,380.6601279872385,0.0
2022-09-04 12:52:14+00:00,22.50769328,,,,,280.28710873357215,0.0
2022-09-04 12:52:16+00:00,23.03730795,,,,,218.3684221799447,0.0
2022-09-04 12:52:18+00:00,23.31248014,,,,,188.72798147236168,0.0
2022-09-04 12:52:20+00:00,23.43557482,,,,,170.21112038328505,0.0
2022-09-04 12:52:22+00:00,23.46122629,,,,,157.58338027660943,0.0
2022-09-04 12:52:24+00:00,23.4207133,,,,,148.2759794824616,0.0
2022-09-04 12:52:26+00:00,23.33329447,,,,,140.98437838734142,0.0
2022-09-04 12:52:28+00:00,23.21163063,,,,,135.00862546317515,0.0
2022-09-04 12:52:30+00:00,23.06448894,,,,,129.946077580859,0.0
2022-09-04 12:52:32+00:00,22.89817012,,,,,125.54738332709357,0.0
2022-09-04 12:52:34+00:00,22.71731518,,,,,121.64751572072589,0.0
2022-09-04 12:52:36+00:00,22.52539607,,,,,118.13143366867453,0.0
2022-09-04 12:52:38+00:00,22.32503487,,,,,114.91597572718558,0.0
2022-09-04 12:52:40+00:00,22.11822304,,,,,111.93959504670397,0.0
2022-09-04 12:52:42+00:00,21.90647817,,,,,109.15607406746973,0.0
2022-09-04 12:52:44+00:00,21.69095898,,,,,106.53039694936162,0.0
2022-09-04 12:52:46+00:00,21.47255119,,,,,104.03588606447906,0.0
2022-09-04 12:52:48+00:00,21.25193232,,,,,101.65213704047123,0.0
2022-09-04 12:52:50+00:00,21.02962083,,,,,99.36349328600208,0.0
2022-09-04 12:52:52+00:00,20.80601351,,,,,97.15790314668567,0.0
2022-09-04 12:52:54+00:00,20.58141412,,,,,95.02605788413365,0.0
2022-09-04 12:52:56+00:00,20.3560552,,,,,92.96073627546839,0.0
2022-09-04 12:52:58+00:00,20.13011477,,,,,90.95630651918687,0.0
2022-09-04 12:53:00+00:00,19.90372912,,,,,89.00834763115654,0.0
2022-09-04 12:53:02+00:00,19.67700261,,,,,87.11336112633269,0.0
2022-09-04 12:53:04+00:00,19.45001512,,,,,85.26855042759209,0.0
2022-09-04 12:53:06+00:00,19.22282783,,,,,83.47165402270252,0.0
2022-09-04 12:53:08+00:00,18.99548756,,,,,81.72081828808321,0.0
2022-09-04 12:53:10+00:00,18.76803016,,,,,80.01450057945102,0.0
2022-09-04 12:53:12+00:00,18.54048309,,,,,78.3513953471513,0.0
2022-09-04 12:53:14+00:00,18.31286737,,,,,76.73037749447961,0.0
2022-09-04 12:53:16+00:00,18.08519908,,,,,75.15046045428004,0.0
2022-09-04 12:53:18+00:00,17.85749054,,,,,73.61076343730636,0.0
2022-09-04 12:53:20+00:00,17.6297512,,,,,72.11048670391502,0.0
2022-09-04 12:53:22+00:00,17.40198826,,,,,70.64889245387506,0.0
2022-09-04 12:53:24+00:00,17.17420726,,,,,69.83793611427441,0.0
2022-09-04 12:53:26+00:00,16.94641244,,,,,78.59419193367604,0.0
2022-09-04 12:53:28+00:00,16.75384702,,,,,69.30677763447522,0.0
2022-09-04 12:53:30+00:00,17.0815544,,,,,47.219876453691036,0.0
2022-09-04 12:53:32+00:00,15.8262698,,,,,0.0,17.64597617404616
2022-09-04 12:53:34+00:00,15.26139129,,,,,0.0,26.89058051562478
2022-09-04 12:53:36+00:00,14.09824453,,,,,12.397615377094674,0.0
2022-09-04 12:53:38+00:00,13.71933637,,,,,90.74236951775758,0.0
2022-09-04 12:53:40+00:00,14.58869708,,,,,151.72299292147568,0.0
2022-09-04 12:53:42+00:00,16.20024295,,,,,161.65152990453862,0.0
2022-09-04 12:53:44+00:00,16.67331373,,,,,86.72042955875193,0.0
2022-09-04 12:53:46+00:00,16.14593064,,,,,0.0,20.31757658682927
2022-09-04 12:53:48+00:00,14.48695168,,,,,-30.647966284172213,0.0
2022-09-04 12:53:50+00:00,13.68036617,,,,,0.0,9.201235416080008
2022-09-04 12:53:52+00:00,13.5368137,,,,,58.33243656097658,0.0
2022-09-04 12:53:54+00:00,13.54375587,,,,,65.13521398025433,0.0
2022-09-04 12:53:56+00:00,13.78281659,,,,,63.01589897919375,0.0
2022-09-04 12:53:58+00:00,13.0891962,,,,,40.4125363216056,0.0
2022-09-04 12:54:00+00:00,13.40830504,,,,,-36.980822270869375,0.0
2022-09-04 12:54:02+00:00,11.85894471,,,,,-80.31930187229112,0.0
2022-09-04 12:54:04+00:00,8.804610304,,,,,-79.54931988990599,0.0
2022-09-04 12:54:06+00:00,6.700461688,,,,,-52.19745428171906,0.0
2022-09-04 12:54:08+00:00,5.153260724,,,,,-28.377155500173423,0.0
2022-09-04 12:54:10+00:00,3.879177985,,,,,0.0,16.866391356164385
2022-09-04 12:54:12+00:00,2.987043571,,,,,0.0,9.04241396009657
2022-09-04 12:54:14+00:00,2.307323756,,,,,0.0,3.1659781720462394
2022-09-04 12:54:16+00:00,1.700493261,,,,,26.649131055639376,0.0
2022-09-04 12:54:18+00:00,2.037125602,,,,,45.45396640199722,0.0
2022-09-04 12:54:20+00:00,3.292128238,,,,,71.15946038913418,0.0
2022-09-04 12:54:22+00:00,5.644924938,,,,,115.69884017188623,0.0
2022-09-04 12:54:24+00:00,8.250242269,,,,,168.91301567277293,0.0
2022-09-04 12:54:26+00:00,9.907940232,,,,,200.8453552618539,0.0
2022-09-04 12:54:28+00:00,13.19757788,,,,,248.38476268058966,0.0
2022-09-04 12:54:30+00:00,15.00095051,,,,,244.2835150737951,0.0
2022-09-04 12:54:32+00:00,16.1877348,,,,,221.75222913747632,0.0
2022-09-04 12:54:34+00:00,17.4647619,,,,,212.7363621073407,0.0
2022-09-04 12:54:36+00:00,18.7473733,,,,,164.7170659544542,0.0
2022-09-04 12:54:38+00:00,18.86000323,,,,,81.69189995564761,0.0
2022-09-04 12:54:40+00:00,17.8039116,,,,,58.46094030035046,0.0
2022-09-04 12:54:42+00:00,17.0952461,,,,,102.49210232057634,0.0
2022-09-04 12:54:44+00:00,18.32365948,,,,,133.521606915603,0.0
2022-09-04 12:54:46+00:00,18.91094517,,,,,105.51405508346856,0.0
2022-09-04 12:54:48+00:00,17.63567279,,,,,69.84874372742732,0.0
2022-09-04 12:54:50+00:00,17.68247688,,,,,97.01715776194416,0.0
2022-09-04 12:54:52+00:00,18.05686548,,,,,138.5263995021051,0.0
2022-09-04 12:54:54+00:00,18.48692669,,,,,144.24852571581948,0.0
2022-09-04 12:54:56+00:00,18.89028866,,,,,131.75519661154726,0.0
2022-09-04 12:54:58+00:00,18.96564638,,,,,108.76688508296947,0.0
2022-09-04 12:55:00+00:00,18.83174514,,,,,87.65557756108032,0.0
2022-09-04 12:55:02+00:00,18.5866509,,,,,74.47993916335585,0.0
2022-09-04 12:55:04+00:00,18.2782116,,,,,66.0575931055682,0.0
2022-09-04 12:55:06+00:00,17.93095687,,,,,60.10058927582261,0.0
2022-09-04 12:55:08+00:00,17.5582877,,,,,57.65798868586954,0.0
2022-09-04 12:55:10+00:00,17.16807332,,,,,62.787880180470026,0.0
2022-09-04 12:55:12+00:00,16.88583848,,,,,71.5576693928824,0.0
2022-09-04 12:55:14+00:00,16.86789307,,,,,77.27316524001667,0.0
2022-09-04 12:55:16+00:00,16.73041292,,,,,74.39467168832587,0.0
2022-09-04 12:55:18+00:00,16.53600703,,,,,68.07533722966247,0.0
2022-09-04 12:55:20+00:00,16.31339205,,,,,64.29132706685981,0.0
2022-09-04 12:55:22+00:00,16.0760127,,,,,61.701952594654095,0.0
2022-09-04 12:55:24+00:00,15.83036633,,,,,48.16576022066545,0.0
2022-09-04 12:55:26+00:00,15.5797403,,,,,0.0,4.087485249616202
2022-09-04 12:55:28+00:00,14.6011918,,,,,42.37451884958422,0.0
2022-09-04 12:55:30+00:00,13.84551664,,,,,77.00379165160821,0.0
2022-09-04 12:55:32+00:00,15.29497136,,,,,102.23623914218348,0.0
2022-09-04 12:55:34+00:00,15.27907253,,,,,80.98643770633345,0.0
2022-09-04 12:55:36+00:00,14.59005411,,,,,60.43971437805105,0.0
2022-09-04 12:55:38+00:00,14.61940191,,,,,58.8891173139007,0.0
2022-09-04 12:55:40+00:00,14.92029952,,,,,38.2257624294629,0.0
2022-09-04 12:55:42+00:00,13.79967013,,,,,0.0,24.173139885991333
2022-09-04 12:55:44+00:00,12.78422113,,,,,-35.17473089905547,0.0
2022-09-04 12:55:46+00:00,11.96070449,,,,,-34.07765982356948,0.0
2022-09-04 12:55:48+00:00,10.66837011,,,,,0.0,21.116539873124466
2022-09-04 12:55:50+00:00,9.837983315,,,,,50.09298952866754,0.0
2022-09-04 12:55:52+00:00,10.36663165,,,,,105.99004293628593,0.0
2022-09-04 12:55:54+00:00,11.89033251,,,,,160.91340176141313,0.0
2022-09-04 12:55:56+00:00,13.38809368,,,,,195.68057014615374,0.0
2022-09-04 12:55:58+00:00,14.90700716,,,,,221.41633998050227,0.0
2022-09-04 12:56:00+00:00,16.4603431,,,,,233.2896296727881,0.0
2022-09-04 12:56:02+00:00,18.04813496,,,,,188.90434556955915,0.0
2022-09-04 12:56:04+00:00,18.66459518,,,,,97.83336123619469,0.0
2022-09-04 12:56:06+00:00,17.42164997,,,,,5.180472249377273,0.0
2022-09-04 12:56:08+00:00,16.69731142,,,,,81.6602548250244,0.0
2022-09-04 12:56:10+00:00,16.47660185,,,,,203.78610107510096,0.0
2022-09-04 12:56:12+00:00,19.14601467,,,,,324.3951133117244,0.0
2022-09-04 12:56:14+00:00,21.70740671,,,,,314.48146541117984,0.0
2022-09-04 12:56:16+00:00,21.93105833,,,,,199.96572683873768,0.0
2022-09-04 12:56:18+00:00,21.34100337,,,,,157.1181570293111,0.0
2022-09-04 12:56:20+00:00,22.17445472,,,,,171.51252736319597,0.0
2022-09-04 12:56:22+00:00,22.60297965,,,,,109.68623040149669,0.0
2022-09-04 12:56:24+00:00,21.9678571,,,,,-54.90738089236968,0.0
2022-09-04 12:56:26+00:00,19.97664304,,,,,-150.70206145040737,0.0
2022-09-04 12:56:28+00:00,16.89405591,,,,,-180.17641248479003,0.0
2022-09-04 12:56:30+00:00,13.9885893,,,,,-163.78710882327212,0.0
2022-09-04 12:56:32+00:00,11.10470361,,,,,-131.24712369397398,0.0
2022-09-04 12:56:34+00:00,8.202886138,,,,,-90.09940362286088,0.0
2022-09-04 12:56:36+00:00,5.461401442,,,,,-47.35144820126733,0.0
2022-09-04 12:56:38+00:00,3.837503684,,,,,0.0,24.011588928051438
2022-09-04 12:56:40+00:00,2.833648238,,,,,0.0,9.859834274196338
2022-09-04 12:56:42+00:00,2.11407309,,,,,0.0,3.9965953649581873
2022-09-04 12:56:44+00:00,1.654551891,,,,,0.0,1.4820856478338114
2022-09-04 12:56:46+00:00,1.307448511,,,,,0.0,0.18691355190980688
2022-09-04 12:56:48+00:00,1.067762919,,,,,5.7163717316474845,0.0
2022-09-04 12:56:50+00:00,0.986682025,,,,,0.0,0.0
2022-09-04 12:56:52+00:00,0.97160736,,,,,0.0,0.0
2022-09-04 12:56:54+00:00,1.260362245,,,,,36.194185701527715,0.0
2022-09-04 12:56:56+00:00,1.644113615,,,,,37.29974547725622,0.0
2022-09-04 12:56:58+00:00,1.918576718,,,,,36.2591259477684,0.0
2022-09-04 12:57:00+00:00,1.847280736,,,,,16.899022191337693,0.0
2022-09-04 12:57:02+00:00,1.598759785,,,,,4.816733975853647,0.0
2022-09-04 12:57:04+00:00,1.331292615,,,,,9.29433633440985,0.0
2022-09-04 12:57:06+00:00,1.183111171,,,,,13.251541965503645,0.0
2022-09-04 12:57:08+00:00,1.420699885,,,,,15.821703232597082,0.0
2022-09-04 12:57:10+00:00,1.099100747,,,,,9.76499538339826,0.0
2022-09-04 12:57:12+00:00,0.994399381,,,,,0.0,0.0
2022-09-04 12:57:14+00:00,0.964678163,,,,,0.0,0.0
2022-09-04 12:57:16+00:00,0.967684724,,,,,0.0,0.0
2022-09-04 12:57:18+00:00,0.745603008,,,,,0.0,0.0
2022-09-04 12:57:20+00:00,0.951991477,,,,,0.0,0.0
2022-09-04 12:57:22+00:00,1.098940746,,,,,20.634324429069565,0.0
2022-09-04 12:57:24+00:00,1.036550991,,,,,16.66700250209475,0.0
2022-09-04 12:57:26+00:00,1.023270233,,,,,22.957115205211846,0.0
2022-09-04 12:57:28+00:00,1.116210691,,,,,37.618250239120535,0.0
2022-09-04 12:57:30+00:00,1.75499633,,,,,45.61580767110587,0.0
2022-09-04 12:57:32+00:00,3.597012407,,,,,64.03596263087034,0.0
2022-09-04 12:57:34+00:00,4.615490221,,,,,70.25237758842012,0.0
2022-09-04 12:57:36+00:00,5.443538632,,,,,73.65355074096996,0.0
2022-09-04 12:57:38+00:00,6.427031846,,,,,92.4568896398875,0.0
2022-09-04 12:57:40+00:00,7.617339626,,,,,125.83256158117388,0.0
2022-09-04 12:57:42+00:00,9.911012982,,,,,182.0847640465921,0.0
2022-09-04 12:57:44+00:00,12.12455466,,,,,223.2969576594721,0.0
2022-09-04 12:57:46+00:00,14.43638898,,,,,216.3975297168857,0.0
2022-09-04 12:57:48+00:00,15.78146251,,,,,166.04291622340935,0.0
2022-09-04 12:57:50+00:00,15.65217904,,,,,112.40553272169903,0.0
2022-09-04 12:57:52+00:00,15.98124677,,,,,101.50112738031882,0.0
2022-09-04 12:57:54+00:00,16.1137672,,,,,136.09639753281374,0.0
2022-09-04 12:57:56+00:00,16.35965169,,,,,163.15270416676242,0.0
2022-09-04 12:57:58+00:00,18.32840773,,,,,175.84039963627924,0.0
2022-09-04 12:58:00+00:00,18.25439316,,,,,141.73138568678252,0.0
2022-09-04 12:58:02+00:00,18.06772937,,,,,84.55724012055448,0.0
2022-09-04 12:58:04+00:00,18.73747623,,,,,84.15656566866902,0.0
2022-09-04 12:58:06+00:00,16.99784024,,,,,87.56227778190497,0.0
2022-09-04 12:58:08+00:00,18.18833907,,,,,123.72556435166447,0.0
2022-09-04 12:58:10+00:00,18.37445772,,,,,144.63332314499326,0.0
2022-09-04 12:58:12+00:00,18.56237599,,,,,133.97388232464712,0.0
2022-09-04 12:58:14+00:00,18.82453187,,,,,132.0853616535025,0.0
2022-09-04 12:58:16+00:00,19.28048093,,,,,127.40324415830194,0.0
2022-09-04 12:58:18+00:00,18.96150514,,,,,128.92760491539107,0.0
2022-09-04 12:58:20+00:00,19.25709171,,,,,134.7029588584831,0.0
2022-09-04 12:58:22+00:00,19.92035401,,,,,134.288741280383,0.0
2022-09-04 12:58:24+00:00,19.53042842,,,,,100.37719912511854,0.0
2022-09-04 12:58:26+00:00,19.52927296,,,,,89.3572879296885,0.0
2022-09-04 12:58:28+00:00,19.01054736,,,,,126.96176086876467,0.0
2022-09-04 12:58:30+00:00,19.25149655,,,,,183.01110953421605,0.0
2022-09-04 12:58:32+00:00,20.75551009,,,,,224.7230383415877,0.0
2022-09-04 12:58:34+00:00,21.38728335,,,,,183.0461391974721,0.0
2022-09-04 12:58:36+00:00,21.40583423,,,,,108.43470363315754,0.0
2022-09-04 12:58:38+00:00,20.86474118,,,,,53.51848456036662,0.0
2022-09-04 12:58:40+00:00,20.19154357,,,,,0.0,5.9572547252615875
2022-09-04 12:58:42+00:00,19.17117465,,,,,48.659076534227474,0.0
2022-09-04 12:58:44+00:00,18.50046908,,,,,87.43463674999525,0.0
2022-09-04 12:58:46+00:00,19.41617138,,,,,111.85663770252613,0.0
2022-09-04 12:58:48+00:00,19.07867971,,,,,98.7016023063235,0.0
2022-09-04 12:58:50+00:00,18.58070863,,,,,94.16591972469229,0.0
2022-09-04 12:58:52+00:00,18.81089703,,,,,121.22131329699072,0.0
2022-09-04 12:58:54+00:00,19.13816031,,,,,166.70361561805834,0.0
2022-09-04 12:58:56+00:00,19.27621861,,,,,215.50920822901662,0.0
2022-09-04 12:58:58+00:00,20.98561623,,,,,266.70983052501424,0.0
2022-09-04 12:59:00+00:00,22.13210706,,,,,249.531297665817,0.0
2022-09-04 12:59:02+00:00,22.4961768,,,,,185.1194384890681,0.0
2022-09-04 12:59:04+00:00,22.38250738,,,,,161.92907384042445,0.0
2022-09-04 12:59:06+00:00,22.42240796,,,,,187.1240559974256,0.0
2022-09-04 12:59:08+00:00,22.97901807,,,,,235.70441474942524,0.0
2022-09-04 12:59:10+00:00,23.71504537,,,,,287.8629601164736,0.0
2022-09-04 12:59:12+00:00,24.54831871,,,,,380.156367654018,0.0
2022-09-04 12:59:14+00:00,25.83383985,,,,,413.87731343767354,0.0
2022-09-04 12:59:16+00:00,28.58436268,,,,,314.8393949183429,0.0
2022-09-04 12:59:18+00:00,27.45134059,,,,,58.08075396275283,0.0
2022-09-04 12:59:20+00:00,25.31200921,,,,,-50.23901612583378,0.0
2022-09-04 12:59:22+00:00,23.46989525,,,,,82.30551641588089,0.0
2022-09-04 12:59:24+00:00,24.24938053,,,,,261.53933618519636,0.0
2022-09-04 12:59:26+00:00,25.41119229,,,,,367.3557383089918,0.0
2022-09-04 12:59:28+00:00,26.96300077,,,,,392.8841161105362,0.0
2022-09-04 12:59:30+00:00,27.29676015,,,,,368.4353377833033,0.0
2022-09-04 12:59:32+00:00,28.48104457,,,,,350.6620323034307,0.0
2022-09-04 12:59:34+00:00,28.94822757,,,,,265.92042366559645,0.0
2022-09-04 12:59:36+00:00,28.89094076,,,,,65.47464651050942,0.0
2022-09-04 12:59:38+00:00,27.47656442,,,,,-178.94985119250038,0.0
2022-09-04 12:59:40+00:00,23.98125176,,,,,-200.0,135.91825661974764
2022-09-04 12:59:42+00:00,19.08750321,,,,,-200.0,147.23256624495895
2022-09-04 12:59:44+00:00,15.00484443,,,,,-200.0,75.17116587563345
2022-09-04 12:59:46+00:00,10.58498601,,,,,-167.73872355396665,0.0
2022-09-04 12:59:48+00:00,7.02102385,,,,,-84.11079156739038,0.0
2022-09-04 12:59:50+00:00,4.866445081,,,,,0.0,38.04900528079446
2022-09-04 12:59:52+00:00,3.797544352,,,,,0.0,14.974605537810264
2022-09-04 12:59:54+00:00,3.265849266,,,,,0.0,7.505383903299437
2022-09-04 12:59:56+00:00,2.524184454,,,,,0.0,3.9434231708832352
2022-09-04 12:59:58+00:00,1.928152966,,,,,14.44797510394604,0.0
2022-09-04 13:00:00+00:00,1.784608445,,,,,39.36605600098023,0.0
2022-09-04 13:00:02+00:00,3.202288376,,,,,46.87519995830773,0.0
2022-09-04 13:00:04+00:00,3.696270387,,,,,39.22270181671649,0.0
2022-09-04 13:00:06+00:00,2.983399198,,,,,0.0,3.28101886607803
2022-09-04 13:00:08+00:00,2.26772612,,,,,0.0,3.8150069009914076
2022-09-04 13:00:10+00:00,1.78641122,,,,,0.0,1.926883877382266
2022-09-04 13:00:12+00:00,1.415056078,,,,,0.0,0.7304966548424646
2022-09-04 13:00:14+00:00,1.053690082,,,,,0.0,0.09508338091004288
2022-09-04 13:00:16+00:00,0.862119785,,,,,0.0,0.0
2022-09-04 13:00:18+00:00,0.688802489,,,,,0.0,0.0
2022-09-04 13:00:20+00:00,0.787034474,,,,,0.0,0.0
2022-09-04 13:00:22+00:00,0.784690522,,,,,0.0,0.0
2022-09-04 13:00:24+00:00,0.735407182,,,,,0.0,0.0
2022-09-04 13:00:26+00:00,0.744870597,,,,,0.0,0.0
2022-09-04 13:00:28+00:00,1.139425344,,,,,42.267315941384815,0.0
2022-09-04 13:00:30+00:00,3.431716715,,,,,74.58671665420803,0.0
2022-09-04 13:00:32+00:00,5.323352748,,,,,113.75251163797479,0.0
2022-09-04 13:00:34+00:00,7.218639565,,,,,169.62263985580583,0.0
2022-09-04 13:00:36+00:00,10.73137611,,,,,293.63450093532964,0.0
2022-09-04 13:00:38+00:00,14.70209686,,,,,429.2251517370026,0.0
2022-09-04 13:00:40+00:00,18.73420103,,,,,521.7005873251027,0.0
2022-09-04 13:00:42+00:00,21.33765822,,,,,510.4810293291923,0.0
2022-09-04 13:00:44+00:00,24.1263201,,,,,445.90084677294055,0.0
2022-09-04 13:00:46+00:00,25.28210434,,,,,308.2055679684361,0.0
2022-09-04 13:00:48+00:00,25.25617011,,,,,152.38594015292344,0.0
2022-09-04 13:00:50+00:00,24.76660437,,,,,120.0571934477836,0.0
2022-09-04 13:00:52+00:00,23.49576025,,,,,160.1764570462985,0.0
2022-09-04 13:00:54+00:00,24.89716395,,,,,217.42995630142278,0.0
2022-09-04 13:00:56+00:00,25.21821227,,,,,222.66812314323585,0.0
2022-09-04 13:00:58+00:00,24.55030524,,,,,204.07577542651754,0.0
2022-09-04 13:01:00+00:00,25.34311657,,,,,236.20179482200896,0.0
2022-09-04 13:01:02+00:00,25.98642435,,,,,260.70168498087804,0.0
2022-09-04 13:01:04+00:00,25.69988702,,,,,255.27251603489248,0.0
2022-09-04 13:01:06+00:00,26.56742028,,,,,262.0835546799512,0.0
2022-09-04 13:01:08+00:00,27.13496888,,,,,204.01753245212018,0.0
2022-09-04 13:01:10+00:00,26.58461274,,,,,88.70883888756893,0.0
2022-09-04 13:01:12+00:00,25.35618607,,,,,40.35686812952286,0.0
2022-09-04 13:01:14+00:00,24.1898118,,,,,40.729164263374166,0.0
2022-09-04 13:01:16+00:00,24.01394506,,,,,44.34508748562971,0.0
2022-09-04 13:01:18+00:00,22.82804617,,,,,-27.28195048251696,0.0
2022-09-04 13:01:20+00:00,21.82882803,,,,,-116.3398259909796,0.0
2022-09-04 13:01:22+00:00,19.84991682,,,,,-188.6903841916875,0.0
2022-09-04 13:01:24+00:00,15.56923565,,,,,-179.13422258447727,0.0
2022-09-04 13:01:26+00:00,12.96754783,,,,,-134.36577973248566,0.0
2022-09-04 13:01:28+00:00,11.09098724,,,,,-105.35541016364384,0.0
2022-09-04 13:01:30+00:00,8.641681822,,,,,-85.71542766005024,0.0
2022-09-04 13:01:32+00:00,5.594216548,,,,,-48.873881607399724,0.0
2022-09-04 13:01:34+00:00,3.958995307,,,,,0.0,25.106022613477457
2022-09-04 13:01:36+00:00,3.044102927,,,,,0.0,8.622778507569409
2022-09-04 13:01:38+00:00,2.373407395,,,,,0.0,2.4139294368421265
2022-09-04 13:01:40+00:00,2.372980522,,,,,0.0,0.7579035825231883
2022-09-04 13:01:42+00:00,1.901051345,,,,,0.0,0.49631918295242416
2022-09-04 13:01:44+00:00,1.576525356,,,,,0.0,0.5352377452123587
2022-09-04 13:01:46+00:00,1.309361301,,,,,0.0,0.16303505233357382
2022-09-04 13:01:48+00:00,1.023003224,,,,,0.5353695533471202,0.0
2022-09-04 13:01:50+00:00,0.761222973,,,,,0.0,0.0
2022-09-04 13:01:52+00:00,0.629881562,,,,,0.0,0.0
2022-09-04 13:01:54+00:00,0.553516921,,,,,0.0,0.0
2022-09-04 13:01:56+00:00,0.582000881,,,,,0.0,0.0
2022-09-04 13:01:58+00:00,0.528089059,,,,,0.0,0.0
2022-09-04 13:02:00+00:00,0.515888717,,,,,0.0,0.0
2022-09-04 13:02:02+00:00,0.562460035,,,,,0.0,0.0
2022-09-04 13:02:04+00:00,0.542174403,,,,,0.0,0.0
2022-09-04 13:02:06+00:00,0.521863528,,,,,0.0,0.0
2022-09-04 13:02:08+00:00,1.096417875,,,,,33.509332629522454,0.0
2022-09-04 13:02:10+00:00,1.415225707,,,,,35.93858784184784,0.0
2022-09-04 13:02:12+00:00,1.21083058,,,,,20.06813489043469,0.0
2022-09-04 13:02:14+00:00,1.482754646,,,,,21.14199172597655,0.0
2022-09-04 13:02:16+00:00,1.165165268,,,,,23.664772653300066,0.0
2022-09-04 13:02:18+00:00,1.356590766,,,,,37.33101409168907,0.0
2022-09-04 13:02:20+00:00,1.854339186,,,,,47.63612412614962,0.0
2022-09-04 13:02:22+00:00,3.011865665,,,,,73.4805047383739,0.0
2022-09-04 13:02:24+00:00,6.258274111,,,,,128.893917934757,0.0
2022-09-04 13:02:26+00:00,8.977741987,,,,,143.6967259754355,0.0
2022-09-04 13:02:28+00:00,9.277733402,,,,,113.28728154383468,0.0
2022-09-04 13:02:30+00:00,10.08812978,,,,,119.00490881074165,0.0
2022-09-04 13:02:32+00:00,11.65239359,,,,,140.25088148127182,0.0
2022-09-04 13:02:34+00:00,12.85949114,,,,,142.69317594526993,0.0
2022-09-04 13:02:36+00:00,13.15505587,,,,,157.86535213304185,0.0
2022-09-04 13:02:38+00:00,14.36474249,,,,,202.3969269744233,0.0
2022-09-04 13:02:40+00:00,16.78844196,,,,,245.09503423605855,0.0
2022-09-04 13:02:42+00:00,17.78849048,,,,,211.91083744295273,0.0
2022-09-04 13:02:44+00:00,18.49607507,,,,,183.64951693329567,0.0
2022-09-04 13:02:46+00:00,18.77426769,,,,,213.60329616143844,0.0
2022-09-04 13:02:48+00:00,19.93998935,,,,,293.51670999049486,0.0
2022-09-04 13:02:50+00:00,21.79193075,,,,,352.6968012710247,0.0
2022-09-04 13:02:52+00:00,23.7637601,,,,,301.007177169939,0.0
2022-09-04 13:02:54+00:00,24.09530272,,,,,161.37575554532333,0.0
2022-09-04 13:02:56+00:00,23.08208509,,,,,43.54347806986445,0.0
2022-09-04 13:02:58+00:00,22.29051732,,,,,-50.30814982262616,0.0
2022-09-04 13:03:00+00:00,20.95837829,,,,,-139.3712689278079,0.0
2022-09-04 13:03:02+00:00,18.52162547,,,,,-200.0,44.81250111211449
2022-09-04 13:03:04+00:00,14.01778266,,,,,-200.0,41.92396400515463
2022-09-04 13:03:06+00:00,9.090919998,,,,,-142.43173065272885,0.0
2022-09-04 13:03:08+00:00,6.22186083,,,,,-66.95435876671692,0.0
2022-09-04 13:03:10+00:00,4.534528956,,,,,0.0,30.900215906081755
2022-09-04 13:03:12+00:00,3.250621458,,,,,0.0,12.012471566321205
2022-09-04 13:03:14+00:00,2.676217849,,,,,0.0,4.824088147616359
2022-09-04 13:03:16+00:00,2.288763949,,,,,0.0,1.9617890456025686
2022-09-04 13:03:18+00:00,1.868655858,,,,,0.0,1.04624360747512
2022-09-04 13:03:20+00:00,1.512648262,,,,,0.0,0.40687200268146473
2022-09-04 13:03:22+00:00,1.254672379,,,,,1.0383496195459312,0.0
2022-09-04 13:03:24+00:00,1.042165953,,,,,3.5696197505352254,0.0
2022-09-04 13:03:26+00:00,0.87180188,,,,,0.0,0.0
2022-09-04 13:03:28+00:00,0.695866986,,,,,0.0,0.0
2022-09-04 13:03:30+00:00,0.630371737,,,,,0.0,0.0
2022-09-04 13:03:32+00:00,0.735151339,,,,,0.0,0.0
2022-09-04 13:03:34+00:00,0.656738929,,,,,0.0,0.0
2022-09-04 13:03:36+00:00,0.532648213,,,,,0.0,0.0
2022-09-04 13:03:38+00:00,0.487109331,,,,,0.0,0.0
2022-09-04 13:03:40+00:00,0.502291934,,,,,0.0,0.0
2022-09-04 13:03:42+00:00,0.974263974,,,,,0.0,0.0
2022-09-04 13:03:44+00:00,4.017216616,,,,,104.10665973876135,0.0
2022-09-04 13:03:46+00:00,7.813132365,,,,,178.20867586571876,0.0
2022-09-04 13:03:48+00:00,9.702515281,,,,,187.818347985519,0.0
2022-09-04 13:03:50+00:00,11.53593612,,,,,223.58219827536888,0.0
2022-09-04 13:03:52+00:00,13.71196264,,,,,308.22934116458276,0.0
2022-09-04 13:03:54+00:00,17.38546264,,,,,382.33214625059475,0.0
2022-09-04 13:03:56+00:00,20.17881386,,,,,342.6119210494256,0.0
2022-09-04 13:03:58+00:00,20.38656699,,,,,245.7155627221493,0.0
2022-09-04 13:04:00+00:00,20.9712911,,,,,223.4140775366074,0.0
2022-09-04 13:04:02+00:00,22.34074786,,,,,200.9454518506032,0.0
2022-09-04 13:04:04+00:00,22.54542743,,,,,98.52913859300502,0.0
2022-09-04 13:04:06+00:00,21.25838948,,,,,39.696263736587696,0.0
2022-09-04 13:04:08+00:00,20.02674252,,,,,71.04344024116291,0.0
2022-09-04 13:04:10+00:00,20.65078333,,,,,144.77722584488444,0.0
2022-09-04 13:04:12+00:00,20.8613723,,,,,184.23603236919476,0.0
2022-09-04 13:04:14+00:00,21.37646695,,,,,188.13523107711944,0.0
2022-09-04 13:04:16+00:00,21.93988974,,,,,169.31629706533874,0.0
2022-09-04 13:04:18+00:00,22.06692644,,,,,69.61630642529184,0.0
2022-09-04 13:04:20+00:00,21.50935649,,,,,-59.49147659536288,0.0
2022-09-04 13:04:22+00:00,18.69927412,,,,,-118.68690290986633,0.0
2022-09-04 13:04:24+00:00,17.19921213,,,,,-145.83457126568499,0.0
2022-09-04 13:04:26+00:00,14.52300196,,,,,-134.4553882053409,0.0
2022-09-04 13:04:28+00:00,11.51202915,,,,,-101.94746692622508,0.0
2022-09-04 13:04:30+00:00,9.801176963,,,,,-66.80819411953334,0.0
2022-09-04 13:04:32+00:00,8.3652129,,,,,-45.95604268870277,0.0
2022-09-04 13:04:34+00:00,6.920594977,,,,,-35.46343549088414,0.0
2022-09-04 13:04:36+00:00,5.479883629,,,,,0.0,25.40083303853846
2022-09-04 13:04:38+00:00,4.385531726,,,,,0.0,12.510815058004253
2022-09-04 13:04:40+00:00,3.915802815,,,,,0.0,7.064644311077745
2022-09-04 13:04:42+00:00,3.588490181,,,,,0.0,6.750463261115048
2022-09-04 13:04:44+00:00,2.592830389,,,,,0.0,5.12222584464214
2022-09-04 13:04:46+00:00,1.953723447,,,,,0.0,1.6271755798051633
2022-09-04 13:04:48+00:00,1.73015015,,,,,13.137112990283937,0.0
2022-09-04 13:04:50+00:00,1.942595242,,,,,21.000305889906414,0.0
2022-09-04 13:04:52+00:00,1.815828913,,,,,17.27392485468111,0.0
2022-09-04 13:04:54+00:00,1.402215425,,,,,25.22722785745851,0.0
2022-09-04 13:04:56+00:00,1.67580848,,,,,36.80579987720427,0.0
2022-09-04 13:04:58+00:00,2.359806054,,,,,44.82148954321849,0.0
2022-09-04 13:05:00+00:00,2.037705482,,,,,52.890185824561705,0.0
2022-09-04 13:05:02+00:00,4.804015164,,,,,96.79391433572864,0.0
2022-09-04 13:05:04+00:00,7.795170651,,,,,140.38243918659148,0.0
2022-09-04 13:05:06+00:00,8.213456547,,,,,133.32845639043308,0.0
2022-09-04 13:05:08+00:00,10.29576695,,,,,169.8506101994689,0.0
2022-09-04 13:05:10+00:00,12.40735084,,,,,211.51108043548888,0.0
2022-09-04 13:05:12+00:00,14.39121044,,,,,206.42886275745226,0.0
2022-09-04 13:05:14+00:00,15.52920992,,,,,155.4801573418257,0.0
2022-09-04 13:05:16+00:00,15.97244456,,,,,72.2468278465102,0.0
2022-09-04 13:05:18+00:00,15.4381679,,,,,-38.07492882535082,0.0
2022-09-04 13:05:20+00:00,13.72988524,,,,,-82.86482506679582,0.0
2022-09-04 13:05:22+00:00,11.53873455,,,,,-88.12401315988765,0.0
2022-09-04 13:05:24+00:00,9.486424435,,,,,-69.89941216423966,0.0
2022-09-04 13:05:26+00:00,7.653013645,,,,,-45.981868947069366,0.0
2022-09-04 13:05:28+00:00,6.213210627,,,,,0.0,29.206625320629158
2022-09-04 13:05:30+00:00,5.328703356,,,,,0.0,15.866347861373841
2022-09-04 13:05:32+00:00,4.694946104,,,,,0.0,10.184328668984776
2022-09-04 13:05:34+00:00,4.072742321,,,,,0.0,8.075772125544027
2022-09-04 13:05:36+00:00,3.327329794,,,,,0.0,5.864805471877628
2022-09-04 13:05:38+00:00,2.801675992,,,,,0.0,4.133937156319398
2022-09-04 13:05:40+00:00,2.35736029,,,,,0.0,2.9863690995249037
2022-09-04 13:05:42+00:00,1.780304909,,,,,0.0,1.1457415792815573
2022-09-04 13:05:44+00:00,1.337656084,,,,,16.148520686401678,0.0
2022-09-04 13:05:46+00:00,1.531233557,,,,,36.05226419008917,0.0
2022-09-04 13:05:48+00:00,2.282307633,,,,,36.924063495627685,0.0
2022-09-04 13:05:50+00:00,1.783830977,,,,,38.03027321545676,0.0
2022-09-04 13:05:52+00:00,1.572451207,,,,,48.55886533232277,0.0
2022-09-04 13:05:54+00:00,3.939589618,,,,,113.11041778580461,0.0
2022-09-04 13:05:56+00:00,8.956502651,,,,,257.8865196725268,0.0
2022-09-04 13:05:58+00:00,13.01323747,,,,,301.45485920014687,0.0
2022-09-04 13:06:00+00:00,14.58382638,,,,,227.21061419376773,0.0
2022-09-04 13:06:02+00:00,15.319598,,,,,186.6786205537571,0.0
2022-09-04 13:06:04+00:00,16.58476707,,,,,193.29900030353087,0.0
2022-09-04 13:06:06+00:00,17.70522819,,,,,185.97127953896134,0.0
2022-09-04 13:06:08+00:00,18.24951338,,,,,149.8117552040027,0.0
2022-09-04 13:06:10+00:00,18.46293073,,,,,130.9491026333547,0.0
2022-09-04 13:06:12+00:00,18.37105572,,,,,137.0970923104018,0.0
2022-09-04 13:06:14+00:00,19.02176982,,,,,146.61416489247102,0.0
2022-09-04 13:06:16+00:00,19.49968167,,,,,116.79298168549053,0.0
2022-09-04 13:06:18+00:00,19.26892923,,,,,55.89540663499489,0.0
2022-09-04 13:06:20+00:00,18.31811123,,,,,0.0,6.620903315801537
2022-09-04 13:06:22+00:00,17.40793993,,,,,55.54652990275198,0.0
2022-09-04 13:06:24+00:00,17.16869501,,,,,105.68735797304414,0.0
2022-09-04 13:06:26+00:00,18.19022604,,,,,125.94532215903354,0.0
2022-09-04 13:06:28+00:00,18.25356133,,,,,87.58087608144217,0.0
2022-09-04 13:06:30+00:00,17.64147213,,,,,64.72544132702107,0.0
2022-09-04 13:06:32+00:00,16.95811467,,,,,88.63911061504136,0.0
2022-09-04 13:06:34+00:00,17.70118297,,,,,107.4040506802392,0.0
2022-09-04 13:06:36+00:00,18.03026745,,,,,62.79263253248753,0.0
2022-09-04 13:06:38+00:00,17.13014679,,,,,-32.16753803874334,0.0
2022-09-04 13:06:40+00:00,15.50624287,,,,,0.0,27.052517979738035
2022-09-04 13:06:42+00:00,14.36349741,,,,,76.89254684461828,0.0
2022-09-04 13:06:44+00:00,15.67599322,,,,,173.3356429441656,0.0
2022-09-04 13:06:46+00:00,17.13230517,,,,,236.0686572255518,0.0
2022-09-04 13:06:48+00:00,18.32922228,,,,,271.85068982825123,0.0
2022-09-04 13:06:50+00:00,19.66565993,,,,,303.0490952846756,0.0
2022-09-04 13:06:52+00:00,21.86119341,,,,,281.6144749844688,0.0
2022-09-04 13:06:54+00:00,22.57109802,,,,,169.31450108297113,0.0
2022-09-04 13:06:56+00:00,21.58088439,,,,,74.62312428892993,0.0
2022-09-04 13:06:58+00:00,20.92613405,,,,,65.63578796450102,0.0
2022-09-04 13:07:00+00:00,20.80712168,,,,,65.58947798756463,0.0
2022-09-04 13:07:02+00:00,20.46875962,,,,,0.0,19.781916521976605
2022-09-04 13:07:04+00:00,19.20224237,,,,,-69.86233984011008,0.0
2022-09-04 13:07:06+00:00,17.09736813,,,,,-54.01364012619344,0.0
2022-09-04 13:07:08+00:00,15.60141681,,,,,42.429640278686634,0.0
2022-09-04 13:07:10+00:00,16.60506834,,,,,123.94771878567046,0.0
2022-09-04 13:07:12+00:00,17.1819808,,,,,155.21824633969473,0.0
2022-09-04 13:07:14+00:00,17.57159587,,,,,139.43437787723295,0.0
2022-09-04 13:07:16+00:00,18.12426751,,,,,159.11324405647005,0.0
2022-09-04 13:07:18+00:00,18.04658622,,,,,161.27649552035092,0.0
2022-09-04 13:07:20+00:00,19.81489959,,,,,129.1714915635574,0.0
2022-09-04 13:07:22+00:00,19.15127103,,,,,47.44473021184281,0.0
2022-09-04 13:07:24+00:00,17.66674582,,,,,0.0,18.614995113299738
2022-09-04 13:07:26+00:00,16.99787276,,,,,74.41533169103327,0.0
2022-09-04 13:07:28+00:00,17.14998461,,,,,152.06741970667034,0.0
2022-09-04 13:07:30+00:00,18.66517398,,,,,183.9832343509252,0.0
2022-09-04 13:07:32+00:00,19.33380431,,,,,139.03930543681244,0.0
2022-09-04 13:07:34+00:00,18.85411024,,,,,102.90531461552297,0.0
2022-09-04 13:07:36+00:00,18.34489791,,,,,147.23916637608139,0.0
2022-09-04 13:07:38+00:00,19.44446569,,,,,213.42452245911878,0.0
2022-09-04 13:07:40+00:00,21.09713645,,,,,209.9406359146325,0.0
2022-09-04 13:07:42+00:00,21.04744936,,,,,122.33973689095332,0.0
2022-09-04 13:07:44+00:00,20.37954072,,,,,75.75536663343517,0.0
2022-09-04 13:07:46+00:00,19.87755523,,,,,89.52288851034255,0.0
2022-09-04 13:07:48+00:00,20.07475697,,,,,111.87239169046765,0.0
2022-09-04 13:07:50+00:00,20.02912635,,,,,112.7727693024733,0.0
2022-09-04 13:07:52+00:00,19.90990053,,,,,110.4650948404957,0.0
2022-09-04 13:07:54+00:00,19.78912483,,,,,165.88070478525688,0.0
2022-09-04 13:07:56+00:00,20.0045165,,,,,264.16450207152803,0.0
2022-09-04 13:07:58+00:00,22.37029433,,,,,336.6215506905717,0.0
2022-09-04 13:08:00+00:00,24.21949638,,,,,237.39063212027034,0.0
2022-09-04 13:08:02+00:00,23.54997098,,,,,51.922013383940964,0.0
2022-09-04 13:08:04+00:00,21.51972306,,,,,-42.656603346622234,0.0
2022-09-04 13:08:06+00:00,20.65907754,,,,,0.0,25.695719442539357
2022-09-04 13:08:08+00:00,19.98389119,,,,,59.65418793040982,0.0
2022-09-04 13:08:10+00:00,19.28615445,,,,,107.27577757848613,0.0
2022-09-04 13:08:12+00:00,20.05257461,,,,,133.9864086179081,0.0
2022-09-04 13:08:14+00:00,20.40824346,,,,,77.14463780798843,0.0
2022-09-04 13:08:16+00:00,19.61989421,,,,,-88.95300389599467,0.0
2022-09-04 13:08:18+00:00,17.58280651,,,,,-200.0,10.452378460115199
2022-09-04 13:08:20+00:00,13.0670779,,,,,-200.0,13.657818511725111
2022-09-04 13:08:22+00:00,8.386950036,,,,,-125.63826679638049,0.0
2022-09-04 13:08:24+00:00,5.716574491,,,,,-57.086025299396425,0.0
2022-09-04 13:08:26+00:00,4.096205231,,,,,0.0,25.68577738110763
2022-09-04 13:08:28+00:00,3.048657024,,,,,0.0,11.127620584181761
2022-09-04 13:08:30+00:00,2.309270348,,,,,0.0,4.961720183763103
2022-09-04 13:08:32+00:00,1.77198725,,,,,0.0,2.110287713245814
2022-09-04 13:08:34+00:00,1.365986328,,,,,0.0,0.6455859480503624
2022-09-04 13:08:36+00:00,1.082907933,,,,,2.465821690640376,0.0
2022-09-04 13:08:38+00:00,0.910266509,,,,,0.0,0.0
2022-09-04 13:08:40+00:00,0.910600351,,,,,0.0,0.0
2022-09-04 13:08:42+00:00,0.768864945,,,,,0.0,0.0
2022-09-04 13:08:44+00:00,0.60159583,,,,,0.0,0.0
2022-09-04 13:08:46+00:00,0.57117841,,,,,0.0,0.0
2022-09-04 13:08:48+00:00,0.50395585,,,,,0.0,0.0
2022-09-04 13:08:50+00:00,0.459774755,,,,,0.0,0.0
2022-09-04 13:08:52+00:00,0.477863989,,,,,0.0,0.0
2022-09-04 13:08:54+00:00,0.411964146,,,,,0.0,0.0
2022-09-04 13:08:56+00:00,0.382961229,,,,,0.0,0.0
2022-09-04 13:08:58+00:00,0.362289938,,,,,0.0,0.0
2022-09-04 13:09:00+00:00,0.327968204,,,,,0.0,0.0
2022-09-04 13:09:02+00:00,0.311522588,,,,,0.0,0.0
2022-09-04 13:09:04+00:00,0.30281159,,,,,0.0,0.0
2022-09-04 13:09:06+00:00,0.314866755,,,,,0.0,0.0
2022-09-04 13:09:08+00:00,0.320762251,,,,,0.0,0.0
2022-09-04 13:09:10+00:00,0.301804523,,,,,0.0,0.0
2022-09-04 13:09:12+00:00,0.321566582,,,,,0.0,0.0
2022-09-04 13:09:14+00:00,0.336087189,,,,,0.0,0.0
2022-09-04 13:09:16+00:00,0.486871043,,,,,0.0,0.0
2022-09-04 13:09:18+00:00,0.769816021,,,,,0.0,0.0
2022-09-04 13:09:20+00:00,0.859088615,,,,,0.0,0.0
2022-09-04 13:09:22+00:00,0.770595181,,,,,0.0,0.0
2022-09-04 13:09:24+00:00,0.608311585,,,,,0.0,0.0
2022-09-04 13:09:26+00:00,0.504174512,,,,,0.0,0.0
2022-09-04 13:09:28+00:00,0.473622508,,,,,0.0,0.0
2022-09-04 13:09:30+00:00,2.208931742,,,,,62.51592484431133,0.0
2022-09-04 13:09:32+00:00,5.238130925,,,,,122.28951656800031,0.0
2022-09-04 13:09:34+00:00,7.83926846,,,,,162.87060631970078,0.0
2022-09-04 13:09:36+00:00,10.05230635,,,,,178.4519561184885,0.0
2022-09-04 13:09:38+00:00,11.72234532,,,,,193.63073283674035,0.0
2022-09-04 13:09:40+00:00,13.30443168,,,,,221.142393042869,0.0
2022-09-04 13:09:42+00:00,15.49642221,,,,,279.85079917572637,0.0
2022-09-04 13:09:44+00:00,17.26749249,,,,,328.1140837913789,0.0
2022-09-04 13:09:46+00:00,19.87490193,,,,,359.2809604541143,0.0
2022-09-04 13:09:48+00:00,21.61314256,,,,,321.0503556417551,0.0
2022-09-04 13:09:50+00:00,22.45997845,,,,,216.49525384684216,0.0
2022-09-04 13:09:52+00:00,22.68616153,,,,,119.4285018736265,0.0
2022-09-04 13:09:54+00:00,21.82055349,,,,,56.06721935338846,0.0
2022-09-04 13:09:56+00:00,21.06048632,,,,,0.0,1.5487551205855887
2022-09-04 13:09:58+00:00,20.45409111,,,,,0.0,10.754760151275928
2022-09-04 13:10:00+00:00,19.46470519,,,,,0.0,13.679636250316662
2022-09-04 13:10:02+00:00,18.48509315,,,,,50.9142625068584,0.0
2022-09-04 13:10:04+00:00,18.16195436,,,,,133.80969061293086,0.0
2022-09-04 13:10:06+00:00,18.94317002,,,,,228.40915519566568,0.0
2022-09-04 13:10:08+00:00,20.75713967,,,,,257.56501964471676,0.0
2022-09-04 13:10:10+00:00,21.93876567,,,,,164.13143303219965,0.0
2022-09-04 13:10:12+00:00,21.15786162,,,,,52.37136528461532,0.0
2022-09-04 13:10:14+00:00,19.65701993,,,,,-33.992879672252506,0.0
2022-09-04 13:10:16+00:00,19.45812155,,,,,-41.861375102323215,0.0
2022-09-04 13:10:18+00:00,17.34234169,,,,,-29.828315410194776,0.0
2022-09-04 13:10:20+00:00,16.6979485,,,,,40.516833766220564,0.0
2022-09-04 13:10:22+00:00,16.70499502,,,,,86.87261896431609,0.0
2022-09-04 13:10:24+00:00,17.18873199,,,,,114.24784094435573,0.0
2022-09-04 13:10:26+00:00,16.69122078,,,,,120.18645103884714,0.0
2022-09-04 13:10:28+00:00,17.90380107,,,,,117.01461420404036,0.0
2022-09-04 13:10:30+00:00,17.77960776,,,,,92.87985176016282,0.0
2022-09-04 13:10:32+00:00,17.08654445,,,,,85.3696704020647,0.0
2022-09-04 13:10:34+00:00,17.23534784,,,,,151.7109831221624,0.0
2022-09-04 13:10:36+00:00,18.04280683,,,,,247.4260293603436,0.0
2022-09-04 13:10:38+00:00,20.08445171,,,,,309.14438751411586,0.0
2022-09-04 13:10:40+00:00,21.98198386,,,,,267.81558410329774,0.0
2022-09-04 13:10:42+00:00,22.15653857,,,,,151.12997460561004,0.0
2022-09-04 13:10:44+00:00,21.45970928,,,,,99.75294908361585,0.0
2022-09-04 13:10:46+00:00,21.03999619,,,,,149.0794330912688,0.0
2022-09-04 13:10:48+00:00,21.59376099,,,,,241.14856248190375,0.0
2022-09-04 13:10:50+00:00,22.9636843,,,,,257.80694157331124,0.0
2022-09-04 13:10:52+00:00,24.18722361,,,,,149.72700072527206,0.0
2022-09-04 13:10:54+00:00,22.80267836,,,,,-30.918736189620816,0.0
2022-09-04 13:10:56+00:00,21.06260588,,,,,-128.1136443691287,0.0
2022-09-04 13:10:58+00:00,19.368919,,,,,-182.46122492149982,0.0
2022-09-04 13:11:00+00:00,15.47157949,,,,,-139.0040968703672,0.0
2022-09-04 13:11:02+00:00,12.50716455,,,,,-50.159550459995515,0.0
2022-09-04 13:11:04+00:00,13.49283214,,,,,67.48243367855078,0.0
2022-09-04 13:11:06+00:00,13.72131207,,,,,142.75065364258614,0.0
2022-09-04 13:11:08+00:00,14.10268787,,,,,217.45180533210726,0.0
2022-09-04 13:11:10+00:00,16.99835118,,,,,323.0980034969777,0.0
2022-09-04 13:11:12+00:00,20.03897387,,,,,349.1823375498441,0.0
2022-09-04 13:11:14+00:00,20.52612839,,,,,246.83555370946613,0.0
2022-09-04 13:11:16+00:00,21.26616079,,,,,133.38433037039445,0.0
2022-09-04 13:11:18+00:00,21.46264393,,,,,22.470407592420354,0.0
2022-09-04 13:11:20+00:00,19.21372101,,,,,0.0,19.235825273332114
2022-09-04 13:11:22+00:00,18.06613427,,,,,106.42090374097245,0.0
2022-09-04 13:11:24+00:00,19.5225456,,,,,252.35043295538833,0.0
2022-09-04 13:11:26+00:00,21.48973605,,,,,303.92832064380815,0.0
2022-09-04 13:11:28+00:00,22.52681787,,,,,241.603632450712,0.0
2022-09-04 13:11:30+00:00,22.4563781,,,,,169.93022911901997,0.0
2022-09-04 13:11:32+00:00,22.56516187,,,,,113.55720416638017,0.0
2022-09-04 13:11:34+00:00,22.52236061,,,,,95.20380533030193,0.0
2022-09-04 13:11:36+00:00,21.07352018,,,,,94.15741317272739,0.0
2022-09-04 13:11:38+00:00,21.78682445,,,,,127.77245698553307,0.0
2022-09-04 13:11:40+00:00,21.70339702,,,,,117.76651164293432,0.0
2022-09-04 13:11:42+00:00,21.49406621,,,,,73.83567900953841,0.0
2022-09-04 13:11:44+00:00,20.56306654,,,,,85.46050239279289,0.0
2022-09-04 13:11:46+00:00,20.22487917,,,,,138.5119226940837,0.0
2022-09-04 13:11:48+00:00,21.17524955,,,,,183.6494353382571,0.0
2022-09-04 13:11:50+00:00,21.7662476,,,,,103.74233946240626,0.0
2022-09-04 13:11:52+00:00,21.44116262,,,,,-55.20282245870266,0.0
2022-09-04 13:11:54+00:00,18.50048579,,,,,-112.97351290295639,0.0
2022-09-04 13:11:56+00:00,16.59256722,,,,,-67.39177668080214,0.0
2022-09-04 13:11:58+00:00,15.11258358,,,,,100.06876551954598,0.0
2022-09-04 13:12:00+00:00,16.34413121,,,,,272.01440766507073,0.0
2022-09-04 13:12:02+00:00,20.12318242,,,,,388.2669680297779,0.0
2022-09-04 13:12:04+00:00,22.28832019,,,,,295.81567342656314,0.0
2022-09-04 13:12:06+00:00,21.49050593,,,,,185.19652787288575,0.0
2022-09-04 13:12:08+00:00,21.37777409,,,,,213.04953236564717,0.0
2022-09-04 13:12:10+00:00,23.32919337,,,,,235.58295667357643,0.0
2022-09-04 13:12:12+00:00,24.03640635,,,,,99.82010509455277,0.0
2022-09-04 13:12:14+00:00,22.04914813,,,,,-42.10417657534267,0.0
2022-09-04 13:12:16+00:00,20.03871633,,,,,0.0,25.471160443553625
2022-09-04 13:12:18+00:00,20.13755945,,,,,70.30804471000545,0.0
2022-09-04 13:12:20+00:00,20.2861676,,,,,79.79444059024239,0.0
2022-09-04 13:12:22+00:00,19.43362008,,,,,61.330516069220046,0.0
2022-09-04 13:12:24+00:00,18.78154574,,,,,90.80956028462583,0.0
2022-09-04 13:12:26+00:00,19.0713539,,,,,151.6289927727616,0.0
2022-09-04 13:12:28+00:00,19.84232413,,,,,208.6471930164905,0.0
2022-09-04 13:12:30+00:00,20.53104263,,,,,221.35505505651616,0.0
2022-09-04 13:12:32+00:00,21.75737706,,,,,142.99247797582947,0.0
2022-09-04 13:12:34+00:00,21.69460669,,,,,-61.64963605470446,0.0
2022-09-04 13:12:36+00:00,18.96751208,,,,,-200.0,12.130761723510005
2022-09-04 13:12:38+00:00,15.06376217,,,,,-200.0,40.42154919248566
2022-09-04 13:12:40+00:00,10.46852754,,,,,-156.27526441437763,0.0
2022-09-04 13:12:42+00:00,7.415844292,,,,,-79.87671818329055,0.0
2022-09-04 13:12:44+00:00,5.58155221,,,,,-33.52558801779466,0.0
2022-09-04 13:12:46+00:00,4.505889599,,,,,0.0,13.872511303772516
2022-09-04 13:12:48+00:00,4.080725725,,,,,0.0,4.191720392671219
2022-09-04 13:12:50+00:00,3.757712619,,,,,0.0,0.3291147428042479
2022-09-04 13:12:52+00:00,3.515580649,,,,,11.333168703330056,0.0
2022-09-04 13:12:54+00:00,3.336560831,,,,,18.545018966025566,0.0
2022-09-04 13:12:56+00:00,3.206389049,,,,,20.230530656654377,0.0
2022-09-04 13:12:58+00:00,3.017244868,,,,,20.536376555379206,0.0
2022-09-04 13:13:00+00:00,2.867408715,,,,,23.499412739605898,0.0
2022-09-04 13:13:02+00:00,2.766499792,,,,,28.443141470652122,0.0
2022-09-04 13:13:04+00:00,2.6953789,,,,,31.896498344255996,0.0
2022-09-04 13:13:06+00:00,2.643654747,,,,,33.95787506770794,0.0
2022-09-04 13:13:08+00:00,2.605265789,,,,,35.27664433729113,0.0
2022-09-04 13:13:10+00:00,2.576413063,,,,,36.94403310306814,0.0
2022-09-04 13:13:12+00:00,2.554562171,,,,,39.14419414912482,0.0
2022-09-04 13:13:14+00:00,2.944439015,,,,,40.51671829903689,0.0
2022-09-04 13:13:16+00:00,3.366037861,,,,,38.92864834159453,0.0
2022-09-04 13:13:18+00:00,2.986441566,,,,,32.18657284321883,0.0
2022-09-04 13:13:20+00:00,2.891017971,,,,,37.488541949659115,0.0
2022-09-04 13:13:22+00:00,2.915904476,,,,,51.595695820367986,0.0
2022-09-04 13:13:24+00:00,3.664051906,,,,,87.4380996244508,0.0
2022-09-04 13:13:26+00:00,7.254518926,,,,,196.66058076722024,0.0
2022-09-04 13:13:28+00:00,11.86896791,,,,,311.608625100148,0.0
2022-09-04 13:13:30+00:00,14.81249466,,,,,257.3470927028478,0.0
2022-09-04 13:13:32+00:00,15.97296366,,,,,170.74866224651683,0.0
2022-09-04 13:13:34+00:00,14.7197825,,,,,127.4644997514648,0.0
2022-09-04 13:13:36+00:00,17.17398007,,,,,187.17199442244493,0.0
2022-09-04 13:13:38+00:00,16.9880499,,,,,287.3205169366104,0.0
2022-09-04 13:13:40+00:00,18.96369216,,,,,417.3709589516058,0.0
2022-09-04 13:13:42+00:00,23.78192649,,,,,578.5249823061729,0.0
2022-09-04 13:13:44+00:00,25.35871371,,,,,445.28350892702963,0.0
2022-09-04 13:13:46+00:00,26.10657268,,,,,241.56296007063625,0.0
2022-09-04 13:13:48+00:00,25.90443624,,,,,116.74893234426118,0.0
2022-09-04 13:13:50+00:00,24.85474273,,,,,0.0,6.853228704382085
2022-09-04 13:13:52+00:00,23.80281281,,,,,-46.130676388940294,0.0
2022-09-04 13:13:54+00:00,22.22751902,,,,,-81.11255863247901,0.0
2022-09-04 13:13:56+00:00,20.76927334,,,,,-129.82222047189347,0.0
2022-09-04 13:13:58+00:00,18.45994061,,,,,-199.08612439953424,0.0
2022-09-04 13:14:00+00:00,15.29163373,,,,,-200.0,26.146225973367933
2022-09-04 13:14:02+00:00,10.33362908,,,,,-150.91912777955147,0.0
2022-09-04 13:14:04+00:00,7.421370243,,,,,-77.58036551088492,0.0
2022-09-04 13:14:06+00:00,5.721558609,,,,,-33.60670168197933,0.0
2022-09-04 13:14:08+00:00,4.857249623,,,,,0.0,20.528815863723263
2022-09-04 13:14:10+00:00,3.756315104,,,,,0.0,10.579895918552818
2022-09-04 13:14:12+00:00,2.907588023,,,,,0.0,4.461151842690006
2022-09-04 13:14:14+00:00,2.850192868,,,,,0.0,2.187129318150462
2022-09-04 13:14:16+00:00,2.430429125,,,,,0.0,2.3249478132996404
2022-09-04 13:14:18+00:00,1.770203643,,,,,0.0,1.5391472984474122
2022-09-04 13:14:20+00:00,1.325079567,,,,,5.440191326357876,0.0
2022-09-04 13:14:22+00:00,1.410119,,,,,27.049695246937112,0.0
2022-09-04 13:14:24+00:00,1.655644701,,,,,36.126175762225806,0.0
2022-09-04 13:14:26+00:00,1.837977488,,,,,29.535892291970722,0.0
2022-09-04 13:14:28+00:00,1.699253381,,,,,14.361152269070116,0.0
2022-09-04 13:14:30+00:00,1.438697949,,,,,8.143740335826287,0.0
2022-09-04 13:14:32+00:00,1.354883347,,,,,8.585342413100836,0.0
2022-09-04 13:14:34+00:00,1.203664748,,,,,7.5229101085099295,0.0
2022-09-04 13:14:36+00:00,1.025991655,,,,,7.413524459139748,0.0
2022-09-04 13:14:38+00:00,0.853065787,,,,,0.0,0.0
2022-09-04 13:14:40+00:00,0.892927932,,,,,0.0,0.0
2022-09-04 13:14:42+00:00,1.06124631,,,,,20.384558115159567,0.0
2022-09-04 13:14:44+00:00,1.134015283,,,,,16.240875655822787,0.0
2022-09-04 13:14:46+00:00,1.018681208,,,,,9.901885868038189,0.0
2022-09-04 13:14:48+00:00,0.843701053,,,,,0.0,0.0
2022-09-04 13:14:50+00:00,0.79304187,,,,,0.0,0.0
2022-09-04 13:14:52+00:00,0.839199266,,,,,0.0,0.0
2022-09-04 13:14:54+00:00,0.847301531,,,,,0.0,0.0
2022-09-04 13:14:56+00:00,0.798597414,,,,,0.0,0.0
2022-09-04 13:14:58+00:00,0.783759198,,,,,0.0,0.0
2022-09-04 13:15:00+00:00,1.05244977,,,,,42.39516187235989,0.0
2022-09-04 13:15:02+00:00,2.457987304,,,,,78.85544597332921,0.0
2022-09-04 13:15:04+00:00,7.251095479,,,,,236.55354326547578,0.0
2022-09-04 13:15:06+00:00,11.85531604,,,,,440.08728032458066,0.0
2022-09-04 13:15:08+00:00,16.89588987,,,,,603.0626664059901,0.0
2022-09-04 13:15:10+00:00,22.26123489,,,,,632.3224437499688,0.0
2022-09-04 13:15:12+00:00,23.91836511,,,,,391.92932726865314,0.0
2022-09-04 13:15:14+00:00,24.22099382,,,,,182.91705919579073,0.0
2022-09-04 13:15:16+00:00,23.646686,,,,,90.32017795199953,0.0
2022-09-04 13:15:18+00:00,23.12519332,,,,,42.18772636083964,0.0
2022-09-04 13:15:20+00:00,22.17238765,,,,,-29.30506231840414,0.0
2022-09-04 13:15:22+00:00,21.01232691,,,,,-83.16532296893253,0.0
2022-09-04 13:15:24+00:00,19.27260396,,,,,-169.90275640005513,0.0
2022-09-04 13:15:26+00:00,16.55973417,,,,,-200.0,39.17238470615683
2022-09-04 13:15:28+00:00,11.52305615,,,,,-189.62290294759615,0.0
2022-09-04 13:15:30+00:00,7.534851108,,,,,-103.37200533668087,0.0
2022-09-04 13:15:32+00:00,5.188559405,,,,,-43.961032502644535,0.0
2022-09-04 13:15:34+00:00,3.732543556,,,,,0.0,19.38343363819791
2022-09-04 13:15:36+00:00,2.956564609,,,,,0.0,8.794492551043101
2022-09-04 13:15:38+00:00,2.259026034,,,,,0.0,4.1187894977678345
2022-09-04 13:15:40+00:00,1.698212643,,,,,0.0,1.7891856945538658
2022-09-04 13:15:42+00:00,1.353529704,,,,,0.0,0.42762270646341727
2022-09-04 13:15:44+00:00,1.110084246,,,,,3.0603286757169545,0.0
2022-09-04 13:15:46+00:00,0.936515447,,,,,0.0,0.0
2022-09-04 13:15:48+00:00,0.84656381,,,,,0.0,0.0
2022-09-04 13:15:50+00:00,0.836663104,,,,,0.0,0.0
2022-09-04 13:15:52+00:00,0.831749438,,,,,0.0,0.0
2022-09-04 13:15:54+00:00,1.121620469,,,,,19.55410291455156,0.0
2022-09-04 13:15:56+00:00,0.980525308,,,,,0.0,0.0
2022-09-04 13:15:58+00:00,0.913091193,,,,,0.0,0.0
2022-09-04 13:16:00+00:00,0.902273614,,,,,0.0,0.0
2022-09-04 13:16:02+00:00,0.861723672,,,,,0.0,0.0
2022-09-04 13:16:04+00:00,0.780940574,,,,,0.0,0.0
2022-09-04 13:16:06+00:00,0.617350244,,,,,0.0,0.0
2022-09-04 13:16:08+00:00,0.585206194,,,,,0.0,0.0
2022-09-04 13:16:10+00:00,0.722736231,,,,,0.0,0.0
2022-09-04 13:16:12+00:00,1.560470033,,,,,48.941848027785845,0.0
2022-09-04 13:16:14+00:00,3.421491861,,,,,87.16364455141667,0.0
2022-09-04 13:16:16+00:00,7.04099948,,,,,169.78103728754394,0.0
2022-09-04 13:16:18+00:00,9.551257349,,,,,227.3508561435786,0.0
2022-09-04 13:16:20+00:00,12.61583068,,,,,254.85942859599524,0.0
2022-09-04 13:16:22+00:00,15.40185685,,,,,218.09388297792344,0.0
2022-09-04 13:16:24+00:00,15.51911703,,,,,71.84889657189696,0.0
2022-09-04 13:16:26+00:00,15.18318512,,,,,-66.0242524764765,0.0
2022-09-04 13:16:28+00:00,12.22505398,,,,,-76.37634636949154,0.0
2022-09-04 13:16:30+00:00,10.1496117,,,,,0.0,14.204807192762551
2022-09-04 13:16:32+00:00,10.16158121,,,,,122.72825975461193,0.0
2022-09-04 13:16:34+00:00,13.43431286,,,,,214.6587099016138,0.0
2022-09-04 13:16:36+00:00,15.47998289,,,,,187.3691416122688,0.0
2022-09-04 13:16:38+00:00,15.21502909,,,,,79.54165556395812,0.0
2022-09-04 13:16:40+00:00,14.98127887,,,,,0.0,13.737040999178527
2022-09-04 13:16:42+00:00,13.93498901,,,,,-60.7592529764977,0.0
2022-09-04 13:16:44+00:00,12.68218521,,,,,-107.89953596515846,0.0
2022-09-04 13:16:46+00:00,9.195984804,,,,,-93.95456094547424,0.0
2022-09-04 13:16:48+00:00,6.412345671,,,,,-38.710614342967304,0.0
2022-09-04 13:16:50+00:00,5.258840124,,,,,53.75353061641936,0.0
2022-09-04 13:16:52+00:00,7.216801762,,,,,142.2591966699036,0.0
2022-09-04 13:16:54+00:00,10.75508362,,,,,285.28958990342676,0.0
2022-09-04 13:16:56+00:00,13.98223288,,,,,390.3222602408462,0.0
2022-09-04 13:16:58+00:00,18.62876723,,,,,428.8470488301193,0.0
2022-09-04 13:17:00+00:00,20.47065472,,,,,326.590697005124,0.0
2022-09-04 13:17:02+00:00,20.20418743,,,,,234.61819650972473,0.0
2022-09-04 13:17:04+00:00,21.68150055,,,,,285.8303241624103,0.0
2022-09-04 13:17:06+00:00,22.7984499,,,,,344.49994984506316,0.0
2022-09-04 13:17:08+00:00,24.3529227,,,,,367.68877271471916,0.0
2022-09-04 13:17:10+00:00,25.44604677,,,,,394.0262681335302,0.0
2022-09-04 13:17:12+00:00,26.47704818,,,,,434.17948132204447,0.0
2022-09-04 13:17:14+00:00,28.10823857,,,,,439.3335458044527,0.0
2022-09-04 13:17:16+00:00,29.56885909,,,,,303.29889765514764,0.0
2022-09-04 13:17:18+00:00,28.97738894,,,,,44.719229368612545,0.0
2022-09-04 13:17:20+00:00,26.94228769,,,,,-148.03263710386994,0.0
2022-09-04 13:17:22+00:00,24.01460466,,,,,-189.9452740969347,0.0
2022-09-04 13:17:24+00:00,21.23533171,,,,,-112.27800434388807,0.0
2022-09-04 13:17:26+00:00,19.3496939,,,,,57.293647221795084,0.0
2022-09-04 13:17:28+00:00,20.40832228,,,,,189.74398880243405,0.0
2022-09-04 13:17:30+00:00,22.09202886,,,,,225.6443439403522,0.0
2022-09-04 13:17:32+00:00,21.66850512,,,,,136.0189359651659,0.0
2022-09-04 13:17:34+00:00,21.73519863,,,,,89.51499432835998,0.0
2022-09-04 13:17:36+00:00,20.79116397,,,,,124.23570653720958,0.0
2022-09-04 13:17:38+00:00,20.88512214,,,,,183.87760949926528,0.0
2022-09-04 13:17:40+00:00,22.4458229,,,,,195.57842597694992,0.0
2022-09-04 13:17:42+00:00,22.68849067,,,,,85.36389214743912,0.0
2022-09-04 13:17:44+00:00,21.14360539,,,,,-50.120172997397795,0.0
2022-09-04 13:17:46+00:00,19.53091456,,,,,-70.85912535646978,0.0
2022-09-04 13:17:48+00:00,18.09618888,,,,,-40.95831751095648,0.0
2022-09-04 13:17:50+00:00,17.08655277,,,,,8.979238568047027,0.0
2022-09-04 13:17:52+00:00,17.01436156,,,,,73.30507983111853,0.0
2022-09-04 13:17:54+00:00,17.17441608,,,,,86.71634178566433,0.0
2022-09-04 13:17:56+00:00,16.93498115,,,,,59.79682631650437,0.0
2022-09-04 13:17:58+00:00,16.80170193,,,,,0.0,9.491277369966406
2022-09-04 13:18:00+00:00,15.5540242,,,,,-33.690140838319124,0.0
2022-09-04 13:18:02+00:00,14.48912029,,,,,-37.015505434577705,0.0
2022-09-04 13:18:04+00:00,13.36790295,,,,,0.0,12.033514987879611
2022-09-04 13:18:06+00:00,12.83344233,,,,,74.23891858274476,0.0
2022-09-04 13:18:08+00:00,13.45644154,,,,,140.01034912777016,0.0
2022-09-04 13:18:10+00:00,15.01536641,,,,,179.6112874748254,0.0
2022-09-04 13:18:12+00:00,16.29523932,,,,,163.81219889811572,0.0
2022-09-04 13:18:14+00:00,16.50352776,,,,,142.67900708417184,0.0
2022-09-04 13:18:16+00:00,16.53951726,,,,,147.11333883541013,0.0
2022-09-04 13:18:18+00:00,17.97425363,,,,,199.53538428523075,0.0
2022-09-04 13:18:20+00:00,18.26232534,,,,,249.43710456213978,0.0
2022-09-04 13:18:22+00:00,20.1080678,,,,,289.7356106408136,0.0
2022-09-04 13:18:24+00:00,22.06068661,,,,,258.6248850494927,0.0
2022-09-04 13:18:26+00:00,22.1413425,,,,,124.76907616528342,0.0
2022-09-04 13:18:28+00:00,21.27650893,,,,,52.92482284506127,0.0
2022-09-04 13:18:30+00:00,20.18976319,,,,,101.20191906100742,0.0
2022-09-04 13:18:32+00:00,20.4184361,,,,,231.52338197280878,0.0
2022-09-04 13:18:34+00:00,22.11389996,,,,,329.9550388703751,0.0
2022-09-04 13:18:36+00:00,24.43307082,,,,,251.37972355224602,0.0
2022-09-04 13:18:38+00:00,24.10673954,,,,,0.0,13.948150746070505
2022-09-04 13:18:40+00:00,21.50802704,,,,,-132.76559207465937,0.0
2022-09-04 13:18:42+00:00,18.96041649,,,,,-121.53377298497456,0.0
2022-09-04 13:18:44+00:00,17.1897795,,,,,-59.78335858626578,0.0
2022-09-04 13:18:46+00:00,16.42637271,,,,,41.3629301428201,0.0
2022-09-04 13:18:48+00:00,16.15590798,,,,,113.31773171441175,0.0
2022-09-04 13:18:50+00:00,17.20738682,,,,,178.95665203492442,0.0
2022-09-04 13:18:52+00:00,18.0760428,,,,,222.5782597660512,0.0
2022-09-04 13:18:54+00:00,19.28981947,,,,,255.52396998220786,0.0
2022-09-04 13:18:56+00:00,20.5162392,,,,,249.7607269269918,0.0
2022-09-04 13:18:58+00:00,21.84610435,,,,,229.727981408089,0.0
2022-09-04 13:19:00+00:00,21.35015599,,,,,208.88439595264876,0.0
2022-09-04 13:19:02+00:00,22.44242012,,,,,237.90063939000345,0.0
2022-09-04 13:19:04+00:00,23.34292999,,,,,253.89093484074903,0.0
2022-09-04 13:19:06+00:00,23.76907615,,,,,216.60280036038645,0.0
2022-09-04 13:19:08+00:00,23.95510481,,,,,186.7064664410523,0.0
2022-09-04 13:19:10+00:00,24.01199005,,,,,169.93091260371915,0.0
2022-09-04 13:19:12+00:00,23.99430944,,,,,160.209690856579,0.0
2022-09-04 13:19:14+00:00,23.9303436,,,,,140.9205771636679,0.0
2022-09-04 13:19:16+00:00,23.86188539,,,,,106.90862238962727,0.0
2022-09-04 13:19:18+00:00,23.23338675,,,,,65.99649505340534,0.0
2022-09-04 13:19:20+00:00,22.43776221,,,,,33.319689640750795,0.0
2022-09-04 13:19:22+00:00,21.65494176,,,,,0.0,0.3945375042609929
2022-09-04 13:19:24+00:00,20.68644968,,,,,73.62898573339857,0.0
2022-09-04 13:19:26+00:00,20.28968201,,,,,155.76631485977114,0.0
2022-09-04 13:19:28+00:00,21.39369658,,,,,250.7201991109327,0.0
2022-09-04 13:19:30+00:00,22.61211083,,,,,249.2138312548836,0.0
2022-09-04 13:19:32+00:00,23.57229986,,,,,154.80328398244086,0.0
2022-09-04 13:19:34+00:00,22.37129389,,,,,61.08024704370933,0.0
2022-09-04 13:19:36+00:00,21.46843935,,,,,55.32456740992748,0.0
2022-09-04 13:19:38+00:00,21.11731706,,,,,120.16565717141928,0.0
2022-09-04 13:19:40+00:00,21.28008312,,,,,188.13380106468955,0.0
2022-09-04 13:19:42+00:00,22.14193714,,,,,245.0331883700005,0.0
2022-09-04 13:19:44+00:00,22.99799634,,,,,263.2467238069512,0.0
2022-09-04 13:19:46+00:00,23.82191974,,,,,242.2315858438623,0.0
2022-09-04 13:19:48+00:00,24.14861593,,,,,189.95826713634705,0.0
2022-09-04 13:19:50+00:00,24.13774485,,,,,147.93898070235227,0.0
2022-09-04 13:19:52+00:00,23.59089139,,,,,125.70129462653976,0.0
2022-09-04 13:19:54+00:00,23.64234949,,,,,147.36491870407974,0.0
2022-09-04 13:19:56+00:00,23.28393903,,,,,179.58789046158435,0.0
2022-09-04 13:19:58+00:00,23.94073786,,,,,188.69630805120266,0.0
2022-09-04 13:20:00+00:00,24.29076083,,,,,107.0190895159265,0.0
2022-09-04 13:20:02+00:00,23.61650638,,,,,-46.11434226357272,0.0
2022-09-04 13:20:04+00:00,21.16650664,,,,,-85.44374624633781,0.0
2022-09-04 13:20:06+00:00,19.34329146,,,,,-44.68105035963799,0.0
2022-09-04 13:20:08+00:00,18.9562341,,,,,60.426643772918744,0.0
2022-09-04 13:20:10+00:00,18.88271535,,,,,143.18310854625787,0.0
2022-09-04 13:20:12+00:00,19.16905333,,,,,217.0353071309862,0.0
2022-09-04 13:20:14+00:00,20.96962146,,,,,256.82565663526435,0.0
2022-09-04 13:20:16+00:00,22.19113491,,,,,190.19954326250425,0.0
2022-09-04 13:20:18+00:00,21.65501601,,,,,72.17903428218898,0.0
2022-09-04 13:20:20+00:00,20.56852729,,,,,0.0,3.731464477881045
2022-09-04 13:20:22+00:00,19.7537715,,,,,53.83788820795596,0.0
2022-09-04 13:20:24+00:00,19.51928713,,,,,70.7022385842244,0.0
2022-09-04 13:20:26+00:00,19.64879846,,,,,59.88370446976775,0.0
2022-09-04 13:20:28+00:00,18.54882682,,,,,44.4928920321344,0.0
2022-09-04 13:20:30+00:00,18.00783993,,,,,57.01714908077839,0.0
2022-09-04 13:20:32+00:00,17.98217078,,,,,84.77434453984301,0.0
2022-09-04 13:20:34+00:00,17.88193474,,,,,95.78251293575858,0.0
2022-09-04 13:20:36+00:00,17.87338722,,,,,103.57548902840821,0.0
2022-09-04 13:20:38+00:00,17.95848557,,,,,113.67509093423251,0.0
2022-09-04 13:20:40+00:00,18.17659817,,,,,117.05719124101945,0.0
2022-09-04 13:20:42+00:00,18.35732248,,,,,110.32917437413255,0.0
2022-09-04 13:20:44+00:00,18.327178,,,,,111.2691487822242,0.0
2022-09-04 13:20:46+00:00,18.21556921,,,,,132.1568059971926,0.0
2022-09-04 13:20:48+00:00,18.79012647,,,,,167.63745746341027,0.0
2022-09-04 13:20:50+00:00,19.52832741,,,,,187.68608809089838,0.0
2022-09-04 13:20:52+00:00,20.14709273,,,,,191.93692306015922,0.0
2022-09-04 13:20:54+00:00,20.50761712,,,,,194.5833157412065,0.0
2022-09-04 13:20:56+00:00,21.25682458,,,,,193.41355620171646,0.0
2022-09-04 13:20:58+00:00,21.75264545,,,,,180.74616885874354,0.0
2022-09-04 13:21:00+00:00,21.70443448,,,,,173.7847390143044,0.0
2022-09-04 13:21:02+00:00,22.00316028,,,,,203.42260570648023,0.0
2022-09-04 13:21:04+00:00,22.67476312,,,,,259.1730319475965,0.0
2022-09-04 13:21:06+00:00,23.54615361,,,,,284.10096798420165,0.0
2022-09-04 13:21:08+00:00,24.78103385,,,,,225.12035209398283,0.0
2022-09-04 13:21:10+00:00,24.85946612,,,,,111.71989429506637,0.0
2022-09-04 13:21:12+00:00,23.22862023,,,,,72.13122172059582,0.0
2022-09-04 13:21:14+00:00,22.58430718,,,,,117.32457488256867,0.0
2022-09-04 13:21:16+00:00,23.61939678,,,,,172.36403909951454,0.0
2022-09-04 13:21:18+00:00,23.23429747,,,,,154.49807284130242,0.0
2022-09-04 13:21:20+00:00,23.09472842,,,,,96.24016272920612,0.0
2022-09-04 13:21:22+00:00,23.11008925,,,,,47.276597230477726,0.0
2022-09-04 13:21:24+00:00,21.38316916,,,,,22.450152803898398,0.0
2022-09-04 13:21:26+00:00,20.48766564,,,,,71.66902146370965,0.0
2022-09-04 13:21:28+00:00,21.22777048,,,,,143.37845107231368,0.0
2022-09-04 13:21:30+00:00,20.83578743,,,,,181.80066985235558,0.0
2022-09-04 13:21:32+00:00,21.61791115,,,,,241.45377604232996,0.0
2022-09-04 13:21:34+00:00,22.64184329,,,,,286.86834342880616,0.0
2022-09-04 13:21:36+00:00,24.06858714,,,,,172.60018205908497,0.0
2022-09-04 13:21:38+00:00,24.14560408,,,,,-121.9891380446208,0.0
2022-09-04 13:21:40+00:00,20.38845653,,,,,-200.0,119.86888178600873
2022-09-04 13:21:42+00:00,14.5360691,,,,,-200.0,75.426578918279
2022-09-04 13:21:44+00:00,10.38191438,,,,,-140.2425611161765,0.0
2022-09-04 13:21:46+00:00,8.039119412,,,,,-58.38585157281417,0.0
2022-09-04 13:21:48+00:00,7.647835088,,,,,-37.85231891737541,0.0
2022-09-04 13:21:50+00:00,6.170002868,,,,,-31.722735091343537,0.0
2022-09-04 13:21:52+00:00,4.099087364,,,,,0.0,22.19202125439236
2022-09-04 13:21:54+00:00,3.331040504,,,,,0.0,11.359085469817147
2022-09-04 13:21:56+00:00,2.710055743,,,,,0.0,5.029731786281507
2022-09-04 13:21:58+00:00,2.086855754,,,,,0.0,2.6877714676069386
2022-09-04 13:22:00+00:00,1.653954054,,,,,0.0,1.2130047760820746
2022-09-04 13:22:02+00:00,1.360236541,,,,,0.0,0.05142863642516801
2022-09-04 13:22:04+00:00,1.047822699,,,,,10.853515140725001,0.0
2022-09-04 13:22:06+00:00,1.096798714,,,,,23.47498287892741,0.0
2022-09-04 13:22:08+00:00,1.423401831,,,,,36.26710006688435,0.0
2022-09-04 13:22:10+00:00,1.614292583,,,,,36.88055330530506,0.0
2022-09-04 13:22:12+00:00,1.821627034,,,,,38.23206878109457,0.0
2022-09-04 13:22:14+00:00,2.030164404,,,,,39.945323383385144,0.0
2022-09-04 13:22:16+00:00,2.748364047,,,,,48.89175682634706,0.0
2022-09-04 13:22:18+00:00,2.928131106,,,,,65.00784357188778,0.0
2022-09-04 13:22:20+00:00,5.395972271,,,,,118.09193594674818,0.0
2022-09-04 13:22:22+00:00,8.941831555,,,,,187.7346623380762,0.0
2022-09-04 13:22:24+00:00,10.68445144,,,,,168.64340416098457,0.0
2022-09-04 13:22:26+00:00,12.4691904,,,,,110.35574227893393,0.0
2022-09-04 13:22:28+00:00,12.02247782,,,,,43.30119453932909,0.0
2022-09-04 13:22:30+00:00,11.20986757,,,,,0.0,6.637652345952036
2022-09-04 13:22:32+00:00,10.35918411,,,,,79.00103497281177,0.0
2022-09-04 13:22:34+00:00,11.08205083,,,,,175.43728390824444,0.0
2022-09-04 13:22:36+00:00,14.37906136,,,,,293.77860407671415,0.0
2022-09-04 13:22:38+00:00,17.4202705,,,,,317.14918162222904,0.0
2022-09-04 13:22:40+00:00,18.42571616,,,,,226.47176725286437,0.0
2022-09-04 13:22:42+00:00,18.98008185,,,,,187.63404894091167,0.0
2022-09-04 13:22:44+00:00,19.18017827,,,,,176.12296385976572,0.0
2022-09-04 13:22:46+00:00,20.67682676,,,,,88.16629095376055,0.0
2022-09-04 13:22:48+00:00,20.03910991,,,,,-140.84284936031227,0.0
2022-09-04 13:22:50+00:00,16.40668327,,,,,-200.0,58.597797997552334
2022-09-04 13:22:52+00:00,10.3932894,,,,,-178.02807533028204,0.0
2022-09-04 13:22:54+00:00,7.623626377,,,,,-93.88141270355086,0.0
2022-09-04 13:22:56+00:00,5.032678579,,,,,0.0,20.04230965635351
2022-09-04 13:22:58+00:00,4.361875347,,,,,58.5935535958231,0.0
2022-09-04 13:23:00+00:00,7.440392562,,,,,138.56040976502695,0.0
2022-09-04 13:23:02+00:00,9.580413277,,,,,188.9732620629816,0.0
2022-09-04 13:23:04+00:00,11.93181096,,,,,150.7530824782197,0.0
2022-09-04 13:23:06+00:00,13.61597437,,,,,0.0,17.433133987091015
2022-09-04 13:23:08+00:00,10.6395715,,,,,-91.06392934978783,0.0
2022-09-04 13:23:10+00:00,6.644677712,,,,,-41.39181435624556,0.0
2022-09-04 13:23:12+00:00,5.849351303,,,,,55.391207124364115,0.0
2022-09-04 13:23:14+00:00,8.741564282,,,,,141.54664727876633,0.0
2022-09-04 13:23:16+00:00,10.72790182,,,,,192.84539875706918,0.0
2022-09-04 13:23:18+00:00,11.98289405,,,,,225.35583979069474,0.0
2022-09-04 13:23:20+00:00,14.83685485,,,,,285.3222919996091,0.0
2022-09-04 13:23:22+00:00,17.68447673,,,,,265.01629991144546,0.0
2022-09-04 13:23:24+00:00,18.28965752,,,,,162.9444923871274,0.0
2022-09-04 13:23:26+00:00,17.5062046,,,,,107.65329797272452,0.0
2022-09-04 13:23:28+00:00,18.22034676,,,,,85.62009767413646,0.0
2022-09-04 13:23:30+00:00,18.42105832,,,,,-55.086255835550055,0.0
2022-09-04 13:23:32+00:00,16.52348903,,,,,-179.46157023033356,0.0
2022-09-04 13:23:34+00:00,11.63651115,,,,,-175.3611690902122,0.0
2022-09-04 13:23:36+00:00,7.990212541,,,,,-99.5834472980392,0.0
2022-09-04 13:23:38+00:00,5.569732561,,,,,-33.78745360988672,0.0
2022-09-04 13:23:40+00:00,4.959798502,,,,,36.871702884994846,0.0
2022-09-04 13:23:42+00:00,5.294944399,,,,,78.83670227389793,0.0
2022-09-04 13:23:44+00:00,7.498426631,,,,,134.79735155272837,0.0
2022-09-04 13:23:46+00:00,10.05041712,,,,,165.61620988096848,0.0
2022-09-04 13:23:48+00:00,11.72523804,,,,,127.75707606698937,0.0
2022-09-04 13:23:50+00:00,11.80964785,,,,,57.76879216877335,0.0
2022-09-04 13:23:52+00:00,11.29465606,,,,,0.0,23.437489927789784
2022-09-04 13:23:54+00:00,10.16688246,,,,,0.0,25.1673857854715
2022-09-04 13:23:56+00:00,8.627500847,,,,,44.63345121333487,0.0
2022-09-04 13:23:58+00:00,9.445227653,,,,,126.22725907879186,0.0
2022-09-04 13:24:00+00:00,11.4172804,,,,,237.7325666536554,0.0
2022-09-04 13:24:02+00:00,15.0335969,,,,,324.7660118014315,0.0
2022-09-04 13:24:04+00:00,17.95481612,,,,,297.2721578000797,0.0
2022-09-04 13:24:06+00:00,18.28770458,,,,,171.06966478349764,0.0
2022-09-04 13:24:08+00:00,18.52086135,,,,,91.27645543997664,0.0
2022-09-04 13:24:10+00:00,18.09602476,,,,,67.66620310720856,0.0
2022-09-04 13:24:12+00:00,17.47356325,,,,,74.63681637775527,0.0
2022-09-04 13:24:14+00:00,17.55661238,,,,,123.13849270294104,0.0
2022-09-04 13:24:16+00:00,17.89313617,,,,,170.6959087496867,0.0
2022-09-04 13:24:18+00:00,19.17476022,,,,,221.23567997410424,0.0
2022-09-04 13:24:20+00:00,19.72273816,,,,,252.26729996094562,0.0
2022-09-04 13:24:22+00:00,21.24858593,,,,,267.77779621540225,0.0
2022-09-04 13:24:24+00:00,22.38976339,,,,,247.03197997622493,0.0
2022-09-04 13:24:26+00:00,22.5610282,,,,,150.65190921490412,0.0
2022-09-04 13:24:28+00:00,22.73911984,,,,,64.19281036567446,0.0
2022-09-04 13:24:30+00:00,21.09717882,,,,,0.0,6.406888768333748
2022-09-04 13:24:32+00:00,20.25889262,,,,,61.36322797925614,0.0
2022-09-04 13:24:34+00:00,20.1826929,,,,,135.8548940115777,0.0
2022-09-04 13:24:36+00:00,20.80465277,,,,,192.3919644205974,0.0
2022-09-04 13:24:38+00:00,21.33143606,,,,,198.16193303964988,0.0
2022-09-04 13:24:40+00:00,22.15343923,,,,,153.4585249525455,0.0
2022-09-04 13:24:42+00:00,21.79841957,,,,,121.61477767713298,0.0
2022-09-04 13:24:44+00:00,20.87300755,,,,,119.17160374264853,0.0
2022-09-04 13:24:46+00:00,21.93494797,,,,,99.27046645640463,0.0
2022-09-04 13:24:48+00:00,21.66967926,,,,,0.0,21.74054735731615
2022-09-04 13:24:50+00:00,19.27026848,,,,,-60.43796765048567,0.0
2022-09-04 13:24:52+00:00,17.72425693,,,,,0.0,8.261016845119745
2022-09-04 13:24:54+00:00,17.91654594,,,,,86.98708903120772,0.0
2022-09-04 13:24:56+00:00,18.85608361,,,,,0.0,4.835726938572831
2022-09-04 13:24:58+00:00,17.4846411,,,,,-136.1519697955506,0.0
2022-09-04 13:25:00+00:00,13.94930288,,,,,-200.0,0.1071124064365847
2022-09-04 13:25:02+00:00,9.45347995,,,,,-143.27716067536522,0.0
2022-09-04 13:25:04+00:00,6.018833613,,,,,-68.59858357079641,0.0
2022-09-04 13:25:06+00:00,4.22991833,,,,,0.0,31.686255672655452
2022-09-04 13:25:08+00:00,3.066419597,,,,,0.0,12.43595742507919
2022-09-04 13:25:10+00:00,2.272566782,,,,,0.0,4.817927694171247
2022-09-04 13:25:12+00:00,1.78526876,,,,,0.0,1.4548401879514088
2022-09-04 13:25:14+00:00,1.537620203,,,,,0.0,0.22260101937910592
2022-09-04 13:25:16+00:00,1.317296188,,,,,1.3716740691488656,0.0
2022-09-04 13:25:18+00:00,1.019937297,,,,,2.5988091780126275,0.0
2022-09-04 13:25:20+00:00,0.856292089,,,,,0.0,0.0
2022-09-04 13:25:22+00:00,0.709985896,,,,,0.0,0.0
2022-09-04 13:25:24+00:00,0.612984236,,,,,0.0,0.0
2022-09-04 13:25:26+00:00,0.548598571,,,,,0.0,0.0
2022-09-04 13:25:28+00:00,0.504226204,,,,,0.0,0.0
2022-09-04 13:25:30+00:00,0.628493654,,,,,0.0,0.0
2022-09-04 13:25:32+00:00,1.233777327,,,,,41.83221211911247,0.0
2022-09-04 13:25:34+00:00,2.721322988,,,,,68.24343036528066,0.0
2022-09-04 13:25:36+00:00,4.657381539,,,,,132.31659582769436,0.0
2022-09-04 13:25:38+00:00,8.795895186,,,,,289.39201362742034,0.0
2022-09-04 13:25:40+00:00,14.59534056,,,,,523.6413395680881,0.0
2022-09-04 13:25:42+00:00,18.59873423,,,,,612.7741620921117,0.0
2022-09-04 13:25:44+00:00,22.70077952,,,,,582.8499776638114,0.0
2022-09-04 13:25:46+00:00,24.99357538,,,,,423.3404652505464,0.0
2022-09-04 13:25:48+00:00,25.19956815,,,,,240.20622952501463,0.0
2022-09-04 13:25:50+00:00,24.94971914,,,,,156.83659080470028,0.0
2022-09-04 13:25:52+00:00,24.90200848,,,,,138.58761840689618,0.0
2022-09-04 13:25:54+00:00,24.47534541,,,,,125.99036339669736,0.0
2022-09-04 13:25:56+00:00,24.18203835,,,,,113.56120426258332,0.0
2022-09-04 13:25:58+00:00,23.89603999,,,,,88.5278977959734,0.0
2022-09-04 13:26:00+00:00,23.35135131,,,,,0.0,10.309686434026686
2022-09-04 13:26:02+00:00,22.2861424,,,,,-73.64459733880538,0.0
2022-09-04 13:26:04+00:00,20.10801111,,,,,-86.50133229488974,0.0
2022-09-04 13:26:06+00:00,18.1267879,,,,,0.0,19.769584352150137
2022-09-04 13:26:08+00:00,17.86173783,,,,,135.26669279962823,0.0
2022-09-04 13:26:10+00:00,19.56227923,,,,,224.31977411212134,0.0
2022-09-04 13:26:12+00:00,20.66613891,,,,,198.3509349081463,0.0
2022-09-04 13:26:14+00:00,20.70170849,,,,,131.938433539001,0.0
2022-09-04 13:26:16+00:00,20.12502707,,,,,74.05992086999292,0.0
2022-09-04 13:26:18+00:00,20.43314063,,,,,71.18023410806735,0.0
2022-09-04 13:26:20+00:00,18.75513839,,,,,92.63154985454689,0.0
2022-09-04 13:26:22+00:00,19.63830537,,,,,101.82220658220135,0.0
2022-09-04 13:26:24+00:00,20.21981896,,,,,0.0,18.025351685178293
2022-09-04 13:26:26+00:00,18.35538535,,,,,-159.45308044493092,0.0
2022-09-04 13:26:28+00:00,14.75689422,,,,,-200.0,5.169634451336606
2022-09-04 13:26:30+00:00,10.39174956,,,,,-141.61104275429062,0.0
2022-09-04 13:26:32+00:00,7.758680858,,,,,-79.61254799575222,0.0
2022-09-04 13:26:34+00:00,5.965232022,,,,,-39.32189218697681,0.0
2022-09-04 13:26:36+00:00,4.344727901,,,,,0.0,17.45498406479544
2022-09-04 13:26:38+00:00,3.742721998,,,,,0.0,4.5133311592590735
2022-09-04 13:26:40+00:00,3.769976673,,,,,0.0,1.2062972067746518
2022-09-04 13:26:42+00:00,3.541389288,,,,,0.0,1.0095021402832596
2022-09-04 13:26:44+00:00,2.5481231,,,,,26.742456109897155,0.0
2022-09-04 13:26:46+00:00,3.017297744,,,,,41.44643581591784,0.0
2022-09-04 13:26:48+00:00,3.777955555,,,,,46.858195683268356,0.0
2022-09-04 13:26:50+00:00,3.770150458,,,,,44.450432242914815,0.0
2022-09-04 13:26:52+00:00,4.0334958,,,,,44.58982580490034,0.0
2022-09-04 13:26:54+00:00,4.371099102,,,,,48.552570684510066,0.0
2022-09-04 13:26:56+00:00,4.595230724,,,,,58.18571170664894,0.0
2022-09-04 13:26:58+00:00,5.275045818,,,,,77.44104796408736,0.0
2022-09-04 13:27:00+00:00,7.085641863,,,,,110.13868412180378,0.0
2022-09-04 13:27:02+00:00,8.673971177,,,,,138.42586441081468,0.0
2022-09-04 13:27:04+00:00,10.17606268,,,,,166.79169706691707,0.0
2022-09-04 13:27:06+00:00,12.15947455,,,,,206.1444806967776,0.0
2022-09-04 13:27:08+00:00,14.27444353,,,,,241.6681700584029,0.0
2022-09-04 13:27:10+00:00,15.89987522,,,,,262.87601418661257,0.0
2022-09-04 13:27:12+00:00,17.64737517,,,,,328.68376093398666,0.0
2022-09-04 13:27:14+00:00,19.45480026,,,,,419.33700174416265,0.0
2022-09-04 13:27:16+00:00,22.99782682,,,,,436.92770559120163,0.0
2022-09-04 13:27:18+00:00,25.01211883,,,,,285.1764597622157,0.0
2022-09-04 13:27:20+00:00,23.35526174,,,,,100.39526115623597,0.0
2022-09-04 13:27:22+00:00,23.02509747,,,,,65.22404876933204,0.0
2022-09-04 13:27:24+00:00,22.68660701,,,,,82.47060285801402,0.0
2022-09-04 13:27:26+00:00,22.02553469,,,,,79.81536968069254,0.0
2022-09-04 13:27:28+00:00,21.57392831,,,,,93.15094576698827,0.0
2022-09-04 13:27:30+00:00,21.50187019,,,,,95.14327269554686,0.0
2022-09-04 13:27:32+00:00,21.35722149,,,,,96.66658613669921,0.0
2022-09-04 13:27:34+00:00,20.50991461,,,,,72.5785483952617,0.0
2022-09-04 13:27:36+00:00,20.96430395,,,,,49.75205705959083,0.0
2022-09-04 13:27:38+00:00,19.50067463,,,,,0.0,1.31017115337687
2022-09-04 13:27:40+00:00,18.72456709,,,,,49.64241605915728,0.0
2022-09-04 13:27:42+00:00,18.59166152,,,,,80.69658392408034,0.0
2022-09-04 13:27:44+00:00,18.91953286,,,,,59.82755641473423,0.0
2022-09-04 13:27:46+00:00,18.04484852,,,,,0.0,4.926899237940534
2022-09-04 13:27:48+00:00,16.79411281,,,,,2.1064625189627875,0.0
2022-09-04 13:27:50+00:00,16.69149013,,,,,77.50109980720478,0.0
2022-09-04 13:27:52+00:00,16.86004256,,,,,120.59604085072033,0.0
2022-09-04 13:27:54+00:00,17.27248541,,,,,150.47367770528,0.0
2022-09-04 13:27:56+00:00,17.93646526,,,,,209.33015848941545,0.0
2022-09-04 13:27:58+00:00,18.7845506,,,,,291.1819027588989,0.0
2022-09-04 13:28:00+00:00,21.21477184,,,,,347.1502435358208,0.0
2022-09-04 13:28:02+00:00,23.2336112,,,,,244.82408387211262,0.0
2022-09-04 13:28:04+00:00,22.94266967,,,,,0.0,7.855077072450517
2022-09-04 13:28:06+00:00,20.7057482,,,,,-112.28936871141848,0.0
2022-09-04 13:28:08+00:00,18.29724173,,,,,-122.56717621598584,0.0
2022-09-04 13:28:10+00:00,16.65793549,,,,,-116.772127728275,0.0
2022-09-04 13:28:12+00:00,14.79402024,,,,,-139.23044665729748,0.0
2022-09-04 13:28:14+00:00,12.00413325,,,,,-147.2120946651513,0.0
2022-09-04 13:28:16+00:00,8.1201856,,,,,-99.83852789270824,0.0
2022-09-04 13:28:18+00:00,5.416050776,,,,,-49.437890520711015,0.0
2022-09-04 13:28:20+00:00,3.948866342,,,,,0.0,23.179071329653826
2022-09-04 13:28:22+00:00,2.966940779,,,,,0.0,9.765127289910106
2022-09-04 13:28:24+00:00,2.284972083,,,,,0.0,4.392801187837852
2022-09-04 13:28:26+00:00,1.757411717,,,,,0.0,0.7635013429238546
2022-09-04 13:28:28+00:00,1.408023331,,,,,28.277168051685887,0.0
2022-09-04 13:28:30+00:00,1.790808273,,,,,40.86422562595157,0.0
2022-09-04 13:28:32+00:00,2.741602072,,,,,54.43083479122506,0.0
2022-09-04 13:28:34+00:00,3.692844136,,,,,74.76856169242642,0.0
2022-09-04 13:28:36+00:00,6.004493675,,,,,111.23114026090254,0.0
2022-09-04 13:28:38+00:00,8.353563613,,,,,139.13360409966344,0.0
2022-09-04 13:28:40+00:00,9.286665065,,,,,147.1614704190514,0.0
2022-09-04 13:28:42+00:00,10.96433174,,,,,187.87033639092965,0.0
2022-09-04 13:28:44+00:00,13.40411957,,,,,255.8891275719852,0.0
2022-09-04 13:28:46+00:00,15.68999708,,,,,269.0251517374778,0.0
2022-09-04 13:28:48+00:00,17.82742453,,,,,218.9187280540335,0.0
2022-09-04 13:28:50+00:00,17.79828727,,,,,125.93315412390896,0.0
2022-09-04 13:28:52+00:00,17.74897052,,,,,41.94730335911695,0.0
2022-09-04 13:28:54+00:00,17.29209401,,,,,-57.97053723504587,0.0
2022-09-04 13:28:56+00:00,15.23609601,,,,,-97.43756604443278,0.0
2022-09-04 13:28:58+00:00,12.55903558,,,,,-66.61056722968365,0.0
2022-09-04 13:29:00+00:00,11.35286281,,,,,36.570049565917664,0.0
2022-09-04 13:29:02+00:00,11.91492085,,,,,111.40836158215873,0.0
2022-09-04 13:29:04+00:00,13.8614943,,,,,100.55664814540695,0.0
2022-09-04 13:29:06+00:00,14.12034209,,,,,-45.29356999829873,0.0
2022-09-04 13:29:08+00:00,11.19910686,,,,,-111.2659552687299,0.0
2022-09-04 13:29:10+00:00,7.672816725,,,,,-86.89076770888003,0.0
2022-09-04 13:29:12+00:00,5.444021375,,,,,-45.67842288219085,0.0
2022-09-04 13:29:14+00:00,3.709192397,,,,,0.0,20.30866596026666
2022-09-04 13:29:16+00:00,2.87898422,,,,,0.0,7.885030895102787
2022-09-04 13:29:18+00:00,2.41208384,,,,,0.0,2.6150787225308796
2022-09-04 13:29:20+00:00,2.046926266,,,,,0.0,1.0826244508803102
2022-09-04 13:29:22+00:00,1.735071484,,,,,0.43967399690054887,0.0
2022-09-04 13:29:24+00:00,1.388720966,,,,,10.427647470794378,0.0
2022-09-04 13:29:26+00:00,1.534907122,,,,,17.330933201437233,0.0
2022-09-04 13:29:28+00:00,1.457501658,,,,,13.407254580348226,0.0
2022-09-04 13:29:30+00:00,1.25887302,,,,,16.299114186334346,0.0
2022-09-04 13:29:32+00:00,1.045889184,,,,,38.09682563667664,0.0
2022-09-04 13:29:34+00:00,1.712846613,,,,,56.72035762552126,0.0
2022-09-04 13:29:36+00:00,5.080405919,,,,,145.6843533514706,0.0
2022-09-04 13:29:38+00:00,9.940560746,,,,,284.69372399407274,0.0
2022-09-04 13:29:40+00:00,12.99494667,,,,,334.7845856496159,0.0
2022-09-04 13:29:42+00:00,15.83127764,,,,,328.0237289525359,0.0
2022-09-04 13:29:44+00:00,18.5331371,,,,,270.9024700323058,0.0
2022-09-04 13:29:46+00:00,18.87361135,,,,,183.63709412770703,0.0
2022-09-04 13:29:48+00:00,18.43661153,,,,,130.7648876892713,0.0
2022-09-04 13:29:50+00:00,19.81092433,,,,,75.08398866516235,0.0
2022-09-04 13:29:52+00:00,19.03827499,,,,,-37.254701771701654,0.0
2022-09-04 13:29:54+00:00,16.25993837,,,,,0.0,22.872153641715308
2022-09-04 13:29:56+00:00,15.56546727,,,,,165.51655402134563,0.0
2022-09-04 13:29:58+00:00,18.38508813,,,,,394.5426220997066,0.0
2022-09-04 13:30:00+00:00,22.11357785,,,,,509.8324353526132,0.0
2022-09-04 13:30:02+00:00,24.3468446,,,,,363.84752342288687,0.0
2022-09-04 13:30:04+00:00,24.60455109,,,,,118.24929745730236,0.0
2022-09-04 13:30:06+00:00,23.20295237,,,,,-63.39614664824748,0.0
2022-09-04 13:30:08+00:00,21.11746839,,,,,-109.0908513181098,0.0
2022-09-04 13:30:10+00:00,19.26184167,,,,,-100.1965293714983,0.0
2022-09-04 13:30:12+00:00,17.53272541,,,,,-53.33004157267121,0.0
2022-09-04 13:30:14+00:00,16.23029279,,,,,72.14665957778895,0.0
2022-09-04 13:30:16+00:00,16.73134704,,,,,189.55592040034261,0.0
2022-09-04 13:30:18+00:00,19.20966927,,,,,267.4264308691712,0.0
2022-09-04 13:30:20+00:00,20.2788949,,,,,218.6633826989152,0.0
2022-09-04 13:30:22+00:00,20.39676834,,,,,136.66174607107706,0.0
2022-09-04 13:30:24+00:00,20.13835093,,,,,110.97487820925592,0.0
2022-09-04 13:30:26+00:00,20.0572882,,,,,107.9073724631955,0.0
2022-09-04 13:30:28+00:00,20.22757829,,,,,85.49153341534063,0.0
2022-09-04 13:30:30+00:00,19.8054958,,,,,0.0,2.4624192134761187
2022-09-04 13:30:32+00:00,18.72836324,,,,,-47.39923865731397,0.0
2022-09-04 13:30:34+00:00,17.25382292,,,,,-64.11509800505819,0.0
2022-09-04 13:30:36+00:00,15.71390517,,,,,-52.626641886134706,0.0
2022-09-04 13:30:38+00:00,14.61976148,,,,,-29.172161709604715,0.0
2022-09-04 13:30:40+00:00,13.96260128,,,,,0.0,9.220361323743276
2022-09-04 13:30:42+00:00,13.52824626,,,,,37.19613978512391,0.0
2022-09-04 13:30:44+00:00,13.21480519,,,,,44.92850396459313,0.0
2022-09-04 13:30:46+00:00,12.97186276,,,,,49.07976942715153,0.0
2022-09-04 13:30:48+00:00,12.77308425,,,,,51.4386793510436,0.0
2022-09-04 13:30:50+00:00,12.60375802,,,,,52.835672663094705,0.0
2022-09-04 13:30:52+00:00,12.45504311,,,,,53.676428321089205,0.0
2022-09-04 13:30:54+00:00,12.32124735,,,,,54.171786186483224,0.0
2022-09-04 13:30:56+00:00,12.19849124,,,,,54.43940227799916,0.0
2022-09-04 13:30:58+00:00,12.08401721,,,,,54.54993713814614,0.0
2022-09-04 13:31:00+00:00,11.97580853,,,,,54.54876697929848,0.0
2022-09-04 13:31:02+00:00,11.87236314,,,,,54.46665412426635,0.0
2022-09-04 13:31:04+00:00,11.77254972,,,,,54.325298704567764,0.0
2022-09-04 13:31:06+00:00,11.67551038,,,,,54.14042773850969,0.0
2022-09-04 13:31:08+00:00,11.580592,,,,,53.92364087355792,0.0
2022-09-04 13:31:10+00:00,11.48729616,,,,,53.683588027411815,0.0
2022-09-04 13:31:12+00:00,11.395242,,,,,53.426762812771145,0.0
2022-09-04 13:31:14+00:00,11.30413824,,,,,53.158059312143244,0.0
2022-09-04 13:31:16+00:00,11.21376202,,,,,52.881174433877455,0.0
2022-09-04 13:31:18+00:00,11.12394276,,,,,52.598903846903006,0.0
2022-09-04 13:31:20+00:00,11.03454991,,,,,52.31336224423856,0.0
2022-09-04 13:31:22+00:00,10.94548352,,,,,52.026148396830806,0.0
2022-09-04 13:31:24+00:00,10.85666707,,,,,51.738469986926596,0.0
2022-09-04 13:31:26+00:00,10.76804197,,,,,51.45123815188056,0.0
2022-09-04 13:31:28+00:00,10.67956338,,,,,51.16513837581145,0.0
2022-09-04 13:31:30+00:00,10.59119697,,,,,50.880684701444885,0.0
2022-09-04 13:31:32+00:00,10.50291643,,,,,50.59826094802365,0.0
2022-09-04 13:31:34+00:00,10.41470164,,,,,50.31815241342419,0.0
2022-09-04 13:31:36+00:00,10.32653719,,,,,50.0405689769824,0.0
2022-09-04 13:31:38+00:00,10.23841129,,,,,49.76566323931195,0.0
2022-09-04 13:31:40+00:00,10.15031489,,,,,49.4935443244686,0.0
2022-09-04 13:31:42+00:00,10.06224109,,,,,49.224288483851936,0.0
2022-09-04 13:31:44+00:00,9.974184584,,,,,48.95794681471344,0.0
2022-09-04 13:31:46+00:00,9.886141322,,,,,48.694551267809345,0.0
2022-09-04 13:31:48+00:00,9.7981082,,,,,48.43411943101248,0.0
2022-09-04 13:31:50+00:00,9.71008284,,,,,48.1766577635115,0.0
2022-09-04 13:31:52+00:00,9.622063425,,,,,47.92216439896424,0.0
2022-09-04 13:31:54+00:00,9.53404856,,,,,47.67063112526967,0.0
2022-09-04 13:31:56+00:00,9.446037178,,,,,47.422044893819205,0.0
2022-09-04 13:31:58+00:00,9.358028465,,,,,47.17638903373052,0.0
2022-09-04 13:32:00+00:00,9.270021793,,,,,46.93364404320116,0.0
2022-09-04 13:32:02+00:00,9.182016686,,,,,46.69378834429424,0.0
2022-09-04 13:32:04+00:00,9.094012775,,,,,46.45679876318002,0.0
2022-09-04 13:32:06+00:00,9.006009781,,,,,46.22265092787563,0.0
2022-09-04 13:32:08+00:00,8.918007488,,,,,45.991319567458895,0.0
2022-09-04 13:32:10+00:00,8.830005733,,,,,45.762778690988604,0.0
2022-09-04 13:32:12+00:00,8.74200439,,,,,45.53700179566771,0.0
2022-09-04 13:32:14+00:00,8.654003361,,,,,45.313961995773425,0.0
2022-09-04 13:32:16+00:00,8.566002573,,,,,45.09363213457338,0.0
2022-09-04 13:32:18+00:00,8.47800197,,,,,44.875984835744426,0.0
2022-09-04 13:32:20+00:00,8.390001508,,,,,44.660992534677646,0.0
2022-09-04 13:32:22+00:00,8.302001155,,,,,44.44862757049709,0.0
2022-09-04 13:32:24+00:00,8.214000884,,,,,44.238862190402415,0.0
2022-09-04 13:32:26+00:00,8.126000677,,,,,44.03166859623603,0.0
2022-09-04 13:32:28+00:00,8.038000518,,,,,43.82701893868067,0.0
2022-09-04 13:32:30+00:00,7.950000397,,,,,43.62488533727188,0.0
2022-09-04 13:32:32+00:00,7.862000304,,,,,43.42523989240804,0.0
2022-09-04 13:32:34+00:00,7.774000233,,,,,43.228054703497136,0.0
2022-09-04 13:32:36+00:00,7.686000178,,,,,43.03330187601158,0.0
2022-09-04 13:32:38+00:00,7.598000136,,,,,42.84095351293786,0.0
2022-09-04 13:32:40+00:00,7.510000104,,,,,42.65098170897007,0.0
2022-09-04 13:32:42+00:00,7.42200008,,,,,42.463358568527866,0.0
2022-09-04 13:32:44+00:00,7.334000061,,,,,42.27805620893864,0.0
2022-09-04 13:32:46+00:00,7.246000047,,,,,40.88755268723673,0.0
2022-09-04 13:32:48+00:00,7.158000036,,,,,36.72524730650768,0.0
2022-09-04 13:32:50+00:00,6.903410284,,,,,0.0,1.8161748212353295
2022-09-04 13:32:52+00:00,6.423214008,,,,,0.0,7.179848506799069
2022-09-04 13:32:54+00:00,5.823726325,,,,,0.0,10.060434246857264
2022-09-04 13:32:56+00:00,5.156656643,,,,,0.0,10.789245846329578
2022-09-04 13:32:58+00:00,4.448400262,,,,,0.0,9.648108336482792
2022-09-04 13:33:00+00:00,3.713301769,,,,,0.0,5.4195042938602365
2022-09-04 13:33:02+00:00,3.140660452,,,,0.49,0.0,1.6559769040106376
2022-09-04 13:33:04+00:00,3.180445706,,,,,0.0,1.5282692757125125
2022-09-04 13:33:06+00:00,2.777915293,,,,,0.0,3.236206640086662
2022-09-04 13:33:08+00:00,1.923902084,,,,,0.0,2.5676202004920667
2022-09-04 13:33:10+00:00,1.4869277,,,,,0.0,0.6694395814094436
2022-09-04 13:33:12+00:00,1.396145484,,,,,8.397202869435953,0.0
2022-09-04 13:33:14+00:00,1.240617314,,,,,18.69605142792011,0.0
2022-09-04 13:33:16+00:00,1.228378044,,,,,27.348797043289284,0.0
2022-09-04 13:33:18+00:00,1.637394181,,,,,36.2058746112419,0.0
2022-09-04 13:33:20+00:00,1.714601977,,,,,30.24303981276874,0.0
2022-09-04 13:33:22+00:00,1.63191785,,,,,15.03478842194298,0.0
2022-09-04 13:33:24+00:00,1.468660401,,,,,8.13327423908248,0.0
2022-09-04 13:33:26+00:00,1.262311301,,,,,7.875240058746207,0.0
2022-09-04 13:33:28+00:00,1.092462898,,,,,13.091986377930198,0.0
2022-09-04 13:33:30+00:00,1.091479147,,,,,18.246075987828558,0.0
2022-09-04 13:33:32+00:00,1.310358051,,,,,19.50535921462132,0.0
2022-09-04 13:33:34+00:00,1.197082724,,,,,10.181296403499967,0.0
2022-09-04 13:33:36+00:00,0.949594584,,,,,0.0,0.0
2022-09-04 13:33:38+00:00,0.767380575,,,,,0.0,0.0
2022-09-04 13:33:40+00:00,0.628853685,,,,,0.0,0.0
2022-09-04 13:33:42+00:00,0.561217174,,,,,0.0,0.0
2022-09-04 13:33:44+00:00,0.540479829,,,,,0.0,0.0
2022-09-04 13:33:46+00:00,0.544998625,,,,,0.0,0.0
2022-09-04 13:33:48+00:00,0.564120362,,,,,0.0,0.0
2022-09-04 13:33:50+00:00,0.592318568,,,,,0.0,0.0
2022-09-04 13:33:52+00:00,0.626530875,,,,,0.0,0.0
2022-09-04 13:33:54+00:00,0.664932143,,,,,0.0,0.0
2022-09-04 13:33:56+00:00,0.706355877,,,,,0.0,0.0
2022-09-04 13:33:58+00:00,0.76334493,,,,,0.0,0.0
2022-09-04 13:34:00+00:00,1.035622102,,,,,19.160306071470586,0.0
2022-09-04 13:34:02+00:00,0.944133679,,,,,0.0,0.0
2022-09-04 13:34:04+00:00,0.860672295,,,,,0.0,0.0
2022-09-04 13:34:06+00:00,0.736330536,,,,,0.0,0.0
2022-09-04 13:34:08+00:00,0.75710176,,,,,0.0,0.0
2022-09-04 13:34:10+00:00,0.676224204,,,,,0.0,0.0
2022-09-04 13:34:12+00:00,0.652913759,,,,,0.0,0.0
2022-09-04 13:34:14+00:00,0.664362754,,,,,0.0,0.0
2022-09-04 13:34:16+00:00,0.809825942,,,,,0.0,0.0
2022-09-04 13:34:18+00:00,1.653565246,,,,,44.58031497790761,0.0
2022-09-04 13:34:20+00:00,3.155456757,,,,,57.66838631802751,0.0
2022-09-04 13:34:22+00:00,4.237327381,,,,,54.576273379075474,0.0
2022-09-04 13:34:24+00:00,4.66659316,,,,,34.591578118492635,0.0
2022-09-04 13:34:26+00:00,3.749710531,,,,,0.0,9.196462545581078
2022-09-04 13:34:28+00:00,2.711065939,,,,,0.0,9.101717842590169
2022-09-04 13:34:30+00:00,1.783843221,,,,,0.0,4.268043524139623
2022-09-04 13:34:32+00:00,1.245058682,,,,,0.0,1.3673177891463821
2022-09-04 13:34:34+00:00,0.947219844,,,,,0.0,0.0
2022-09-04 13:34:36+00:00,0.754150572,,,,,0.0,0.0
2022-09-04 13:34:38+00:00,1.03666295,,,,,20.638071772268216,0.0
2022-09-04 13:34:40+00:00,1.18087598,,,,,18.269858113661414,0.0
2022-09-04 13:34:42+00:00,0.998803159,,,,,0.0,0.0
2022-09-04 13:34:44+00:00,0.816545329,,,,,0.0,0.0
2022-09-04 13:34:46+00:00,0.679820617,,,,,0.0,0.0
2022-09-04 13:34:48+00:00,0.628132093,,,,,0.0,0.0
2022-09-04 13:34:50+00:00,0.669568104,,,,,0.0,0.0
2022-09-04 13:34:52+00:00,0.885286594,,,,,0.0,0.0
2022-09-04 13:34:54+00:00,0.856856611,,,,,0.0,0.0
2022-09-04 13:34:56+00:00,0.659164731,,,,,0.0,0.0
2022-09-04 13:34:58+00:00,0.611503337,,,,,0.0,0.0
2022-09-04 13:35:00+00:00,0.540912393,,,,,0.0,0.0
2022-09-04 13:35:02+00:00,0.555387646,,,,,0.0,0.0
2022-09-04 13:35:04+00:00,0.57319507,,,,,0.0,0.0
2022-09-04 13:35:06+00:00,0.544984349,,,,,0.0,0.0
2022-09-04 13:35:08+00:00,0.670235864,,,,,0.0,0.0
2022-09-04 13:35:10+00:00,0.656304626,,,,,0.0,0.0
2022-09-04 13:35:12+00:00,0.720003637,,,,,0.0,0.0
2022-09-04 13:35:14+00:00,0.980241022,,,,,0.0,0.0
2022-09-04 13:35:16+00:00,1.471835554,,,,,36.66894535880731,0.0
2022-09-04 13:35:18+00:00,1.291396078,,,,,36.20403669688252,0.0
2022-09-04 13:35:20+00:00,1.879085587,,,,,36.90689903908165,0.0
2022-09-04 13:35:22+00:00,2.108661497,,,,,34.36805888977472,0.0
2022-09-04 13:35:24+00:00,1.586767862,,,,,21.19899250310765,0.0
2022-09-04 13:35:26+00:00,1.672047824,,,,,41.17276869293906,0.0
2022-09-04 13:35:28+00:00,2.117779223,,,,,60.61629174387857,0.0
2022-09-04 13:35:30+00:00,5.377084626,,,,,142.84877707018157,0.0
2022-09-04 13:35:32+00:00,9.683398015,,,,,271.5704537399876,0.0
2022-09-04 13:35:34+00:00,12.54929832,,,,,329.98078350980217,0.0
2022-09-04 13:35:36+00:00,16.42056062,,,,,360.1366287093659,0.0
2022-09-04 13:35:38+00:00,18.49879215,,,,,302.93364155510113,0.0
2022-09-04 13:35:40+00:00,19.1855421,,,,,222.4998170096443,0.0
2022-09-04 13:35:42+00:00,19.87306872,,,,,226.01785770377342,0.0
2022-09-04 13:35:44+00:00,20.62104626,,,,,269.39802383151374,0.0
2022-09-04 13:35:46+00:00,22.29189891,,,,,303.5275282614164,0.0
2022-09-04 13:35:48+00:00,23.39035152,,,,,293.46667163630406,0.0
2022-09-04 13:35:50+00:00,23.81479309,,,,,290.8510850292768,0.0
2022-09-04 13:35:52+00:00,24.54118036,,,,,310.9472242868293,0.0
2022-09-04 13:35:54+00:00,26.16098137,,,,,286.77631248466713,0.0
2022-09-04 13:35:56+00:00,26.2634317,,,,,161.11010027492625,0.0
2022-09-04 13:35:58+00:00,25.25929436,,,,,90.18725466213769,0.0
2022-09-04 13:36:00+00:00,24.08824228,,,,,112.41188798098781,0.0
2022-09-04 13:36:02+00:00,24.80677982,,,,,47.18173327819848,0.0
2022-09-04 13:36:04+00:00,24.58285772,,,,,-200.0,17.40113890087224
2022-09-04 13:36:06+00:00,19.71488365,,,,,-200.0,203.0437208931819
2022-09-04 13:36:08+00:00,12.57609687,,,,,-200.0,64.41998896461439
2022-09-04 13:36:10+00:00,8.277653332,,,,,-82.48768578759294,0.0
2022-09-04 13:36:12+00:00,7.642544074,,,,,37.75676560985595,0.0
2022-09-04 13:36:14+00:00,10.12612008,,,,,82.08051192663453,0.0
2022-09-04 13:36:16+00:00,9.521564337,,,,,60.50986688937452,0.0
2022-09-04 13:36:18+00:00,9.061622928,,,,,40.55524507944472,0.0
2022-09-04 13:36:20+00:00,9.523466269,,,,,61.91264134764333,0.0
2022-09-04 13:36:22+00:00,8.955222041,,,,,104.55085378514498,0.0
2022-09-04 13:36:24+00:00,10.58957704,,,,,197.94660301632055,0.0
2022-09-04 13:36:26+00:00,13.90153763,,,,,319.2241309598545,0.0
2022-09-04 13:36:28+00:00,17.46823026,,,,,333.86374059075655,0.0
2022-09-04 13:36:30+00:00,18.81856444,,,,,225.72380217386947,0.0
2022-09-04 13:36:32+00:00,18.42127132,,,,,145.4829792213521,0.0
2022-09-04 13:36:34+00:00,18.96242618,,,,,141.87524406398288,0.0
2022-09-04 13:36:36+00:00,19.5425345,,,,,165.65425113195457,0.0
2022-09-04 13:36:38+00:00,19.42592537,,,,,205.49252473583783,0.0
2022-09-04 13:36:40+00:00,20.53054726,,,,,262.8467878586496,0.0
2022-09-04 13:36:42+00:00,22.55177095,,,,,268.19948480472146,0.0
2022-09-04 13:36:44+00:00,22.82161995,,,,,102.70439072105903,0.0
2022-09-04 13:36:46+00:00,22.21067013,,,,,-107.41869724868774,0.0
2022-09-04 13:36:48+00:00,18.90422148,,,,,-147.22278032898842,0.0
2022-09-04 13:36:50+00:00,15.55389414,,,,,-46.76676727583525,0.0
2022-09-04 13:36:52+00:00,15.76228265,,,,,142.98673607595344,0.0
2022-09-04 13:36:54+00:00,18.41638499,,,,,276.95490923888934,0.0
2022-09-04 13:36:56+00:00,19.73211274,,,,,255.37763002023988,0.0
2022-09-04 13:36:58+00:00,20.47499848,,,,,171.1290582438786,0.0
2022-09-04 13:37:00+00:00,20.41149973,,,,,134.4987379122149,0.0
2022-09-04 13:37:02+00:00,20.01072848,,,,,129.7511223053993,0.0
2022-09-04 13:37:04+00:00,20.79390592,,,,,161.26149282751746,0.0
2022-09-04 13:37:06+00:00,20.66847854,,,,,193.3208478812525,0.0
2022-09-04 13:37:08+00:00,21.38717358,,,,,250.82995356728392,0.0
2022-09-04 13:37:10+00:00,22.59001423,,,,,290.8773003085145,0.0
2022-09-04 13:37:12+00:00,24.09022898,,,,,265.8695247221342,0.0
2022-09-04 13:37:14+00:00,23.92733474,,,,,149.8019719483526,0.0
2022-09-04 13:37:16+00:00,23.91810666,,,,,-54.595447656119944,0.0
2022-09-04 13:37:18+00:00,22.20820266,,,,,-183.44553556487426,0.0
2022-09-04 13:37:20+00:00,17.5771881,,,,,-163.63050027944377,0.0
2022-09-04 13:37:22+00:00,15.05079581,,,,,-52.73107413778636,0.0
2022-09-04 13:37:24+00:00,15.77086078,,,,,95.73868680010216,0.0
2022-09-04 13:37:26+00:00,16.55686456,,,,,147.98819871065533,0.0
2022-09-04 13:37:28+00:00,16.85608661,,,,,162.04867192295814,0.0
2022-09-04 13:37:30+00:00,17.44298769,,,,,177.1271445126868,0.0
2022-09-04 13:37:32+00:00,18.96979765,,,,,194.49981988776244,0.0
2022-09-04 13:37:34+00:00,18.96083225,,,,,189.10822491907496,0.0
2022-09-04 13:37:36+00:00,19.69681899,,,,,214.05708523764895,0.0
2022-09-04 13:37:38+00:00,20.81319395,,,,,259.49282044084265,0.0
2022-09-04 13:37:40+00:00,21.91150983,,,,,267.82267398902525,0.0
2022-09-04 13:37:42+00:00,22.77905614,,,,,271.3780117914353,0.0
2022-09-04 13:37:44+00:00,23.2739066,,,,,323.97547084411,0.0
2022-09-04 13:37:46+00:00,24.48540954,,,,,442.35106450733133,0.0
2022-09-04 13:37:48+00:00,26.91976521,,,,,565.5156593223948,0.0
2022-09-04 13:37:50+00:00,29.12488208,,,,,559.188542153619,0.0
2022-09-04 13:37:52+00:00,30.25597366,,,,,450.36266790664945,0.0
2022-09-04 13:37:54+00:00,30.40121659,,,,,388.5595507075628,0.0
2022-09-04 13:37:56+00:00,30.78885612,,,,,383.9613832778871,0.0
2022-09-04 13:37:58+00:00,31.85112893,,,,,310.6509730001148,0.0
2022-09-04 13:38:00+00:00,31.6373456,,,,,94.0575475741911,0.0
2022-09-04 13:38:02+00:00,29.53410176,,,,,-106.23060212575872,0.0
2022-09-04 13:38:04+00:00,26.81283887,,,,,-127.90486511279187,0.0
2022-09-04 13:38:06+00:00,24.78597352,,,,,-45.82118064952984,0.0
2022-09-04 13:38:08+00:00,24.04571723,,,,,130.15863865623203,0.0
2022-09-04 13:38:10+00:00,24.33194462,,,,,279.72313291929584,0.0
2022-09-04 13:38:12+00:00,25.8670674,,,,,383.5986550372933,0.0
2022-09-04 13:38:14+00:00,27.1823695,,,,,386.212116459451,0.0
2022-09-04 13:38:16+00:00,27.9145978,,,,,311.7442455869768,0.0
2022-09-04 13:38:18+00:00,28.00593098,,,,,224.4848408639572,0.0
2022-09-04 13:38:20+00:00,27.8028207,,,,,146.1035634884312,0.0
2022-09-04 13:38:22+00:00,27.13780826,,,,,0.0,17.784636435882717
2022-09-04 13:38:24+00:00,26.09108593,,,,,-200.0,23.39643358455288
2022-09-04 13:38:26+00:00,22.51447652,,,,,-200.0,229.35518431745413
2022-09-04 13:38:28+00:00,15.68885294,,,,,-200.0,178.2557577431038
2022-09-04 13:38:30+00:00,9.926165106,,,,,-195.14651585959797,0.0
2022-09-04 13:38:32+00:00,6.622062331,,,,,-82.53260628694282,0.0
2022-09-04 13:38:34+00:00,4.674835215,,,,,0.0,36.399531493503055
2022-09-04 13:38:36+00:00,3.443170014,,,,,0.0,15.211361031749773
2022-09-04 13:38:38+00:00,2.611273954,,,,,0.0,6.158564764519643
2022-09-04 13:38:40+00:00,2.068532332,,,,,0.0,2.103806483086767
2022-09-04 13:38:42+00:00,1.795311355,,,,,0.0,0.6443066961404391
2022-09-04 13:38:44+00:00,1.539138329,,,,,0.0,0.2519337958382202
2022-09-04 13:38:46+00:00,1.172153454,,,,,0.0,0.07228925898286638
2022-09-04 13:38:48+00:00,0.949662925,,,,,0.0,0.0
2022-09-04 13:38:50+00:00,0.764789899,,,,,0.0,0.0
2022-09-04 13:38:52+00:00,0.666205949,,,,,0.0,0.0
2022-09-04 13:38:54+00:00,0.596945705,,,,,0.0,0.0
2022-09-04 13:38:56+00:00,0.555359011,,,,,0.0,0.0
2022-09-04 13:38:58+00:00,0.484812279,,,,,0.0,0.0
2022-09-04 13:39:00+00:00,0.463326028,,,,,0.0,0.0
2022-09-04 13:39:02+00:00,0.374550408,,,,,0.0,0.0
2022-09-04 13:39:04+00:00,0.313187036,,,,,0.0,0.0
2022-09-04 13:39:06+00:00,0.264610215,,,,,0.0,0.0
2022-09-04 13:39:08+00:00,0.237157398,,,,,0.0,0.0
2022-09-04 13:39:10+00:00,0.208363028,,,,,0.0,0.0
2022-09-04 13:39:12+00:00,0.401121841,,,,,0.0,0.0
