date,spd,Unnamed: 2,Unnamed: 3,Unnamed: 4,Unnamed: 5,P_batt_W,P_mech_waste_W,SoC,Motor_Eff
2022-09-04 12:18:48+00:00,18.696,,,,,112.37978791857397,0.0,0.5998751335689794,0.8028072812469431
2022-09-04 12:18:50+00:00,18.9338125,,,,,108.86546083237816,0.0,0.5997541719458322,0.802507214581713
2022-09-04 12:18:52+00:00,19.09269672,,,,,103.46525191799498,0.0,0.5996392105548123,0.8003214642944756
2022-09-04 12:18:54+00:00,19.08308744,,,,,119.65422592697975,0.0,0.5995062614148934,0.8061346799605664
2022-09-04 12:18:56+00:00,19.23007186,,,,,147.17853006789926,0.0,0.599342729714818,0.8145643538170912
2022-09-04 12:18:58+00:00,20.25327595,,,,,164.91381251208514,0.0,0.5991594921453601,0.8216538216571484
2022-09-04 12:19:00+00:00,20.60932509,,,,,153.6726128752025,0.0,0.598988744797721,0.8195592082759637
2022-09-04 12:19:02+00:00,20.61074566,,,,,136.044742472769,0.0,0.5988375839727512,0.8151286607672908
2022-09-04 12:19:04+00:00,21.05976832,,,,,135.74456906213072,0.0,0.5986867566737933,0.816441106190096
2022-09-04 12:19:06+00:00,21.20456062,,,,,122.91076877850963,0.0,0.5985501891529283,0.8139044474413502
2022-09-04 12:19:08+00:00,21.16555647,,,,,101.67119363499165,0.0,0.5984372211600005,0.801112951765966
2022-09-04 12:19:10+00:00,21.02874822,,,,,88.40232933048507,0.0,0.5983389963496333,0.7905770568782788
2022-09-04 12:19:12+00:00,20.83613208,,,,,83.51906843205983,0.0,0.5982461973847087,0.7864264841138404
2022-09-04 12:19:14+00:00,20.60926507,,,,,91.07551914895909,0.0,0.5981450023634322,0.7918655707866633
2022-09-04 12:19:16+00:00,20.53024914,,,,,107.95348817156913,0.0,0.5980250540432416,0.805322659553755
2022-09-04 12:19:18+00:00,20.71560771,,,,,126.53364327093914,0.0,0.5978844611062739,0.8131004209026265
2022-09-04 12:19:20+00:00,20.92248578,,,,,137.02863278746977,0.0,0.5977322070698434,0.8163206712683471
2022-09-04 12:19:22+00:00,21.14509404,,,,,141.73568137245243,0.0,0.5975747229794296,0.818127982868028
2022-09-04 12:19:24+00:00,21.37941432,,,,,146.15843582640716,0.0,0.5974123247174002,0.8198688263300536
2022-09-04 12:19:26+00:00,21.6225543,,,,,150.39845711831106,0.0,0.5972452153206022,0.8215616941035029
2022-09-04 12:19:28+00:00,21.87238141,,,,,154.5220087951514,0.0,0.5970735241997186,0.8232180350176983
2022-09-04 12:19:30+00:00,22.12729926,,,,,158.57482969724765,0.0,0.5968973299444994,0.8248453404902525
2022-09-04 12:19:32+00:00,22.38610177,,,,,162.58984958704323,0.0,0.5967166745560694,0.8264487094797104
2022-09-04 12:19:34+00:00,22.64787273,,,,,166.5914892759403,0.0,0.5965315729013183,0.8280316957279985
2022-09-04 12:19:36+00:00,22.91191386,,,,,170.59823105058848,0.0,0.5963420193112621,0.8295968017272483
2022-09-04 12:19:38+00:00,23.17769194,,,,,174.62426236404272,0.0,0.5961479923530798,0.8311457883927191
2022-09-04 12:19:40+00:00,23.44479938,,,,,178.6805909804606,0.0,0.5959494583631015,0.8326798818650312
2022-09-04 12:19:42+00:00,23.71292438,,,,,179.0203193036632,0.0,0.5957505468972086,0.8335210383293771
2022-09-04 12:19:44+00:00,23.98182836,,,,,145.79272564590207,0.0,0.5955885549798243,0.8285463495559862
2022-09-04 12:19:46+00:00,24.10386317,,,,,85.56708069582524,0.0,0.5954934804457178,0.7960329199489127
2022-09-04 12:19:48+00:00,23.08214343,,,,,53.00355663515879,0.0,0.5954345876050121,0.39838551590677473
2022-09-04 12:19:50+00:00,22.22583123,,,,,51.311801988706726,0.0,0.5953775744916914,0.3863637350222598
2022-09-04 12:19:52+00:00,21.74179211,,,,,64.92278065572309,0.0,0.5953054380687406,0.7750189539292692
2022-09-04 12:19:54+00:00,21.56085274,,,,,95.0963175452027,0.0,0.5951997754936904,0.7967283844581813
2022-09-04 12:19:56+00:00,21.53421547,,,,,127.41463404220217,0.0,0.5950582036780879,0.8160953152540679
2022-09-04 12:19:58+00:00,21.56202091,,,,,163.65326376713472,0.0,0.5948763667183466,0.8244061331276312
2022-09-04 12:20:00+00:00,22.28951101,,,,,183.96342904362828,0.0,0.5946719629082982,0.8307016875158848
2022-09-04 12:20:02+00:00,22.88129631,,,,,155.81669775300446,0.0,0.5944988332441281,0.8265918874871657
2022-09-04 12:20:04+00:00,22.7210753,,,,,87.6899208627629,0.0,0.594401399998725,0.7938457920054749
2022-09-04 12:20:06+00:00,22.13938091,,,,,51.1399960419392,0.0,0.5943445777809007,0.3805957369087323
2022-09-04 12:20:08+00:00,21.33292663,,,,,0.0,9.370259842128398,0.5943445777809007,0.1991475570362386
2022-09-04 12:20:10+00:00,20.39791528,,,,,0.0,26.14104658009331,0.5943445777809007,0.577613829863821
2022-09-04 12:20:12+00:00,19.38382175,,,,,-26.468091085314338,0.0,0.5943724404675579,0.7576797663053111
2022-09-04 12:20:14+00:00,18.31777842,,,,,-32.82579170675293,0.0,0.5944069957046267,0.7604730736502516
2022-09-04 12:20:16+00:00,17.2157821,,,,,-30.947522578205728,0.0,0.5944395735564685,0.7451632951814195
2022-09-04 12:20:18+00:00,15.9773159,,,,,0.0,17.719183080191144,0.5944395735564685,0.46582677988889376
2022-09-04 12:20:20+00:00,15.33069078,,,,,38.99288654515382,0.0,0.5943962481269739,0.6468798689552997
2022-09-04 12:20:22+00:00,15.70174576,,,,,77.64203674037118,0.0,0.5943099791972624,0.7451665041386493
2022-09-04 12:20:24+00:00,16.14774896,,,,,59.19773810385268,0.0,0.5942442039327025,0.7291720027254798
2022-09-04 12:20:26+00:00,15.93104663,,,,,1.9699275567763013,0.0,0.5942420151243061,0.01
2022-09-04 12:20:28+00:00,14.69034844,,,,,0.0,24.630037857525615,0.5942420151243061,0.6836299608082548
2022-09-04 12:20:30+00:00,13.92357938,,,,,0.0,19.766070442673477,0.5942420151243061,0.5684441430190261
2022-09-04 12:20:32+00:00,13.27583426,,,,,0.0,0.8365015770590117,0.5942420151243061,0.024840606199687313
2022-09-04 12:20:34+00:00,12.90346341,,,,,46.16463525874449,0.0,0.5941907210851297,0.6738169891123897
2022-09-04 12:20:36+00:00,12.92048,,,,,102.35947740395729,0.0,0.5940769883324587,0.7453270858364529
2022-09-04 12:20:38+00:00,14.2156662,,,,,140.94458853630024,0.0,0.593920383234085,0.7813066714480623
2022-09-04 12:20:40+00:00,15.65170358,,,,,133.03202908618263,0.0,0.5937725698684337,0.7836483077227825
2022-09-04 12:20:42+00:00,15.60445628,,,,,93.06334039453372,0.0,0.5936691661568843,0.7617339312719072
2022-09-04 12:20:44+00:00,15.51061133,,,,,85.31123496071473,0.0,0.5935743758958167,0.7528695374288915
2022-09-04 12:20:46+00:00,16.07003588,,,,,105.83005850661749,0.0,0.5934567869419205,0.7729174071058258
2022-09-04 12:20:48+00:00,16.4869847,,,,,93.37490720226837,0.0,0.5933530370450291,0.7705466230363672
2022-09-04 12:20:50+00:00,16.83077657,,,,,47.43448374547588,0.0,0.5933003320630896,0.72621456649203
2022-09-04 12:20:52+00:00,16.08171227,,,,,12.87515949025261,0.0,0.5932860263303227,0.01
2022-09-04 12:20:54+00:00,15.24064105,,,,,0.0,2.4267433142622883,0.5932860263303227,0.06576124542222248
2022-09-04 12:20:56+00:00,14.81659932,,,,,39.51887246565633,0.0,0.5932421164720275,0.6896581460330795
2022-09-04 12:20:58+00:00,14.82269805,,,,,82.54249424722951,0.0,0.5931504025895306,0.7438156677352654
2022-09-04 12:21:00+00:00,15.46822409,,,,,114.30764614729296,0.0,0.5930233940938113,0.7719211025977394
2022-09-04 12:21:02+00:00,16.03051975,,,,,135.80659391279042,0.0,0.5928724978783527,0.7877192483465201
2022-09-04 12:21:04+00:00,16.59834087,,,,,145.96568266256247,0.0,0.5927103137865054,0.7966302914926613
2022-09-04 12:21:06+00:00,17.60498215,,,,,148.8315510473326,0.0,0.5925449453964529,0.8051663492240428
2022-09-04 12:21:08+00:00,18.03931379,,,,,134.95320760256232,0.0,0.5923949973880056,0.8036942621381269
2022-09-04 12:21:10+00:00,18.29150645,,,,,130.70733594524575,0.0,0.5922497670147331,0.8046102426271121
2022-09-04 12:21:12+00:00,18.65680554,,,,,149.51568161004755,0.0,0.5920836384796108,0.8140381459437958
2022-09-04 12:21:14+00:00,19.38876423,,,,,169.51206440967758,0.0,0.5918952917413778,0.8213954636594517
2022-09-04 12:21:16+00:00,20.08494233,,,,,168.9029084623144,0.0,0.5917076218430863,0.822392872430288
2022-09-04 12:21:18+00:00,20.52676565,,,,,140.34232839089427,0.0,0.5915516859226521,0.8159635912789884
2022-09-04 12:21:20+00:00,20.71336278,,,,,77.83001495578246,0.0,0.5914652081282568,0.7817933749352766
2022-09-04 12:21:22+00:00,20.39831561,,,,,0.0,9.053915987624563,0.5914652081282568,0.20005234848420542
2022-09-04 12:21:24+00:00,18.9619668,,,,,-34.4031654653071,0.0,0.5915014386613917,0.7673702159712503
2022-09-04 12:21:26+00:00,17.45482812,,,,,0.0,1.9433100120478877,0.5915014386613917,0.04833476876166193
2022-09-04 12:21:28+00:00,16.89835366,,,,,108.84119959681084,0.0,0.5913805039951731,0.7825325494074274
2022-09-04 12:21:30+00:00,18.75918609,,,,,172.020323849498,0.0,0.5911893703020069,0.8213535692650866
2022-09-04 12:21:32+00:00,19.62427325,,,,,90.13636342507279,0.0,0.5910892187870902,0.7895066028288217
2022-09-04 12:21:34+00:00,18.92934718,,,,,-70.51191080531287,1.4210854715202004e-14,0.5911634799549313,0.8058767678886309
2022-09-04 12:21:36+00:00,16.51033408,,,,,-153.13272362861872,0.0,0.5913247533620639,0.8005116020871526
2022-09-04 12:21:38+00:00,12.43459689,,,,,-125.88649127164163,0.0,0.5914573290930845,0.743211222681674
2022-09-04 12:21:40+00:00,8.962105122,,,,,-59.59655160395673,0.0,0.591520091260509,0.6694653937209052
2022-09-04 12:21:42+00:00,7.68545882,,,,,-17.520302473977914,0.0,0.5915385420335655,0.5858539919791823
2022-09-04 12:21:44+00:00,7.355594086,,,,,26.784828819755237,0.0,0.5915087811126546,0.1396117448819579
2022-09-04 12:21:46+00:00,7.4725888,,,,,34.390840161234834,0.0,0.591470569068031,0.5105958243813427
2022-09-04 12:21:48+00:00,7.818656169,,,,,35.174336951075496,0.0,0.5914314864714186,0.5211691666794317
2022-09-04 12:21:50+00:00,7.833194348,,,,,27.651447061734505,0.0,0.59140076264135,0.11753812815291928
2022-09-04 12:21:52+00:00,7.564756687,,,,,0.0,9.75422704865412,0.59140076264135,0.37788847346145565
2022-09-04 12:21:54+00:00,6.221262706,,,,,0.0,3.1007131444367158,0.59140076264135,0.13324333249272166
2022-09-04 12:21:56+00:00,6.048739228,,,,,64.93590706216155,0.0,0.5913286116335031,0.5508054742049727
2022-09-04 12:21:58+00:00,6.985812069,,,,,201.98328025778923,0.0,0.59110418576655,0.5550935913668331
2022-09-04 12:22:00+00:00,11.36835785,,,,,418.18332863492776,0.0,0.5906395376236223,0.6341331057952523
2022-09-04 12:22:02+00:00,16.2798442,,,,,528.6082494638376,0.0,0.590052195124218,0.7186358743946965
2022-09-04 12:22:04+00:00,19.41444664,,,,,407.2301406378963,0.0,0.5895997171901759,0.7978045837268347
2022-09-04 12:22:06+00:00,20.70037821,,,,,248.4931106111517,0.0,0.5893236137339413,0.8330866245765985
2022-09-04 12:22:08+00:00,20.86944237,,,,,165.0758668522857,0.0,0.5891401961041054,0.8230405645868012
2022-09-04 12:22:10+00:00,21.16625702,,,,,150.53425712349676,0.0,0.5889729358184126,0.8202759280427361
2022-09-04 12:22:12+00:00,21.49256564,,,,,158.29858475161288,0.0,0.5887970485020219,0.8229924018341955
2022-09-04 12:22:14+00:00,21.81109335,,,,,161.47486403170012,0.0,0.5886176319864311,0.824581734448111
2022-09-04 12:22:16+00:00,22.11016948,,,,,162.9768213133552,0.0,0.5884365466294162,0.8257416928812563
2022-09-04 12:22:18+00:00,22.38835552,,,,,164.0356802343779,0.0,0.5882542847624892,0.8267569239187427
2022-09-04 12:22:20+00:00,22.64788203,,,,,165.14401164760292,0.0,0.5880707914162141,0.8277380681407112
2022-09-04 12:22:22+00:00,22.89193767,,,,,169.51655441854393,0.0,0.5878824396890824,0.8293253419854897
2022-09-04 12:22:24+00:00,23.12362188,,,,,194.38109700689074,0.0,0.587666460692408,0.8348207528988982
2022-09-04 12:22:26+00:00,23.4687581,,,,,235.73882617951452,0.0,0.5874045286633197,0.8434861575711767
2022-09-04 12:22:28+00:00,24.49769149,,,,,264.6401585706006,0.0,0.5871104840426857,0.847410656967529
2022-09-04 12:22:30+00:00,25.40044858,,,,,240.12323670787936,0.0,0.5868436804463436,0.8437626350551587
2022-09-04 12:22:32+00:00,25.47716168,,,,,167.47404687657783,0.0,0.5866575981720363,0.8326376113179346
2022-09-04 12:22:34+00:00,25.20801001,,,,,89.4423564652312,0.0,0.5865582177759638,0.7990258675118632
2022-09-04 12:22:36+00:00,24.69310988,,,,,56.13764233767846,0.0,0.5864958426178108,0.1334552113961693
2022-09-04 12:22:38+00:00,23.44381879,,,,,0.0,28.700967830542083,0.5864958426178108,0.5624659375763194
2022-09-04 12:22:40+00:00,21.95205722,,,,,0.0,16.22652557643572,0.5864958426178108,0.3364493980118692
2022-09-04 12:22:42+00:00,21.35090174,,,,,49.56436024085973,0.0,0.5864407711064321,0.6557590718536451
2022-09-04 12:22:44+00:00,21.18899183,,,,,97.44755487934675,0.0,0.586332496045455,0.7978585672996957
2022-09-04 12:22:46+00:00,21.25554612,,,,,125.94817609389621,0.0,0.5861925536275729,0.8147883741906939
2022-09-04 12:22:48+00:00,21.44909245,,,,,144.31830925904708,0.0,0.5860321999506184,0.8196559033916018
2022-09-04 12:22:50+00:00,21.71856666,,,,,157.4172393624589,0.0,0.5858572919068823,0.8234181795364767
2022-09-04 12:22:52+00:00,22.03670632,,,,,167.93365693353635,0.0,0.5856706989547339,0.8266131905889803
2022-09-04 12:22:54+00:00,22.38789799,,,,,177.1253186323185,0.0,0.5854738930451424,0.8294968498033948
2022-09-04 12:22:56+00:00,22.7625251,,,,,185.61246133153278,0.0,0.5852676569769962,0.8321936875457425
2022-09-04 12:22:58+00:00,23.15426387,,,,,193.72051285713474,0.0,0.5850524119627105,0.8347668597470969
2022-09-04 12:23:00+00:00,23.55873437,,,,,201.63303339271118,0.0,0.5848283752589408,0.8372502103255309
2022-09-04 12:23:02+00:00,23.97278844,,,,,209.46191925745606,0.0,0.5845956397930993,0.839662998814025
2022-09-04 12:23:04+00:00,24.39410695,,,,,217.28063337437914,0.0,0.5843542168671277,0.8420167902378712
2022-09-04 12:23:06+00:00,24.82095488,,,,,206.2012576320335,0.0,0.5841251043586477,0.8412761141900491
2022-09-04 12:23:08+00:00,25.25202185,,,,,176.72270278074123,0.0,0.5839287458000024,0.8350736223364876
2022-09-04 12:23:10+00:00,24.96690847,,,,,135.28288393801466,0.0,0.5837784314845157,0.8300892423002204
2022-09-04 12:23:12+00:00,24.72587659,,,,,101.88420301001732,0.0,0.5836652268145046,0.8085510873830983
2022-09-04 12:23:14+00:00,24.47387487,,,,,101.51608083467977,0.0,0.5835524311691327,0.8076856619727477
2022-09-04 12:23:16+00:00,23.69882808,,,,,120.38333618674241,0.0,0.5834186719067029,0.8192171830335906
2022-09-04 12:23:18+00:00,24.05050989,,,,,172.8340100431594,0.0,0.5832266341177661,0.8334571075931823
2022-09-04 12:23:20+00:00,24.326863,,,,,205.30877743125274,0.0,0.5829985132539536,0.8398205662221858
2022-09-04 12:23:22+00:00,24.87552704,,,,,170.84080524162746,0.0,0.5828086901370184,0.8358390888369842
2022-09-04 12:23:24+00:00,24.99426597,,,,,70.49165389910046,0.0,0.5827303660771306,0.788191461907864
2022-09-04 12:23:26+00:00,23.87545847,,,,,0.0,5.32621532375987,0.5827303660771306,0.10276905229505948
2022-09-04 12:23:28+00:00,22.00020907,,,,,50.86302200961724,0.0,0.582673851608231,0.35014091772309464
2022-09-04 12:23:30+00:00,22.26731573,,,,,137.6577231579506,0.0,0.5825208985825,0.8208676880908887
2022-09-04 12:23:32+00:00,22.69709738,,,,,218.16543975414098,0.0,0.5822784925383288,0.8387155637712731
2022-09-04 12:23:34+00:00,23.77715796,,,,,203.99872960596684,0.0,0.582051827283211,0.8382126580987497
2022-09-04 12:23:36+00:00,24.16949655,,,,,112.39679278114221,0.0,0.5819269419578986,0.8144481527202153
2022-09-04 12:23:38+00:00,23.20358704,,,,,0.0,3.810424899945487,0.5819269419578986,0.07533473834792685
2022-09-04 12:23:40+00:00,21.89597369,,,,,-32.611488924621185,0.0,0.5819613317298538,0.7724166439278668
2022-09-04 12:23:42+00:00,20.72634653,,,,,-33.17767289010481,-7.105427357601002e-15,0.5819963183903805,0.7699257218607465
2022-09-04 12:23:44+00:00,19.60648904,,,,,0.0,9.734589381507291,0.5819963183903805,0.22265272396113175
2022-09-04 12:23:46+00:00,18.60628809,,,,,57.89483639074565,0.0,0.5819319907943907,0.7601712629342456
2022-09-04 12:23:48+00:00,19.34481639,,,,,111.79908607851245,0.0,0.5818077695876368,0.8046976489913011
2022-09-04 12:23:50+00:00,19.67530249,,,,,107.64718762714077,0.0,0.5816881616013845,0.8043265487693667
2022-09-04 12:23:52+00:00,19.49297807,,,,,61.86177714180368,0.0,0.5816194262934491,0.7663993758952404
2022-09-04 12:23:54+00:00,19.05888773,,,,,44.89372690832952,0.0,0.581569544374662,0.4555877651979664
2022-09-04 12:23:56+00:00,18.49464115,,,,,43.839754923675564,0.0,0.5815208335358579,0.12295069781675329
2022-09-04 12:23:58+00:00,17.85856684,,,,,0.0,3.592967936138831,0.5815208335358579,0.08812103926140039
2022-09-04 12:24:00+00:00,17.17986526,,,,,0.0,9.358933312387107,0.5815208335358579,0.23507429474525318
2022-09-04 12:24:02+00:00,16.47402311,,,,,0.0,13.420555669101477,0.5815208335358579,0.34604466689903735
2022-09-04 12:24:04+00:00,15.74984408,,,,,0.0,16.382605271668247,0.5815208335358579,0.43464983272736146
2022-09-04 12:24:06+00:00,15.01271151,,,,,0.0,18.55774067414042,0.5815208335358579,0.5078325541289053
2022-09-04 12:24:08+00:00,14.26614387,,,,,0.0,20.121800247428144,0.5815208335358579,0.5693930215519121
2022-09-04 12:24:10+00:00,13.51256695,,,,,0.0,21.183812490323547,0.5815208335358579,0.6215938780452889
2022-09-04 12:24:12+00:00,12.75371886,,,,,0.0,21.8181534044587,0.5815208335358579,0.6556803619549605
2022-09-04 12:24:14+00:00,11.99087738,,,,,0.0,22.079834677094436,0.5815208335358579,0.6398496279327929
2022-09-04 12:24:16+00:00,11.2249973,,,,,0.0,15.931810988868707,0.5815208335358579,0.51517124463922
2022-09-04 12:24:18+00:00,10.45679916,,,,,41.875554918835086,0.0,0.5814743051415037,0.6056109733682277
2022-09-04 12:24:20+00:00,10.29949932,,,,,121.26925197942089,0.0,0.5813395615281932,0.7118024220989294
2022-09-04 12:24:22+00:00,13.2506222,,,,,224.58450236873378,0.0,0.5810900231922279,0.7688012819289588
2022-09-04 12:24:24+00:00,15.18666981,,,,,277.60201597574064,0.0,0.5807815765078104,0.7787424771621154
2022-09-04 12:24:26+00:00,16.85656407,,,,,289.8134073711942,0.0,0.5804595616107313,0.7991042951870432
2022-09-04 12:24:28+00:00,18.90684353,,,,,302.00260665457506,0.0,0.5801240031588929,0.8207804588118149
2022-09-04 12:24:30+00:00,20.85329407,,,,,236.56830454001107,0.0,0.5798611494871818,0.8351207046217818
2022-09-04 12:24:32+00:00,21.34757402,,,,,68.86366217867578,0.0,0.5797846343069832,0.7767192719787137
2022-09-04 12:24:34+00:00,20.14889488,,,,,-63.42534570003726,0.0,0.5798515383249133,0.8053021887517392
2022-09-04 12:24:36+00:00,17.71738407,,,,,-136.15529539461986,0.0,0.5799951599422545,0.8182884232521002
2022-09-04 12:24:38+00:00,15.57589809,,,,,-163.66713802788823,0.0,0.5801677985815015,0.7766557174254028
2022-09-04 12:24:40+00:00,11.10084669,,,,,-114.24292233838624,0.0,0.5802883008685014,0.683717479772566
2022-09-04 12:24:42+00:00,7.495371729,,,,,-52.75151565949692,0.0,0.5803439416956403,0.6199436022662127
2022-09-04 12:24:44+00:00,5.512694694,,,,,0.0,20.985732976658433,0.5803439416956403,0.4731169585403803
2022-09-04 12:24:46+00:00,5.731557887,,,,,24.49584915079761,0.0,0.5803167240854727,0.2837646464211814
2022-09-04 12:24:48+00:00,6.814839735,,,,,25.73515243015805,0.0,0.5802881294716614,0.23871464934830616
2022-09-04 12:24:50+00:00,5.735784634,,,,,0.0,12.441026299659717,0.5802881294716614,0.43245940209681705
2022-09-04 12:24:52+00:00,4.625717538,,,,,0.0,15.658627669670969,0.5802881294716614,0.38457611541424014
2022-09-04 12:24:54+00:00,3.706512736,,,,,0.0,6.195932872379557,0.5802881294716614,0.26625060280028845
2022-09-04 12:24:56+00:00,3.331317256,,,,,24.495849150797614,0.0,0.5802609118614939,0.09684583231024377
2022-09-04 12:24:58+00:00,3.506617415,,,,,37.17402533999214,0.0,0.5802196073888939,0.2786035518618599
2022-09-04 12:25:00+00:00,3.975580132,,,,,50.26623184733136,0.0,0.5801637560201747,0.35141852799445034
2022-09-04 12:25:02+00:00,4.612573505,,,,,59.11129954138289,0.0,0.580098076798462,0.41505441320064035
2022-09-04 12:25:04+00:00,5.352968797,,,,,64.65341651308393,0.0,0.580026239669003,0.4871647423159359
2022-09-04 12:25:06+00:00,6.161310494,,,,,68.74696847782944,0.0,0.5799498541484721,0.5654887237346988
2022-09-04 12:25:08+00:00,7.016686684,,,,,81.54249946689222,0.0,0.5798592513712867,0.6012956916217481
2022-09-04 12:25:10+00:00,7.933857226,,,,,91.57759798274567,0.0,0.5797574984846392,0.6306755706195293
2022-09-04 12:25:12+00:00,9.218784542,,,,,93.9771838517531,0.0,0.5796530793914706,0.6603121611516583
2022-09-04 12:25:14+00:00,9.819560433,,,,,86.38946912497904,0.0,0.5795570910924428,0.6662677607141331
2022-09-04 12:25:16+00:00,10.25484002,,,,,85.39385751495423,0.0,0.5794622090285373,0.6753489636651999
2022-09-04 12:25:18+00:00,11.0107737,,,,,94.83675853317303,0.0,0.5793568348523893,0.7018094584295662
2022-09-04 12:25:20+00:00,11.82656705,,,,,96.83990630962558,0.0,0.5792492349564897,0.7228988607747262
2022-09-04 12:25:22+00:00,12.39177802,,,,,87.26948904731267,0.0,0.5791522688575482,0.7279125712764011
2022-09-04 12:25:24+00:00,12.75854379,,,,,76.56301961987847,0.0,0.5790671988357483,0.7214347208543087
2022-09-04 12:25:26+00:00,13.01997031,,,,,70.26740814825786,0.0,0.5789891239378058,0.7123928339927663
2022-09-04 12:25:28+00:00,13.22145548,,,,,66.77378808335183,0.0,0.5789149308399354,0.7083299623844296
2022-09-04 12:25:30+00:00,13.38625208,,,,,64.79380784868945,0.0,0.5788429377201035,0.7066616796896629
2022-09-04 12:25:32+00:00,13.52704967,,,,,63.656999197643394,0.0,0.578772207720995,0.7062107197586759
2022-09-04 12:25:34+00:00,13.65129108,,,,,63.01736016612175,0.0,0.5787021884319216,0.7064209907573235
2022-09-04 12:25:36+00:00,13.76366472,,,,,62.69107849185455,0.0,0.5786325316780417,0.7070173626852181
2022-09-04 12:25:38+00:00,13.86731121,,,,,62.57508894026496,0.0,0.5785630038014414,0.7078554800486003
2022-09-04 12:25:40+00:00,13.96443559,,,,,66.91434914286249,0.0,0.5784886545246161,0.7149273299355565
2022-09-04 12:25:42+00:00,14.05663742,,,,,67.04233170706013,0.0,0.5784141630449415,0.7159541336069779
2022-09-04 12:25:44+00:00,14.41127809,,,,,74.78060573295785,0.0,0.578331073483016,0.7298821011723623
2022-09-04 12:25:46+00:00,14.22825676,,,,,81.15123411791042,0.0,0.5782409054451072,0.737529795428833
2022-09-04 12:25:48+00:00,14.93359107,,,,,90.89889824116518,0.0,0.5781399066692837,0.7536796662841101
2022-09-04 12:25:50+00:00,15.16048724,,,,,90.51407193841382,0.0,0.578039335478241,0.7557575171490927
2022-09-04 12:25:52+00:00,15.37719402,,,,,71.55345807019471,0.0,0.5779598316359408,0.7346295873415956
2022-09-04 12:25:54+00:00,15.55617489,,,,,49.52148312683926,0.0,0.5779048077657999,0.7110607426507165
2022-09-04 12:25:56+00:00,15.08994074,,,,,38.65948610385736,0.0,0.57786185278124,0.6925157281204025
2022-09-04 12:25:58+00:00,14.72194517,,,,,54.389425748260436,0.0,0.5778014200859641,0.7063168094578369
2022-09-04 12:26:00+00:00,15.0552316,,,,,91.02822710616289,0.0,0.5777002776114017,0.7549783411050588
2022-09-04 12:26:02+00:00,15.40549161,,,,,116.47642250371553,0.0,0.5775708593641754,0.7726193218039098
2022-09-04 12:26:04+00:00,16.25573309,,,,,104.78872182087639,0.0,0.5774544274510411,0.7742376422777096
2022-09-04 12:26:06+00:00,16.67134654,,,,,47.76950821574631,0.0,0.5774013502196903,0.7243164765985287
2022-09-04 12:26:08+00:00,15.8454251,,,,,0.0,16.51478643779355,0.5774013502196903,0.43646504240979067
2022-09-04 12:26:10+00:00,14.64768988,,,,,0.0,26.42698278181979,0.5774013502196903,0.6883719573395597
2022-09-04 12:26:12+00:00,13.88183985,,,,,0.0,5.337087717877267,0.5774013502196903,0.1537953300348743
2022-09-04 12:26:14+00:00,13.61963436,,,,,36.06475101047915,0.0,0.5773612782741231,0.5607022428927017
2022-09-04 12:26:16+00:00,13.60994445,,,,,53.872579478289225,0.0,0.5773014198524805,0.6929033689869305
2022-09-04 12:26:18+00:00,13.73443687,,,,,66.26068952399972,0.0,0.5772277968641205,0.7119102780866363
2022-09-04 12:26:20+00:00,13.9353738,,,,,74.0423508529716,0.0,0.577145527585395,0.7249838994952291
2022-09-04 12:26:22+00:00,14.18315463,,,,,79.69510018755004,0.0,0.5770569774740755,0.735094230100368
2022-09-04 12:26:24+00:00,14.46160746,,,,,84.28898851442257,0.0,0.5769633230423927,0.7436479421927342
2022-09-04 12:26:26+00:00,14.7612356,,,,,88.42056734929457,0.0,0.5768650779675601,0.7504775828483529
2022-09-04 12:26:28+00:00,15.07605035,,,,,92.34474413339447,0.0,0.5767624726963008,0.7559434513687789
2022-09-04 12:26:30+00:00,15.40203644,,,,,96.06964532501414,0.0,0.5766557286459396,0.761282335676228
2022-09-04 12:26:32+00:00,15.73637298,,,,,99.67716371253906,0.0,0.5765449762418146,0.766528494166868
2022-09-04 12:26:34+00:00,16.07701279,,,,,119.93814879576023,0.0,0.5764117116320415,0.7800001653539311
2022-09-04 12:26:36+00:00,16.4224385,,,,,181.62242432884005,0.0,0.5762099089383428,0.8115562166166633
2022-09-04 12:26:38+00:00,17.7003592,,,,,250.5170793632977,0.0,0.5759315566279392,0.8151871903746679
2022-09-04 12:26:40+00:00,20.41391044,,,,,277.13509284660734,0.0,0.5756236287469985,0.8286740344818847
2022-09-04 12:26:42+00:00,20.84813746,,,,,190.01230460249917,0.0,0.5754125039641068,0.8292241917252567
2022-09-04 12:26:44+00:00,21.0371482,,,,,97.80525645174426,0.0,0.5753038314569382,0.7978826077295071
2022-09-04 12:26:46+00:00,20.75254401,,,,,49.29054703221659,0.0,0.5752490641824579,0.760699137858807
2022-09-04 12:26:48+00:00,19.99718078,,,,,46.82226105191165,0.0,0.5751970394479557,0.4618274968623495
2022-09-04 12:26:50+00:00,19.41078538,,,,,47.0855656827978,0.0,0.5751447221527526,0.7546814320202582
2022-09-04 12:26:52+00:00,19.327776,,,,,70.38902953897005,0.0,0.5750665121199315,0.7727969695050296
2022-09-04 12:26:54+00:00,19.33037142,,,,,74.10138142573938,0.0,0.5749841772516807,0.7758133560863847
2022-09-04 12:26:56+00:00,19.06454997,,,,,86.12494121720296,0.0,0.5748884828725505,0.7853308940563709
2022-09-04 12:26:58+00:00,18.83178565,,,,,108.60699764438614,0.0,0.5747678084307234,0.8021005529277188
2022-09-04 12:27:00+00:00,19.66882778,,,,,124.22572141596277,0.0,0.5746297798513723,0.8091844817364425
2022-09-04 12:27:02+00:00,19.78594267,,,,,96.4262742699328,0.0,0.574522639546628,0.7949514353444082
2022-09-04 12:27:04+00:00,19.47584339,,,,,71.79855198388591,0.0,0.574442863377757,0.7742622706732363
2022-09-04 12:27:06+00:00,19.03069459,,,,,97.53242378915698,0.0,0.5743344940179912,0.7950877727273983
2022-09-04 12:27:08+00:00,19.41555004,,,,,150.25183767070607,0.0,0.5741675475316904,0.8158530274160677
2022-09-04 12:27:10+00:00,20.26364972,,,,,179.15097984911412,0.0,0.5739684908874136,0.8254609056702205
2022-09-04 12:27:12+00:00,20.96707647,,,,,162.24752120490314,0.0,0.5737882158638526,0.822576030663916
2022-09-04 12:27:14+00:00,21.03605721,,,,,130.40715956364107,0.0,0.5736433190198931,0.8150937492634279
2022-09-04 12:27:16+00:00,21.00411613,,,,,113.89368216238384,0.0,0.5735167704841571,0.8106376554763737
2022-09-04 12:27:18+00:00,21.15813841,,,,,101.30243367943109,0.0,0.5734042122245132,0.8008127460194212
2022-09-04 12:27:20+00:00,21.07921825,,,,,70.26401067296588,0.0,0.5733261411015432,0.7770159611441685
2022-09-04 12:27:22+00:00,20.54850693,,,,,47.944718319889816,0.0,0.5732728691922989,0.523465900084787
2022-09-04 12:27:24+00:00,19.88674541,,,,,46.59647440246602,0.0,0.5732210953318517,0.2570368749314577
2022-09-04 12:27:26+00:00,19.30058019,,,,,45.392707958871505,0.0,0.5731706589896752,0.20402571209224296
2022-09-04 12:27:28+00:00,18.79067065,,,,,44.3381717878639,0.0,0.5731213943543554,0.04659849251196771
2022-09-04 12:27:30+00:00,18.13005369,,,,,0.0,12.511203162106236,0.5731213943543554,0.30404359838218525
2022-09-04 12:27:32+00:00,17.27507634,,,,,0.0,13.722413711828931,0.5731213943543554,0.34349716958525245
2022-09-04 12:27:34+00:00,16.29828765,,,,,40.54863012850466,0.0,0.5730763403208793,0.3780258166576582
2022-09-04 12:27:36+00:00,16.18888113,,,,,85.0171945742363,0.0,0.5729818767713524,0.7583678692733502
2022-09-04 12:27:38+00:00,16.91082946,,,,,154.70203212855296,0.0,0.5728099856245429,0.8027052885724756
2022-09-04 12:27:40+00:00,17.64964484,,,,,208.0783465296273,0.0,0.5725787874617322,0.8196591228406809
2022-09-04 12:27:42+00:00,19.2759373,,,,,244.22163206190203,0.0,0.5723074300927745,0.8278910243849833
2022-09-04 12:27:44+00:00,20.58446164,,,,,229.3128962967783,0.0,0.5720526379857781,0.834830529393107
2022-09-04 12:27:46+00:00,21.22289246,,,,,167.68964456909552,0.0,0.5718663161584792,0.8245033978276227
2022-09-04 12:27:48+00:00,21.32337424,,,,,108.07420569240486,0.0,0.5717462337077098,0.8063663696610526
2022-09-04 12:27:50+00:00,20.98644952,,,,,74.73435934679647,0.0,0.5716631955306578,0.7801066476723918
2022-09-04 12:27:52+00:00,20.63313882,,,,,60.23731377193051,0.0,0.5715962651820223,0.7683360467308483
2022-09-04 12:27:54+00:00,20.41417301,,,,,60.37955610023473,0.0,0.5715291767863554,0.7678046660807597
2022-09-04 12:27:56+00:00,19.92019337,,,,,65.22168193014153,0.0,0.5714567082508775,0.7701402984325656
2022-09-04 12:27:58+00:00,19.81390974,,,,,77.95032858179945,0.0,0.5713700967746754,0.7799184232115461
2022-09-04 12:28:00+00:00,19.75031506,,,,,89.22722516669401,0.0,0.5712709554133791,0.7889469528322057
2022-09-04 12:28:02+00:00,19.71665501,,,,,92.00968404448764,0.0,0.5711687224311075,0.7911919586913625
2022-09-04 12:28:04+00:00,19.69979602,,,,,93.75377767133536,0.0,0.5710645515670283,0.792616120722642
2022-09-04 12:28:06+00:00,19.69308137,,,,,94.83851485265032,0.0,0.5709591754394142,0.7935107799282681
2022-09-04 12:28:08+00:00,19.69292507,,,,,93.41404226304702,0.0,0.5708553820591219,0.7923243636924697
2022-09-04 12:28:10+00:00,19.69725292,,,,,81.23674819730964,0.0,0.5707651190055694,0.7823349098171151
2022-09-04 12:28:12+00:00,19.60170382,,,,,55.76740681810433,0.0,0.5707031552202159,0.7619462713596923
2022-09-04 12:28:14+00:00,19.1177604,,,,,45.01541362875794,0.0,0.5706531380939617,0.5430992035327902
2022-09-04 12:28:16+00:00,18.49328307,,,,,43.83781596681359,0.0,0.5706044294095541,0.6993592449553411
2022-09-04 12:28:18+00:00,18.19655775,,,,,61.39201865534355,0.0,0.5705362160554927,0.7575801983945706
2022-09-04 12:28:20+00:00,18.47797442,,,,,70.60110903221099,0.0,0.5704577703787902,0.7691285203838116
2022-09-04 12:28:22+00:00,18.1259251,,,,,58.48128110491793,0.0,0.5703927911775625,0.7541187666860272
2022-09-04 12:28:24+00:00,17.8990882,,,,,53.74571738200468,0.0,0.5703330737138047,0.7468947633304981
2022-09-04 12:28:26+00:00,17.65342562,,,,,67.41914981058798,0.0,0.5702581635473485,0.7560135172159798
2022-09-04 12:28:28+00:00,17.67850064,,,,,71.64845861277215,0.0,0.5701785541488898,0.7602672871780158
2022-09-04 12:28:30+00:00,17.82545751,,,,,50.1222361901795,0.0,0.5701228627753452,0.7426898857483982
2022-09-04 12:28:32+00:00,17.40854472,,,,,42.25207884334924,0.0,0.5700759160210748,0.29455055584160056
2022-09-04 12:28:34+00:00,16.50309722,,,,,40.869258126624395,0.0,0.5700305057342674,0.05066569839019497
2022-09-04 12:28:36+00:00,16.20298611,,,,,40.39842347250296,0.0,0.5699856185970757,0.11883238240802127
2022-09-04 12:28:38+00:00,15.80496573,,,,,39.764032172120395,0.0,0.5699414363391068,0.16307093543613016
2022-09-04 12:28:40+00:00,15.12974624,,,,,0.0,14.99643391494482,0.5699414363391068,0.40831071447065553
2022-09-04 12:28:42+00:00,14.8070171,,,,,-27.605410914578584,0.0,0.5699705960719208,0.714241996335811
2022-09-04 12:28:44+00:00,13.00925461,,,,,-22.70645878211911,0.0,0.5699945809191468,0.6859287939324636
2022-09-04 12:28:46+00:00,11.81170679,,,,,33.228595411654936,0.0,0.5699576602575783,0.18385830184229
2022-09-04 12:28:48+00:00,12.42361064,,,,,84.657427119832,0.0,0.5698635964496674,0.7264000434382064
2022-09-04 12:28:50+00:00,13.47513904,,,,,117.34916705460178,0.0,0.5697332084862734,0.7604931970300984
2022-09-04 12:28:52+00:00,14.09208372,,,,,109.41192096592273,0.0,0.5696116396852001,0.7582998871382031
2022-09-04 12:28:54+00:00,14.50510955,,,,,100.3049193894432,0.0,0.5695001897747675,0.7554468355194852
2022-09-04 12:28:56+00:00,14.85177943,,,,,100.8894915710057,0.0,0.5693880903396885,0.7588463685877724
2022-09-04 12:28:58+00:00,15.38176178,,,,,76.26122729630703,0.0,0.5693033556426926,0.7404561819106419
2022-09-04 12:29:00+00:00,15.73948819,,,,,39.658564032679145,0.0,0.5692592905715452,0.4152779901790523
2022-09-04 12:29:02+00:00,14.44004159,,,,,0.0,15.32787922734484,0.5692592905715452,0.4302772117371679
2022-09-04 12:29:04+00:00,13.72146754,,,,,0.0,6.871264687898802,0.5692592905715452,0.1995520154951657
2022-09-04 12:29:06+00:00,13.26486584,,,,,61.73246229232999,0.0,0.569190698946776,0.7009353051788725
2022-09-04 12:29:08+00:00,13.54916294,,,,,130.0202088746533,0.0,0.5690462320480264,0.7708317999093182
2022-09-04 12:29:10+00:00,15.40063692,,,,,207.86002325505808,0.0,0.5688152764666319,0.7971567575822918
2022-09-04 12:29:12+00:00,16.76612152,,,,,242.82900211211302,0.0,0.568545466464285,0.8063563248900099
2022-09-04 12:29:14+00:00,18.48272893,,,,,220.87806682140086,0.0,0.5683000463900391,0.8261090159099345
2022-09-04 12:29:16+00:00,19.5965282,,,,,152.46573891974495,0.0,0.5681306400134616,0.8168705401419315
2022-09-04 12:29:18+00:00,19.35452307,,,,,45.5038639240281,0.0,0.5680800801646572,0.6795470906210905
2022-09-04 12:29:20+00:00,18.61623099,,,,,0.0,25.2981706787071,0.5680800801646572,0.6050420989717833
2022-09-04 12:29:22+00:00,17.13566403,,,,,-25.99089799597238,0.0,0.5681075416466056,0.7359133133589755
2022-09-04 12:29:24+00:00,16.42162249,,,,,-37.291541947386996,0.0,0.5681469430194611,0.7481414915588833
2022-09-04 12:29:26+00:00,15.59219917,,,,,-41.503647140193934,0.0,0.5681907945620882,0.7493271445985288
2022-09-04 12:29:28+00:00,13.20289725,,,,,0.0,14.904613365443401,0.5681907945620882,0.44426364310750494
2022-09-04 12:29:30+00:00,12.95957699,,,,,87.30975707809813,0.0,0.5680937837208904,0.733228659941274
2022-09-04 12:29:32+00:00,15.07159601,,,,,167.5584342693217,0.0,0.5679076076828133,0.8008999406290055
2022-09-04 12:29:34+00:00,16.36807175,,,,,148.5188104368434,0.0,0.5677425867823279,0.7963629767065459
2022-09-04 12:29:36+00:00,16.30291328,,,,,84.90206482109332,0.0,0.5676482511547489,0.7592773506780865
2022-09-04 12:29:38+00:00,16.16134411,,,,,64.92015603011338,0.0,0.5675761176480488,0.7355281488832767
2022-09-04 12:29:40+00:00,16.21007959,,,,,82.1400309444016,0.0,0.5674848509469995,0.755260630718382
2022-09-04 12:29:42+00:00,16.3493686,,,,,90.19088027739198,0.0,0.5673846388578024,0.7657424878491408
2022-09-04 12:29:44+00:00,16.93026294,,,,,83.74712120097318,0.0,0.5672915865009125,0.7640429211695379
2022-09-04 12:29:46+00:00,16.65294623,,,,,45.740419828784475,0.0,0.5672407638122139,0.7220684326911713
2022-09-04 12:29:48+00:00,16.51118747,,,,,30.698896367508024,0.0,0.5672066539273611,0.01
2022-09-04 12:29:50+00:00,15.50543092,,,,,27.947412498204294,0.0,0.5671756012468075,0.01
2022-09-04 12:29:52+00:00,14.73510174,,,,,38.00025198864499,0.0,0.5671333787445979,0.5666399343621258
2022-09-04 12:29:54+00:00,15.3009053,,,,,65.73090181231159,0.0,0.5670603444092509,0.7267715567170628
2022-09-04 12:29:56+00:00,15.29404697,,,,,71.55753408161381,0.0,0.5669808360380492,0.733800758530723
2022-09-04 12:29:58+00:00,15.1958217,,,,,52.96087950496908,0.0,0.5669219906163769,0.7103725163711484
2022-09-04 12:30:00+00:00,15.42527521,,,,,56.52799327065303,0.0,0.5668591817349651,0.7173438934072819
2022-09-04 12:30:02+00:00,14.74595793,,,,,89.34231094576889,0.0,0.5667599125005809,0.750879058135017
2022-09-04 12:30:04+00:00,15.43763669,,,,,161.83515208742662,0.0,0.5665800956649282,0.7990907228435188
2022-09-04 12:30:06+00:00,17.07782122,,,,,211.51018087921665,0.0,0.5663450843528401,0.8137211676867302
2022-09-04 12:30:08+00:00,18.96102881,,,,,157.95925336916056,0.0,0.5661695740713188,0.8172742637854946
2022-09-04 12:30:10+00:00,18.56156966,,,,,43.93516992685039,0.0,0.5661207572158445,0.5145926628194141
2022-09-04 12:30:12+00:00,17.3263132,,,,,-20.82989054759175,3.552713678800501e-15,0.5661427717230751,0.7294983223455539
2022-09-04 12:30:14+00:00,16.17816085,,,,,0.0,29.437872708597684,0.5661427717230751,0.7130788989562653
2022-09-04 12:30:16+00:00,15.83540751,,,,,0.0,5.803523101891712,0.5661427717230751,0.15344178947540654
2022-09-04 12:30:18+00:00,14.70448873,,,,,39.311087264307915,0.0,0.5660990927372259,0.6878533011588452
2022-09-04 12:30:20+00:00,15.16886939,,,,,91.94432616594885,0.0,0.5659969323748193,0.7566499794662086
2022-09-04 12:30:22+00:00,15.83479545,,,,,138.73400698962826,0.0,0.5658427834781642,0.7879525018573323
2022-09-04 12:30:24+00:00,16.55462504,,,,,148.71271278413508,0.0,0.5656775471306262,0.7976420626864162
2022-09-04 12:30:26+00:00,17.52011067,,,,,135.14402452886304,0.0,0.5655273871033719,0.7991353304934635
2022-09-04 12:30:28+00:00,17.81047332,,,,,81.71748371337426,0.0,0.565436589899246,0.77126502583256
2022-09-04 12:30:30+00:00,17.61037189,,,,,42.55283247767071,0.0,0.5653893089742708,0.13228780772677545
2022-09-04 12:30:32+00:00,16.60607715,,,,,0.0,16.898719357035084,0.5653893089742708,0.43354625812139685
2022-09-04 12:30:34+00:00,15.45471334,,,,,39.196165620608575,0.0,0.5653457576791368,0.01873206232376609
2022-09-04 12:30:36+00:00,15.43149319,,,,,57.86425157157117,0.0,0.5652814640662794,0.7189640438360239
2022-09-04 12:30:38+00:00,15.69900163,,,,,97.12753158252137,0.0,0.5651735445867433,0.7648295756990399
2022-09-04 12:30:40+00:00,16.12636713,,,,,122.18272155971246,0.0,0.5650377860072325,0.7815374562302739
2022-09-04 12:30:42+00:00,16.65641419,,,,,147.52464080450045,0.0,0.564873869739672,0.7977526422995126
2022-09-04 12:30:44+00:00,17.55788235,,,,,158.28717208939793,0.0,0.5646979951040171,0.8085356203088276
2022-09-04 12:30:46+00:00,18.46468631,,,,,132.24529988224344,0.0,0.5645510558819257,0.8067877990271706
2022-09-04 12:30:48+00:00,18.5492976,,,,,80.07917042746973,0.0,0.5644620790258952,0.7781537687140054
2022-09-04 12:30:50+00:00,18.05456582,,,,,43.205466802994394,0.0,0.5644140729516697,0.4676481706165396
2022-09-04 12:30:52+00:00,17.73753133,,,,,42.74095695752498,0.0,0.5643665829994946,0.11622960948488649
2022-09-04 12:30:54+00:00,16.75981673,,,,,0.0,4.515060011843454,0.5643665829994946,0.11516935754656127
2022-09-04 12:30:56+00:00,16.50168771,,,,,0.0,9.857780077033302,0.5643665829994946,0.25391134554554495
2022-09-04 12:30:58+00:00,15.56777822,,,,,39.3804762479367,0.0,0.5643228269147746,0.21356586318281848
2022-09-04 12:31:00+00:00,14.89334137,,,,,53.84439203319637,0.0,0.5642629998125155,0.7077071867681564
2022-09-04 12:31:02+00:00,15.7882125,,,,,106.58685330151123,0.0,0.5641445699755138,0.7706122924181094
2022-09-04 12:31:04+00:00,16.00730418,,,,,110.16428489143655,0.0,0.5640221652145233,0.7744785330885482
2022-09-04 12:31:06+00:00,16.83721764,,,,,89.53280492070178,0.0,0.563922684320167,0.7693291976389591
2022-09-04 12:31:08+00:00,16.31832479,,,,,65.1574412935973,0.0,0.5638502871631741,0.7376226188864474
2022-09-04 12:31:10+00:00,16.43762104,,,,,51.620940720202384,0.0,0.5637929305623739,0.7249804132544402
2022-09-04 12:31:12+00:00,16.251233,,,,,40.474547201858805,0.0,0.5637479588432607,0.6097620775827033
2022-09-04 12:31:14+00:00,16.00421124,,,,,40.08303713567967,0.0,0.5637034221353322,0.17093038888821263
2022-09-04 12:31:16+00:00,15.07777356,,,,,38.5747161559221,0.0,0.5636605613396034,0.3963070257535026
2022-09-04 12:31:18+00:00,14.8185673,,,,,54.24537270039818,0.0,0.5636002887032696,0.707294457114611
2022-09-04 12:31:20+00:00,15.46621839,,,,,62.424020534273446,0.0,0.5635309286804537,0.7246810048199124
2022-09-04 12:31:22+00:00,15.38948789,,,,,39.08940274230369,0.0,0.5634874960107401,0.4119160405253822
2022-09-04 12:31:24+00:00,14.51030947,,,,,0.0,4.3725612625869665,0.5634874960107401,0.12235233698262549
2022-09-04 12:31:26+00:00,13.77513555,,,,,36.34076755492163,0.0,0.5634471173801235,0.580390823347843
2022-09-04 12:31:28+00:00,13.79182434,,,,,99.49413002799645,0.0,0.563336568346759,0.7490704002632256
2022-09-04 12:31:30+00:00,14.94423437,,,,,148.18442009652787,0.0,0.5631719189910962,0.7888594206944324
2022-09-04 12:31:32+00:00,16.33555171,,,,,146.70940274818153,0.0,0.5630089085435982,0.7952640676478072
2022-09-04 12:31:34+00:00,16.60305487,,,,,81.59721276420682,0.0,0.5629182449738602,0.758475864211565
2022-09-04 12:31:36+00:00,16.48326582,,,,,40.83834127972061,0.0,0.5628728690391049,0.2082838257853831
2022-09-04 12:31:38+00:00,15.41884986,,,,,0.0,11.755771878584081,0.5628728690391049,0.3161800264180902
2022-09-04 12:31:40+00:00,14.71774002,,,,,0.0,2.9423739298396576,0.5628728690391049,0.08156866515016414
2022-09-04 12:31:42+00:00,14.37662886,,,,,38.315858342139016,0.0,0.5628302958631692,0.6821084973209917
2022-09-04 12:31:44+00:00,14.31094318,,,,,76.89333236313769,0.0,0.5627448588272101,0.7320291210792925
2022-09-04 12:31:46+00:00,14.85689607,,,,,96.77202815146279,0.0,0.5626373343514863,0.756417232412261
2022-09-04 12:31:48+00:00,15.55421129,,,,,106.98822237272542,0.0,0.56251845854885,0.7686639357862027
2022-09-04 12:31:50+00:00,15.41151673,,,,,103.79098449148458,0.0,0.5624031352327483,0.7656099203055214
2022-09-04 12:31:52+00:00,16.2797947,,,,,121.7390775528371,0.0,0.5622678695910229,0.7826121223887575
2022-09-04 12:31:54+00:00,16.54346463,,,,,146.13433095559077,0.0,0.5621054981121834,0.7963408720521716
2022-09-04 12:31:56+00:00,17.39863036,,,,,146.2888028532002,0.0,0.561942954997902,0.8025687343302579
2022-09-04 12:31:58+00:00,18.48133384,,,,,108.12457432440738,0.0,0.5618228165819861,0.799280617614178
2022-09-04 12:32:00+00:00,18.02898635,,,,,43.168225765015514,0.0,0.5617748518866916,0.6353194518995449
2022-09-04 12:32:02+00:00,17.1143612,,,,,0.0,15.913809412815194,0.5617748518866916,0.40066554932057263
2022-09-04 12:32:04+00:00,16.68718131,,,,,0.0,25.544180862555763,0.5617748518866916,0.6533508725305777
2022-09-04 12:32:06+00:00,15.273251,,,,,0.0,8.784353850612687,0.5617748518866916,0.23771418078012707
2022-09-04 12:32:08+00:00,14.73702155,,,,,38.00349606533473,0.0,0.5617326257799524,0.1533400560120489
2022-09-04 12:32:10+00:00,15.3142549,,,,,38.96585998889307,0.0,0.5616893303799647,0.06782215697451878
2022-09-04 12:32:12+00:00,14.07884972,,,,,-24.348083069733217,0.0,0.5617150791475441,0.6997790594202825
2022-09-04 12:32:14+00:00,13.00872274,,,,,-33.50442558817145,0.0,0.5617505108713897,0.7158779366069523
2022-09-04 12:32:16+00:00,11.23469653,,,,,0.0,8.765940324300374,0.5617505108713897,0.2833553796013431
2022-09-04 12:32:18+00:00,11.20320456,,,,,67.39279129410802,0.0,0.561675629992174,0.6755930104445022
2022-09-04 12:32:20+00:00,12.61742545,,,,,121.85329150136701,0.0,0.5615402374460614,0.7612651644038193
2022-09-04 12:32:22+00:00,13.61308683,,,,,123.57325779240932,0.0,0.561402933826292,0.7659969439145589
2022-09-04 12:32:24+00:00,14.11969319,,,,,101.56415401740325,0.0,0.5612900847662727,0.7530917498180475
2022-09-04 12:32:26+00:00,14.39302776,,,,,96.0424723973081,0.0,0.5611833709080535,0.751726591465676
2022-09-04 12:32:28+00:00,14.78493041,,,,,102.31622987625369,0.0,0.561069686208191,0.7591238435110658
2022-09-04 12:32:30+00:00,15.41245669,,,,,119.16431433181491,0.0,0.560937281414489,0.7741871776474929
2022-09-04 12:32:32+00:00,15.74335011,,,,,144.74655011934973,0.0,0.5607764519143563,0.7906707208446
2022-09-04 12:32:34+00:00,16.73804678,,,,,186.02732735050068,0.0,0.5605697548839669,0.8138970580372418
2022-09-04 12:32:36+00:00,18.07329958,,,,,226.79544406861712,0.0,0.5603177599461129,0.8215859306632056
2022-09-04 12:32:38+00:00,19.38905716,,,,,248.23158529105203,0.0,0.5600419470735672,0.827909725203565
2022-09-04 12:32:40+00:00,20.44659049,,,,,225.54047304257347,0.0,0.5597913465479644,0.8346796347634592
2022-09-04 12:32:42+00:00,21.70088953,,,,,132.683222186358,0.0,0.559643920745535,0.8178495197004396
2022-09-04 12:32:44+00:00,21.32004213,,,,,-54.162867289511794,0.0,0.5597012158801603,0.7959880870880978
2022-09-04 12:32:46+00:00,19.20091148,,,,,-176.21498043622978,0.0,0.5598876199706125,0.8231249327208955
2022-09-04 12:32:48+00:00,14.56847057,,,,,-161.33053633235562,0.0,0.5600582745127968,0.7560916702244823
2022-09-04 12:32:50+00:00,11.17357176,,,,,-100.54087358309214,0.0,0.5601646235466358,0.7161876040518935
2022-09-04 12:32:52+00:00,8.950512651,,,,,-40.73191247220821,0.0,0.560207707865098,0.6634360656793319
2022-09-04 12:32:54+00:00,7.485238286,,,,,0.0,1.7619818867348005,0.560207707865098,0.06862860354825112
2022-09-04 12:32:56+00:00,8.013728829,,,,,92.73638348705241,0.0,0.5601046674390012,0.6335611649897943
2022-09-04 12:32:58+00:00,9.92867585,,,,,193.50333993334598,0.0,0.5598896637279642,0.6860251361486592
2022-09-04 12:33:00+00:00,12.41482156,,,,,289.60770361638413,0.0,0.5595678773906126,0.7258789548001672
2022-09-04 12:33:02+00:00,15.2506791,,,,,391.14657480994566,0.0,0.5591332700852683,0.7412354621563385
2022-09-04 12:33:04+00:00,18.31534601,,,,,491.5932972909098,0.0,0.5585870553105006,0.7639041524552149
2022-09-04 12:33:06+00:00,21.36043901,,,,,528.5396585039547,0.0,0.557999789023274,0.7795329309316165
2022-09-04 12:33:08+00:00,24.55370516,,,,,428.2966957221018,0.0,0.557523903805805,0.8222654018454556
2022-09-04 12:33:10+00:00,25.14824731,,,,,219.0163108636027,0.0,0.5572805523492899,0.8420517019351396
2022-09-04 12:33:12+00:00,24.36968084,,,,,69.12536356181138,0.0,0.5572037463897768,0.7860950980905912
2022-09-04 12:33:14+00:00,23.65738033,,,,,54.129880127765226,0.0,0.5571436020785236,0.6272629557520057
2022-09-04 12:33:16+00:00,22.93120946,,,,,88.77467646368514,0.0,0.5570449635491196,0.7951306225926864
2022-09-04 12:33:18+00:00,22.8481848,,,,,113.98919202401838,0.0,0.5569183088913151,0.8131482300771711
2022-09-04 12:33:20+00:00,23.43180513,,,,,104.13477081989922,0.0,0.5568026035904041,0.8071186798510968
2022-09-04 12:33:22+00:00,22.48656936,,,,,70.38337259709051,0.0,0.556724399843074,0.7810644828889743
2022-09-04 12:33:24+00:00,21.93731709,,,,,83.23629898568129,0.0,0.5566319150664232,0.7887296207664896
2022-09-04 12:33:26+00:00,22.04986183,,,,,133.78631351414637,0.0,0.556483263606963,0.8192955424468951
2022-09-04 12:33:28+00:00,22.32747213,,,,,156.0841227042466,0.0,0.5563098368039583,0.8249148283286543
2022-09-04 12:33:30+00:00,22.64805756,,,,,133.61992693582295,0.0,0.556161370218474,0.8213945808549131
2022-09-04 12:33:32+00:00,22.663409,,,,,85.69072653028317,0.0,0.556066158300107,0.7922855263422053
2022-09-04 12:33:34+00:00,21.95266804,,,,,50.768296634072215,0.0,0.5560097490816247,0.5909999540766311
2022-09-04 12:33:36+00:00,21.26864258,,,,,49.399075137687554,0.0,0.5559548612203606,0.40307478265892804
2022-09-04 12:33:38+00:00,20.75025048,,,,,48.35349090724215,0.0,0.5559011351193526,0.5618960303937934
2022-09-04 12:33:40+00:00,20.30814925,,,,,47.45633650890441,0.0,0.5558484058565649,0.7419028137325597
2022-09-04 12:33:42+00:00,19.90200394,,,,,46.62768961124228,0.0,0.5557965973125524,0.6031998989361804
2022-09-04 12:33:44+00:00,19.6829563,,,,,46.17898878151761,0.0,0.5557452873250174,0.06729146062290246
2022-09-04 12:33:46+00:00,18.70628432,,,,,0.0,11.240580447421225,0.5557452873250174,0.2679209597405338
2022-09-04 12:33:48+00:00,17.54378252,,,,,42.45389863242206,0.0,0.5556981163265369,0.7280517203595033
2022-09-04 12:33:50+00:00,17.48233107,,,,,144.49473194100295,0.0,0.5555375666243803,0.8025032343054015
2022-09-04 12:33:52+00:00,19.20234614,,,,,250.45813932423337,0.0,0.5552592798029089,0.8269701093767905
2022-09-04 12:33:54+00:00,20.59147981,,,,,286.13639922926865,0.0,0.5549413504704319,0.8283210581037409
2022-09-04 12:33:56+00:00,22.0196347,,,,,248.47089870264975,0.0,0.5546652716940956,0.8386435965235746
2022-09-04 12:33:58+00:00,22.65859955,,,,,186.40428774113312,0.0,0.5544581558188277,0.8320983822913166
2022-09-04 12:34:00+00:00,22.52272827,,,,,142.85155176173268,0.0,0.5542994318724258,0.8228137887151507
2022-09-04 12:34:02+00:00,22.4721703,,,,,152.84983169872035,0.0,0.5541295987260939,0.8246926593576642
2022-09-04 12:34:04+00:00,22.88303813,,,,,184.8955792013922,0.0,0.5539241591936479,0.8323538525826946
2022-09-04 12:34:06+00:00,23.41017048,,,,,184.13455413453568,0.0,0.5537195652446095,0.8336021493653701
2022-09-04 12:34:08+00:00,23.77134262,,,,,139.87149705175094,0.0,0.5535641524701076,0.8267288393726967
2022-09-04 12:34:10+00:00,23.42618124,,,,,62.33107945028241,0.0,0.5534948957151629,0.7785697706102394
2022-09-04 12:34:12+00:00,22.77714439,,,,,0.0,3.2365170975041884,0.5534948957151629,0.0650126028097664
2022-09-04 12:34:14+00:00,21.42233007,,,,,0.0,14.435048580247868,0.5534948957151629,0.30568251404552016
2022-09-04 12:34:16+00:00,20.60689888,,,,,48.06313969267849,0.0,0.5534414922266154,0.7389981737423736
2022-09-04 12:34:18+00:00,20.22682956,,,,,125.1345647466071,0.0,0.5533024538213415,0.8111617582626777
2022-09-04 12:34:20+00:00,21.44622573,,,,,179.20422380179986,0.0,0.5531033380171172,0.8277286878854908
2022-09-04 12:34:22+00:00,21.70042143,,,,,181.87394827579146,0.0,0.5529012558523663,0.8288981196523627
2022-09-04 12:34:24+00:00,21.95078037,,,,,161.61694982328376,0.0,0.5527216814636737,0.8250000236352556
2022-09-04 12:34:26+00:00,22.49935992,,,,,140.2733628895657,0.0,0.5525658221715742,0.8222088276780583
2022-09-04 12:34:28+00:00,22.41344603,,,,,99.55105693837982,0.0,0.5524552098860871,0.8017196059736876
2022-09-04 12:34:30+00:00,21.82222108,,,,,83.55242910710582,0.0,0.5523623738537459,0.7886836846266678
2022-09-04 12:34:32+00:00,21.55635533,,,,,112.55001113922279,0.0,0.5522373182858134,0.810184383390401
2022-09-04 12:34:34+00:00,21.87811169,,,,,155.21078719480718,0.0,0.5520648618555969,0.8233863789595341
2022-09-04 12:34:36+00:00,22.25689618,,,,,175.56650371794095,0.0,0.5518697879625769,0.8288316039189692
2022-09-04 12:34:38+00:00,22.65893186,,,,,177.52840310274425,0.0,0.5516725341813516,0.8302865077432195
2022-09-04 12:34:40+00:00,22.94957266,,,,,174.5730607531731,0.0,0.5514785641138481,0.8304874047558635
2022-09-04 12:34:42+00:00,23.20352691,,,,,167.99526940504708,0.0,0.551291902703398,0.8299546196653648
2022-09-04 12:34:44+00:00,23.44005558,,,,,151.22195042188608,0.0,0.5511238783140403,0.827579066336663
2022-09-04 12:34:46+00:00,23.48648171,,,,,147.31130012543386,0.0,0.5509601990916787,0.8270239466984826
2022-09-04 12:34:48+00:00,23.19116469,,,,,165.83959276721492,0.0,0.5507759328774929,0.8295058779951859
2022-09-04 12:34:50+00:00,23.7992628,,,,,190.741007429976,0.0,0.550563998424793,0.8358770528688254
2022-09-04 12:34:52+00:00,24.36623939,,,,,168.87364914210477,0.0,0.5503763610368573,0.833807927370799
2022-09-04 12:34:54+00:00,24.18403359,,,,,87.37862322817355,0.0,0.5502792736777149,0.7974625245919371
2022-09-04 12:34:56+00:00,23.50760155,,,,,53.83738847180106,0.0,0.5502194543571907,0.3453870022147869
2022-09-04 12:34:58+00:00,22.30481037,,,,,51.46859711713454,0.0,0.5501622670270605,0.3333944238286228
2022-09-04 12:35:00+00:00,21.86192014,,,,,68.64618694931686,0.0,0.5500859934860057,0.7780203734000488
2022-09-04 12:35:02+00:00,21.79104455,,,,,114.77349483331282,0.0,0.5499584673806354,0.8122153735453894
2022-09-04 12:35:04+00:00,21.91175509,,,,,140.69708746021925,0.0,0.5498021372834574,0.8203163700676777
2022-09-04 12:35:06+00:00,22.13770985,,,,,161.56867732096867,0.0,0.5496226165308785,0.8255171903554814
2022-09-04 12:35:08+00:00,22.42582492,,,,,158.90595140156245,0.0,0.5494460543626546,0.8258000638385936
2022-09-04 12:35:10+00:00,22.93507678,,,,,135.30608232379535,0.0,0.5492957142711837,0.8227756650217727
2022-09-04 12:35:12+00:00,22.50036148,,,,,121.6737594571216,0.0,0.5491605212051203,0.8184151138115526
2022-09-04 12:35:14+00:00,22.22297379,,,,,154.07170797477727,0.0,0.5489893304184816,0.8241725856650894
2022-09-04 12:35:16+00:00,22.9694998,,,,,202.6261835512114,0.0,0.5487641902145358,0.8360899482085202
2022-09-04 12:35:18+00:00,23.76467447,,,,,222.99562160768158,0.0,0.5485164173016384,0.8416441830883085
2022-09-04 12:35:20+00:00,23.81737525,,,,,198.3577815448672,0.0,0.5482960197665885,0.8372945270497846
2022-09-04 12:35:22+00:00,24.54635826,,,,,176.73260645841123,0.0,0.5480996502038569,0.8356937036047964
2022-09-04 12:35:24+00:00,24.34911832,,,,,143.07237556668275,0.0,0.5479406808976717,0.8294661089978049
2022-09-04 12:35:26+00:00,24.13114454,,,,,121.84029496515556,0.0,0.5478053027921548,0.8209979071585906
2022-09-04 12:35:28+00:00,23.96696276,,,,,122.3201115125499,0.0,0.5476693915571408,0.8210559529669852
2022-09-04 12:35:30+00:00,23.95067138,,,,,107.23065832717428,0.0,0.5475502463812217,0.8103968792622487
2022-09-04 12:35:32+00:00,23.65300565,,,,,85.20213376917577,0.0,0.5474555773437004,0.7945413207438204
2022-09-04 12:35:34+00:00,22.96969504,,,,,80.66643678745487,0.0,0.5473659479694921,0.7895686415997835
2022-09-04 12:35:36+00:00,22.74393809,,,,,100.19772771189699,0.0,0.5472546171609234,0.8028624774347859
2022-09-04 12:35:38+00:00,22.77274413,,,,,143.00114997196266,0.0,0.5470957269942879,0.8237021936303419
2022-09-04 12:35:40+00:00,22.65297707,,,,,190.12341540818935,0.0,0.5468844787549454,0.83284708867942
2022-09-04 12:35:42+00:00,23.61219995,,,,,253.3440729535725,0.0,0.5466029853405525,0.8450170409303632
2022-09-04 12:35:44+00:00,24.44533656,,,,,255.7599822646986,0.0,0.5463188075824806,0.8484553135614616
2022-09-04 12:35:46+00:00,25.45594165,,,,,157.79984543304533,0.0,0.5461434744208884,0.8313335256646789
2022-09-04 12:35:48+00:00,24.81362737,,,,,0.0,21.95319908095844,0.5461434744208884,0.40994849120784005
2022-09-04 12:35:50+00:00,22.91031895,,,,,-120.50631730704536,0.0,0.5462711907030278,0.8338456703490679
2022-09-04 12:35:52+00:00,20.33512386,,,,,-180.45078011585795,0.0,0.5464624345466389,0.8266445800614886
2022-09-04 12:35:54+00:00,17.37598753,,,,,-200.0,1.6183871159090586,0.546674391215245,0.7853715350972952
2022-09-04 12:35:56+00:00,13.26319623,,,,,-157.03184871281226,2.842170943040401e-14,0.5468408060218809,0.72640212452371
2022-09-04 12:35:58+00:00,8.86964274,,,,,-74.40963817551345,0.0,0.5469196599459455,0.63828745384476
2022-09-04 12:36:00+00:00,6.719601816,,,,,-25.4667020419709,0.0,0.5469466474075311,0.5938627937182104
2022-09-04 12:36:02+00:00,6.204574378,,,,,0.0,0.4498889375262238,0.5469466474075311,0.01933255302740804
2022-09-04 12:36:04+00:00,6.487433472,,,,,48.35641790353453,0.0,0.546892918054305,0.5430884428965589
2022-09-04 12:36:06+00:00,7.221509128,,,,,76.68669722979914,0.0,0.5468077106129385,0.5998834110304319
2022-09-04 12:36:08+00:00,8.230085103,,,,,99.96368585523356,0.0,0.5466966398508771,0.6458661953714611
2022-09-04 12:36:10+00:00,9.417286557,,,,,120.70655674185824,0.0,0.5465625214544972,0.6922642846860898
2022-09-04 12:36:12+00:00,10.72723089,,,,,142.54261162519606,0.0,0.5464041407749137,0.7266148199316804
2022-09-04 12:36:14+00:00,12.12492034,,,,,177.50169778428184,0.0,0.5462069166662645,0.7603677276838023
2022-09-04 12:36:16+00:00,13.58702081,,,,,213.49362918681123,0.0,0.5459697015227236,0.775481965874265
2022-09-04 12:36:18+00:00,15.99475685,,,,,222.26820066706162,0.0,0.5457227368553158,0.8011328413379104
2022-09-04 12:36:20+00:00,17.17583237,,,,,196.56116286520233,0.0,0.5455043355632434,0.8166048433910453
2022-09-04 12:36:22+00:00,17.24783128,,,,,190.87466246451893,0.0,0.5452922526049495,0.8180084409548781
2022-09-04 12:36:24+00:00,18.86319663,,,,,231.80212114381644,0.0,0.5450346946925675,0.8275537343560823
2022-09-04 12:36:26+00:00,20.50556792,,,,,226.6777122267852,0.0,0.544782830567871,0.8347998102622944
2022-09-04 12:36:28+00:00,20.92662205,,,,,149.7418486702141,0.0,0.5446164507360153,0.8194196213896231
2022-09-04 12:36:30+00:00,20.749556,,,,,94.13147094312477,0.0,0.5445118602127451,0.7945179615995346
2022-09-04 12:36:32+00:00,20.45226842,,,,,69.90106911080318,0.0,0.5444341923581776,0.7751060556385589
2022-09-04 12:36:34+00:00,20.43494811,,,,,47.714164527312505,0.0,0.5443811766198139,0.7519526058844295
2022-09-04 12:36:36+00:00,19.75169136,,,,,46.31992189584183,0.0,0.5443297100399296,0.324450716608227
2022-09-04 12:36:38+00:00,19.00539355,,,,,44.783077568578506,0.0,0.5442799510648534,0.2509511907036625
2022-09-04 12:36:40+00:00,18.55154763,,,,,43.920899726031514,0.0,0.5442311500651578,0.6245021437328548
2022-09-04 12:36:42+00:00,18.31590391,,,,,57.18489751163804,0.0,0.5441676112901448,0.7555941179637305
2022-09-04 12:36:44+00:00,18.1891696,,,,,68.44480626755573,0.0,0.544091561505403,0.7636309600370441
2022-09-04 12:36:46+00:00,18.11997388,,,,,80.58557256185419,0.0,0.5440020219803343,0.773667073723332
2022-09-04 12:36:48+00:00,18.08334439,,,,,78.41566048358827,0.0,0.5439148934686859,0.7712723929767208
2022-09-04 12:36:50+00:00,18.38390116,,,,,43.68127654229809,0.0,0.5438663587169723,0.5164918067342563
2022-09-04 12:36:52+00:00,17.79285349,,,,,0.0,28.94263267172626,0.5438663587169723,0.7114471551836083
2022-09-04 12:36:54+00:00,15.92980947,,,,,-23.97268148217414,0.0,0.5438917737854799,0.7181332951647511
2022-09-04 12:36:56+00:00,15.04118388,,,,,0.0,1.107105169678079,0.5438917737854799,0.030258595325087928
2022-09-04 12:36:58+00:00,15.40399394,,,,,79.16448013353141,0.0,0.5438038132519982,0.7442658850244674
2022-09-04 12:37:00+00:00,15.1826801,,,,,142.36542011665213,0.0,0.5436456294518686,0.7862922545026154
2022-09-04 12:37:02+00:00,16.77167919,,,,,202.15650725529613,0.0,0.5434210111104738,0.8119833776577813
2022-09-04 12:37:04+00:00,18.51441163,,,,,232.76959255626835,0.0,0.5431623782298557,0.8252116751738409
2022-09-04 12:37:06+00:00,19.16803782,,,,,233.18225630692325,0.0,0.5429032868339592,0.8286057640611841
2022-09-04 12:37:08+00:00,20.10263486,,,,,254.76104504055047,0.0,0.5426202190061363,0.8299763912139849
2022-09-04 12:37:10+00:00,22.0185123,,,,,274.8795745369535,0.0,0.5423147972566508,0.8352907889201842
2022-09-04 12:37:12+00:00,22.72458445,,,,,202.8500659860066,0.0,0.5420894082944441,0.8356143640189913
2022-09-04 12:37:14+00:00,22.97025859,,,,,99.23034384661973,0.0,0.5419791523568367,0.8026432009213179
2022-09-04 12:37:16+00:00,22.17408279,,,,,51.20898281341951,0.0,0.541922253487044,0.531502000947706
2022-09-04 12:37:18+00:00,21.22810941,,,,,49.31756773343688,0.0,0.5418674561895624,0.4706943279482394
2022-09-04 12:37:20+00:00,20.95919103,,,,,51.20726479202938,0.0,0.5418105592286824,0.7627641713137493
2022-09-04 12:37:22+00:00,20.80803941,,,,,48.47039012683031,0.0,0.5417567032396525,0.4225191745958489
2022-09-04 12:37:24+00:00,20.12026741,,,,,0.0,26.97851895282355,0.5417567032396525,0.6032782214916184
2022-09-04 12:37:26+00:00,18.69045948,,,,,-36.36020008871103,0.0,0.5417952625224013,0.7694785977609858
2022-09-04 12:37:28+00:00,17.31415201,,,,,-20.85833203487052,0.0,0.5418173822573921,0.7293867765087111
2022-09-04 12:37:30+00:00,16.72888945,,,,,41.21933209790501,0.0,0.5417715829995055,0.23302119608913652
2022-09-04 12:37:32+00:00,16.57126242,,,,,58.960733106160355,0.0,0.541706071073832,0.7342153488216208
2022-09-04 12:37:34+00:00,16.63927282,,,,,82.23729250563646,0.0,0.5416146963043812,0.7595312936385765
2022-09-04 12:37:36+00:00,16.83480532,,,,,96.12142362560995,0.0,0.541507894722575,0.7764304282468801
2022-09-04 12:37:38+00:00,17.10786901,,,,,113.48027523483599,0.0,0.5413818055278696,0.7865897568479544
2022-09-04 12:37:40+00:00,17.43135789,,,,,150.74793499044537,0.0,0.5412143078223247,0.8046161016223947
2022-09-04 12:37:42+00:00,18.15237546,,,,,191.9980004947858,0.0,0.5410009767106638,0.8248641658984384
2022-09-04 12:37:44+00:00,19.69575616,,,,,216.70035250757033,0.0,0.5407601985412109,0.8324884461486531
2022-09-04 12:37:46+00:00,20.47529332,,,,,189.66171249458876,0.0,0.5405494633051058,0.8285689522874933
2022-09-04 12:37:48+00:00,20.81709851,,,,,145.26654189789892,0.0,0.5403880560363303,0.8180186551055522
2022-09-04 12:37:50+00:00,20.93549942,,,,,119.20672914974672,0.0,0.5402556041150528,0.8120775543085655
2022-09-04 12:37:52+00:00,20.93251613,,,,,104.67129535962337,0.0,0.5401393026757644,0.8031486766565075
2022-09-04 12:37:54+00:00,20.85866902,,,,,95.45828314985485,0.0,0.540033237916709,0.7957460012240816
2022-09-04 12:37:56+00:00,20.74037612,,,,,88.89825485137843,0.0,0.5399344620779852,0.7903982066641645
2022-09-04 12:37:58+00:00,20.59241411,,,,,83.83392524819227,0.0,0.5398413132721539,0.7861598574587982
2022-09-04 12:38:00+00:00,20.42367433,,,,,79.6740920436246,0.0,0.5397527865032166,0.7825666714464713
2022-09-04 12:38:02+00:00,20.23988775,,,,,76.10340449485494,0.0,0.5396682271648889,0.7793784847426133
2022-09-04 12:38:04+00:00,20.0449637,,,,,76.27457191733765,0.0,0.5395834776405364,0.7790791420921969
2022-09-04 12:38:06+00:00,19.84168264,,,,,84.81594923798853,0.0,0.5394892376969386,0.7854997829378381
2022-09-04 12:38:08+00:00,19.78145385,,,,,95.94979678811659,0.0,0.5393826268116184,0.7945492344510144
2022-09-04 12:38:10+00:00,19.93963634,,,,,96.99499340474938,0.0,0.5392748545967242,0.795617962335502
2022-09-04 12:38:12+00:00,19.9323951,,,,,89.43448213788074,0.0,0.5391754829499044,0.789404828610752
2022-09-04 12:38:14+00:00,19.65162962,,,,,90.79422235919174,0.0,0.5390746004806164,0.790091775326166
2022-09-04 12:38:16+00:00,19.67956668,,,,,115.74513426515183,0.0,0.5389459947758773,0.8068940773611124
2022-09-04 12:38:18+00:00,19.99330654,,,,,149.73718524240726,0.0,0.538779620125608,0.8170162174302998
2022-09-04 12:38:20+00:00,20.56118999,,,,,175.02030329118548,0.0,0.5385851531219511,0.8249030581755443
2022-09-04 12:38:22+00:00,21.13281083,,,,,189.85432935862093,0.0,0.5383742038671082,0.8296606538376626
2022-09-04 12:38:24+00:00,21.71902201,,,,,200.15109266286544,0.0,0.5381518137641494,0.8331124034511412
2022-09-04 12:38:26+00:00,22.31920492,,,,,211.1044432896535,0.0,0.5379172532716053,0.8365798408225937
2022-09-04 12:38:28+00:00,22.93132982,,,,,222.3697491239584,0.0,0.5376701757725787,0.8399730111881296
2022-09-04 12:38:30+00:00,23.55315109,,,,,218.47437519813067,0.0,0.537427426466803,0.8403786470769674
2022-09-04 12:38:32+00:00,24.18264205,,,,,172.223595977917,0.0,0.5372360669157163,0.833773051506548
2022-09-04 12:38:34+00:00,24.19602786,,,,,89.94764677810933,0.0,0.5371361250859629,0.7992092969894811
2022-09-04 12:38:36+00:00,23.22020413,,,,,0.0,9.25988356032673,0.5371361250859629,0.18296227927813247
2022-09-04 12:38:38+00:00,22.25504308,,,,,-54.33242565609202,0.0,0.5371937807554397,0.7977562222285682
2022-09-04 12:38:40+00:00,20.52882816,,,,,-77.34605897445746,0.0,0.5372758570268851,0.8132546177471266
2022-09-04 12:38:42+00:00,18.39341108,,,,,-62.38404190953617,0.0,0.5373420554984587,0.7983928171305006
2022-09-04 12:38:44+00:00,17.2090507,,,,,-21.69125130270092,0.0,0.5373650728337875,0.7294465918954726
2022-09-04 12:38:46+00:00,16.71546487,,,,,46.90441409664738,0.0,0.5373129568181246,0.7240849512298325
2022-09-04 12:38:48+00:00,16.6295991,,,,,128.9996521237591,0.0,0.5371696238713205,0.7889772409297471
2022-09-04 12:38:50+00:00,17.74804766,,,,,199.35344518679324,0.0,0.5369481200433351,0.8216059533040311
2022-09-04 12:38:52+00:00,19.3638434,,,,,226.06559324865728,0.0,0.5366969360508367,0.8301234550067766
2022-09-04 12:38:54+00:00,20.25159984,,,,,175.52780320239222,0.0,0.5365019051583896,0.8244731934256062
2022-09-04 12:38:56+00:00,20.49298573,,,,,101.92811361663728,0.0,0.5363886516988156,0.8003675382129084
2022-09-04 12:38:58+00:00,20.01583939,,,,,61.55185765041972,0.0,0.5363202607458707,0.7675680211617433
2022-09-04 12:39:00+00:00,19.52988342,,,,,103.00849123343822,0.0,0.5362058068667225,0.8002411092448211
2022-09-04 12:39:02+00:00,19.532924,,,,,218.9871713528155,0.0,0.5359624877874416,0.8315630038855254
2022-09-04 12:39:04+00:00,21.42153625,,,,,346.59359327530217,0.0,0.5355773837949135,0.824074698887418
2022-09-04 12:39:06+00:00,24.05114673,,,,,370.61066961278397,0.0,0.5351655941620104,0.8306740472548737
2022-09-04 12:39:08+00:00,24.7310484,,,,,236.55292174774385,0.0,0.5349027575822907,0.8459741123180926
2022-09-04 12:39:10+00:00,24.57091316,,,,,145.93113710467,0.0,0.5347406118743966,0.8307787768001882
2022-09-04 12:39:12+00:00,23.96855081,,,,,160.46451560851736,0.0,0.5345623179681649,0.8310416781975755
2022-09-04 12:39:14+00:00,24.54031959,,,,,194.7414239629644,0.0,0.534345938608206,0.8386328190625013
2022-09-04 12:39:16+00:00,25.36008818,,,,,168.8960135875464,0.0,0.5341582763708865,0.8333930328733945
2022-09-04 12:39:18+00:00,24.76518198,,,,,83.3874828286662,0.0,0.534065623612188,0.7965119140992285
2022-09-04 12:39:20+00:00,23.86915722,,,,,0.0,12.84093633887942,0.534065623612188,0.24782090651315394
2022-09-04 12:39:22+00:00,23.27390089,,,,,-34.494131596347685,-7.105427357601002e-15,0.5341022432689865,0.7785463685369617
2022-09-04 12:39:24+00:00,20.89495505,,,,,0.0,19.59033532812116,0.5341022432689865,0.42390711363087435
2022-09-04 12:39:26+00:00,20.31247412,,,,,64.8530006813594,0.0,0.5340301843793405,0.7708969006561075
2022-09-04 12:39:28+00:00,21.31181124,,,,,144.54175116784265,0.0,0.5338695824335984,0.8192906500889986
2022-09-04 12:39:30+00:00,21.20375261,,,,,119.83626193128146,0.0,0.5337364310314525,0.8131867039697025
2022-09-04 12:39:32+00:00,21.39837946,,,,,102.42991995158522,0.0,0.5336226200092841,0.8020677355483645
2022-09-04 12:39:34+00:00,20.61895307,,,,,116.30613925281631,0.0,0.5334933909656698,0.8102492717068052
2022-09-04 12:39:36+00:00,21.42138875,,,,,128.0975627519639,0.0,0.5333510603403899,0.8158569723567117
2022-09-04 12:39:38+00:00,21.70987353,,,,,103.47989736866516,0.0,0.533236082676647,0.8033801530396973
2022-09-04 12:39:40+00:00,20.94248204,,,,,67.55833711387895,0.0,0.5331610178576316,0.7746415990414011
2022-09-04 12:39:42+00:00,20.52212634,,,,,67.84970311355613,0.0,0.5330856292986166,0.7737291019147279
2022-09-04 12:39:44+00:00,20.82260135,,,,,57.6188313742321,0.0,0.5330216083748675,0.7669757404804547
2022-09-04 12:39:46+00:00,20.2232576,,,,,0.0,29.803631756249075,0.5330216083748675,0.6634925835783517
2022-09-04 12:39:48+00:00,19.08361924,,,,,-84.33153187584828,0.0,0.5331111494514137,0.8125731809041511
2022-09-04 12:39:50+00:00,16.32044605,,,,,-95.97338760831684,0.0,0.5332130502812803,0.8040879628174297
2022-09-04 12:39:52+00:00,14.27613112,,,,,-74.05941666928312,0.0,0.5332916825865972,0.7777515907742273
2022-09-04 12:39:54+00:00,13.00280202,,,,,-70.33415850148995,0.0,0.5333663587938166,0.7705156190757273
2022-09-04 12:39:56+00:00,11.55714533,,,,,-83.7553250791779,0.0,0.5334552837909043,0.7455794685660906
2022-09-04 12:39:58+00:00,8.010550516,,,,,-58.23981473583077,0.0,0.5335171176037292,0.6342931733422664
2022-09-04 12:40:00+00:00,5.262328516,,,,,-25.2327439570011,-7.105427357601002e-15,0.5335439072374543,0.5005668121835259
2022-09-04 12:40:02+00:00,3.681095616,,,,,0.0,21.977589447744304,0.5335439072374543,0.3376860781718437
2022-09-04 12:40:04+00:00,2.755790374,,,,,0.0,8.703223268618771,0.5335439072374543,0.22513095364447733
2022-09-04 12:40:06+00:00,2.132644357,,,,,0.0,3.573674341804468,0.5335439072374543,0.15356734285469129
2022-09-04 12:40:08+00:00,1.646923965,,,,,0.0,1.3582848489567139,0.5335439072374543,0.05836799191633815
2022-09-04 12:40:10+00:00,1.323200884,,,,,0.0,0.31608929336941327,0.5335439072374543,0.013582936844504923
2022-09-04 12:40:12+00:00,1.073222082,,,,,24.495849150797607,0.0,0.5335166896272867,0.014989556112656777
2022-09-04 12:40:14+00:00,0.883396559,,,,,24.495849150797614,0.0,0.5334894720171192,0.02943069605336027
2022-09-04 12:40:16+00:00,0.905590058,,,,,24.495849150797614,0.0,0.5334622544069516,0.03758059500893617
2022-09-04 12:40:18+00:00,0.82144539,,,,,24.495849150797614,0.0,0.5334350367967841,0.0315072807120823
2022-09-04 12:40:20+00:00,0.680905878,,,,,24.49584915079761,0.0,0.5334078191866165,0.02367651749550169
2022-09-04 12:40:22+00:00,0.572069619,,,,,24.49584915079761,0.0,0.533380601576449,0.02569602265734618
2022-09-04 12:40:24+00:00,0.52603641,,,,,24.495849150797614,0.0,0.5333533839662814,0.029807158409296285
2022-09-04 12:40:26+00:00,0.615336341,,,,,24.495849150797607,0.0,0.5333261663561139,0.037715052609450204
2022-09-04 12:40:28+00:00,0.586163704,,,,,24.49584915079761,0.0,0.5332989487459463,0.034164861040727974
2022-09-04 12:40:30+00:00,0.581601005,,,,,24.495849150797614,0.0,0.5332717311357787,0.03164019987963343
2022-09-04 12:40:32+00:00,0.550537872,,,,,24.495849150797618,0.0,0.5332445135256112,0.033856697885909684
2022-09-04 12:40:34+00:00,0.539543576,,,,,24.49584915079761,0.0,0.5332172959154436,0.03544379538442615
2022-09-04 12:40:36+00:00,0.703799392,,,,,24.495849150797614,0.0,0.5331900783052761,0.041436775458356355
2022-09-04 12:40:38+00:00,0.614405617,,,,,24.495849150797603,0.0,0.5331628606951085,0.028759079755487433
2022-09-04 12:40:40+00:00,0.480965337,,,,,24.495849150797607,0.0,0.533135643084941,0.02210840045874352
2022-09-04 12:40:42+00:00,0.450818297,,,,,24.49584915079761,0.0,0.5331084254747734,0.0281228593106187
2022-09-04 12:40:44+00:00,0.534661713,,,,,24.69857690088997,0.0,0.5330809826115502,0.038711405517268
2022-09-04 12:40:46+00:00,0.660230604,,,,,24.495849150797614,0.0,0.5330537650013827,0.04686600248713321
2022-09-04 12:40:48+00:00,0.650074714,,,,,24.64879324656923,0.0,0.5330263774533309,0.04705106227777047
2022-09-04 12:40:50+00:00,0.659796662,,,,,26.15867074573384,0.0,0.5329973122636135,0.04827274712188268
2022-09-04 12:40:52+00:00,0.908152134,,,,,26.87749250599588,0.0,0.5329674483830512,0.06678811446857053
2022-09-04 12:40:54+00:00,0.914616327,,,,,25.62690253936866,0.0,0.5329389740468964,0.06666145550399831
2022-09-04 12:40:56+00:00,0.972594273,,,,,24.81171974974654,0.0,0.5329114054693966,0.07047597058130725
2022-09-04 12:40:58+00:00,1.055665046,,,,,26.27533605514855,0.0,0.5328822106515576,0.07730048403393278
2022-09-04 12:41:00+00:00,1.151570899,,,,,27.022355154317438,0.0,0.5328521858124973,0.08477852185553686
2022-09-04 12:41:02+00:00,1.254469558,,,,,27.43607989873392,0.0,0.5328217012792764,0.09263096611573544
2022-09-04 12:41:04+00:00,1.361462504,,,,,27.687117770491746,0.0,0.532790937815087,0.10071473495598578
2022-09-04 12:41:06+00:00,1.471030328,,,,,27.854198479459807,0.0,0.5327599887056654,0.1089522964180559
2022-09-04 12:41:08+00:00,1.582320735,,,,,27.97511989803334,0.0,0.5327289052391121,0.1172982141423178
2022-09-04 12:41:10+00:00,1.694819416,,,,,28.068962120383105,0.0,0.5326977175034228,0.12572368173598544
2022-09-04 12:41:12+00:00,1.808194034,,,,,28.14598189039458,0.0,0.5326664441902113,0.13420924121411498
2022-09-04 12:41:14+00:00,1.922217449,,,,,28.21210411048164,0.0,0.5326350974078663,0.14274117165034733
2022-09-04 12:41:16+00:00,2.036727891,,,,,28.27100843036547,0.0,0.532603685176277,0.15130954930710902
2022-09-04 12:41:18+00:00,2.151606898,,,,,28.32513027383227,0.0,0.5325722128093061,0.15990710535675928
2022-09-04 12:41:20+00:00,2.26676617,,,,,28.37616331544098,0.0,0.5325406837389556,0.16852849288037522
2022-09-04 12:41:22+00:00,2.382139168,,,,,28.425327161165377,0.0,0.5325091000421098,0.1771697844149268
2022-09-04 12:41:24+00:00,2.49767542,,,,,28.473520265408194,0.0,0.5324774627973705,0.18582811206163383
2022-09-04 12:41:26+00:00,2.613336497,,,,,28.52141391235693,0.0,0.5324457723374679,0.19450140366119528
2022-09-04 12:41:28+00:00,2.729093067,,,,,28.56951383923246,0.0,0.5324140284332021,0.20318818541821446
2022-09-04 12:41:30+00:00,2.844922716,,,,,28.618202865079436,0.0,0.5323822304300186,0.21188743476511038
2022-09-04 12:41:32+00:00,2.9608083,,,,,28.667771409768463,0.0,0.5323503773506745,0.220598468910989
2022-09-04 12:41:34+00:00,3.076736705,,,,,28.718439918801785,0.0,0.5323184679729869,0.22932086147486877
2022-09-04 12:41:36+00:00,3.19269789,,,,,28.770375634176695,0.0,0.5322865008889489,0.2380543786705605
2022-09-04 12:41:38+00:00,3.308684172,,,,,28.82370522793546,0.0,0.5322544745498068,0.24679893229288957
2022-09-04 12:41:40+00:00,3.424689668,,,,,28.878524417921856,0.0,0.5322223873004536,0.25555454347616063
2022-09-04 12:41:42+00:00,3.540709874,,,,,28.934905205014996,0.0,0.5321902374057813,0.2643213156613997
2022-09-04 12:41:44+00:00,3.656741343,,,,,28.99290148927868,0.0,0.5321580230707932,0.27309941441778535
2022-09-04 12:41:46+00:00,3.772781434,,,,,29.05255326383261,0.0,0.5321257424560556,0.2818890517335694
2022-09-04 12:41:48+00:00,3.888828128,,,,,29.113889870659037,0.0,0.5320933936895327,0.2906904748865502
2022-09-04 12:41:50+00:00,4.004879876,,,,,29.176932474731345,0.0,0.5320609748756718,0.2995039572136956
2022-09-04 12:41:52+00:00,4.120935494,,,,,29.241695987115126,0.0,0.5320284841023528,0.30832979207891714
2022-09-04 12:41:54+00:00,4.236994074,,,,,29.308190477965443,0.0,0.5319959194462662,0.31716828757597576
2022-09-04 12:41:56+00:00,4.353054924,,,,,29.376422295870192,0.0,0.5319632789770486,0.3260197632309752
2022-09-04 12:41:58+00:00,4.469117509,,,,,29.446394911668904,0.0,0.5319305607604802,0.33488454652514044
2022-09-04 12:42:00+00:00,4.585181425,,,,,29.518109559264882,0.0,0.5318977628609699,0.34376297169490544
2022-09-04 12:42:02+00:00,4.701246359,,,,,29.5915657499379,0.0,0.5318648833434699,0.3526553773985542
2022-09-04 12:42:04+00:00,4.817312072,,,,,29.666761622421372,0.0,0.5318319202750006,0.3615621058642109
2022-09-04 12:42:06+00:00,4.933378382,,,,,29.74369426933841,0.0,0.5317988717258124,0.37048350210664754
2022-09-04 12:42:08+00:00,5.049445149,,,,,29.822359939845054,0.0,0.5317657357703237,0.3794199130726039
2022-09-04 12:42:10+00:00,5.165512265,,,,,29.902754192621366,0.0,0.5317325104878875,0.3883716870956375
2022-09-04 12:42:12+00:00,5.28157965,,,,,29.984872061545822,0.0,0.5316991939633746,0.39733917389717144
2022-09-04 12:42:14+00:00,5.397647239,,,,,30.06870812242321,0.0,0.5316657842876831,0.4063227236777062
2022-09-04 12:42:16+00:00,5.513714986,,,,,30.15425657083153,0.0,0.53163227955816,0.4153226875450025
2022-09-04 12:42:18+00:00,5.629782853,,,,,30.241511328879003,0.0,0.5315986778789057,0.4243394169342664
2022-09-04 12:42:20+00:00,5.745850811,,,,,30.33046602852159,0.0,0.5315649773610962,0.4333732635769409
2022-09-04 12:42:22+00:00,5.861918841,,,,,30.421114085760127,0.0,0.5315311761232231,0.44242457975987776
2022-09-04 12:42:24+00:00,5.977986924,,,,,30.51344870530043,0.0,0.5314972722913283,0.4514937175510533
2022-09-04 12:42:26+00:00,6.094055048,,,,,30.607462928305576,0.0,0.5314632639991858,0.46058102945539847
2022-09-04 12:42:28+00:00,6.210123204,,,,,30.70314962121369,0.0,0.5314291493884955,0.46968686805444254
2022-09-04 12:42:30+00:00,6.326191385,,,,,31.095946222506385,0.0,0.5313945983371372,0.4742623639534625
2022-09-04 12:42:32+00:00,6.442259583,,,,,31.528737620619196,0.0,0.5313595664064477,0.4782172909360168
2022-09-04 12:42:34+00:00,6.558327796,,,,,31.960990928581726,0.0,0.5313240541943048,0.4821745415123336
2022-09-04 12:42:36+00:00,6.67439602,,,,,32.39284016767534,0.0,0.5312880621496741,0.4861340098437172
2022-09-04 12:42:38+00:00,6.790464253,,,,,32.8244154133455,0.0,0.5312515905769926,0.49009559012217463
2022-09-04 12:42:40+00:00,6.906532491,,,,,33.255842952728855,0.0,0.5312146396403784,0.49405917650273196
2022-09-04 12:42:42+00:00,7.022600735,,,,,33.68724543467659,0.0,0.5311772093676732,0.49802466327415634
2022-09-04 12:42:44+00:00,7.138668982,,,,,34.11874197470738,0.0,0.531139299654368,0.5019919445526554
2022-09-04 12:42:46+00:00,7.254737232,,,,,34.55044831363348,0.0,0.5311009102673528,0.5059609145219802
2022-09-04 12:42:48+00:00,7.370805484,,,,,34.98247695213836,0.0,0.5310620408485172,0.509931467363963
2022-09-04 12:42:50+00:00,7.486873738,,,,,35.41493724726107,0.0,0.5310226909182424,0.513903497227229
2022-09-04 12:42:52+00:00,7.602941993,,,,,35.8479355553937,0.0,0.5309828598787364,0.517876898258858
2022-09-04 12:42:54+00:00,7.719010249,,,,,36.28157534132296,0.0,0.5309425470172461,0.5218515646393427
2022-09-04 12:42:56+00:00,7.835078506,,,,,36.71595727088415,0.0,0.5309017515091673,0.5258273905160733
2022-09-04 12:42:58+00:00,7.951146764,,,,,37.15117931407467,0.0,0.5308604724210405,0.529804270004319
2022-09-04 12:43:00+00:00,8.067215022,,,,,37.58733687572913,0.0,0.5308187087134008,0.5337820972496923
2022-09-04 12:43:02+00:00,8.18328328,,,,,38.024522863824565,0.0,0.5307764592435521,0.5377607663995472
2022-09-04 12:43:04+00:00,8.299351539,,,,,38.462827804812285,0.0,0.5307337227682134,0.5417401716670537
2022-09-04 12:43:06+00:00,8.415419797,,,,,38.902339892924104,0.0,0.5306904979461101,0.5457202071304069
2022-09-04 12:43:08+00:00,8.531488056,,,,,39.34314511307177,0.0,0.5306467833404289,0.5497007670049516
2022-09-04 12:43:10+00:00,8.647556315,,,,,39.78532729580729,0.0,0.5306025774212113,0.5536817454031631
2022-09-04 12:43:12+00:00,8.763624574,,,,,40.22896821076501,0.0,0.5305578785676438,0.5576630364718043
2022-09-04 12:43:14+00:00,8.879692833,,,,,40.67414763819182,0.0,0.530512685070268,0.5616445343576382
2022-09-04 12:43:16+00:00,8.995761093,,,,,41.12094343265933,0.0,0.5304669951331207,0.5656261332113793
2022-09-04 12:43:18+00:00,9.111829352,,,,,41.569431614967876,0.0,0.5304208068757708,0.5696077271419266
2022-09-04 12:43:20+00:00,9.227897611,,,,,42.01968642492942,0.0,0.5303741183352986,0.573589210330347
2022-09-04 12:43:22+00:00,9.343965871,,,,,42.4717803868959,0.0,0.530326927468202,0.5775704769577035
2022-09-04 12:43:24+00:00,9.46003413,,,,,42.925784360214564,0.0,0.5302792321522461,0.5815514211021557
2022-09-04 12:43:26+00:00,9.576102389,,,,,43.38176762251885,0.0,0.5302310301882212,0.5855319369447693
2022-09-04 12:43:28+00:00,9.692170649,,,,,43.83979791585176,0.0,0.5301823193016479,0.5895119186665947
2022-09-04 12:43:30+00:00,9.808238908,,,,,44.29994153003855,0.0,0.5301330971443924,0.5934912604327566
2022-09-04 12:43:32+00:00,9.924307167,,,,,44.76226327485075,0.0,0.5300833612963092,0.5974698563649767
2022-09-04 12:43:34+00:00,10.04037543,,,,,45.22682658341303,0.0,0.530033109266772,0.6014476006607311
2022-09-04 12:43:36+00:00,10.15644369,,,,,45.69369339777016,0.0,0.52998233849633,0.6054243868873337
2022-09-04 12:43:38+00:00,10.27251195,,,,,46.162924758082475,0.0,0.5299310463577099,0.6094001096691595
2022-09-04 12:43:40+00:00,10.3885802,,,,,46.6345804394429,0.0,0.5298792301572217,0.6133746632031888
2022-09-04 12:43:42+00:00,10.50464846,,,,,47.10871892484204,0.0,0.5298268871361941,0.6173479422299966
2022-09-04 12:43:44+00:00,10.62071672,,,,,47.585397335643506,0.0,0.5297740144724878,0.6213198402718905
2022-09-04 12:43:46+00:00,10.73678498,,,,,48.06467173004262,0.0,0.5297206092816766,0.6252902512015021
2022-09-04 12:43:48+00:00,10.85285324,,,,,48.546597381975,0.0,0.5296666686179189,0.6292590694436404
2022-09-04 12:43:50+00:00,10.9689215,,,,,49.031228407038846,0.0,0.5296121894752444,0.6332261891450656
2022-09-04 12:43:52+00:00,11.08498976,,,,,49.51861793728627,0.0,0.5295571687886473,0.6371915044525379
2022-09-04 12:43:54+00:00,11.20105802,,,,,50.00881815761263,0.0,0.5295016034351389,0.6411549095128181
2022-09-04 12:43:56+00:00,11.31712628,,,,,50.50188034093648,0.0,0.5294454902347601,0.6451162984726659
2022-09-04 12:43:58+00:00,11.43319454,,,,,50.997854882219016,0.0,0.5293888259515576,0.6490755654788418
2022-09-04 12:44:00+00:00,11.5492628,,,,,51.49679133136896,0.0,0.5293316072945227,0.6530326046781064
2022-09-04 12:44:02+00:00,11.66533106,,,,,51.99873842507747,0.0,0.5292738309184948,0.6569873102172201
2022-09-04 12:44:04+00:00,11.78139932,,,,,52.50374411762572,0.0,0.5292154934250307,0.6609395762429429
2022-09-04 12:44:06+00:00,11.89746758,,,,,53.01185561070531,0.0,0.529156591363241,0.664889296902035
2022-09-04 12:44:08+00:00,12.01353584,,,,,53.52311923533804,0.0,0.5290971212307573,0.6688363660886869
2022-09-04 12:44:10+00:00,12.1296041,,,,,54.037580919278504,0.0,0.5290370794741803,0.672780678206149
2022-09-04 12:44:12+00:00,12.24567235,,,,,54.55528587971173,0.0,0.5289764624898695,0.6767221273103776
2022-09-04 12:44:14+00:00,12.36174061,,,,,55.07627867907198,0.0,0.5289152666246706,0.6806606082214215
2022-09-04 12:44:16+00:00,12.47780887,,,,,55.637344055304524,0.0,0.528853447353498,0.684143929756734
2022-09-04 12:44:18+00:00,12.59387713,,,,,56.310310225046734,0.0,0.5287908803421368,0.686302752790055
2022-09-04 12:44:20+00:00,12.70994539,,,,,56.98831033071529,0.0,0.5287275599973249,0.6884608565758117
2022-09-04 12:44:22+00:00,12.82601365,,,,,57.67138966968851,0.0,0.5286634806754696,0.6906181705451775
2022-09-04 12:44:24+00:00,12.94208191,,,,,58.35959328705744,0.0,0.5285986366829285,0.692774624129326
2022-09-04 12:44:26+00:00,13.05815017,,,,,59.05296598525717,0.0,0.5285330222762782,0.6949301467594307
2022-09-04 12:44:28+00:00,13.17421843,,,,,59.75155233360584,0.0,0.5284666316625741,0.6970846678666651
2022-09-04 12:44:30+00:00,13.29028669,,,,,60.45539667775273,0.0,0.5283994589995988,0.6992381168822029
2022-09-04 12:44:32+00:00,13.40635495,,,,,61.16454314903699,0.0,0.5283314983960999,0.7013904232372176
2022-09-04 12:44:34+00:00,13.52242321,,,,,61.879035673758075,0.0,0.528262743912018,0.7035415163628826
2022-09-04 12:44:36+00:00,13.63849147,,,,,62.59891798235987,0.0,0.5281931895587043,0.7056913256903721
2022-09-04 12:44:38+00:00,13.75455973,,,,,63.32423361852941,0.0,0.5281228292991281,0.7078397806508586
2022-09-04 12:44:40+00:00,13.87062799,,,,,64.05502594821208,0.0,0.5280516570480746,0.7099868106755164
2022-09-04 12:44:42+00:00,13.98669625,,,,,64.79133800649265,0.0,0.5279796666725117,0.7121323449676077
2022-09-04 12:44:44+00:00,14.10276451,,,,,65.53321299078522,0.0,0.5279068519914109,0.7142763131888303
2022-09-04 12:44:46+00:00,14.21883276,,,,,66.28069388632224,0.0,0.5278332067759816,0.7164186448111531
2022-09-04 12:44:48+00:00,14.33490102,,,,,67.03382356812466,0.0,0.5277587247497948,0.7185592696309853
2022-09-04 12:44:50+00:00,14.45096928,,,,,67.79264441870193,0.0,0.5276833995893295,0.7206981166682491
2022-09-04 12:44:52+00:00,14.56703754,,,,,68.55719875580212,0.0,0.5276072249240453,0.7228351151327401
2022-09-04 12:44:54+00:00,14.6831058,,,,,69.32752911165656,0.0,0.5275301943361435,0.7249701946796232
2022-09-04 12:44:56+00:00,14.79917406,,,,,70.1036777452773,0.0,0.527452301360871,0.7271032847400718
2022-09-04 12:44:58+00:00,14.91524232,,,,,70.88568681555421,0.0,0.5273735394866315,0.7292343147452596
2022-09-04 12:45:00+00:00,15.03131058,,,,,71.67359838951647,0.0,0.5272939021550875,0.7313632141263602
2022-09-04 12:45:02+00:00,15.14737884,,,,,72.4674544505273,0.0,0.5272133827612536,0.7334899123145466
2022-09-04 12:45:04+00:00,15.2634471,,,,,73.26729690641307,0.0,0.5271319746535799,0.7356143387409929
2022-09-04 12:45:06+00:00,15.37951536,,,,,74.07316759752887,0.0,0.527049671134027,0.7377364228368726
2022-09-04 12:45:08+00:00,15.49558362,,,,,74.8851083047618,0.0,0.5269664654581329,0.7398560940333592
2022-09-04 12:45:10+00:00,15.61165188,,,,,75.70316075747336,0.0,0.526882350835069,0.741973281761626
2022-09-04 12:45:12+00:00,15.72772014,,,,,76.52736664138293,0.0,0.5267973204276897,0.7440879154528469
2022-09-04 12:45:14+00:00,15.8437884,,,,,77.35776743024924,0.0,0.5267113673527671,0.7461999243311896
2022-09-04 12:45:16+00:00,15.95985666,,,,,78.19440492036901,0.0,0.5266244846806334,0.7483092380374468
2022-09-04 12:45:18+00:00,16.07592491,,,,,79.03732081822814,0.0,0.5265366654352798,0.7504157860258129
2022-09-04 12:45:20+00:00,16.19199317,,,,,79.88655686047288,0.0,0.5264479025943237,0.7525194980865315
2022-09-04 12:45:22+00:00,16.30806143,,,,,80.74215438154617,0.0,0.5263581890894553,0.7546203032634649
2022-09-04 12:45:24+00:00,16.42412969,,,,,81.60415478736691,0.0,0.5262675178063583,0.7567181307873134
2022-09-04 12:45:26+00:00,16.54019795,,,,,82.47259985294764,0.0,0.5261758815842994,0.7588129102923371
2022-09-04 12:45:28+00:00,16.65626621,,,,,83.34753119209287,0.0,0.5260832732163082,0.7609045712097091
2022-09-04 12:45:30+00:00,16.77233447,,,,,84.22899044351229,0.0,0.5259896854491487,0.7629930429706033
2022-09-04 12:45:32+00:00,16.88840273,,,,,85.11701927819884,0.0,0.525895110983284,0.7650782550061928
2022-09-04 12:45:34+00:00,17.00447099,,,,,86.0116594067649,0.0,0.525799542472832,0.7671601367476513
2022-09-04 12:45:36+00:00,17.12053925,,,,,86.91295258673814,0.0,0.5257029725255135,0.7692386176261525
2022-09-04 12:45:38+00:00,17.23660751,,,,,87.8209406298178,0.0,0.5256053937025914,0.7713136270728699
2022-09-04 12:45:40+00:00,17.35267577,,,,,88.73566540909447,0.0,0.5255067985188036,0.7733850945189772
2022-09-04 12:45:42+00:00,17.46874403,,,,,88.73090003420914,0.0,0.5254082086298767,0.774523455780828
2022-09-04 12:45:44+00:00,17.58481229,,,,,66.00419408475783,0.0,0.5253348706364492,0.753841488561666
2022-09-04 12:45:46+00:00,17.65162628,,,,,0.0,7.459797330748974,0.5253348706364492,0.18426859285814562
2022-09-04 12:45:48+00:00,16.60287414,,,,,-43.52174057386481,0.0,0.5253811304756292,0.7604345505859538
2022-09-04 12:45:50+00:00,14.3497023,,,,,-24.80024318265768,0.0,0.5254074908152895,0.7034291601815114
2022-09-04 12:45:52+00:00,13.39966523,,,,,35.670762672712286,0.0,0.525367856634542,0.2399088760193779
2022-09-04 12:45:54+00:00,15.01271356,,,,,62.72534936680471,0.0,0.5252981618019122,0.7199615729349453
2022-09-04 12:45:56+00:00,13.88530724,,,,,108.50102148354799,0.0,0.525177605111375,0.7562317089011212
2022-09-04 12:45:58+00:00,14.04925571,,,,,194.2681170168692,0.0,0.524961751648023,0.7849912891863673
2022-09-04 12:46:00+00:00,17.88330731,,,,,310.15648783484477,0.0,0.5246171333282065,0.8073170912053742
2022-09-04 12:46:02+00:00,19.81805048,,,,,216.83314695153769,0.0,0.5243762076093714,0.832989491779307
2022-09-04 12:46:04+00:00,19.48324818,,,,,63.664894043026024,0.0,0.5243054688382125,0.767796211975958
2022-09-04 12:46:06+00:00,18.07683695,,,,,45.91187626887379,0.0,0.5242544556423582,0.7426840128261415
2022-09-04 12:46:08+00:00,18.24288666,,,,,108.82859125221984,0.0,0.5241335349854113,0.7968410522240001
2022-09-04 12:46:10+00:00,19.36073256,,,,,140.7793604687375,0.0,0.5239771134737793,0.8130028125809318
2022-09-04 12:46:12+00:00,19.54229655,,,,,111.277070354625,0.0,0.5238534722844964,0.8052099080940759
2022-09-04 12:46:14+00:00,19.08385263,,,,,94.06181615628584,0.0,0.5237489591554338,0.7921349442389043
2022-09-04 12:46:16+00:00,19.35349854,,,,,124.83422080826686,0.0,0.5236102544656469,0.8084203205454917
2022-09-04 12:46:18+00:00,19.77020376,,,,,163.33476712028732,0.0,0.5234287713910688,0.8202733762785245
2022-09-04 12:46:20+00:00,20.415129,,,,,173.4149426159603,0.0,0.5232360881214955,0.8242105298289307
2022-09-04 12:46:22+00:00,21.15120656,,,,,158.85077415907742,0.0,0.5230595872613187,0.8222163256070434
2022-09-04 12:46:24+00:00,21.16940571,,,,,129.305750982385,0.0,0.5229159142046717,0.8152770531667677
2022-09-04 12:46:26+00:00,21.12069608,,,,,120.23769583305038,0.0,0.5227823167648572,0.8129819794444602
2022-09-04 12:46:28+00:00,21.26099755,,,,,135.57613125055965,0.0,0.5226316766190232,0.8170440448724228
2022-09-04 12:46:30+00:00,21.51092531,,,,,151.52101843368536,0.0,0.5224633199318747,0.8214895818039722
2022-09-04 12:46:32+00:00,21.81598143,,,,,162.49708425437873,0.0,0.5222827676160364,0.8248224336115213
2022-09-04 12:46:34+00:00,22.1504433,,,,,170.8283971418488,0.0,0.5220929582858788,0.8275408686546937
2022-09-04 12:46:36+00:00,22.50172923,,,,,177.96040437191223,0.0,0.5218952245032433,0.8299642199773152
2022-09-04 12:46:38+00:00,22.86336729,,,,,184.5572849569368,0.0,0.5216901608532912,0.8322361371707709
2022-09-04 12:46:40+00:00,23.23180732,,,,,185.20039160313138,0.0,0.5214843826403989,0.8333224947516478
2022-09-04 12:46:42+00:00,23.60495558,,,,,158.74133229020882,0.0,0.5213080033822987,0.8295125930080246
2022-09-04 12:46:44+00:00,23.75083218,,,,,96.28610296113696,0.0,0.5212010188234529,0.8023669424583617
2022-09-04 12:46:46+00:00,23.07421531,,,,,52.987976665677266,0.0,0.5211421432938244,0.10600680953320693
2022-09-04 12:46:48+00:00,21.94740167,,,,,-34.974940081516706,0.0,0.5211793403491417,0.7753168328641102
2022-09-04 12:46:50+00:00,20.5713666,,,,,-57.68244952350225,0.0,0.5212406873062289,0.7990068808738934
2022-09-04 12:46:52+00:00,19.04694826,,,,,-69.36069983270487,0.0,0.5213144537906524,0.8056611301780802
2022-09-04 12:46:54+00:00,17.42778035,,,,,-73.22406468721181,-1.4210854715202004e-14,0.5213923282402532,0.7955816704243316
2022-09-04 12:46:56+00:00,15.74445042,,,,,-72.58292887295535,0.0,0.5214695199987786,0.7832319712916354
2022-09-04 12:46:58+00:00,14.01572118,,,,,-68.99558348923563,1.4210854715202004e-14,0.5215428958356768,0.771452370731325
2022-09-04 12:47:00+00:00,12.2538885,,,,,-62.95347447778526,0.0,0.5216098452899134,0.7564501191560212
2022-09-04 12:47:02+00:00,10.46744676,,,,,-53.035118810617256,0.0,0.5216662462935762,0.7104808977741695
2022-09-04 12:47:04+00:00,8.662490706,,,,,-42.532096485095806,0.0,0.5217114773430302,0.6626588353150058
2022-09-04 12:47:06+00:00,6.843504959,,,,,-31.55643246492431,0.0,0.521745036035916,0.6120667554044993
2022-09-04 12:47:08+00:00,5.013842324,,,,,-15.945854076824673,0.0,0.5217619935775726,0.47085756041708626
2022-09-04 12:47:10+00:00,3.292553902,,,,,0.0,15.731889503937495,0.5217619935775726,0.29454510463822875
2022-09-04 12:47:12+00:00,2.462714922,,,,,0.0,3.6075550278853,0.5217619935775726,0.15502325809427078
2022-09-04 12:47:14+00:00,2.376931925,,,,,24.495849150797607,0.0,0.521734775967405,0.15807205183340173
2022-09-04 12:47:16+00:00,2.69103062,,,,,43.524210212017664,0.0,0.5216864157338361,0.22494939476102013
2022-09-04 12:47:18+00:00,3.235828218,,,,,54.05280537439379,0.0,0.5216263570611979,0.2882074506223921
2022-09-04 12:47:20+00:00,3.923716654,,,,,61.52457052125431,0.0,0.5215579964272854,0.35480901212346644
2022-09-04 12:47:22+00:00,4.706253231,,,,,66.56174094350192,0.0,0.5214840389373482,0.4299949085679061
2022-09-04 12:47:24+00:00,5.55463,,,,,70.2453374907284,0.0,0.5214059885623585,0.5113956287122033
2022-09-04 12:47:26+00:00,6.450471314,,,,,74.95972056520927,0.0,0.5213226999839528,0.58286553159632
2022-09-04 12:47:28+00:00,7.381344069,,,,,84.77785947939259,0.0,0.521228502362309,0.6120900782198389
2022-09-04 12:47:30+00:00,8.338456171,,,,,94.26391052355238,0.0,0.5211237646839495,0.6418604938391437
2022-09-04 12:47:32+00:00,9.315399283,,,,,103.44023289030176,0.0,0.5210088310918491,0.6721202980322574
2022-09-04 12:47:34+00:00,10.30741063,,,,,112.34585019708383,0.0,0.5208840023694079,0.7028257836405738
2022-09-04 12:47:36+00:00,11.31090753,,,,,121.02853137716693,0.0,0.5207495262234333,0.7339456917615057
2022-09-04 12:47:38+00:00,12.32317537,,,,,129.53910277921293,0.0,0.520605593887012,0.7654594279066262
2022-09-04 12:47:40+00:00,13.34214837,,,,,141.09080833184444,0.0,0.5204488263221988,0.7794790242714988
2022-09-04 12:47:42+00:00,14.36625053,,,,,153.439443601798,0.0,0.5202783380515301,0.7907081454464779
2022-09-04 12:47:44+00:00,15.39427771,,,,,166.21978892566665,0.0,0.5200936493971683,0.8015983403492428
2022-09-04 12:47:46+00:00,16.42530909,,,,,183.48109879166591,0.0,0.519889781509622,0.811310367939934
2022-09-04 12:47:48+00:00,17.45864018,,,,,203.39963177452944,0.0,0.5196637819187614,0.8184153535853361
2022-09-04 12:47:50+00:00,18.69618246,,,,,219.40313336515564,0.0,0.5194200006594668,0.8281199795496429
2022-09-04 12:47:52+00:00,19.79090226,,,,,215.92531871842775,0.0,0.5191800836386685,0.832973760334579
2022-09-04 12:47:54+00:00,20.65853318,,,,,217.5599414668843,0.0,0.518938350370372,0.8360779944656505
2022-09-04 12:47:56+00:00,21.10318886,,,,,230.6285148000929,0.0,0.5186820964650385,0.8368971750115429
2022-09-04 12:47:58+00:00,22.45212176,,,,,215.5383204975778,0.0,0.5184426094422634,0.8377529206105853
2022-09-04 12:48:00+00:00,23.30806571,,,,,145.71231653034036,0.0,0.5182807068683408,0.8260969146661779
2022-09-04 12:48:02+00:00,22.18582628,,,,,60.50335443802141,0.0,0.5182134809189652,0.7732930886005132
2022-09-04 12:48:04+00:00,21.74759034,,,,,50.3590293382093,0.0,0.5181575264419228,0.6647464245385201
2022-09-04 12:48:06+00:00,21.44864673,,,,,53.479909940844806,0.0,0.5180981043197663,0.7659957265140451
2022-09-04 12:48:08+00:00,20.99794282,,,,,48.85393664780581,0.0,0.5180438221679354,0.15839670302217937
2022-09-04 12:48:10+00:00,20.37270032,,,,,-25.764181113390084,0.0,0.5180712350893746,0.7595835575402299
2022-09-04 12:48:12+00:00,18.73235301,,,,,-30.34682015980223,0.0,0.5181035237857641,0.7613321156373773
2022-09-04 12:48:14+00:00,17.41768539,,,,,42.26575762930499,0.0,0.5180565618328427,0.205196079403093
2022-09-04 12:48:16+00:00,17.53382209,,,,,109.74285367169256,0.0,0.517934625328763,0.7894836493599764
2022-09-04 12:48:18+00:00,18.53809316,,,,,165.40787567375813,0.0,0.5177508388002366,0.8181572135064586
2022-09-04 12:48:20+00:00,19.32611425,,,,,157.1266154989924,0.0,0.5175762536719044,0.8176682923873559
2022-09-04 12:48:22+00:00,19.63200585,,,,,119.55845876302614,0.0,0.5174434109399455,0.8077865452358913
2022-09-04 12:48:24+00:00,19.5463432,,,,,87.96531149594533,0.0,0.51734567170495,0.7875902943427645
2022-09-04 12:48:26+00:00,19.48743067,,,,,50.391509206236975,0.0,0.5172896811391653,0.7574602494347392
2022-09-04 12:48:28+00:00,19.18527068,,,,,0.0,24.038771973605606,0.5172896811391653,0.5603822316717435
2022-09-04 12:48:30+00:00,18.01913064,,,,,-84.85018273237847,0.0,0.5173799706625829,0.8068687464496658
2022-09-04 12:48:32+00:00,15.59698438,,,,,-130.2334172653632,0.0,0.5175185509812998,0.7959517878056332
2022-09-04 12:48:34+00:00,12.41688283,,,,,-121.38016800066536,0.0,0.5176477081375878,0.7482630383827539
2022-09-04 12:48:36+00:00,9.131212487,,,,,-76.0148504774123,0.0,0.5177285919058162,0.6521407480232287
2022-09-04 12:48:38+00:00,6.359691092,,,,,-38.885779197085036,0.0,0.5177699679384249,0.5922470916979493
2022-09-04 12:48:40+00:00,4.357915006,,,,,0.0,32.5355368994448,0.5177699679384249,0.4122209324349841
2022-09-04 12:48:42+00:00,3.087172405,,,,,0.0,13.637133757620063,0.5177699679384249,0.2740455866307421
2022-09-04 12:48:44+00:00,2.29148928,,,,,0.0,4.745894829611024,0.5177699679384249,0.17134229161899947
2022-09-04 12:48:46+00:00,1.825104578,,,,,24.495849150797603,0.0,0.5177427503282573,0.04117017569635742
2022-09-04 12:48:48+00:00,1.701312486,,,,,56.8176253231702,0.0,0.5176796196334538,0.15237933047588026
2022-09-04 12:48:50+00:00,2.707767891,,,,,105.91678603850633,0.0,0.5175619343156332,0.2585535144508394
2022-09-04 12:48:52+00:00,5.316470439,,,,,139.88726241475732,0.0,0.5174065040240613,0.49628566987685857
2022-09-04 12:48:54+00:00,7.486926023,,,,,141.6932466939257,0.0,0.5172490670832902,0.6232399386780706
2022-09-04 12:48:56+00:00,9.2233945,,,,,112.50957585706449,0.0,0.517124056443449,0.6797650068626557
2022-09-04 12:48:58+00:00,9.559073726,,,,,88.63902186046879,0.0,0.5170255686413818,0.6625432034273432
2022-09-04 12:49:00+00:00,10.04456435,,,,,101.69358622937435,0.0,0.5169125757677936,0.68630940182171
2022-09-04 12:49:02+00:00,11.11545295,,,,,151.04414187633418,0.0,0.5167447489434865,0.7362627932891969
2022-09-04 12:49:04+00:00,12.91783003,,,,,177.01131179535162,0.0,0.5165480697081584,0.7760402722032812
2022-09-04 12:49:06+00:00,15.06939019,,,,,167.94954305110792,0.0,0.5163614591047683,0.800807099399141
2022-09-04 12:49:08+00:00,14.86079562,,,,,136.11729689493077,0.0,0.516210217663774,0.780767171878042
2022-09-04 12:49:10+00:00,15.7040661,,,,,119.13299723843252,0.0,0.5160778476668424,0.7764875428446719
2022-09-04 12:49:12+00:00,16.95068078,,,,,104.79491903082913,0.0,0.5159614088679193,0.7813569741195612
2022-09-04 12:49:14+00:00,16.11997491,,,,,48.69106820936749,0.0,0.51590730768102,0.7176844548953657
2022-09-04 12:49:16+00:00,16.17447409,,,,,40.35335917947957,0.0,0.515862470615265,0.5006404072146013
2022-09-04 12:49:18+00:00,15.53221764,,,,,43.00691579068835,0.0,0.5158146851532753,0.7035528772914137
2022-09-04 12:49:20+00:00,15.59141454,,,,,63.25937971699745,0.0,0.5157443969535898,0.7270834143087737
2022-09-04 12:49:22+00:00,15.64317582,,,,,105.64422693429141,0.0,0.5156270144792183,0.7687627461206279
2022-09-04 12:49:24+00:00,16.06794844,,,,,157.1569703715534,0.0,0.51545239562325,0.7990877106879954
2022-09-04 12:49:26+00:00,17.45805833,,,,,202.4461070324795,0.0,0.515227455504325,0.8185268437668483
2022-09-04 12:49:28+00:00,18.90834508,,,,,180.82591268639993,0.0,0.5150265378235623,0.8242513808359622
2022-09-04 12:49:30+00:00,19.424113,,,,,109.54598623502596,0.0,0.514904820061079,0.8043294881105133
2022-09-04 12:49:32+00:00,18.64172764,,,,,44.04908489689977,0.0,0.5148558766334157,0.5382988440120864
2022-09-04 12:49:34+00:00,18.53671184,,,,,43.89976401124822,0.0,0.5148070991178476,0.2573666233044192
2022-09-04 12:49:36+00:00,17.29938461,,,,,69.70487171570858,0.0,0.5147296492603857,0.7538837826749503
2022-09-04 12:49:38+00:00,17.58437769,,,,,136.2122797707021,0.0,0.5145783022828627,0.8001068855579548
2022-09-04 12:49:40+00:00,19.31729491,,,,,175.34518960310763,0.0,0.5143834742944148,0.8230149124697066
2022-09-04 12:49:42+00:00,19.57119536,,,,,150.58153021425915,0.0,0.5142161614830656,0.8162828351545994
2022-09-04 12:49:44+00:00,19.30530097,,,,,178.37198862020531,0.0,0.5140179703845987,0.8238988733601644
2022-09-04 12:49:46+00:00,20.24438279,,,,,262.87078732665657,0.0,0.5137258917320136,0.8296269166072628
2022-09-04 12:49:48+00:00,22.79235038,,,,,316.27465334849677,0.0,0.5133744754505152,0.833085210352113
2022-09-04 12:49:50+00:00,23.3798215,,,,,232.22430404472527,0.0,0.513116448446021,0.842667622292185
2022-09-04 12:49:52+00:00,23.57909186,,,,,79.97618173518869,0.0,0.5130275860218708,0.790800710633055
2022-09-04 12:49:54+00:00,23.2577153,,,,,-56.66989594491835,0.0,0.5130879245372574,0.8021185435060032
2022-09-04 12:49:56+00:00,20.54057215,,,,,-150.65882798019757,0.0,0.5132483351668997,0.8333693256354167
2022-09-04 12:49:58+00:00,17.64628922,,,,,-155.31111040118248,0.0,0.5134136955196764,0.813515828223268
2022-09-04 12:50:00+00:00,14.3516667,,,,,-94.3048030983897,-1.4210854715202004e-14,0.5135140999058088,0.7940904305426675
2022-09-04 12:50:02+00:00,12.94409052,,,,,-31.63862700364055,0.0,0.5135477844312695,0.7105155352221226
2022-09-04 12:50:04+00:00,12.47351958,,,,,33.964972211306765,0.0,0.5135100455732569,0.23054318227027482
2022-09-04 12:50:06+00:00,12.76809867,,,,,50.552162768379844,0.0,0.5134538765035143,0.6789496808801256
2022-09-04 12:50:08+00:00,12.62151204,,,,,67.90561280562986,0.0,0.5133784258226192,0.7057434256528026
2022-09-04 12:50:10+00:00,13.05414332,,,,,94.35695209628487,0.0,0.5132735847647344,0.7396294795138171
2022-09-04 12:50:12+00:00,13.66187072,,,,,143.4803749593223,0.0,0.5131141621258907,0.781876704849357
2022-09-04 12:50:14+00:00,14.79245452,,,,,172.14678151818103,0.0,0.5129228879242038,0.7972801306620673
2022-09-04 12:50:16+00:00,16.91823288,,,,,169.3632459893361,0.0,0.5127347065397713,0.8093701710816555
2022-09-04 12:50:18+00:00,16.76420352,,,,,117.53143455678811,0.0,0.5126041160569303,0.7849991231416427
2022-09-04 12:50:20+00:00,16.9425429,,,,,95.21999181216955,0.0,0.5124983160660279,0.7764293901695442
2022-09-04 12:50:22+00:00,17.26277303,,,,,113.01390128582788,0.0,0.5123727450645992,0.7879562110057667
2022-09-04 12:50:24+00:00,17.64935441,,,,,137.5260215601542,0.0,0.5122199383739768,0.8011721664183932
2022-09-04 12:50:26+00:00,18.06794316,,,,,180.99983719101252,0.0,0.5120188274437646,0.8204130117567314
2022-09-04 12:50:28+00:00,19.22286488,,,,,197.14412938501266,0.0,0.5117997784111146,0.8294786655970773
2022-09-04 12:50:30+00:00,20.79790271,,,,,168.2385579837393,0.0,0.5116128466800215,0.8236661547942661
2022-09-04 12:50:32+00:00,20.04994908,,,,,75.69275637377187,0.0,0.511528743617384,0.7786320218102541
2022-09-04 12:50:34+00:00,19.96875621,,,,,0.0,8.299890950976746,0.511528743617384,0.18682521274571467
2022-09-04 12:50:36+00:00,18.98335254,,,,,-51.671754363025045,0.0,0.5115837719019773,0.7900190118268553
2022-09-04 12:50:38+00:00,17.18893837,,,,,-93.18499375708511,0.0,0.5116830093125461,0.8062930790095062
2022-09-04 12:50:40+00:00,14.77872734,,,,,-83.90598397573181,0.0,0.511772363802951,0.7890061242283815
2022-09-04 12:50:42+00:00,12.65306429,,,,,-40.41511328547637,0.0,0.5118154027709864,0.7283818933959513
2022-09-04 12:50:44+00:00,11.95165148,,,,,-28.31873973455392,0.0,0.5118455598567305,0.6895386260797047
2022-09-04 12:50:46+00:00,12.18425084,,,,,-57.9897164001029,0.0,0.5119073137882008,0.7480699075919969
2022-09-04 12:50:48+00:00,8.660866568,,,,,-58.42337024022883,0.0,0.5119695289882493,0.6592561669136046
2022-09-04 12:50:50+00:00,5.836053531,,,,,-32.610613686352664,-7.105427357601002e-15,0.5120042558156354,0.5526448668322645
2022-09-04 12:50:52+00:00,4.075231708,,,,,0.0,27.009647541392603,0.5120042558156354,0.378958577429056
2022-09-04 12:50:54+00:00,2.963267375,,,,,0.0,9.833654510864635,0.5120042558156354,0.2451056634356366
2022-09-04 12:50:56+00:00,2.385267267,,,,,0.0,2.9078239865957127,0.5120042558156354,0.12495453149913001
2022-09-04 12:50:58+00:00,2.172859166,,,,,0.0,0.6780942655359,0.5120042558156354,0.02913895464542281
2022-09-04 12:51:00+00:00,1.907719539,,,,,0.0,0.06206663350635868,0.5120042558156354,0.01
2022-09-04 12:51:02+00:00,1.515232851,,,,,24.495849150797603,0.0,0.5119770382054678,0.09828346518192284
2022-09-04 12:51:04+00:00,1.440715742,,,,,73.87969881714363,0.0,0.5118949496512265,0.13365176833135314
2022-09-04 12:51:06+00:00,2.790724364,,,,,143.16820667760868,0.0,0.5117358738660291,0.2597211693023748
2022-09-04 12:51:08+00:00,6.441549646,,,,,242.6179492641862,0.0,0.5114662983668468,0.4965853867959811
2022-09-04 12:51:10+00:00,9.238038416,,,,,337.9646477264766,0.0,0.5110907820915951,0.5745804045589702
2022-09-04 12:51:12+00:00,13.27219973,,,,,369.6081549661579,0.0,0.5106801063638549,0.7124316216560689
2022-09-04 12:51:14+00:00,16.43530501,,,,,352.90371631755,0.0,0.510287991123502,0.7732406834603776
2022-09-04 12:51:16+00:00,17.8443341,,,,,301.75739541135454,0.0,0.5099527051286005,0.8091807290104689
2022-09-04 12:51:18+00:00,19.16017897,,,,,326.70879420413075,0.0,0.5095896953572625,0.8164542381902978
2022-09-04 12:51:20+00:00,21.58178343,,,,,398.47732606335205,0.0,0.5091469427727476,0.812968870854876
2022-09-04 12:51:22+00:00,23.66273607,,,,,360.25284004136597,0.0,0.5087466618393683,0.8306105787435869
2022-09-04 12:51:24+00:00,24.81712758,,,,,233.69480772013887,0.0,0.5084870009419015,0.8456919879510684
2022-09-04 12:51:26+00:00,24.23019037,,,,,123.12118340073074,0.0,0.5083501996270118,0.822076384664975
2022-09-04 12:51:28+00:00,23.91491265,,,,,73.39634861968132,0.0,0.5082686481285454,0.7874200562312399
2022-09-04 12:51:30+00:00,23.58941806,,,,,53.99722939479121,0.0,0.5082086512069957,0.5843916790199852
2022-09-04 12:51:32+00:00,22.69203734,,,,,52.2351029673141,0.0,0.5081506122036986,0.15818109267398842
2022-09-04 12:51:34+00:00,21.63119459,,,,,50.12627095167418,0.0,0.5080949163470856,0.6742362842474157
2022-09-04 12:51:36+00:00,21.282662,,,,,113.38907527099204,0.0,0.5079689284856734,0.810524331641099
2022-09-04 12:51:38+00:00,22.01007166,,,,,153.60223411480774,0.0,0.507798259336657,0.8234265540771845
2022-09-04 12:51:40+00:00,22.38556284,,,,,80.2737655898994,0.0,0.5077090662637793,0.7877302220126403
2022-09-04 12:51:42+00:00,21.92485981,,,,,0.0,18.222972577784482,0.5077090662637793,0.3782487408763071
2022-09-04 12:51:44+00:00,19.51368398,,,,,0.0,15.648995132341536,0.5077090662637793,0.359418014963206
2022-09-04 12:51:46+00:00,19.18885974,,,,,71.67534102007302,0.0,0.5076294269959792,0.7735379988941615
2022-09-04 12:51:48+00:00,20.12912358,,,,,123.5915150711296,0.0,0.5074921030903446,0.8104481064967679
2022-09-04 12:51:50+00:00,20.41265733,,,,,52.75447874990759,0.0,0.5074334870028447,0.7621261389605261
2022-09-04 12:51:52+00:00,19.38830198,,,,,-39.5101997983148,7.105427357601002e-15,0.5074755877050656,0.7749572939376476
2022-09-04 12:51:54+00:00,17.72084313,,,,,-105.6593209385821,0.0,0.5075881739636193,0.8163973366486366
2022-09-04 12:51:56+00:00,15.6373654,,,,,-141.48023395506297,0.0,0.5077389271647821,0.7928901894372354
2022-09-04 12:51:58+00:00,11.8290077,,,,,-105.87564506807134,0.0,0.5078517397989427,0.7411062262905423
2022-09-04 12:52:00+00:00,8.519581155,,,,,-34.80322495119925,0.0,0.5078888227550585,0.6442078057870312
2022-09-04 12:52:02+00:00,7.983657217,,,,,53.74881139790792,0.0,0.5078291018535053,0.5800612021480818
2022-09-04 12:52:04+00:00,9.906870093,,,,,189.62841331850106,0.0,0.5076184036164847,0.687095728553957
2022-09-04 12:52:06+00:00,12.67088653,,,,,324.16001285283687,0.0,0.507258225824426,0.7174178285193299
2022-09-04 12:52:08+00:00,15.76709613,,,,,423.82267396202377,0.0,0.506787311742246,0.7400699328210746
2022-09-04 12:52:10+00:00,19.23072265,,,,,446.04276257033223,0.0,0.5062917086727234,0.7865253982953285
2022-09-04 12:52:12+00:00,21.5201716,,,,,371.35708620123347,0.0,0.5058790896880554,0.8188347130984609
2022-09-04 12:52:14+00:00,22.50769328,,,,,262.80705653303175,0.0,0.5055870818474631,0.8388927272317616
2022-09-04 12:52:16+00:00,23.03730795,,,,,200.28197201844833,0.0,0.5053645463229982,0.8357756377690047
2022-09-04 12:52:18+00:00,23.31248014,,,,,170.3912841402161,0.0,0.5051752226739535,0.8307377439889359
2022-09-04 12:52:20+00:00,23.43557482,,,,,151.35482645289358,0.0,0.5050070506445614,0.8275880803849521
2022-09-04 12:52:22+00:00,23.46122629,,,,,138.23627877987735,0.0,0.5048534547792505,0.8252737106599
2022-09-04 12:52:24+00:00,23.4207133,,,,,128.5122707116923,0.0,0.5047106633673486,0.8233425305957288
2022-09-04 12:52:26+00:00,23.33329447,,,,,121.21911727079632,0.0,0.5045759754592699,0.8192364981396644
2022-09-04 12:52:28+00:00,23.21163063,,,,,115.33052289887527,0.0,0.5044478304338267,0.8147375037549411
2022-09-04 12:52:30+00:00,23.06448894,,,,,110.29389958700892,0.0,0.5043252816565078,0.810812477123581
2022-09-04 12:52:32+00:00,22.89817012,,,,,105.88282041035693,0.0,0.5042076340782741,0.8072949563511058
2022-09-04 12:52:34+00:00,22.71731518,,,,,101.94505963806543,0.0,0.5040943617897873,0.804077038343608
2022-09-04 12:52:36+00:00,22.52539607,,,,,98.37300233958197,0.0,0.5039850584538544,0.8010847623325368
2022-09-04 12:52:38+00:00,22.32503487,,,,,95.08788811197591,0.0,0.5038794052448411,0.7982653158243074
2022-09-04 12:52:40+00:00,22.11822304,,,,,92.03080785105759,0.0,0.5037771487916732,0.7955799295683842
2022-09-04 12:52:42+00:00,21.90647817,,,,,89.15713796895902,0.0,0.5036780853050411,0.7929996355768834
2022-09-04 12:52:44+00:00,21.69095898,,,,,86.43283919691481,0.0,0.5035820488170445,0.7905025519997768
2022-09-04 12:52:46+00:00,21.47255119,,,,,83.8318509741688,0.0,0.5034889023159621,0.7880720410070796
2022-09-04 12:52:48+00:00,21.25193232,,,,,81.33418349474702,0.0,0.503398531000968,0.7856954023311244
2022-09-04 12:52:50+00:00,21.02962083,,,,,78.92448741204949,0.0,0.5033108371260657,0.7833629184437875
2022-09-04 12:52:52+00:00,20.80601351,,,,,76.59096786528524,0.0,0.5032257360506599,0.7810671433664572
2022-09-04 12:52:54+00:00,20.58141412,,,,,74.32455557669162,0.0,0.5031431532111302,0.7788023677703193
2022-09-04 12:52:56+00:00,20.3560552,,,,,72.11826969802465,0.0,0.5030630218003547,0.7765642114757793
2022-09-04 12:52:58+00:00,20.13011477,,,,,69.96672891716625,0.0,0.5029852809904467,0.7743493128569534
2022-09-04 12:53:00+00:00,19.90372912,,,,,67.86577665299082,0.0,0.5029098745719434,0.7721550917700297
2022-09-04 12:53:02+00:00,19.67700261,,,,,65.81219335248701,0.0,0.5028367499126628,0.7699795679762776
2022-09-04 12:53:04+00:00,19.45001512,,,,,63.8034746471049,0.0,0.5027658571630549,0.767821220900866
2022-09-04 12:53:06+00:00,19.22282783,,,,,61.837662491003066,0.0,0.502697148649176,0.7656788831821092
2022-09-04 12:53:08+00:00,18.99548756,,,,,59.91321561600041,0.0,0.5026305784096027,0.7635516586525984
2022-09-04 12:53:10+00:00,18.76803016,,,,,58.028910184658635,0.0,0.5025661018427309,0.761438859453635
2022-09-04 12:53:12+00:00,18.54048309,,,,,56.28744648932933,0.0,0.5025035602355205,0.7579412341853035
2022-09-04 12:53:14+00:00,18.31286737,,,,,54.653799615523496,0.0,0.5024428337915032,0.7534190189025296
2022-09-04 12:53:16+00:00,18.08519908,,,,,53.05054319164788,0.0,0.5023838887435125,0.7488810126161697
2022-09-04 12:53:18+00:00,17.85749054,,,,,51.477110640422836,0.0,0.502326691953912,0.7443276735324313
2022-09-04 12:53:20+00:00,17.6297512,,,,,49.93302374330888,0.0,0.5022712108164195,0.7397594747696827
2022-09-04 12:53:22+00:00,17.40198826,,,,,48.41787206655346,0.0,0.5022174131807899,0.7351769005608475
2022-09-04 12:53:24+00:00,17.17420726,,,,,47.658123608142304,0.0,0.5021644597101143,0.7312571552329132
2022-09-04 12:53:26+00:00,16.94641244,,,,,58.09773494196378,0.0,0.5020999066712899,0.7381521660234345
2022-09-04 12:53:28+00:00,16.75384702,,,,,47.389678557569255,0.0,0.5020472514728926,0.7250949010672935
2022-09-04 12:53:30+00:00,17.0815544,,,,,41.75909813362269,0.0,0.5020008524749664,0.33427485834212955
2022-09-04 12:53:32+00:00,15.8262698,,,,,0.0,17.645976174046158,0.5020008524749664,0.4667214724309161
2022-09-04 12:53:34+00:00,15.26139129,,,,,0.0,26.890580515624784,0.5020008524749664,0.6971182133299947
2022-09-04 12:53:36+00:00,14.09824453,,,,,36.90777102224583,0.0,0.5019598438404972,0.03182286271781838
2022-09-04 12:53:38+00:00,13.71933637,,,,,74.5516313497088,0.0,0.5018770086945531,0.7241119935955732
2022-09-04 12:53:40+00:00,14.58869708,,,,,139.304895828459,0.0,0.5017222254769659,0.7815741729885013
2022-09-04 12:53:42+00:00,16.20024295,,,,,148.02143932339865,0.0,0.501557757211051,0.795083659243079
2022-09-04 12:53:44+00:00,16.67331373,,,,,67.59541383451864,0.0,0.5014826511956794,0.7443610055783901
2022-09-04 12:53:46+00:00,16.14593064,,,,,0.0,20.31757658682927,0.5014826511956794,0.5305850835745514
2022-09-04 12:53:48+00:00,14.48695168,,,,,-22.630966089204176,0.0,0.5015067859219036,0.69955253839787
2022-09-04 12:53:50+00:00,13.68036617,,,,,0.0,9.20123541608001,0.5015067859219036,0.2677567700937286
2022-09-04 12:53:52+00:00,13.5368137,,,,,36.299844058485206,0.0,0.5014664527618385,0.6679961916142495
2022-09-04 12:53:54+00:00,13.54375587,,,,,44.908034591691276,0.0,0.5014165549456255,0.6796786987646001
2022-09-04 12:53:56+00:00,13.78281659,,,,,42.082428665826846,0.0,0.5013697966915523,0.6789082400393576
2022-09-04 12:53:58+00:00,13.0891962,,,,,35.10750206796725,0.0,0.5013307883559213,0.21738902330686233
2022-09-04 12:54:00+00:00,13.40830504,,,,,-27.405455332016164,0.0,0.5013600154385183,0.7020682978856385
2022-09-04 12:54:02+00:00,11.85894471,,,,,-63.62890829295515,0.0,0.5014278734538385,0.7505047600967168
2022-09-04 12:54:04+00:00,8.804610304,,,,,-55.99819690449514,0.0,0.5014875930181902,0.6668934876706288
2022-09-04 12:54:06+00:00,6.700461688,,,,,-33.75364824423516,-7.105427357601002e-15,0.5015235894708816,0.612618773883504
2022-09-04 12:54:08+00:00,5.153260724,,,,,-14.203818344625194,0.0,0.5015387370044065,0.47419301620924403
2022-09-04 12:54:10+00:00,3.879177985,,,,,0.0,16.866391356164385,0.5015387370044065,0.3438368801882774
2022-09-04 12:54:12+00:00,2.987043571,,,,,0.0,9.042413960096567,0.5015387370044065,0.2415328057315343
2022-09-04 12:54:14+00:00,2.307323756,,,,,0.0,3.1659781720462394,0.5015387370044065,0.13604789046659455
2022-09-04 12:54:16+00:00,1.700493261,,,,,24.49584915079761,0.0,0.501511519394239,0.10306458475959253
2022-09-04 12:54:18+00:00,2.037125602,,,,,66.23385988095146,0.0,0.5014379262165934,0.18599963005945092
2022-09-04 12:54:20+00:00,3.292128238,,,,,115.46603367820731,0.0,0.5013096306236177,0.31234154202826436
2022-09-04 12:54:22+00:00,5.644924938,,,,,146.96547759407397,0.0,0.5011463356485132,0.5212905071828452
2022-09-04 12:54:24+00:00,8.250242269,,,,,202.8130152005704,0.0,0.5009209878538459,0.6119579205426207
2022-09-04 12:54:26+00:00,9.907940232,,,,,230.47440439311612,0.0,0.500664905182298,0.6601565142804935
2022-09-04 12:54:28+00:00,13.19757788,,,,,255.88742930414995,0.0,0.5003805858164045,0.7552927068792847
2022-09-04 12:54:30+00:00,15.00095051,,,,,241.14236766586595,0.0,0.5001126498523314,0.7868826450805262
2022-09-04 12:54:32+00:00,16.1877348,,,,,211.64031139978212,0.0,0.4998774939507761,0.8047737320204766
2022-09-04 12:54:34+00:00,17.4647619,,,,,198.39519876003212,0.0,0.4996570548410427,0.8190869087306528
2022-09-04 12:54:36+00:00,18.7473733,,,,,147.9478392036676,0.0,0.4994926683530386,0.813823614676288
2022-09-04 12:54:38+00:00,18.86000323,,,,,59.90633039036332,0.0,0.499426105763716,0.7631978508251719
2022-09-04 12:54:40+00:00,17.8039116,,,,,42.838747557285636,0.0,0.499378507155319,0.568804122909816
2022-09-04 12:54:42+00:00,17.0952461,,,,,84.38042568036752,0.0,0.4992847511267853,0.7663606187234926
2022-09-04 12:54:44+00:00,18.32365948,,,,,115.78928461732694,0.0,0.49915609636609937,0.8000098318493875
2022-09-04 12:54:46+00:00,18.91094517,,,,,85.876831016412,0.0,0.49906067766497003,0.7849023451572577
2022-09-04 12:54:48+00:00,17.63567279,,,,,47.26993537598904,0.0,0.49900815551455224,0.7374725320181661
2022-09-04 12:54:50+00:00,17.68247688,,,,,77.907726752573,0.0,0.49892159137371606,0.7662238299876989
2022-09-04 12:54:52+00:00,18.05686548,,,,,121.51537676973251,0.0,0.49878657428841633,0.7991658075220607
2022-09-04 12:54:54+00:00,18.48692669,,,,,126.93384447577198,0.0,0.49864553668344325,0.8053039813642318
2022-09-04 12:54:56+00:00,18.89028866,,,,,113.2914655186757,0.0,0.4985196572773114,0.8036777370700764
2022-09-04 12:54:58+00:00,18.96564638,,,,,89.28797956651368,0.0,0.49842044841112637,0.7878947178442055
2022-09-04 12:55:00+00:00,18.83174514,,,,,66.57622816334462,0.0,0.4983464748242782,0.7685756026281146
2022-09-04 12:55:02+00:00,18.5866509,,,,,51.81058111094729,0.0,0.49828890751193267,0.754931460294622
2022-09-04 12:55:04+00:00,18.2782116,,,,,43.52931853290592,0.0,0.4982405416024517,0.720720087645816
2022-09-04 12:55:06+00:00,17.93095687,,,,,43.02512105879647,0.0,0.49819273591238633,0.6015283793512304
2022-09-04 12:55:08+00:00,17.5582877,,,,,42.47547405113908,0.0,0.4981455409412184,0.5562048751769053
2022-09-04 12:55:10+00:00,17.16807332,,,,,41.890231044362025,0.0,0.498098996240058,0.6770047848521533
2022-09-04 12:55:12+00:00,16.88583848,,,,,49.94573320192472,0.0,0.49804350098094474,0.7294049663774392
2022-09-04 12:55:14+00:00,16.86789307,,,,,56.64606531523545,0.0,0.4979805609083723,0.7357031497823152
2022-09-04 12:55:16+00:00,16.73041292,,,,,53.42161908908744,0.0,0.49792120355382885,0.7307005170767433
2022-09-04 12:55:18+00:00,16.53600703,,,,,46.10200585082096,0.0,0.4978699791028835,0.7207810169625459
2022-09-04 12:55:20+00:00,16.31339205,,,,,41.70525158604428,0.0,0.49782363993445455,0.7132341563133591
2022-09-04 12:55:22+00:00,16.0760127,,,,,40.19728911674978,0.0,0.4977789762798804,0.6806042215488128
2022-09-04 12:55:24+00:00,15.83036633,,,,,39.80486144804606,0.0,0.4977347486560492,0.3727360275431612
2022-09-04 12:55:26+00:00,15.5797403,,,,,0.0,4.087485249616199,0.4977347486560492,0.10920367461520014
2022-09-04 12:55:28+00:00,14.6011918,,,,,37.77325091881664,0.0,0.4976927783772505,0.25037364550884655
2022-09-04 12:55:30+00:00,13.84551664,,,,,58.96679852603363,0.0,0.4976272597122216,0.7025617311670143
2022-09-04 12:55:32+00:00,15.29497136,,,,,85.72101644655685,0.0,0.4975320141383921,0.7516682533854105
2022-09-04 12:55:34+00:00,15.27907253,,,,,62.38639461735778,0.0,0.4974626959221506,0.7225128979627098
2022-09-04 12:55:36+00:00,14.59005411,,,,,38.23981720020792,0.0,0.4974202072363726,0.6849884431447422
2022-09-04 12:55:38+00:00,14.61940191,,,,,37.80420406602359,0.0,0.4973782025651881,0.6550148741255016
2022-09-04 12:55:40+00:00,14.92029952,,,,,38.31186136573559,0.0,0.4973356338303373,0.14605360993660688
2022-09-04 12:55:42+00:00,13.79967013,,,,,0.0,24.17313988599133,0.4973356338303373,0.6735139398614417
2022-09-04 12:55:44+00:00,12.78422113,,,,,-25.728023041964843,0.0,0.4973630679150655,0.6929382526342642
2022-09-04 12:55:46+00:00,11.96070449,,,,,-24.347049241144997,0.0,0.4973890295407207,0.6768547405042494
2022-09-04 12:55:48+00:00,10.66837011,,,,,0.0,21.116539873124474,0.4973890295407207,0.6020507669783935
2022-09-04 12:55:50+00:00,9.837983315,,,,,30.776632808515817,0.0,0.49735483328204455,0.5401466621644397
2022-09-04 12:55:52+00:00,10.36663165,,,,,98.28142941187335,0.0,0.49724563169380914,0.6902224966893729
2022-09-04 12:55:54+00:00,11.89033251,,,,,154.11497896395633,0.0,0.49707439282829363,0.7594035116191163
2022-09-04 12:55:56+00:00,13.38809368,,,,,189.6490765243275,0.0,0.4968636716321555,0.7784780440665878
2022-09-04 12:55:58+00:00,14.90700716,,,,,215.09259074105668,0.0,0.49662467986466546,0.7905047268626455
2022-09-04 12:56:00+00:00,16.4603431,,,,,223.73953623857514,0.0,0.49637608037995595,0.8058080362707608
2022-09-04 12:56:02+00:00,18.04813496,,,,,173.33895275684742,0.0,0.49618348154355946,0.8175028110747085
2022-09-04 12:56:04+00:00,18.66459518,,,,,77.73191267827585,0.0,0.4960971127516947,0.7774998352787812
2022-09-04 12:56:06+00:00,17.42164997,,,,,42.271688813486556,0.0,0.49605014420856863,0.01161017208669852
2022-09-04 12:56:08+00:00,16.69731142,,,,,61.850108078973165,0.0,0.49598142186625865,0.7387446330206624
2022-09-04 12:56:10+00:00,16.47660185,,,,,190.8337328206918,0.0,0.4957693843853468,0.8107269536295949
2022-09-04 12:56:12+00:00,19.14601467,,,,,314.25443844704927,0.0,0.49542021278707227,0.8196093662940276
2022-09-04 12:56:14+00:00,21.70740671,,,,,300.00102751395934,0.0,0.4950868783120568,0.8309215125263592
2022-09-04 12:56:16+00:00,21.93105833,,,,,182.48619093260106,0.0,0.4948841158776872,0.8295500513830607
2022-09-04 12:56:18+00:00,21.34100337,,,,,138.94686048481105,0.0,0.4947297304771485,0.818082204503097
2022-09-04 12:56:20+00:00,22.17445472,,,,,153.42890641141807,0.0,0.49455925391446914,0.823887834000083
2022-09-04 12:56:22+00:00,22.60297965,,,,,89.54896401441462,0.0,0.4944597550655642,0.7948841768595565
2022-09-04 12:56:24+00:00,21.9678571,,,,,-45.645922589033056,0.0,0.494508410331047,0.7875718147152109
2022-09-04 12:56:26+00:00,19.97664304,,,,,-132.66647584845862,0.0,0.4946498240986389,0.8339901162701154
2022-09-04 12:56:28+00:00,16.89405591,,,,,-153.13915140021763,0.0,0.49481306328394614,0.8052063755882098
2022-09-04 12:56:30+00:00,13.9885893,,,,,-133.35778803362533,0.0,0.49495521936206105,0.7713608109464104
2022-09-04 12:56:32+00:00,11.10470361,,,,,-99.08362547213842,0.0,0.4950608419152106,0.7152057521243791
2022-09-04 12:56:34+00:00,8.202886138,,,,,-60.790624945196825,0.0,0.49512564521455127,0.6391953337471512
2022-09-04 12:56:36+00:00,5.461401442,,,,,-26.059629447002944,0.0,0.49515342521611083,0.5213794073939872
2022-09-04 12:56:38+00:00,3.837503684,,,,,0.0,24.011588928051438,0.49515342521611083,0.3541353974757039
2022-09-04 12:56:40+00:00,2.833648238,,,,,0.0,9.859834274196338,0.49515342521611083,0.23728930343560287
2022-09-04 12:56:42+00:00,2.11407309,,,,,0.0,3.9965953649581873,0.49515342521611083,0.15564533708364883
2022-09-04 12:56:44+00:00,1.654551891,,,,,0.0,1.4820856478338114,0.49515342521611083,0.06368793937334237
2022-09-04 12:56:46+00:00,1.307448511,,,,,0.0,0.186913551909807,0.49515342521611083,0.01
2022-09-04 12:56:48+00:00,1.067762919,,,,,24.495849150797614,0.0,0.4951262076059433,0.02210786826871213
2022-09-04 12:56:50+00:00,0.986682025,,,,,24.495849150797614,0.0,0.49509898999577573,0.05264355341902736
2022-09-04 12:56:52+00:00,0.97160736,,,,,29.716411355857787,0.0,0.49506597176093586,0.0729504328458373
2022-09-04 12:56:54+00:00,1.260362245,,,,,37.01519227185821,0.0,0.49502484376952266,0.1000128493069225
2022-09-04 12:56:56+00:00,1.644113615,,,,,36.43854558030933,0.0,0.4949843564966557,0.12988085868162258
2022-09-04 12:56:58+00:00,1.918576718,,,,,26.700391524400025,0.0,0.4949546893949619,0.14091740660612004
2022-09-04 12:57:00+00:00,1.847280736,,,,,24.49584915079761,0.0,0.49492747178479435,0.06535637883865594
2022-09-04 12:57:02+00:00,1.598759785,,,,,24.49584915079761,0.0,0.4949002541746268,0.018628550630123593
2022-09-04 12:57:04+00:00,1.331292615,,,,,24.495849150797614,0.0,0.49487303656445925,0.03594552156023241
2022-09-04 12:57:06+00:00,1.183111171,,,,,24.49584915079761,0.0,0.4948458189542917,0.05124987629981018
2022-09-04 12:57:08+00:00,1.420699885,,,,,24.49584915079761,0.0,0.49481860134412414,0.061189885345700544
2022-09-04 12:57:10+00:00,1.099100747,,,,,24.495849150797607,0.0,0.4947913837339566,0.037765779014258115
2022-09-04 12:57:12+00:00,0.994399381,,,,,24.495849150797607,0.0,0.49476416612378904,0.036277473219759236
2022-09-04 12:57:14+00:00,0.964678163,,,,,24.495849150797607,0.0,0.4947369485136215,0.0427738938531297
2022-09-04 12:57:16+00:00,0.967684724,,,,,24.495849150797607,0.0,0.49470973090345394,0.04727371284777263
2022-09-04 12:57:18+00:00,0.745603008,,,,,24.49584915079761,0.0,0.4946825132932864,0.04711839917614345
2022-09-04 12:57:20+00:00,0.951991477,,,,,25.21958079274493,0.0,0.49465449153685,0.0691838392182994
2022-09-04 12:57:22+00:00,1.098940746,,,,,24.587668851262674,0.0,0.49462717190479305,0.07950451696786821
2022-09-04 12:57:24+00:00,1.036550991,,,,,24.495849150797614,0.0,0.4945999542946255,0.06445905078402082
2022-09-04 12:57:26+00:00,1.023270233,,,,,28.551175590026425,0.0,0.49456823076619216,0.07617495789379079
2022-09-04 12:57:28+00:00,1.116210691,,,,,50.909327383499694,0.0,0.49451166484687714,0.09879347746390439
2022-09-04 12:57:30+00:00,1.75499633,,,,,76.21737188763817,0.0,0.4944269788781131,0.16360817283715476
2022-09-04 12:57:32+00:00,3.597012407,,,,,86.16150568619949,0.0,0.4943312438717951,0.34249985229977153
2022-09-04 12:57:34+00:00,4.615490221,,,,,81.04796958118818,0.0,0.49424119057226046,0.4346967916948515
2022-09-04 12:57:36+00:00,5.443538632,,,,,75.668441448503,0.0,0.4941571145262066,0.5068838188214185
2022-09-04 12:57:38+00:00,6.427031846,,,,,92.0467155437901,0.0,0.4940548403978246,0.6034508521738556
2022-09-04 12:57:40+00:00,7.617339626,,,,,136.20604435130602,0.0,0.49390350034854535,0.6294500459141708
2022-09-04 12:57:42+00:00,9.911012982,,,,,199.17771549266786,0.0,0.4936821917757757,0.6813969900455104
2022-09-04 12:57:44+00:00,12.12455466,,,,,231.24750828642843,0.0,0.4934252500999019,0.742320256956918
2022-09-04 12:57:46+00:00,14.43638898,,,,,210.785090890517,0.0,0.4931910444433569,0.7860208985829794
2022-09-04 12:57:48+00:00,15.78146251,,,,,152.85859535468595,0.0,0.4930212015596294,0.7953511781112829
2022-09-04 12:57:50+00:00,15.65217904,,,,,96.38968959779078,0.0,0.4929141019045208,0.7639695902524833
2022-09-04 12:57:52+00:00,15.98124677,,,,,84.37536018195229,0.0,0.49282035150431863,0.7557524352654112
2022-09-04 12:57:54+00:00,16.1137672,,,,,121.54160079509337,0.0,0.49268530528121296,0.7811123026157951
2022-09-04 12:57:56+00:00,16.35965169,,,,,149.3827692407453,0.0,0.49251932442650104,0.7967375995450154
2022-09-04 12:57:58+00:00,18.32840773,,,,,159.83869509333658,0.0,0.49234172587639735,0.8147232751058535
2022-09-04 12:58:00+00:00,18.25439316,,,,,124.62284915431775,0.0,0.49220325604400367,0.8022136415604022
2022-09-04 12:58:02+00:00,18.06772937,,,,,63.77543645286626,0.0,0.49213239444794493,0.7579699679427946
2022-09-04 12:58:04+00:00,18.73747623,,,,,62.69693457951171,0.0,0.49206273118730104,0.7651691034945189
2022-09-04 12:58:06+00:00,16.99784024,,,,,68.2183426894336,0.0,0.49198693302875723,0.748826873303922
2022-09-04 12:58:08+00:00,18.18833907,,,,,105.44614947067049,0.0,0.4918697706404565,0.7951078774730436
2022-09-04 12:58:10+00:00,18.37445772,,,,,127.50847895842354,0.0,0.4917280945527249,0.804366191656964
2022-09-04 12:58:12+00:00,18.56237599,,,,,115.91782625670344,0.0,0.49159929696799526,0.8026171462791902
2022-09-04 12:58:14+00:00,18.82453187,,,,,113.67222922208659,0.0,0.49147299449108184,0.8035889499755947
2022-09-04 12:58:16+00:00,19.28048093,,,,,108.45267541044834,0.0,0.49135249151840354,0.8035361320039819
2022-09-04 12:58:18+00:00,18.96150514,,,,,110.22934093467471,0.0,0.4912300144729206,0.8029979533047562
2022-09-04 12:58:20+00:00,19.25709171,,,,,116.28585758088559,0.0,0.4911008079644974,0.8056909265848957
2022-09-04 12:58:22+00:00,19.92035401,,,,,115.5459452758705,0.0,0.4909724235808575,0.8076405193737468
2022-09-04 12:58:24+00:00,19.53042842,,,,,80.31381340040818,0.0,0.49088318601041264,0.7812714066124382
2022-09-04 12:58:26+00:00,19.52927296,,,,,68.32636992495428,0.0,0.49080726782160716,0.7716070390597376
2022-09-04 12:58:28+00:00,19.01054736,,,,,108.09434087566497,0.0,0.490687162998412,0.8025323461626369
2022-09-04 12:58:30+00:00,19.25149655,,,,,166.4459094963971,0.0,0.4905022230989715,0.8202852461263019
2022-09-04 12:58:32+00:00,20.75551009,,,,,207.42262285423737,0.0,0.4902717535180224,0.8335323806766686
2022-09-04 12:58:34+00:00,21.38728335,,,,,165.64807552461698,0.0,0.4900877001007728,0.824421896466561
2022-09-04 12:58:36+00:00,21.40583423,,,,,88.50901922620153,0.0,0.489989356746077,0.7914334750197616
2022-09-04 12:58:38+00:00,20.86474118,,,,,48.58500694599003,0.0,0.4899353734050259,0.40746865516895764
2022-09-04 12:58:40+00:00,20.19154357,,,,,0.0,5.9572547252615875,0.4899353734050259,0.13280272832584336
2022-09-04 12:58:42+00:00,19.17117465,,,,,45.125738665469825,0.0,0.4898852336953976,0.33892665634637575
2022-09-04 12:58:44+00:00,18.50046908,,,,,66.54028682616219,0.0,0.48981130004336854,0.7659607799880516
2022-09-04 12:58:46+00:00,19.41617138,,,,,92.45090427425056,0.0,0.4897085768163971,0.7911540966992948
2022-09-04 12:58:48+00:00,19.07867971,,,,,78.59231760028781,0.0,0.4896212520190635,0.7790247887480306
2022-09-04 12:58:50+00:00,18.58070863,,,,,73.8528480641572,0.0,0.4895391932989922,0.7731795501649628
2022-09-04 12:58:52+00:00,18.81089703,,,,,102.11683543702624,0.0,0.4894257301485066,0.7989679982734228
2022-09-04 12:58:54+00:00,19.13816031,,,,,149.85992031599014,0.0,0.4892592191259333,0.8151644501482755
2022-09-04 12:58:56+00:00,19.27621861,,,,,198.6939644007376,0.0,0.4890384480543769,0.8299731561456736
2022-09-04 12:58:58+00:00,20.98561623,,,,,250.50901105390892,0.0,0.48876010470876147,0.8340231705485857
2022-09-04 12:59:00+00:00,22.13210706,,,,,231.06474346959206,0.0,0.48850336610490636,0.840685495673347
2022-09-04 12:59:02+00:00,22.4961768,,,,,167.1880421612182,0.0,0.4883176016136161,0.8277191751653652
2022-09-04 12:59:04+00:00,22.38250738,,,,,143.39480894808568,0.0,0.48815827404811823,0.822451524414478
2022-09-04 12:59:06+00:00,22.42240796,,,,,169.2673392962289,0.0,0.487970199226678,0.8279441762861567
2022-09-04 12:59:08+00:00,22.97901807,,,,,217.35570070795032,0.0,0.48772869289255805,0.8390494270169635
2022-09-04 12:59:10+00:00,23.71504537,,,,,269.040199630285,0.0,0.4874297593374133,0.8432937143450614
2022-09-04 12:59:12+00:00,24.54831871,,,,,364.35111500030035,0.0,0.4870249247651907,0.8334474522182665
2022-09-04 12:59:14+00:00,25.83383985,,,,,400.12130353691015,0.0,0.4865803455390386,0.8275822351833255
2022-09-04 12:59:16+00:00,28.58436268,,,,,300.0334836699181,0.0,0.4862469750016276,0.8318306905779228
2022-09-04 12:59:18+00:00,27.45134059,,,,,62.99280543883164,0.0,0.4861769829955845,0.3812444935519407
2022-09-04 12:59:20+00:00,25.31200921,,,,,-41.84196426307992,0.0,0.4862215373065073,0.7890233263798176
2022-09-04 12:59:22+00:00,23.46989525,,,,,59.57173621213051,0.0,0.48615534648849384,0.7769055062050947
2022-09-04 12:59:24+00:00,24.24938053,,,,,241.77488183309998,0.0,0.48588670773090153,0.8459198220016069
2022-09-04 12:59:26+00:00,25.41119229,,,,,350.9201186870493,0.0,0.48549679648791594,0.8354064005854058
2022-09-04 12:59:28+00:00,26.96300077,,,,,379.57616599210263,0.0,0.48507504519236916,0.8274230802142551
2022-09-04 12:59:30+00:00,27.29676015,,,,,354.37344437123414,0.0,0.48468129692084555,0.8297708960084873
2022-09-04 12:59:32+00:00,28.48104457,,,,,337.2614115222503,0.0,0.4843065620191542,0.8284107949058557
2022-09-04 12:59:34+00:00,28.94822757,,,,,252.308376420079,0.0,0.4840262193786874,0.8254099071348955
2022-09-04 12:59:36+00:00,28.89094076,,,,,66.69602245265315,0.0,0.48395211268707333,0.4623312659908887
2022-09-04 12:59:38+00:00,27.47656442,,,,,-157.3714858812821,0.0,0.48411963887469717,0.8331316014209958
2022-09-04 12:59:40+00:00,23.98125176,,,,,-200.0,98.87612870585804,0.4843325487317338,0.8120141302842021
2022-09-04 12:59:42+00:00,19.08750321,,,,,-200.0,95.68993772576016,0.4845454642663667,0.7690041845011069
2022-09-04 12:59:44+00:00,15.00484443,,,,,-200.0,6.543446373732365,0.4847583854787471,0.7238313837764556
2022-09-04 12:59:46+00:00,10.58498601,,,,,-114.51925786419933,0.0,0.4848803066260178,0.6467911893226046
2022-09-04 12:59:48+00:00,7.02102385,,,,,-52.4463802400101,0.0,0.48493614370184873,0.5907213986696982
2022-09-04 12:59:50+00:00,4.866445081,,,,,0.0,38.04900528079446,0.48493614370184873,0.463602423461676
2022-09-04 12:59:52+00:00,3.797544352,,,,,0.0,14.974605537810266,0.48493614370184873,0.32921569585042504
2022-09-04 12:59:54+00:00,3.265849266,,,,,0.0,7.505383903299435,0.48493614370184873,0.24891894426832722
2022-09-04 12:59:56+00:00,2.524184454,,,,,0.0,3.9434231708832352,0.48493614370184873,0.16945612839427934
2022-09-04 12:59:58+00:00,1.928152966,,,,,24.495849150797614,0.0,0.4849089260916812,0.05587703972771815
2022-09-04 13:00:00+00:00,1.784608445,,,,,44.332655458569114,0.0,0.4848596675856161,0.15017610000942105
2022-09-04 13:00:02+00:00,3.202288376,,,,,48.76134834935358,0.0,0.4848054883096724,0.2797113360525531
2022-09-04 13:00:04+00:00,3.696270387,,,,,24.495849150797614,0.0,0.48477827069950485,0.26633930713579257
2022-09-04 13:00:06+00:00,2.983399198,,,,,0.0,3.2810188660780306,0.48477827069950485,0.14099140014680267
2022-09-04 13:00:08+00:00,2.26772612,,,,,0.0,3.8150069009914076,0.48477827069950485,0.1639378456800684
2022-09-04 13:00:10+00:00,1.78641122,,,,,0.0,1.9268838773822659,0.48477827069950485,0.08280173533935559
2022-09-04 13:00:12+00:00,1.415056078,,,,,0.0,0.7304966548424645,0.48477827069950485,0.03139078145317353
2022-09-04 13:00:14+00:00,1.053690082,,,,,0.0,0.09508338091004298,0.48477827069950485,0.01
2022-09-04 13:00:16+00:00,0.862119785,,,,,24.4958491507976,0.0,0.4847510530893373,0.01811700673905827
2022-09-04 13:00:18+00:00,0.688802489,,,,,24.495849150797607,0.0,0.48472383547916975,0.03140722345517915
2022-09-04 13:00:20+00:00,0.787034474,,,,,24.495849150797607,0.0,0.4846966178690022,0.0452822351322791
2022-09-04 13:00:22+00:00,0.784690522,,,,,24.495849150797607,0.0,0.48466940025883465,0.04619799155345885
2022-09-04 13:00:24+00:00,0.735407182,,,,,24.49584915079761,0.0,0.4846421826486671,0.051891682229451876
2022-09-04 13:00:26+00:00,0.744870597,,,,,48.90634003226585,0.0,0.48458784227085344,0.06514347269114858
2022-09-04 13:00:28+00:00,1.139425344,,,,,86.23729214079204,0.0,0.48449202305736366,0.10851133745734369
2022-09-04 13:00:30+00:00,3.431716715,,,,,120.86943854710316,0.0,0.4843577236812002,0.3244112211168302
2022-09-04 13:00:32+00:00,5.323352748,,,,,154.6518715281455,0.0,0.48418588826839115,0.484023930720998
2022-09-04 13:00:34+00:00,7.218639565,,,,,230.01868852448533,0.0,0.4839303119478084,0.5423029172133678
2022-09-04 13:00:36+00:00,10.73137611,,,,,370.82524935839615,0.0,0.48351828389296575,0.6249682446904857
2022-09-04 13:00:38+00:00,14.70209686,,,,,490.3170537022978,0.0,0.48297348716662986,0.7006373095259231
2022-09-04 13:00:40+00:00,18.73420103,,,,,553.0459198958908,0.0,0.48235899170007884,0.753993922828137
2022-09-04 13:00:42+00:00,21.33765822,,,,,522.6549023432982,0.0,0.48177826403080853,0.7809987115710777
2022-09-04 13:00:44+00:00,24.1263201,,,,,436.07951862941997,0.0,0.4812937312323314,0.8185187651962034
2022-09-04 13:00:46+00:00,25.28210434,,,,,288.9317942929627,0.0,0.4809726959053392,0.8445433083586437
2022-09-04 13:00:48+00:00,25.25617011,,,,,132.35186931317784,0.0,0.480825638272769,0.827087594509204
2022-09-04 13:00:50+00:00,24.76660437,,,,,99.77119027669991,0.0,0.48071478139468377,0.807247040320553
2022-09-04 13:00:52+00:00,23.49576025,,,,,140.91738051994508,0.0,0.48055820652743936,0.8258906432661905
2022-09-04 13:00:54+00:00,24.89716395,,,,,198.2541581415908,0.0,0.48033792412950427,0.8402196588262569
2022-09-04 13:00:56+00:00,25.21821227,,,,,203.86871195502127,0.0,0.48011140333844315,0.8393415029136249
2022-09-04 13:00:58+00:00,24.55030524,,,,,185.1272516811184,0.0,0.4799057063921308,0.8370812247357541
2022-09-04 13:01:00+00:00,25.34311657,,,,,217.4396721790337,0.0,0.47966410675637633,0.8406956589037387
2022-09-04 13:01:02+00:00,25.98642435,,,,,242.4619550120543,0.0,0.47939470458414074,0.8405741191871083
2022-09-04 13:01:04+00:00,25.69988702,,,,,236.69464072231057,0.0,0.47913171053889375,0.8414567137396551
2022-09-04 13:01:06+00:00,26.56742028,,,,,244.76295464511583,0.0,0.4788597517003992,0.837490013952277
2022-09-04 13:01:08+00:00,27.13496888,,,,,187.19699228141226,0.0,0.4786517550423087,0.8275548618029978
2022-09-04 13:01:10+00:00,26.58461274,,,,,66.99197274035745,0.0,0.47857731951704163,0.778149092403648
2022-09-04 13:01:12+00:00,25.35618607,,,,,57.681876042670105,0.0,0.4785132285436609,0.13141335994736847
2022-09-04 13:01:14+00:00,24.1898118,,,,,55.165222844470776,0.0,0.4784519338516115,0.14368984182266686
2022-09-04 13:01:16+00:00,24.01394506,,,,,54.823997795994295,0.0,0.47839101829850483,0.205919179312639
2022-09-04 13:01:18+00:00,22.82804617,,,,,-17.50160972634845,0.0,0.4784096362566177,0.6077451237570182
2022-09-04 13:01:20+00:00,21.82882803,,,,,-101.35949038747019,0.0,0.47851746126126216,0.8253818462348594
2022-09-04 13:01:22+00:00,19.84991682,,,,,-164.85689172453448,2.842170943040401e-14,0.4786928364064933,0.8277062653815783
2022-09-04 13:01:24+00:00,15.56923565,,,,,-149.13410854952198,0.0,0.478851489105633,0.7887099567198799
2022-09-04 13:01:26+00:00,12.96754783,,,,,-109.2157318923468,0.0,0.47896767791963873,0.7700437989714188
2022-09-04 13:01:28+00:00,11.09098724,,,,,-81.24472770228883,0.0,0.47905411112715046,0.7305622870492967
2022-09-04 13:01:30+00:00,8.641681822,,,,,-59.4899693861247,0.0,0.4791174009517906,0.6575119544327934
2022-09-04 13:01:32+00:00,5.594216548,,,,,-27.53536779119921,0.0,0.4791466953427619,0.5337439354009141
2022-09-04 13:01:34+00:00,3.958995307,,,,,0.0,25.106022613477457,0.4791466953427619,0.3659853495535632
2022-09-04 13:01:36+00:00,3.044102927,,,,,0.0,8.622778507569409,0.4791466953427619,0.24237551363665805
2022-09-04 13:01:38+00:00,2.373407395,,,,,0.0,2.4139294368421265,0.4791466953427619,0.10373097658008411
2022-09-04 13:01:40+00:00,2.372980522,,,,,0.0,0.7579035825231885,0.4791466953427619,0.03256850741731786
2022-09-04 13:01:42+00:00,1.901051345,,,,,0.0,0.49631918295242416,0.4791466953427619,0.021327745855916447
2022-09-04 13:01:44+00:00,1.576525356,,,,,0.0,0.5352377452123586,0.4791466953427619,0.023000147877574973
2022-09-04 13:01:46+00:00,1.309361301,,,,,0.0,0.16303505233357382,0.4791466953427619,0.01
2022-09-04 13:01:48+00:00,1.023003224,,,,,5.071922084341131,0.0,0.4791410598737793,0.01
2022-09-04 13:01:50+00:00,0.761222973,,,,,24.4958491507976,0.0,0.47911384226361176,0.011451751407132163
2022-09-04 13:01:52+00:00,0.629881562,,,,,24.495849150797607,0.0,0.4790866246534442,0.021418272113742635
2022-09-04 13:01:54+00:00,0.553516921,,,,,24.49584915079761,0.0,0.47905940704327665,0.02654135492897306
2022-09-04 13:01:56+00:00,0.582000881,,,,,24.495849150797607,0.0,0.4790321894331091,0.03104284573970647
2022-09-04 13:01:58+00:00,0.528089059,,,,,24.495849150797614,0.0,0.47900497182294155,0.029809525408945842
2022-09-04 13:02:00+00:00,0.515888717,,,,,24.495849150797607,0.0,0.478977754212774,0.03013275974321002
2022-09-04 13:02:02+00:00,0.562460035,,,,,24.495849150797614,0.0,0.47895053660260645,0.03340538796184787
2022-09-04 13:02:04+00:00,0.542174403,,,,,26.442119746141262,0.0,0.4789211564695552,0.03974808664879209
2022-09-04 13:02:06+00:00,0.521863528,,,,,35.11048381683197,0.0,0.4788821448208698,0.040805518604707394
2022-09-04 13:02:08+00:00,1.096417875,,,,,36.60458582791594,0.0,0.4788414730588388,0.08672597387933767
2022-09-04 13:02:10+00:00,1.415225707,,,,,32.03838040035294,0.0,0.47880587485839393,0.10810908762025075
2022-09-04 13:02:12+00:00,1.21083058,,,,,24.495849150797614,0.0,0.4787786572482264,0.07761281165467697
2022-09-04 13:02:14+00:00,1.482754646,,,,,24.495849150797607,0.0,0.47875143963805883,0.08176591550693002
2022-09-04 13:02:16+00:00,1.165165268,,,,,26.27683011016971,0.0,0.47872224316015866,0.08531949329173323
2022-09-04 13:02:18+00:00,1.356590766,,,,,42.38409203631424,0.0,0.47867514972456277,0.11234906464251514
2022-09-04 13:02:20+00:00,1.854339186,,,,,81.97710882840414,0.0,0.4785840640480868,0.17499151049400652
2022-09-04 13:02:22+00:00,3.011865665,,,,,135.4591162322348,0.0,0.4784335539189399,0.2819764529268065
2022-09-04 13:02:24+00:00,6.258274111,,,,,156.451938491494,0.0,0.4782597184317271,0.5655647798737177
2022-09-04 13:02:26+00:00,8.977741987,,,,,152.18517935717276,0.0,0.4780906237879969,0.6684495865000356
2022-09-04 13:02:28+00:00,9.277733402,,,,,109.78800353272561,0.0,0.47796863711740495,0.677989800476388
2022-09-04 13:02:30+00:00,10.08812978,,,,,113.78613393832242,0.0,0.4778422080796957,0.6994892613863333
2022-09-04 13:02:32+00:00,11.65239359,,,,,131.21650521020138,0.0,0.47769641196279544,0.7518259443859614
2022-09-04 13:02:34+00:00,12.85949114,,,,,130.94885317767475,0.0,0.47755091323704246,0.7700156822458205
2022-09-04 13:02:36+00:00,13.15505587,,,,,145.9106458444868,0.0,0.47738879029721526,0.7835818662533413
2022-09-04 13:02:38+00:00,14.36474249,,,,,194.7020241125202,0.0,0.477172454714868,0.7883985295776126
2022-09-04 13:02:40+00:00,16.78844196,,,,,235.83562952669098,0.0,0.476910415126505,0.8075433895590863
2022-09-04 13:02:42+00:00,17.78849048,,,,,196.75218798787455,0.0,0.47669180158429625,0.8222810713055064
2022-09-04 13:02:44+00:00,18.49607507,,,,,167.48826848099898,0.0,0.47650570350820626,0.8185287192840844
2022-09-04 13:02:46+00:00,18.77426769,,,,,196.87111175457036,0.0,0.47628695782847896,0.829253016009462
2022-09-04 13:02:48+00:00,19.93998935,,,,,280.26236579147127,0.0,0.47597555519982176,0.8265634548573463
2022-09-04 13:02:50+00:00,21.79193075,,,,,340.1524454041319,0.0,0.4755976080382616,0.8263163905947297
2022-09-04 13:02:52+00:00,23.7637601,,,,,282.7532236127118,0.0,0.47528343778980303,0.841602672707674
2022-09-04 13:02:54+00:00,24.09530272,,,,,141.7930338037442,0.0,0.47512588997446553,0.8282855238428898
2022-09-04 13:02:56+00:00,23.08208509,,,,,53.00344199376638,0.0,0.4750669972611391,0.19893621992356186
2022-09-04 13:02:58+00:00,22.29051732,,,,,-41.621559782555394,0.0,0.47511125522484526,0.7837885414584076
2022-09-04 13:03:00+00:00,20.95837829,,,,,-122.24280481564922,0.0,0.4752412418873193,0.8309386423340511
2022-09-04 13:03:02+00:00,18.52162547,,,,,-200.0,5.710458159932671,0.475453914987103,0.8056133465025587
2022-09-04 13:03:04+00:00,14.01778266,,,,,-180.89007305894216,0.0,0.47564627237928436,0.7208531228084202
2022-09-04 13:03:06+00:00,9.090919998,,,,,-89.50814337136461,0.0,0.47574145708462134,0.5953532128583852
2022-09-04 13:03:08+00:00,6.22186083,,,,,-41.198355433896616,0.0,0.47578526874214105,0.5829347283179062
2022-09-04 13:03:10+00:00,4.534528956,,,,,0.0,30.900215906081755,0.47578526874214105,0.4232855568400409
2022-09-04 13:03:12+00:00,3.250621458,,,,,0.0,12.012471566321205,0.47578526874214105,0.2766741002992789
2022-09-04 13:03:14+00:00,2.676217849,,,,,0.0,4.824088147616359,0.47578526874214105,0.19553487392796376
2022-09-04 13:03:16+00:00,2.288763949,,,,,0.0,1.9617890456025688,0.47578526874214105,0.08430167445601874
2022-09-04 13:03:18+00:00,1.868655858,,,,,0.0,1.0462436074751202,0.47578526874214105,0.044959007288149756
2022-09-04 13:03:20+00:00,1.512648262,,,,,0.0,0.4068720026814649,0.47578526874214105,0.01748403641676259
2022-09-04 13:03:22+00:00,1.254672379,,,,,9.83699639569829,0.0,0.47577433874614583,0.01
2022-09-04 13:03:24+00:00,1.042165953,,,,,24.495849150797607,0.0,0.4757471211359783,0.013805379866624194
2022-09-04 13:03:26+00:00,0.87180188,,,,,24.495849150797607,0.0,0.47571990352581073,0.01906312735678028
2022-09-04 13:03:28+00:00,0.695866986,,,,,24.49584915079761,0.0,0.4756926859156432,0.02632822873394557
2022-09-04 13:03:30+00:00,0.630371737,,,,,24.495849150797614,0.0,0.4756654683054756,0.03276148727418973
2022-09-04 13:03:32+00:00,0.735151339,,,,,24.49584915079761,0.0,0.4756382506953081,0.039321009973618516
2022-09-04 13:03:34+00:00,0.656738929,,,,,24.495849150797603,0.0,0.4756110330851405,0.029896098687541745
2022-09-04 13:03:36+00:00,0.532648213,,,,,24.4958491507976,0.0,0.47558381547497297,0.023079379632546956
2022-09-04 13:03:38+00:00,0.487109331,,,,,24.49584915079761,0.0,0.4755565978648054,0.033863685327038685
2022-09-04 13:03:40+00:00,0.502291934,,,,,57.24990440242201,0.0,0.4754929868599138,0.04502752900418797
2022-09-04 13:03:42+00:00,0.974263974,,,,,122.05798823996821,0.0,0.4753573668729805,0.09202732807870764
2022-09-04 13:03:44+00:00,4.017216616,,,,,196.06965394899333,0.0,0.4751395117019261,0.3372764926427103
2022-09-04 13:03:46+00:00,7.813132365,,,,,232.7768358829875,0.0,0.4748808707731672,0.5683978049181315
2022-09-04 13:03:48+00:00,9.702515281,,,,,211.76771621880133,0.0,0.4746455733107019,0.6646568960445404
2022-09-04 13:03:50+00:00,11.53593612,,,,,239.80989386699298,0.0,0.4743791178730719,0.7168450514365574
2022-09-04 13:03:52+00:00,13.71196264,,,,,332.68839713861223,0.0,0.47400946409847344,0.7335253329863314
2022-09-04 13:03:54+00:00,17.38546264,,,,,393.34154225005466,0.0,0.4735724179404178,0.7765488227204762
2022-09-04 13:03:56+00:00,20.17881386,,,,,332.246784475831,0.0,0.4732032548465558,0.8208445753616921
2022-09-04 13:03:58+00:00,20.38656699,,,,,228.9844253166052,0.0,0.4729488277073151,0.8340311427920699
2022-09-04 13:04:00+00:00,20.9712911,,,,,206.0876850894612,0.0,0.47271984139054907,0.8334367948936401
2022-09-04 13:04:02+00:00,22.34074786,,,,,183.26824034521587,0.0,0.4725162100123877,0.8306759999709663
2022-09-04 13:04:04+00:00,22.54542743,,,,,77.66431481630036,0.0,0.47242991632925846,0.7863160747395819
2022-09-04 13:04:06+00:00,21.25838948,,,,,49.37846131452185,0.0,0.47237505137224234,0.1410570119146397
2022-09-04 13:04:08+00:00,20.02674252,,,,,47.50168827618381,0.0,0.47232227171860214,0.7569887180131383
2022-09-04 13:04:10+00:00,20.65078333,,,,,126.33730801238328,0.0,0.4721818969319217,0.8128385561245353
2022-09-04 13:04:12+00:00,20.8613723,,,,,167.09801811302958,0.0,0.4719962324673517,0.8235231417705802
2022-09-04 13:04:14+00:00,21.37646695,,,,,170.82069400512813,0.0,0.4718064316962349,0.8256069860393351
2022-09-04 13:04:16+00:00,21.93988974,,,,,151.2913500306036,0.0,0.4716383301962009,0.8227122695909205
2022-09-04 13:04:18+00:00,22.06692644,,,,,50.99586066273717,0.0,0.4715816681287978,0.6794002024333071
2022-09-04 13:04:20+00:00,21.50935649,,,,,-49.6862832549209,0.0,0.4716344785640981,0.7912262127119103
2022-09-04 13:04:22+00:00,18.69927412,,,,,-102.78025038097476,0.0,0.47174372210911847,0.8204002390454479
2022-09-04 13:04:24+00:00,17.19921213,,,,,-125.48895833655223,0.0,0.4718771042178936,0.8151995462190695
2022-09-04 13:04:26+00:00,14.52300196,,,,,-112.01300419387636,0.0,0.4719961647383613,0.7892400917280546
2022-09-04 13:04:28+00:00,11.51202915,,,,,-80.29284069559759,0.0,0.4720815106341055,0.7461382220184545
2022-09-04 13:04:30+00:00,9.801176963,,,,,-48.82307118304454,0.0,0.4721334068345149,0.6923317785669287
2022-09-04 13:04:32+00:00,8.3652129,,,,,-30.686545100614808,0.0,0.4721660251320265,0.6325928447854882
2022-09-04 13:04:34+00:00,6.920594977,,,,,-21.977308415583806,0.0,0.4721893860322231,0.5871007048375297
2022-09-04 13:04:36+00:00,5.479883629,,,,,0.0,25.40083303853846,0.4721893860322231,0.48872530611432674
2022-09-04 13:04:38+00:00,4.385531726,,,,,0.0,12.510815058004251,0.4721893860322231,0.34974387605552665
2022-09-04 13:04:40+00:00,3.915802815,,,,,0.0,7.064644311077745,0.4721893860322231,0.28614265936044203
2022-09-04 13:04:42+00:00,3.588490181,,,,,0.0,6.750463261115048,0.4721893860322231,0.2639838837606298
2022-09-04 13:04:44+00:00,2.592830389,,,,,0.0,5.12222584464214,0.4721893860322231,0.19229718345970856
2022-09-04 13:04:46+00:00,1.953723447,,,,,0.0,1.6271755798051633,0.4721893860322231,0.06992271993719137
2022-09-04 13:04:48+00:00,1.73015015,,,,,24.495849150797614,0.0,0.47216216842205555,0.05080732622975867
2022-09-04 13:04:50+00:00,1.942595242,,,,,24.495849150797614,0.0,0.472134950811888,0.08121795047833695
2022-09-04 13:04:52+00:00,1.815828913,,,,,24.49584915079761,0.0,0.47210773320172045,0.0668063018114569
2022-09-04 13:04:54+00:00,1.402215425,,,,,24.49584915079761,0.0,0.4720805155915529,0.09756542374068809
2022-09-04 13:04:56+00:00,1.67580848,,,,,33.105765131077824,0.0,0.47204373140807393,0.1290482777584574
2022-09-04 13:04:58+00:00,2.359806054,,,,,55.63980985197564,0.0,0.4719819093971273,0.21085541584446316
2022-09-04 13:05:00+00:00,2.037705482,,,,,98.24584135875898,0.0,0.4718727473511731,0.19558315636389711
2022-09-04 13:05:02+00:00,4.804015164,,,,,131.96933280224152,0.0,0.47172611475917064,0.4508003595622675
2022-09-04 13:05:04+00:00,7.795170651,,,,,157.22632929233885,0.0,0.4715514188377347,0.6281994460423976
2022-09-04 13:05:06+00:00,8.213456547,,,,,142.97547381584724,0.0,0.47139255720016154,0.646681218726579
2022-09-04 13:05:08+00:00,10.29576695,,,,,177.74219023523287,0.0,0.47119506587767795,0.7029345352717873
2022-09-04 13:05:10+00:00,12.40735084,,,,,212.4067288577119,0.0,0.47095905840116936,0.7600426156155445
2022-09-04 13:05:12+00:00,14.39121044,,,,,199.3170975135117,0.0,0.4707375949594877,0.7877728853480473
2022-09-04 13:05:14+00:00,15.52920992,,,,,142.38100289677294,0.0,0.47057939384515796,0.7881380728411771
2022-09-04 13:05:16+00:00,15.97244456,,,,,51.56628695675057,0.0,0.47052209797076155,0.7187571695039298
2022-09-04 13:05:18+00:00,15.4381679,,,,,-29.071644647285325,0.0,0.4705529934622396,0.7233515317450663
2022-09-04 13:05:20+00:00,13.72988524,,,,,-67.21598579587223,-1.4210854715202004e-14,0.4706244266058121,0.7684599862680175
2022-09-04 13:05:22+00:00,11.53873455,,,,,-70.07628471737246,-1.4210854715202004e-14,0.47069890017203797,0.7533481150646277
2022-09-04 13:05:24+00:00,9.486424435,,,,,-51.01229144807082,0.0,0.4707531139874167,0.691385413798368
2022-09-04 13:05:26+00:00,7.653013645,,,,,-30.079641345410163,0.0,0.47078508164007293,0.6197334510268291
2022-09-04 13:05:28+00:00,6.213210627,,,,,0.0,29.206625320629158,0.47078508164007293,0.5549038968717961
2022-09-04 13:05:30+00:00,5.328703356,,,,,0.0,15.866347861373841,0.47078508164007293,0.42919422233105275
2022-09-04 13:05:32+00:00,4.694946104,,,,,0.0,10.184328668984774,0.47078508164007293,0.3539893170069131
2022-09-04 13:05:34+00:00,4.072742321,,,,,0.0,8.075772125544027,0.47078508164007293,0.3022453402690449
2022-09-04 13:05:36+00:00,3.327329794,,,,,0.0,5.864805471877628,0.47078508164007293,0.24226118033896787
2022-09-04 13:05:38+00:00,2.801675992,,,,,0.0,4.133937156319398,0.47078508164007293,0.17764286387206105
2022-09-04 13:05:40+00:00,2.35736029,,,,,0.0,2.9863690995249037,0.47078508164007293,0.1283297591032958
2022-09-04 13:05:42+00:00,1.780304909,,,,,0.0,1.1457415792815573,0.47078508164007293,0.04923461767911513
2022-09-04 13:05:44+00:00,1.337656084,,,,,24.495849150797603,0.0,0.4707578640299054,0.062453840447960075
2022-09-04 13:05:46+00:00,1.531233557,,,,,30.800743286727588,0.0,0.470723640981809,0.11589495810070569
2022-09-04 13:05:48+00:00,2.282307633,,,,,26.23172186707703,0.0,0.47069449462417895,0.16706830891121432
2022-09-04 13:05:50+00:00,1.783830977,,,,,37.961636144176936,0.0,0.4706523150284632,0.14260307714263043
2022-09-04 13:05:52+00:00,1.572451207,,,,,100.90109795872526,0.0,0.470540202697398,0.15065609748069486
2022-09-04 13:05:54+00:00,3.939589618,,,,,240.91496293766843,0.0,0.470272519405245,0.30830560807767243
2022-09-04 13:05:56+00:00,8.956502651,,,,,366.35789203150335,0.0,0.46986545508076555,0.5497437593955642
2022-09-04 13:05:58+00:00,13.01323747,,,,,330.3104807143843,0.0,0.4694984434355273,0.7215712498031156
2022-09-04 13:06:00+00:00,14.58382638,,,,,222.87888232486776,0.0,0.46925080023294413,0.7853773274052335
2022-09-04 13:06:02+00:00,15.319598,,,,,174.22595584245119,0.0,0.46905721583756366,0.8021372579621576
2022-09-04 13:06:04+00:00,16.58476707,,,,,179.14005805649754,0.0,0.468858171328612,0.8125168986404888
2022-09-04 13:06:06+00:00,17.70522819,,,,,170.83489159775945,0.0,0.46866835478239227,0.8144264184941017
2022-09-04 13:06:08+00:00,18.24951338,,,,,133.13509787267168,0.0,0.4685204268958671,0.8050229874271552
2022-09-04 13:06:10+00:00,18.46293073,,,,,112.82955610594995,0.0,0.46839506072241605,0.8005631370164668
2022-09-04 13:06:12+00:00,18.37105572,,,,,119.53238206406806,0.0,0.4682622469645671,0.8017314799744741
2022-09-04 13:06:14+00:00,19.02176982,,,,,129.00657333254966,0.0,0.4681189063275309,0.8087129712085684
2022-09-04 13:06:16+00:00,19.49968167,,,,,97.54029477179732,0.0,0.4680105282222289,0.7955535981989612
2022-09-04 13:06:18+00:00,19.26892923,,,,,45.32745150804028,0.0,0.46796016438721993,0.48526568137523696
2022-09-04 13:06:20+00:00,18.31811123,,,,,0.0,6.620903315801533,0.46796016438721993,0.15989651052690537
2022-09-04 13:06:22+00:00,17.40793993,,,,,42.25117359590765,0.0,0.46791321863878005,0.5129617269017832
2022-09-04 13:06:24+00:00,17.16869501,,,,,87.68470142499318,0.0,0.4678157911927523,0.7705096129884619
2022-09-04 13:06:26+00:00,18.19022604,,,,,107.8440510094043,0.0,0.46769596446940853,0.7959290096517803
2022-09-04 13:06:28+00:00,18.25356133,,,,,66.96029802639619,0.0,0.4676215641382681,0.7631492249685463
2022-09-04 13:06:30+00:00,17.64147213,,,,,42.59894016625567,0.0,0.46757423198252784,0.7076600686200047
2022-09-04 13:06:32+00:00,16.95811467,,,,,69.45805805634069,0.0,0.46749705636246525,0.7496055150165517
2022-09-04 13:06:34+00:00,17.70118297,,,,,88.94593117752277,0.0,0.4673982275500458,0.7770597639415425
2022-09-04 13:06:36+00:00,18.03026745,,,,,43.17009189726421,0.0,0.46735026078127107,0.6570351653363585
2022-09-04 13:06:38+00:00,17.13014679,,,,,-24.923343741248775,0.0,0.4673767371825053,0.7340191462293597
2022-09-04 13:06:40+00:00,15.50624287,,,,,0.0,27.05251797973804,0.4673767371825053,0.7006129515370363
2022-09-04 13:06:42+00:00,14.36349741,,,,,58.42308349430291,0.0,0.46731182264528937,0.7073549196995336
2022-09-04 13:06:44+00:00,15.67599322,,,,,160.21775399405726,0.0,0.4671338029186293,0.7990157844744211
2022-09-04 13:06:46+00:00,17.13230517,,,,,224.83475566086182,0.0,0.4668839865234506,0.8125341615642478
2022-09-04 13:06:48+00:00,18.32922228,,,,,259.93384359392684,0.0,0.46659517114167953,0.8206130251951564
2022-09-04 13:06:50+00:00,19.66565993,,,,,290.7145343375862,0.0,0.46627215499241553,0.8244632499500408
2022-09-04 13:06:52+00:00,21.86119341,,,,,265.10297000522183,0.0,0.4659775961368542,0.8358706605248343
2022-09-04 13:06:54+00:00,22.57109802,,,,,150.93970221837824,0.0,0.46580988535661155,0.8246184526244764
2022-09-04 13:06:56+00:00,21.58088439,,,,,51.306281441999964,0.0,0.46575287837723156,0.7649122631221662
2022-09-04 13:06:58+00:00,20.92613405,,,,,48.70901350293533,0.0,0.4656987572511172,0.6361051505777218
2022-09-04 13:07:00+00:00,20.80712168,,,,,48.46853435201156,0.0,0.4656449033240594,0.6383813369881328
2022-09-04 13:07:02+00:00,20.46875962,,,,,0.0,19.781916521976616,0.4656449033240594,0.4357854757067626
2022-09-04 13:07:04+00:00,19.20224237,,,,,-58.94401023688902,0.0,0.46570750693135604,0.7993103872048
2022-09-04 13:07:06+00:00,17.09736813,,,,,-43.59156315578845,0.0,0.4657538052836052,0.7645711390980412
2022-09-04 13:07:08+00:00,15.60141681,,,,,39.435127109127336,0.0,0.46570998847570616,0.24112232914542397
2022-09-04 13:07:10+00:00,16.60506834,,,,,107.86256050030717,0.0,0.46559014118626135,0.7791472643955679
2022-09-04 13:07:12+00:00,17.1819808,,,,,140.2605171690139,0.0,0.4654342961671847,0.7983950500982484
2022-09-04 13:07:14+00:00,17.57159587,,,,,123.17549609368758,0.0,0.4652974345048584,0.7949832531958453
2022-09-04 13:07:16+00:00,18.12426751,,,,,143.00008357088552,0.0,0.46513854552311296,0.8072705331165174
2022-09-04 13:07:18+00:00,18.04658622,,,,,145.3460200409241,0.0,0.4649770499452897,0.8074330189554348
2022-09-04 13:07:20+00:00,19.81489959,,,,,110.11376577488387,0.0,0.46485470131665096,0.8058281733013949
2022-09-04 13:07:22+00:00,19.15127103,,,,,45.08463734593717,0.0,0.4648046072751555,0.31424654207097635
2022-09-04 13:07:24+00:00,17.66674582,,,,,0.0,18.614995113299745,0.4648046072751555,0.45957793094498023
2022-09-04 13:07:26+00:00,16.99787276,,,,,53.2019604677297,0.0,0.4647454939857469,0.7340737102482445
2022-09-04 13:07:28+00:00,17.14998461,,,,,137.03037619867376,0.0,0.4645932380121928,0.7967823546117154
2022-09-04 13:07:30+00:00,18.66517398,,,,,167.58530596623976,0.0,0.4644070321166748,0.819803799818519
2022-09-04 13:07:32+00:00,19.33380431,,,,,120.86884357292955,0.0,0.46427273340159375,0.807233578683661
2022-09-04 13:07:34+00:00,18.85411024,,,,,83.12208459887528,0.0,0.4641803755298172,0.7824703751358749
2022-09-04 13:07:36+00:00,18.34489791,,,,,130.2948813888523,0.0,0.46403560343938516,0.8049905493384643
2022-09-04 13:07:38+00:00,19.44446569,,,,,196.63795694646782,0.0,0.46381711682055576,0.8294466429113141
2022-09-04 13:07:40+00:00,21.09713645,,,,,192.7851095741273,0.0,0.4636029111432512,0.8303170747419439
2022-09-04 13:07:42+00:00,21.04744936,,,,,102.98914315840892,0.0,0.4634884787619641,0.8019735301883768
2022-09-04 13:07:44+00:00,20.37954072,,,,,52.85840134167951,0.0,0.46342974720491775,0.7620985593483907
2022-09-04 13:07:46+00:00,19.87755523,,,,,68.43944777219295,0.0,0.46335370337405973,0.7725384545928334
2022-09-04 13:07:48+00:00,20.07475697,,,,,92.3682991341606,0.0,0.46325107193057735,0.7920157269191684
2022-09-04 13:07:50+00:00,20.02912635,,,,,93.31269182351993,0.0,0.4631473911618845,0.7927163589466191
2022-09-04 13:07:52+00:00,19.90990053,,,,,90.92649233117538,0.0,0.463046361725961,0.7905867234317463
2022-09-04 13:07:54+00:00,19.78912483,,,,,148.76580501883552,0.0,0.4628810663870512,0.8162682780466309
2022-09-04 13:07:56+00:00,20.0045165,,,,,249.04370844245207,0.0,0.46260435115544846,0.8302209356283978
2022-09-04 13:07:58+00:00,22.37029433,,,,,322.328599368287,0.0,0.4622462082672615,0.830671512041215
2022-09-04 13:08:00+00:00,24.21949638,,,,,218.3708542636036,0.0,0.46200357398474634,0.8417985210210103
2022-09-04 13:08:02+00:00,23.54997098,,,,,53.92018390618421,0.0,0.46194366266929504,0.3397366124531641
2022-09-04 13:08:04+00:00,21.51972306,,,,,-34.85160772924175,0.0,0.46198066087426753,0.7740258247311181
2022-09-04 13:08:06+00:00,20.65907754,,,,,0.0,25.695719442539357,0.46198066087426753,0.5615269103163141
2022-09-04 13:08:08+00:00,19.98389119,,,,,46.79510712178299,0.0,0.4619286663107989,0.5442609412124594
2022-09-04 13:08:10+00:00,19.28615445,,,,,87.67913791942289,0.0,0.46183124504644396,0.786962520655956
2022-09-04 13:08:12+00:00,20.05257461,,,,,115.16133250909472,0.0,0.46170328801032273,0.807986940593737
2022-09-04 13:08:14+00:00,20.40824346,,,,,54.43951393765445,0.0,0.4616427996615031,0.7633591425627847
2022-09-04 13:08:16+00:00,19.61989421,,,,,-76.073195388319,0.0,0.4617235553426112,0.8101957195703562
2022-09-04 13:08:18+00:00,17.58280651,,,,,-177.90661223516443,-2.842170943040401e-14,0.4619124144446491,0.8048584486363929
2022-09-04 13:08:20+00:00,13.0670779,,,,,-160.61426695578433,-2.842170943040401e-14,0.46208292067478407,0.7167526718287934
2022-09-04 13:08:22+00:00,8.386950036,,,,,-76.82291512733634,0.0,0.4621644767308443,0.5792789542599904
2022-09-04 13:08:24+00:00,5.716574491,,,,,-32.50015603418804,0.0,0.4621989796092261,0.5393547955842428
2022-09-04 13:08:26+00:00,4.096205231,,,,,0.0,25.685777381107634,0.4621989796092261,0.3781150292599086
2022-09-04 13:08:28+00:00,3.048657024,,,,,0.0,11.127620584181761,0.4621989796092261,0.258602312769564
2022-09-04 13:08:30+00:00,2.309270348,,,,,0.0,4.961720183763103,0.4621989796092261,0.1738113846940638
2022-09-04 13:08:32+00:00,1.77198725,,,,,0.0,2.110287713245814,0.4621989796092261,0.09068293464547413
2022-09-04 13:08:34+00:00,1.365986328,,,,,0.0,0.6455859480503623,0.4621989796092261,0.027742012602178328
2022-09-04 13:08:36+00:00,1.082907933,,,,,23.360416016593042,0.0,0.4621730235914299,0.01
2022-09-04 13:08:38+00:00,0.910266509,,,,,24.49584915079761,0.0,0.46214580598126237,0.02687723272930878
2022-09-04 13:08:40+00:00,0.910600351,,,,,24.495849150797603,0.0,0.4621185883710948,0.031963019523055074
2022-09-04 13:08:42+00:00,0.768864945,,,,,24.49584915079761,0.0,0.46209137076092727,0.026200146315620704
2022-09-04 13:08:44+00:00,0.60159583,,,,,24.495849150797607,0.0,0.4620641531507597,0.021465434651420475
2022-09-04 13:08:46+00:00,0.57117841,,,,,24.49584915079761,0.0,0.46203693554059216,0.024663004700200667
2022-09-04 13:08:48+00:00,0.50395585,,,,,24.495849150797603,0.0,0.4620097179304246,0.025036608155629886
2022-09-04 13:08:50+00:00,0.459774755,,,,,24.495849150797618,0.0,0.46198250032025706,0.023707138516693697
2022-09-04 13:08:52+00:00,0.477863989,,,,,24.495849150797607,0.0,0.4619552827100895,0.024941501864572814
2022-09-04 13:08:54+00:00,0.411964146,,,,,24.49584915079761,0.0,0.46192806509992196,0.02112670861033663
2022-09-04 13:08:56+00:00,0.382961229,,,,,24.495849150797607,0.0,0.4619008474897544,0.019532611786857165
2022-09-04 13:08:58+00:00,0.362289938,,,,,24.495849150797607,0.0,0.46187362987958686,0.019084369832980987
2022-09-04 13:09:00+00:00,0.327968204,,,,,24.495849150797607,0.0,0.4618464122694193,0.017579928338548854
2022-09-04 13:09:02+00:00,0.311522588,,,,,24.49584915079761,0.0,0.46181919465925175,0.0173880249150867
2022-09-04 13:09:04+00:00,0.30281159,,,,,24.49584915079761,0.0,0.4617919770490842,0.01769197385862719
2022-09-04 13:09:06+00:00,0.314866755,,,,,24.49584915079761,0.0,0.46176475943891665,0.018541581073817037
2022-09-04 13:09:08+00:00,0.320762251,,,,,24.49584915079761,0.0,0.4617375418287491,0.018858102670069772
2022-09-04 13:09:10+00:00,0.301804523,,,,,24.495849150797614,0.0,0.46171032421858155,0.01792991349759213
2022-09-04 13:09:12+00:00,0.321566582,,,,,24.495849150797603,0.0,0.461683106608414,0.021284103284313335
2022-09-04 13:09:14+00:00,0.336087189,,,,,27.41819271334703,0.0,0.4616526419498436,0.024813709889170567
2022-09-04 13:09:16+00:00,0.486871043,,,,,30.890638211932874,0.0,0.46161831901849704,0.03687459965965812
2022-09-04 13:09:18+00:00,0.769816021,,,,,29.250633522239713,0.0,0.46158581831458345,0.057601678415288245
2022-09-04 13:09:20+00:00,0.859088615,,,,,24.49584915079761,0.0,0.4615586007044159,0.05444898539368723
2022-09-04 13:09:22+00:00,0.770595181,,,,,24.495849150797607,0.0,0.46153138309424835,0.03011465021519662
2022-09-04 13:09:24+00:00,0.608311585,,,,,24.495849150797618,0.0,0.4615041654840808,0.020607232917725402
2022-09-04 13:09:26+00:00,0.504174512,,,,,34.13305922191052,0.0,0.4614662398627231,0.03912871928939868
2022-09-04 13:09:28+00:00,0.473622508,,,,,78.2941419641144,0.0,0.4613792463716519,0.04434700774428223
2022-09-04 13:09:30+00:00,2.208931742,,,,,135.96703936678605,0.0,0.4612281718834666,0.20673490292283828
2022-09-04 13:09:32+00:00,5.238130925,,,,,183.2556397248387,0.0,0.46102455450599455,0.45046025665217926
2022-09-04 13:09:34+00:00,7.83926846,,,,,198.82989791679324,0.0,0.4608036323971981,0.5973402553237397
2022-09-04 13:09:36+00:00,10.05230635,,,,,191.74175308719487,0.0,0.460590586004879,0.6911586499355824
2022-09-04 13:09:38+00:00,11.72234532,,,,,196.3426190551298,0.0,0.4603724275392622,0.7428067649097528
2022-09-04 13:09:40+00:00,13.30443168,,,,,220.38549487235733,0.0,0.4601275547671818,0.7704430205669289
2022-09-04 13:09:42+00:00,15.49642221,,,,,281.4225376337792,0.0,0.45981486305869984,0.782087558027205
2022-09-04 13:09:44+00:00,17.26749249,,,,,328.60850860755414,0.0,0.45944974249358034,0.793247605165404
2022-09-04 13:09:46+00:00,19.87490193,,,,,351.8673998295258,0.0,0.459058778715992,0.8142557306841766
2022-09-04 13:09:48+00:00,21.61314256,,,,,307.06724983534326,0.0,0.4587175928828416,0.8296963735053393
2022-09-04 13:09:50+00:00,22.45997845,,,,,198.7114969219882,0.0,0.45849680233070605,0.8342057325192045
2022-09-04 13:09:52+00:00,22.68616153,,,,,99.67285256478753,0.0,0.4583860547167452,0.8023625877476143
2022-09-04 13:09:54+00:00,21.82055349,,,,,50.504760844410946,0.0,0.458329938315807,0.43866600968859837
2022-09-04 13:09:56+00:00,21.06048632,,,,,0.0,1.5487551205855887,0.458329938315807,0.03328433582549493
2022-09-04 13:09:58+00:00,20.45409111,,,,,0.0,10.754760151275919,0.458329938315807,0.23706966209400163
2022-09-04 13:10:00+00:00,19.46470519,,,,,0.0,13.67963625031667,0.458329938315807,0.3148787729533474
2022-09-04 13:10:02+00:00,18.48509315,,,,,43.8261206596876,0.0,0.4582812426261851,0.39668229909038594
2022-09-04 13:10:04+00:00,18.16195436,,,,,116.33484681117832,0.0,0.45815198168528376,0.7984760525698097
2022-09-04 13:10:06+00:00,18.94317002,,,,,212.1865803271812,0.0,0.45791621881825356,0.8298332155976279
2022-09-04 13:10:08+00:00,20.75713967,,,,,241.10800439347477,0.0,0.45764832103559416,0.8341831456338913
2022-09-04 13:10:10+00:00,21.93876567,,,,,145.92726575169334,0.0,0.4574861796292034,0.8215408850896891
2022-09-04 13:10:12+00:00,21.15786162,,,,,49.176208759386974,0.0,0.4574315393972485,0.3809733804802974
2022-09-04 13:10:14+00:00,19.65701993,,,,,-27.251195464331538,0.0,0.45746045266688506,0.7594802872765758
2022-09-04 13:10:16+00:00,19.45812155,,,,,-33.927336487689026,0.0,0.4574964493920004,0.7678125030603566
2022-09-04 13:10:18+00:00,17.34234169,,,,,-23.09605735053204,0.0,0.45752095429791534,0.7335471374704658
2022-09-04 13:10:20+00:00,16.6979485,,,,,41.17156955041174,0.0,0.45747520810952597,0.18772816591824032
2022-09-04 13:10:22+00:00,16.70499502,,,,,67.73507012656088,0.0,0.45739994692049646,0.7448772121652927
2022-09-04 13:10:24+00:00,17.18873199,,,,,96.54540359078455,0.0,0.45729267424984005,0.7799683281659826
2022-09-04 13:10:26+00:00,16.69122078,,,,,103.65139106714554,0.0,0.4571775060375432,0.7781506371648961
2022-09-04 13:10:28+00:00,17.90380107,,,,,98.66663196217286,0.0,0.4570678764464741,0.7884973061582338
2022-09-04 13:10:30+00:00,17.77960776,,,,,73.30231945430137,0.0,0.45698642942485823,0.7630157043568424
2022-09-04 13:10:32+00:00,17.08654445,,,,,65.67330760239795,0.0,0.4569134590830778,0.7473663687787601
2022-09-04 13:10:34+00:00,17.23534784,,,,,136.54677750889294,0.0,0.4567617404414012,0.7972830295443185
2022-09-04 13:10:36+00:00,18.04280683,,,,,234.56688944953012,0.0,0.4565011105642351,0.8204385480245651
2022-09-04 13:10:38+00:00,20.08445171,,,,,296.6232664881768,0.0,0.456171529157026,0.8253003265132717
2022-09-04 13:10:40+00:00,21.98198386,,,,,250.37223880852662,0.0,0.4558933377805721,0.8382398067269025
2022-09-04 13:10:42+00:00,22.15653857,,,,,132.23968435586164,0.0,0.4557464047979545,0.8193431390741348
2022-09-04 13:10:44+00:00,21.45970928,,,,,79.2470288954074,0.0,0.45565835254362624,0.7846370959982756
2022-09-04 13:10:46+00:00,21.03999619,,,,,130.67805061821673,0.0,0.455513154709606,0.8151711800889232
2022-09-04 13:10:48+00:00,21.59376099,,,,,223.14231660209498,0.0,0.45526521880227033,0.8382864222916404
2022-09-04 13:10:50+00:00,22.9636843,,,,,238.7374925580158,0.0,0.4549999549216503,0.8433319954113235
2022-09-04 13:10:52+00:00,24.18722361,,,,,129.57117664231455,0.0,0.45485598694760326,0.8265834065906819
2022-09-04 13:10:54+00:00,22.80267836,,,,,-22.50010498027458,0.0,0.4548798516269112,0.689416565992654
2022-09-04 13:10:56+00:00,21.06260588,,,,,-111.88929936067396,0.0,0.45499852708465743,0.8273934395511555
2022-09-04 13:10:58+00:00,19.368919,,,,,-159.24131818665964,0.0,0.4551674290115409,0.8268068804302939
2022-09-04 13:11:00+00:00,15.47157949,,,,,-117.1807930160533,0.0,0.45529172138859514,0.7986338917826488
2022-09-04 13:11:02+00:00,12.50716455,,,,,-38.34917507051601,0.0,0.4553323985719232,0.7243046857886241
2022-09-04 13:11:04+00:00,13.49283214,,,,,47.84500988834534,0.0,0.455279237449825,0.6831212929562085
2022-09-04 13:11:06+00:00,13.72131207,,,,,130.68813194419994,0.0,0.4551340284143315,0.7719443602349338
2022-09-04 13:11:08+00:00,14.10268787,,,,,213.11871693465244,0.0,0.45489722983995967,0.7817051088963346
2022-09-04 13:11:10+00:00,16.99835118,,,,,324.4447827086831,0.0,0.45453673563695,0.7905290093676052
2022-09-04 13:11:12+00:00,20.03897387,,,,,339.9988361879556,0.0,0.45415895915229676,0.81814017800588
2022-09-04 13:11:14+00:00,20.52612839,,,,,230.00657229328908,0.0,0.45390339629419313,0.8345030883498474
2022-09-04 13:11:16+00:00,21.26616079,,,,,114.06247037206991,0.0,0.45377666021600194,0.8110433100584991
2022-09-04 13:11:18+00:00,21.46264393,,,,,49.788611230592274,0.0,0.45372133953685684,0.042756273041334045
2022-09-04 13:11:20+00:00,19.21372101,,,,,0.0,19.23582527333212,0.45372133953685684,0.4478354726380138
2022-09-04 13:11:22+00:00,18.06613427,,,,,87.52837760189429,0.0,0.45362408578396585,0.7794756071923574
2022-09-04 13:11:24+00:00,19.5225456,,,,,237.0623801186584,0.0,0.45336068313938954,0.8296033542079446
2022-09-04 13:11:26+00:00,21.48973605,,,,,289.1780896841263,0.0,0.4530393741508516,0.8313999223136559
2022-09-04 13:11:28+00:00,22.52681787,,,,,223.2820205982383,0.0,0.45279128301685356,0.839513921309077
2022-09-04 13:11:30+00:00,22.4563781,,,,,151.6404354589285,0.0,0.45262279364412145,0.8243937702045298
2022-09-04 13:11:32+00:00,22.56516187,,,,,93.61554228695142,0.0,0.4525187763749137,0.7977187311583112
2022-09-04 13:11:34+00:00,22.52236061,,,,,74.06347011567976,0.0,0.4524364836303407,0.7837309723919046
2022-09-04 13:11:36+00:00,21.07352018,,,,,73.26925716710872,0.0,0.4523550733445995,0.7792322821012156
2022-09-04 13:11:38+00:00,21.78682445,,,,,108.3645314342994,0.0,0.4522346683096725,0.807248738830169
2022-09-04 13:11:40+00:00,21.70339702,,,,,98.17731054407622,0.0,0.45212558240906797,0.7993314258609676
2022-09-04 13:11:42+00:00,21.49406621,,,,,50.42184866454669,0.0,0.45206955813277405,0.763999350819574
2022-09-04 13:11:44+00:00,20.56306654,,,,,63.78596835852732,0.0,0.45199868483459793,0.7707805075155939
2022-09-04 13:11:46+00:00,20.22487917,,,,,119.90333009156497,0.0,0.451865458912274,0.8098023036843757
2022-09-04 13:11:48+00:00,21.17524955,,,,,166.36143039766847,0.0,0.4516806128784988,0.8240725383012673
2022-09-04 13:11:50+00:00,21.7662476,,,,,83.45141753333615,0.0,0.45158788908123954,0.7884761890356271
2022-09-04 13:11:52+00:00,21.44116262,,,,,-45.84003520532387,-7.105427357601002e-15,0.4516364892237427,0.786688068457964
2022-09-04 13:11:54+00:00,18.50048579,,,,,-97.39032416045875,0.0,0.4517397442177816,0.8166915877436906
2022-09-04 13:11:56+00:00,16.59256722,,,,,-55.21456634470377,0.0,0.45179828446600334,0.7761857471846247
2022-09-04 13:11:58+00:00,15.11258358,,,,,83.57418207071625,0.0,0.4517054242637025,0.7474424523683302
2022-09-04 13:12:00+00:00,16.34413121,,,,,267.39054542269594,0.0,0.4514083236576773,0.7982491899022837
2022-09-04 13:12:02+00:00,20.12318242,,,,,384.10830378298584,0.0,0.45098153665347396,0.80784891957745
2022-09-04 13:12:04+00:00,22.28832019,,,,,279.47967505727286,0.0,0.4506710036811881,0.8358154643964989
2022-09-04 13:12:06+00:00,21.49050593,,,,,167.78548463737178,0.0,0.45048457536492437,0.8251752146413286
2022-09-04 13:12:08+00:00,21.37777409,,,,,195.75987958276698,0.0,0.45026706438761016,0.8315032201423782
2022-09-04 13:12:10+00:00,23.32919337,,,,,217.07233867859298,0.0,0.4500258729001895,0.8396627083033128
2022-09-04 13:12:12+00:00,24.03640635,,,,,78.66096404420679,0.0,0.4499384718290293,0.7912582066736498
2022-09-04 13:12:14+00:00,22.04914813,,,,,-34.44259442278334,0.0,0.4499749806965588,0.7749783738646329
2022-09-04 13:12:16+00:00,20.03871633,,,,,0.0,25.471160443553625,0.4499749806965588,0.571592541325035
2022-09-04 13:12:18+00:00,20.13755945,,,,,47.10880888956694,0.0,0.4499226375755704,0.748956650422533
2022-09-04 13:12:20+00:00,20.2861676,,,,,57.47642492519873,0.0,0.44985877488120907,0.7652532432553477
2022-09-04 13:12:22+00:00,19.43362008,,,,,45.66671440359967,0.0,0.4498080340874273,0.5915862609655372
2022-09-04 13:12:24+00:00,18.78154574,,,,,70.06519065892698,0.0,0.44973018387558406,0.7713525336840638
2022-09-04 13:12:26+00:00,19.0713539,,,,,134.24824932023117,0.0,0.44958101915411713,0.8103905541607672
2022-09-04 13:12:28+00:00,19.84232413,,,,,191.87416705362895,0.0,0.44936782563516864,0.8283950072792239
2022-09-04 13:12:30+00:00,20.53104263,,,,,204.1889013425482,0.0,0.44914094907812135,0.8324577719218829
2022-09-04 13:12:32+00:00,21.75737706,,,,,123.88024258745348,0.0,0.44900330436413527,0.8161089074429242
2022-09-04 13:12:34+00:00,21.69460669,,,,,-51.655519196047905,0.0,0.44905805234983903,0.7937890763213915
2022-09-04 13:12:36+00:00,18.96751208,,,,,-182.8124205520174,2.842170943040401e-14,0.44925181055566016,0.8211294076862332
2022-09-04 13:12:38+00:00,15.06376217,,,,,-185.72003406059005,0.0,0.44944865526459515,0.7443343188469398
2022-09-04 13:12:40+00:00,10.46852754,,,,,-107.7183646062014,0.0,0.44956282881241727,0.6530078664577195
2022-09-04 13:12:42+00:00,7.415844292,,,,,-52.06901573050499,0.0,0.44961801893401515,0.6175584368048337
2022-09-04 13:12:44+00:00,5.58155221,,,,,-18.38498144687082,0.0,0.44963750607798686,0.519524097091427
2022-09-04 13:12:46+00:00,4.505889599,,,,,0.0,13.872511303772516,0.44963750607798686,0.36582534340729467
2022-09-04 13:12:48+00:00,4.080725725,,,,,0.0,4.191720392671219,0.44963750607798686,0.18012591554923577
2022-09-04 13:12:50+00:00,3.757712619,,,,,0.0,0.3291147428042482,0.44963750607798686,0.01414266430366275
2022-09-04 13:12:52+00:00,3.515580649,,,,,24.49584915079761,0.0,0.4496102884678193,0.04383063462671308
2022-09-04 13:12:54+00:00,3.336560831,,,,,24.49584915079761,0.0,0.44958307085765176,0.07172221394767483
2022-09-04 13:12:56+00:00,3.206389049,,,,,24.495849150797614,0.0,0.4495558532474842,0.07824087161570173
2022-09-04 13:12:58+00:00,3.017244868,,,,,24.495849150797607,0.0,0.44952863563731665,0.0794237199602382
2022-09-04 13:13:00+00:00,2.867408715,,,,,24.495849150797607,0.0,0.4495014180271491,0.090883159043538
2022-09-04 13:13:02+00:00,2.766499792,,,,,24.495849150797607,0.0,0.44947420041698155,0.11000285745942774
2022-09-04 13:13:04+00:00,2.6953789,,,,,24.495849150797614,0.0,0.449446982806814,0.12335859470510237
2022-09-04 13:13:06+00:00,2.643654747,,,,,24.495849150797607,0.0,0.44941976519664645,0.13133089727632277
2022-09-04 13:13:08+00:00,2.605265789,,,,,24.495849150797607,0.0,0.4493925475864789,0.13643119142398286
2022-09-04 13:13:10+00:00,2.576413063,,,,,24.49584915079761,0.0,0.44936532997631135,0.17966737355595055
2022-09-04 13:13:12+00:00,2.554562171,,,,,32.85562825664105,0.0,0.44932882372269284,0.19634669944287308
2022-09-04 13:13:14+00:00,2.944439015,,,,,33.886009779952666,0.0,0.4492911726007151,0.2280869249013393
2022-09-04 13:13:16+00:00,3.366037861,,,,,25.50016480247686,0.0,0.4492628390842679,0.2451100260136111
2022-09-04 13:13:18+00:00,2.986441566,,,,,24.495849150797603,0.0,0.44923562147410034,0.12448044771121101
2022-09-04 13:13:20+00:00,2.891017971,,,,,24.495849150797607,0.0,0.4492084038639328,0.20038615126103854
2022-09-04 13:13:22+00:00,2.915904476,,,,,67.49469076081085,0.0,0.44913340976308747,0.266930518897476
2022-09-04 13:13:24+00:00,3.664051906,,,,,152.26146471217416,0.0,0.4489642303578517,0.33475581103894597
2022-09-04 13:13:26+00:00,7.254518926,,,,,292.99674889136617,0.0,0.44863867841463906,0.5068123715116442
2022-09-04 13:13:28+00:00,11.86896791,,,,,366.2055503160936,0.0,0.44823178335873226,0.6741297651037347
2022-09-04 13:13:30+00:00,14.81249466,,,,,257.46029405027747,0.0,0.4479457163653431,0.7804775920293043
2022-09-04 13:13:32+00:00,15.97296366,,,,,157.41130381424685,0.0,0.4477708149166606,0.798761005843386
2022-09-04 13:13:34+00:00,14.7197825,,,,,113.87238210279403,0.0,0.4476442900476575,0.7657751756729136
2022-09-04 13:13:36+00:00,17.17398007,,,,,172.61272776578392,0.0,0.4474524981279177,0.8121415014009132
2022-09-04 13:13:38+00:00,16.9880499,,,,,281.8193569401836,0.0,0.4471393655090953,0.8034270756966688
2022-09-04 13:13:40+00:00,18.96369216,,,,,422.12490962859755,0.0,0.44667033783173016,0.7911439877961061
2022-09-04 13:13:42+00:00,23.78192649,,,,,590.9655830555519,0.0,0.4460137094061129,0.7802688758792362
2022-09-04 13:13:44+00:00,25.35871371,,,,,433.4866537627687,0.0,0.4455320575685987,0.8222728139374149
2022-09-04 13:13:46+00:00,26.10657268,,,,,223.82233288227806,0.0,0.44528336608761837,0.8373311180891242
2022-09-04 13:13:48+00:00,25.90443624,,,,,96.97520901480026,0.0,0.4451756158553797,0.7997797874616162
2022-09-04 13:13:50+00:00,24.85474273,,,,,0.0,6.853228704382085,0.4451756158553797,0.1277962379284407
2022-09-04 13:13:52+00:00,23.80281281,,,,,-38.17851090623622,0.0,0.4452160605185666,0.7840577773113497
2022-09-04 13:13:54+00:00,22.22751902,,,,,-69.70512422595787,0.0,0.44528990348823333,0.8141332808453783
2022-09-04 13:13:56+00:00,20.76927334,,,,,-113.38905942005293,0.0,0.44541002468143015,0.8274485969886433
2022-09-04 13:13:58+00:00,18.45994061,,,,,-172.2181236741076,-2.842170943040401e-14,0.44559247049559975,0.8195147320983652
2022-09-04 13:14:00+00:00,15.29163373,,,,,-178.58747394988004,0.0,0.44578166826737853,0.7568868592199145
2022-09-04 13:14:02+00:00,10.33362908,,,,,-104.00409938591307,0.0,0.4458918541162219,0.6528675381834775
2022-09-04 13:14:04+00:00,7.421370243,,,,,-50.72252571109897,0.0,0.44594559221007096,0.6193953686385155
2022-09-04 13:14:06+00:00,5.721558609,,,,,-18.834545052140626,0.0,0.4459655466461027,0.530943303396509
2022-09-04 13:14:08+00:00,4.857249623,,,,,0.0,20.528815863723263,0.4459655466461027,0.4294026314354429
2022-09-04 13:14:10+00:00,3.756315104,,,,,0.0,10.579895918552818,0.4459655466461027,0.29869886514631355
2022-09-04 13:14:12+00:00,2.907588023,,,,,0.0,4.461151842690006,0.4459655466461027,0.1917038792648606
2022-09-04 13:14:14+00:00,2.850192868,,,,,0.0,2.187129318150462,0.4459655466461027,0.09398495938451022
2022-09-04 13:14:16+00:00,2.430429125,,,,,0.0,2.3249478132996404,0.4459655466461027,0.09990727296767929
2022-09-04 13:14:18+00:00,1.770203643,,,,,0.0,1.539147298447412,0.4459655466461027,0.0661399831874994
2022-09-04 13:14:20+00:00,1.325079567,,,,,24.495849150797614,0.0,0.44593832903593517,0.02103975018521891
2022-09-04 13:14:22+00:00,1.410119,,,,,25.038816461811997,0.0,0.4459105081287554,0.10234520116048328
2022-09-04 13:14:24+00:00,1.655644701,,,,,29.34948591889493,0.0,0.4458778975888455,0.12397408086682038
2022-09-04 13:14:26+00:00,1.837977488,,,,,24.495849150797603,0.0,0.44585067997867794,0.11422903314259593
2022-09-04 13:14:28+00:00,1.699253381,,,,,24.495849150797614,0.0,0.4458234623685104,0.05554125544246492
2022-09-04 13:14:30+00:00,1.438697949,,,,,24.49584915079761,0.0,0.44579624475834284,0.03149563167179761
2022-09-04 13:14:32+00:00,1.354883347,,,,,24.495849150797614,0.0,0.4457690271481753,0.033203512301310426
2022-09-04 13:14:34+00:00,1.203664748,,,,,24.49584915079761,0.0,0.44574180953800774,0.029094592423989818
2022-09-04 13:14:36+00:00,1.025991655,,,,,24.49584915079761,0.0,0.4457145919278402,0.028671547240735694
2022-09-04 13:14:38+00:00,0.853065787,,,,,24.49584915079761,0.0,0.44568737431767264,0.04117539440254054
2022-09-04 13:14:40+00:00,0.892927932,,,,,24.495849150797607,0.0,0.4456601567075051,0.0631880338625533
2022-09-04 13:14:42+00:00,1.06124631,,,,,25.06713157033738,0.0,0.4456323043390936,0.07703987423222518
2022-09-04 13:14:44+00:00,1.134015283,,,,,24.495849150797607,0.0,0.44560508672892607,0.0628110200705901
2022-09-04 13:14:46+00:00,1.018681208,,,,,24.49584915079761,0.0,0.4455778691187585,0.03829519818847048
2022-09-04 13:14:48+00:00,0.843701053,,,,,24.495849150797614,0.0,0.44555065150859097,0.03286748634908016
2022-09-04 13:14:50+00:00,0.79304187,,,,,24.495849150797607,0.0,0.4455234338984234,0.04125924584944129
2022-09-04 13:14:52+00:00,0.839199266,,,,,24.49584915079761,0.0,0.44549621628825586,0.04957634233041545
2022-09-04 13:14:54+00:00,0.847301531,,,,,24.49584915079761,0.0,0.4454689986780883,0.048157337897953664
2022-09-04 13:14:56+00:00,0.798597414,,,,,24.495849150797607,0.0,0.44544178106792076,0.05142875208280685
2022-09-04 13:14:58+00:00,0.783759198,,,,,39.2830888882129,0.0,0.4453981331913783,0.06331208294750673
2022-09-04 13:15:00+00:00,1.05244977,,,,,93.51198700290271,0.0,0.4452942309835973,0.10134128339796812
2022-09-04 13:15:02+00:00,2.457987304,,,,,217.09792188818773,0.0,0.4450530110703882,0.19863959082243354
2022-09-04 13:15:04+00:00,7.251095479,,,,,402.1156936538817,0.0,0.4446062158552172,0.455350334251411
2022-09-04 13:15:06+00:00,11.85531604,,,,,613.1440437292644,0.0,0.443924944695518,0.5745372899837862
2022-09-04 13:15:08+00:00,16.89588987,,,,,712.8027233003123,0.0,0.4431329416696288,0.6733075984361075
2022-09-04 13:15:10+00:00,22.26123489,,,,,671.4376092085423,0.0,0.44238689988161933,0.7479585646355729
2022-09-04 13:15:12+00:00,23.91836511,,,,,377.8253139702225,0.0,0.44196709397720796,0.829195988246771
2022-09-04 13:15:14+00:00,24.22099382,,,,,163.9069927457021,0.0,0.4417849750963794,0.8324873013187314
2022-09-04 13:15:16+00:00,23.646686,,,,,68.42671599854633,0.0,0.44170894541193656,0.7833043205924934
2022-09-04 13:15:18+00:00,23.12519332,,,,,53.088129314241996,0.0,0.4416499586015874,0.17487336332958445
2022-09-04 13:15:20+00:00,22.17238765,,,,,-20.705356140741987,0.0,0.4416718832270191,0.6693587729403385
2022-09-04 13:15:22+00:00,21.01232691,,,,,-71.32345689200912,0.0,0.44174740689264763,0.812473135768854
2022-09-04 13:15:24+00:00,19.27260396,,,,,-148.55310693280018,2.842170943040401e-14,0.44190470972621687,0.8283239503543688
2022-09-04 13:15:26+00:00,16.55973417,,,,,-192.32660306187137,0.0,0.44210836833350525,0.7744959172400661
2022-09-04 13:15:28+00:00,11.52305615,,,,,-134.98201999808637,0.0,0.4422513072442521,0.6743789973061529
2022-09-04 13:15:30+00:00,7.534851108,,,,,-62.54879555034351,0.0,0.4423175443446823,0.5732379234230252
2022-09-04 13:15:32+00:00,5.188559405,,,,,-23.02542096198182,0.0,0.4423419277053319,0.49620210124756875
2022-09-04 13:15:34+00:00,3.732543556,,,,,0.0,19.38343363819791,0.4423419277053319,0.33686455220920714
2022-09-04 13:15:36+00:00,2.956564609,,,,,0.0,8.7944925510431,0.4423419277053319,0.23807734080096
2022-09-04 13:15:38+00:00,2.259026034,,,,,0.0,4.1187894977678345,0.4423419277053319,0.16535065813420846
2022-09-04 13:15:40+00:00,1.698212643,,,,,0.0,1.7891856945538658,0.4423419277053319,0.0768845917973395
2022-09-04 13:15:42+00:00,1.353529704,,,,,0.0,0.42762270646341743,0.4423419277053319,0.01837573222823662
2022-09-04 13:15:44+00:00,1.110084246,,,,,24.49584915079761,0.0,0.4423147100951644,0.011835714400297327
2022-09-04 13:15:46+00:00,0.936515447,,,,,24.49584915079761,0.0,0.4422874924849968,0.027273907512920515
2022-09-04 13:15:48+00:00,0.84656381,,,,,24.49584915079761,0.0,0.4422602748748293,0.03755585778908115
2022-09-04 13:15:50+00:00,0.836663104,,,,,24.495849150797607,0.0,0.4422330572646617,0.05454761706271795
2022-09-04 13:15:52+00:00,0.831749438,,,,,25.168354976024382,0.0,0.4422050924257995,0.06042343074846073
2022-09-04 13:15:54+00:00,1.121620469,,,,,24.495849150797603,0.0,0.4421778748156319,0.07562481091885802
2022-09-04 13:15:56+00:00,0.980525308,,,,,24.495849150797607,0.0,0.44215065720546437,0.05250713519843585
2022-09-04 13:15:58+00:00,0.913091193,,,,,24.495849150797614,0.0,0.4421234395952968,0.04192330143160551
2022-09-04 13:16:00+00:00,0.902273614,,,,,24.495849150797607,0.0,0.44209622198512927,0.04441120114480092
2022-09-04 13:16:02+00:00,0.861723672,,,,,24.49584915079761,0.0,0.4420690043749617,0.036960930611010856
2022-09-04 13:16:04+00:00,0.780940574,,,,,24.49584915079761,0.0,0.44204178676479416,0.029186313189957423
2022-09-04 13:16:06+00:00,0.617350244,,,,,24.49584915079761,0.0,0.4420145691546266,0.02835420840817077
2022-09-04 13:16:08+00:00,0.585206194,,,,,30.029509419905086,0.0,0.44198120303304894,0.044040242607154244
2022-09-04 13:16:10+00:00,0.722736231,,,,,55.47110441039795,0.0,0.44191956847259295,0.06455656883883257
2022-09-04 13:16:12+00:00,1.560470033,,,,,104.2901339740173,0.0,0.44180369054595514,0.1491663313929395
2022-09-04 13:16:14+00:00,3.421491861,,,,,167.1020348235819,0.0,0.4416180216183734,0.3035267463307403
2022-09-04 13:16:16+00:00,7.04099948,,,,,236.2486071608996,0.0,0.4413555231659724,0.5285943828471885
2022-09-04 13:16:18+00:00,9.551257349,,,,,286.3877679095432,0.0,0.44103731453496176,0.6116364698442155
2022-09-04 13:16:20+00:00,12.61583068,,,,,268.88924194949885,0.0,0.44073854871057344,0.7393935050525305
2022-09-04 13:16:22+00:00,15.40185685,,,,,209.76831367408153,0.0,0.4405054728064911,0.7968446907112452
2022-09-04 13:16:24+00:00,15.51911703,,,,,51.4862402901328,0.0,0.4404482658728354,0.7127763034436165
2022-09-04 13:16:26+00:00,15.18318512,,,,,-53.11349913619874,0.0,0.44050449853845014,0.7621146764390633
2022-09-04 13:16:28+00:00,12.22505398,,,,,-60.681594947256464,0.0,0.44056874420213776,0.7526915010312819
2022-09-04 13:16:30+00:00,10.1496117,,,,,0.0,14.204807192762551,0.44056874420213776,0.47924976969072264
2022-09-04 13:16:32+00:00,10.16158121,,,,,117.64142371962699,0.0,0.440438031509116,0.7050586006968675
2022-09-04 13:16:34+00:00,13.43431286,,,,,212.12979136108848,0.0,0.440202331740937,0.7739243370309354
2022-09-04 13:16:36+00:00,15.47998289,,,,,174.65600795028809,0.0,0.4400082695098811,0.8036304792342471
2022-09-04 13:16:38+00:00,15.21502909,,,,,60.779171232318426,0.0,0.4399407370974007,0.7198616457357547
2022-09-04 13:16:40+00:00,14.98127887,,,,,0.0,13.73704099917853,0.4399407370974007,0.3764275979841145
2022-09-04 13:16:42+00:00,13.93498901,,,,,-47.91694587882002,0.0,0.4399914647921448,0.7471290237297911
2022-09-04 13:16:44+00:00,12.68218521,,,,,-88.49822690799662,0.0,0.440085154814318,0.777023040385076
2022-09-04 13:16:46+00:00,9.195984804,,,,,-66.64187480122033,0.0,0.4401557071024244,0.6719674603456324
2022-09-04 13:16:48+00:00,6.412345671,,,,,-23.90609237806284,0.0,0.44018101618186845,0.5850559949549926
2022-09-04 13:16:50+00:00,5.258840124,,,,,44.983485713614634,0.0,0.44013103453107555,0.44492810462629045
2022-09-04 13:16:52+00:00,7.216801762,,,,,167.9291899876838,0.0,0.43994444654220033,0.5981409713664109
2022-09-04 13:16:54+00:00,10.75508362,,,,,355.50812572739824,0.0,0.4395494375136143,0.632062841829542
2022-09-04 13:16:56+00:00,13.98223288,,,,,445.1312655108063,0.0,0.4390548472186023,0.7008713589305909
2022-09-04 13:16:58+00:00,18.62876723,,,,,437.8697154991409,0.0,0.4385683253124921,0.7838624994516995
2022-09-04 13:17:00+00:00,20.47065472,,,,,314.54802208425366,0.0,0.43821882751017627,0.824668102510405
2022-09-04 13:17:02+00:00,20.20418743,,,,,217.4008128718132,0.0,0.4379772710514298,0.8345704895992053
2022-09-04 13:17:04+00:00,21.68150055,,,,,269.80126972758006,0.0,0.4376774918628436,0.8345437670830068
2022-09-04 13:17:06+00:00,22.7984499,,,,,329.9391779402846,0.0,0.4373108927762433,0.8313304658023334
2022-09-04 13:17:08+00:00,24.3529227,,,,,351.64839783616765,0.0,0.4369201723342031,0.8344551976500514
2022-09-04 13:17:10+00:00,25.44604677,,,,,378.8658348056099,0.0,0.4364992102955302,0.8314326935945053
2022-09-04 13:17:12+00:00,26.47704818,,,,,422.2181805016025,0.0,0.43603007898386176,0.8230921330676743
2022-09-04 13:17:14+00:00,28.10823857,,,,,429.910346217951,0.0,0.43555240082139735,0.8180046021893022
2022-09-04 13:17:16+00:00,29.56885909,,,,,290.6442175896933,0.0,0.43522946280185326,0.8253853848061246
2022-09-04 13:17:18+00:00,28.97738894,,,,,66.91982306473714,0.0,0.43515510744289243,0.1738939021822147
2022-09-04 13:17:20+00:00,26.94228769,,,,,-129.8447178533646,0.0,0.43529248583969893,0.830970708496219
2022-09-04 13:17:22+00:00,24.01460466,,,,,-169.521888513843,-2.842170943040401e-14,0.4354718466087802,0.8455050256910361
2022-09-04 13:17:24+00:00,21.23533171,,,,,-97.49345616754229,0.0,0.4355750008189997,0.8226207989012613
2022-09-04 13:17:26+00:00,19.3496939,,,,,45.49391595023127,0.0,0.43552445202349943,0.5119012677989144
2022-09-04 13:17:28+00:00,20.40832228,,,,,172.85460049066128,0.0,0.4353323913562876,0.8240510491852039
2022-09-04 13:17:30+00:00,22.09202886,,,,,207.889686935587,0.0,0.43510140281524806,0.8354920785262533
2022-09-04 13:17:32+00:00,21.66850512,,,,,116.6158926675394,0.0,0.43497182960117303,0.8135111313380705
2022-09-04 13:17:34+00:00,21.73519863,,,,,68.01906048984017,0.0,0.43489625286729544,0.7772072567328189
2022-09-04 13:17:36+00:00,20.79116397,,,,,104.95586417071208,0.0,0.4347796352404391,0.8031923079186127
2022-09-04 13:17:38+00:00,20.88512214,,,,,166.72368258506464,0.0,0.4345943867042335,0.8234840993802084
2022-09-04 13:17:40+00:00,22.4458229,,,,,177.81410940831466,0.0,0.4343968154715576,0.8297897670109406
2022-09-04 13:17:42+00:00,22.68849067,,,,,63.18328758261278,0.0,0.43432661181868804,0.7767361551476454
2022-09-04 13:17:44+00:00,21.14360539,,,,,-41.30580308733701,7.105427357601002e-15,0.43437030964970913,0.7807597442489488
2022-09-04 13:17:46+00:00,19.53091456,,,,,-59.88672859097585,0.0,0.4344336647805457,0.8006702767191315
2022-09-04 13:17:48+00:00,18.09618888,,,,,-32.764474893919385,0.0,0.4344683271208933,0.7578443337807439
2022-09-04 13:17:50+00:00,17.08655277,,,,,41.76668763770272,0.0,0.43442191969018473,0.020367061755662694
2022-09-04 13:17:52+00:00,17.01436156,,,,,51.88740305217218,0.0,0.43436426702012676,0.7330345378122827
2022-09-04 13:17:54+00:00,17.17441608,,,,,67.0969628803706,0.0,0.4342897148391486,0.7498351128684795
2022-09-04 13:17:56+00:00,16.93498115,,,,,41.535791355962495,0.0,0.4342435639598642,0.616346266391926
2022-09-04 13:17:58+00:00,16.80170193,,,,,0.0,9.491277369966397,0.4342435639598642,0.24172424190564254
2022-09-04 13:18:00+00:00,15.5540242,,,,,-25.5021635597138,0.0,0.4342705426768096,0.7171220963704766
2022-09-04 13:18:02+00:00,14.48912029,,,,,-27.813415307188233,0.0,0.43429996656504466,0.7118517236033148
2022-09-04 13:18:04+00:00,13.36790295,,,,,0.0,12.033514987879611,0.43429996656504466,0.35567546892221547
2022-09-04 13:18:06+00:00,12.83344233,,,,,56.46466707336718,0.0,0.43423722804607423,0.6887899273885573
2022-09-04 13:18:08+00:00,13.45644154,,,,,128.01976806566188,0.0,0.4340949838593346,0.7689210187444586
2022-09-04 13:18:10+00:00,15.01536641,,,,,166.82926330047013,0.0,0.43390961801122296,0.8004837162372732
2022-09-04 13:18:12+00:00,16.29523932,,,,,150.11994053786572,0.0,0.433742818077292,0.796714099341637
2022-09-04 13:18:14+00:00,16.50352776,,,,,128.02769514537857,0.0,0.433600565082686,0.7874860610968659
2022-09-04 13:18:16+00:00,16.53951726,,,,,132.63600018381194,0.0,0.4334531917491484,0.789936745403112
2022-09-04 13:18:18+00:00,17.97425363,,,,,183.93550579182153,0.0,0.4332488189649353,0.8209710646610933
2022-09-04 13:18:20+00:00,18.26232534,,,,,236.09621788757806,0.0,0.4329864898339491,0.8224276033649938
2022-09-04 13:18:22+00:00,20.1080678,,,,,276.0387868646513,0.0,0.4326797800707662,0.8276462306604154
2022-09-04 13:18:24+00:00,22.06068661,,,,,240.5648086614333,0.0,0.43241248583892017,0.839831063466533
2022-09-04 13:18:26+00:00,22.1413425,,,,,105.25640750166333,0.0,0.4322955342750294,0.8054541055535736
2022-09-04 13:18:28+00:00,21.27650893,,,,,49.41488859666174,0.0,0.43224062884325537,0.38950407268636866
2022-09-04 13:18:30+00:00,20.18976319,,,,,81.07459842859527,0.0,0.43215054595611246,0.7831724174080164
2022-09-04 13:18:32+00:00,20.4184361,,,,,214.09400854690844,0.0,0.4319126637243937,0.8349967153409305
2022-09-04 13:18:34+00:00,22.11389996,,,,,315.70426863367055,0.0,0.4315618812036896,0.8305304335677544
2022-09-04 13:18:36+00:00,24.43307082,,,,,231.87564246276204,0.0,0.4313042416009532,0.8445754806922136
2022-09-04 13:18:38+00:00,24.10673954,,,,,0.0,13.948150746070517,0.4313042416009532,0.26693018543462343
2022-09-04 13:18:40+00:00,21.50802704,,,,,-116.2772205844835,0.0,0.43142720560266296,0.8297132197291358
2022-09-04 13:18:42+00:00,18.96041649,,,,,-105.4334177639984,0.0,0.43153870393306737,0.8218644748699651
2022-09-04 13:18:44+00:00,17.1897795,,,,,-48.812970246558166,0.0,0.4315903255281026,0.7735240649392798
2022-09-04 13:18:46+00:00,16.42637271,,,,,40.74949265029102,0.0,0.4315450483140467,0.20899474270970014
2022-09-04 13:18:48+00:00,16.15590798,,,,,96.78245723685495,0.0,0.43143751225045024,0.7693816096676425
2022-09-04 13:18:50+00:00,17.20738682,,,,,164.40350936737227,0.0,0.43125484168448647,0.8087912939580956
2022-09-04 13:18:52+00:00,18.0760428,,,,,207.64374977083224,0.0,0.4310241264069633,0.8237073674064478
2022-09-04 13:18:54+00:00,19.28981947,,,,,240.7118349282217,0.0,0.4307566688125986,0.8283072185979597
2022-09-04 13:18:56+00:00,20.5162392,,,,,233.12426287797612,0.0,0.4304976418538453,0.834101973909035
2022-09-04 13:18:58+00:00,21.84610435,,,,,211.97874210607864,0.0,0.4302621099181719,0.8360192617984767
2022-09-04 13:19:00+00:00,21.35015599,,,,,191.64215085020484,0.0,0.430049174195005,0.8304748461033755
2022-09-04 13:19:02+00:00,22.44242012,,,,,219.71988902806552,0.0,0.4298050409849738,0.8386281218596978
2022-09-04 13:19:04+00:00,23.34292999,,,,,234.82858634858778,0.0,0.4295441203334754,0.8431100785740591
2022-09-04 13:19:06+00:00,23.76907615,,,,,198.1288918513885,0.0,0.4293239771203072,0.8371296569332112
2022-09-04 13:19:08+00:00,23.95510481,,,,,167.94117559049283,0.0,0.4291373758140955,0.8323007203873929
2022-09-04 13:19:10+00:00,24.01199005,,,,,150.70698451767444,0.0,0.4289699236090759,0.8295039160667632
2022-09-04 13:19:12+00:00,23.99430944,,,,,140.64392649835597,0.0,0.4288136525796333,0.8277058677157334
2022-09-04 13:19:14+00:00,23.9303436,,,,,121.02630310261536,0.0,0.42867917890951923,0.8200708731157353
2022-09-04 13:19:16+00:00,23.86188539,,,,,86.28317026366209,0.0,0.4285833087203374,0.7958426202089091
2022-09-04 13:19:18+00:00,23.23338675,,,,,53.3004775379452,0.0,0.42852408596751745,0.5875406870322644
2022-09-04 13:19:20+00:00,22.43776221,,,,,51.732191772457185,0.0,0.42846660575443696,0.06101814109049199
2022-09-04 13:19:22+00:00,21.65494176,,,,,0.0,0.3945375042609929,0.42846660575443696,0.01
2022-09-04 13:19:24+00:00,20.68644968,,,,,50.35469495841952,0.0,0.42841065609337203,0.7612510154942534
2022-09-04 13:19:26+00:00,20.28968201,,,,,138.0508281115736,0.0,0.4282572662843592,0.8146997883205179
2022-09-04 13:19:28+00:00,21.39369658,,,,,233.05975983845352,0.0,0.4279983109956498,0.8378603569160415
2022-09-04 13:19:30+00:00,22.61211083,,,,,230.60511535403413,0.0,0.42774208308970085,0.8411811267708935
2022-09-04 13:19:32+00:00,23.57229986,,,,,135.26539456974078,0.0,0.42759178820684557,0.8251537833602659
2022-09-04 13:19:34+00:00,22.37129389,,,,,51.600464511159515,0.0,0.42753445435738874,0.5190825690039615
2022-09-04 13:19:36+00:00,21.46843935,,,,,49.800233199893434,0.0,0.42747912076494443,0.4310813482665637
2022-09-04 13:19:38+00:00,21.11731706,,,,,100.75656166498446,0.0,0.42736716902976113,0.8003217851156259
2022-09-04 13:19:40+00:00,21.28008312,,,,,170.8636337551069,0.0,0.427177320547811,0.8253921638025239
2022-09-04 13:19:42+00:00,22.14193714,,,,,226.73166330950417,0.0,0.4269253964774671,0.8397345483037879
2022-09-04 13:19:44+00:00,22.99799634,,,,,244.1917803518979,0.0,0.4266540722770761,0.8435121033205457
2022-09-04 13:19:46+00:00,23.82191974,,,,,223.31207139398595,0.0,0.426405947753305,0.8418177407283098
2022-09-04 13:19:48+00:00,24.14861593,,,,,171.1252316677223,0.0,0.42621580860700753,0.8334760886004628
2022-09-04 13:19:50+00:00,24.13774485,,,,,127.84683056682456,0.0,0.4260737565730444,0.8252805365708408
2022-09-04 13:19:52+00:00,23.59089139,,,,,105.87234501197175,0.0,0.42595612063414223,0.8086810632146031
2022-09-04 13:19:54+00:00,23.64234949,,,,,127.42151725828997,0.0,0.4258145411705219,0.824022313476223
2022-09-04 13:19:56+00:00,23.28393903,,,,,161.0859401201857,0.0,0.4256355567926106,0.8288962101298153
2022-09-04 13:19:58+00:00,23.94073786,,,,,169.97470130647469,0.0,0.4254466960133812,0.8326103954661861
2022-09-04 13:20:00+00:00,24.29076083,,,,,86.27999781712447,0.0,0.4253508293491399,0.7970309779213901
2022-09-04 13:20:02+00:00,23.61650638,,,,,-38.13692304415641,0.0,0.4253911291484302,0.7834811209415918
2022-09-04 13:20:04+00:00,21.16650664,,,,,-73.39227029068158,-1.4210854715202004e-14,0.4254686841414848,0.8137461461754558
2022-09-04 13:20:06+00:00,19.34329146,,,,,-36.35109277520716,0.0,0.4255070974011414,0.7707490555569998
2022-09-04 13:20:08+00:00,18.9562341,,,,,44.68132738487114,0.0,0.4254574514818249,0.5859666994248444
2022-09-04 13:20:10+00:00,18.88271535,,,,,125.44559485651332,0.0,0.42531806748753986,0.8072812199605816
2022-09-04 13:20:12+00:00,19.16905333,,,,,200.18921314102005,0.0,0.4250956350284943,0.8303881606972244
2022-09-04 13:20:14+00:00,20.96962146,,,,,240.05830728820337,0.0,0.4248289035759518,0.8351983606285245
2022-09-04 13:20:16+00:00,22.19113491,,,,,172.51050538516932,0.0,0.42463722523663494,0.8280087196324553
2022-09-04 13:20:18+00:00,21.65501601,,,,,50.17393482223542,0.0,0.4245814764201658,0.7374621940462438
2022-09-04 13:20:20+00:00,20.56852729,,,,,0.0,3.7314644778810346,0.4245814764201658,0.08185537779566371
2022-09-04 13:20:22+00:00,19.7537715,,,,,46.324185049338936,0.0,0.4245300051034443,0.43373650010629755
2022-09-04 13:20:24+00:00,19.51928713,,,,,47.204109917161404,0.0,0.4244775560924252,0.7551190611070144
2022-09-04 13:20:26+00:00,19.64879846,,,,,46.10890614583789,0.0,0.4244263239744854,0.5569559623716193
2022-09-04 13:20:28+00:00,18.54882682,,,,,43.91702454984715,0.0,0.4243775272805411,0.26018731954376817
2022-09-04 13:20:30+00:00,18.00783993,,,,,43.13740752339009,0.0,0.42432959682773735,0.5339416471331629
2022-09-04 13:20:32+00:00,17.98217078,,,,,64.10596566301024,0.0,0.42425836797700067,0.7571559765269755
2022-09-04 13:20:34+00:00,17.88193474,,,,,76.35984973553228,0.0,0.4241735236995168,0.7670549414046917
2022-09-04 13:20:36+00:00,17.87338722,,,,,84.72943195721757,0.0,0.42407937988623096,0.7747980856288477
2022-09-04 13:20:38+00:00,17.95848557,,,,,95.19000726112786,0.0,0.42397361321149635,0.7856424279548968
2022-09-04 13:20:40+00:00,18.17659817,,,,,98.42722404559333,0.0,0.4238642496292235,0.7908052164959458
2022-09-04 13:20:42+00:00,18.35732248,,,,,91.30118975101239,0.0,0.42376280386283344,0.785996317325008
2022-09-04 13:20:44+00:00,18.327178,,,,,92.31061329555186,0.0,0.4236602365147273,0.7866055790088146
2022-09-04 13:20:46+00:00,18.21556921,,,,,114.48771172928058,0.0,0.4235330279461392,0.7984243427385724
2022-09-04 13:20:48+00:00,18.79012647,,,,,150.9352972085568,0.0,0.4233653220603519,0.8148257278301917
2022-09-04 13:20:50+00:00,19.52832741,,,,,171.07849881048378,0.0,0.42317523483945135,0.8220605211943776
2022-09-04 13:20:52+00:00,20.14709273,,,,,175.15541891383145,0.0,0.42298061770732487,0.8241936199357758
2022-09-04 13:20:54+00:00,20.50761712,,,,,177.68526025584802,0.0,0.4227831896403739,0.8254935383448857
2022-09-04 13:20:56+00:00,21.25682458,,,,,176.20688335490968,0.0,0.42258740421442403,0.826611164983855
2022-09-04 13:20:58+00:00,21.75264545,,,,,163.12294349448806,0.0,0.42240615649943014,0.8247907369530995
2022-09-04 13:21:00+00:00,21.70443448,,,,,156.0176212911146,0.0,0.4222328035868845,0.8230642205835417
2022-09-04 13:21:02+00:00,22.00316028,,,,,185.91542739164228,0.0,0.42202623088978264,0.8304699185882476
2022-09-04 13:21:04+00:00,22.67476312,,,,,240.3354942310724,0.0,0.4217591914517481,0.8425805307377668
2022-09-04 13:21:06+00:00,23.54615361,,,,,265.33917343650364,0.0,0.42146437014792976,0.8430625738119755
2022-09-04 13:21:08+00:00,24.78103385,,,,,205.95784313359664,0.0,0.42123552810000353,0.8411288779620887
2022-09-04 13:21:10+00:00,24.85946612,,,,,91.07246932502274,0.0,0.42113433646742016,0.8017720287306822
2022-09-04 13:21:12+00:00,23.22862023,,,,,53.29112846354952,0.0,0.4210751241024607,0.693501362657981
2022-09-04 13:21:14+00:00,22.58430718,,,,,97.52525758143457,0.0,0.420966762705148,0.8005908426616974
2022-09-04 13:21:16+00:00,23.61939678,,,,,153.46192337934076,0.0,0.4207962494569487,0.8286063973397676
2022-09-04 13:21:18+00:00,23.23429747,,,,,135.14951168896334,0.0,0.42064608333284986,0.823855284518372
2022-09-04 13:21:20+00:00,23.09472842,,,,,75.04349569016307,0.0,0.42056270167097193,0.7860557058573769
2022-09-04 13:21:22+00:00,23.11008925,,,,,53.058462139462726,0.0,0.4205037478241503,0.26407961070665864
2022-09-04 13:21:24+00:00,21.38316916,,,,,49.62914896030787,0.0,0.4204486043253055,0.04285498796529756
2022-09-04 13:21:26+00:00,20.48766564,,,,,48.134399709898894,0.0,0.4203951216589612,0.7589780312786929
2022-09-04 13:21:28+00:00,21.22777048,,,,,124.56747605349506,0.0,0.4202567133522351,0.8143712211234598
2022-09-04 13:21:30+00:00,20.83578743,,,,,164.63371127006263,0.0,0.42007378700637943,0.822853282115622
2022-09-04 13:21:32+00:00,21.61791115,,,,,223.43043395374525,0.0,0.41982553096865305,0.8383797495130678
2022-09-04 13:21:34+00:00,22.64184329,,,,,269.5488761710062,0.0,0.4195260322173519,0.8385824069861394
2022-09-04 13:21:36+00:00,24.06858714,,,,,153.42320575186756,0.0,0.41935556198873875,0.8301732800157086
2022-09-04 13:21:38+00:00,24.14560408,,,,,-107.32367605445629,0.0,0.41946888656885806,0.8334763500672003
2022-09-04 13:21:40+00:00,20.38845653,,,,,-200.0,76.63915292914385,0.4196800724058332,0.7930863379744034
2022-09-04 13:21:42+00:00,14.5360691,,,,,-200.0,2.4196009517445987,0.4198912638744307,0.7130944894843476
2022-09-04 13:21:44+00:00,10.38191438,,,,,-99.1767241394895,0.0,0.419995993057243,0.6699599308897888
2022-09-04 13:21:46+00:00,8.039119412,,,,,-39.94686616979346,0.0,0.4200381769265763,0.6481775723024524
2022-09-04 13:21:48+00:00,7.647835088,,,,,-24.171356470523342,0.0,0.42006370200204757,0.6049610821509951
2022-09-04 13:21:50+00:00,6.170002868,,,,,-18.851115125903636,0.0,0.42008360893973434,0.562970094491696
2022-09-04 13:21:52+00:00,4.099087364,,,,,0.0,22.19202125439236,0.42008360893973434,0.3716739758011926
2022-09-04 13:21:54+00:00,3.331040504,,,,,0.0,11.359085469817147,0.42008360893973434,0.2774673895689491
2022-09-04 13:21:56+00:00,2.710055743,,,,,0.0,5.029731786281507,0.42008360893973434,0.19892806120896114
2022-09-04 13:21:58+00:00,2.086855754,,,,,0.0,2.6877714676069386,0.42008360893973434,0.11549847104217063
2022-09-04 13:22:00+00:00,1.653954054,,,,,0.0,1.2130047760820746,0.42008360893973434,0.05212504064903575
2022-09-04 13:22:02+00:00,1.360236541,,,,,0.0,0.05142863642516818,0.42008360893973434,0.01
2022-09-04 13:22:04+00:00,1.047822699,,,,,24.49584915079761,0.0,0.4200563913295668,0.041975591205029424
2022-09-04 13:22:06+00:00,1.096798714,,,,,27.456062632294323,0.0,0.4200258845933087,0.08100017020681097
2022-09-04 13:22:08+00:00,1.423401831,,,,,34.128206805401405,0.0,0.4199879643635249,0.11046538399784969
2022-09-04 13:22:10+00:00,1.614292583,,,,,34.54719845686118,0.0,0.41994957858746174,0.12568107658666544
2022-09-04 13:22:12+00:00,1.821627034,,,,,38.34831987128413,0.0,0.4199069693431603,0.14606796645842818
2022-09-04 13:22:14+00:00,2.030164404,,,,,42.696959932461056,0.0,0.4198595282765687,0.16856144448257518
2022-09-04 13:22:16+00:00,2.748364047,,,,,62.30859431644198,0.0,0.41979029650510596,0.24892426587838823
2022-09-04 13:22:18+00:00,2.928131106,,,,,108.97309682169606,0.0,0.4196692152864152,0.2790203639164156
2022-09-04 13:22:20+00:00,5.395972271,,,,,163.3449536243972,0.0,0.4194877208934992,0.482228036768804
2022-09-04 13:22:22+00:00,8.941831555,,,,,225.45066955819297,0.0,0.4192372201495457,0.6239922945354325
2022-09-04 13:22:24+00:00,10.68445144,,,,,172.85985787501104,0.0,0.41904515364079564,0.7166201190180254
2022-09-04 13:22:26+00:00,12.4691904,,,,,97.23787363924447,0.0,0.4189371115589743,0.7382557375925797
2022-09-04 13:22:28+00:00,12.02247782,,,,,33.461552286527336,0.0,0.4188999320564337,0.3083861139584792
2022-09-04 13:22:30+00:00,11.20986757,,,,,0.0,6.637652345952036,0.4188999320564337,0.2147538015879504
2022-09-04 13:22:32+00:00,10.35918411,,,,,66.00667032967235,0.0,0.418826591311623,0.6553515090089241
2022-09-04 13:22:34+00:00,11.08205083,,,,,178.5009548713997,0.0,0.4186282569173214,0.7275542410730734
2022-09-04 13:22:36+00:00,14.37906136,,,,,307.15292417411047,0.0,0.4182869758904613,0.7549189858992267
2022-09-04 13:22:38+00:00,17.4202705,,,,,314.553785346775,0.0,0.41793747168452045,0.7995787525036464
2022-09-04 13:22:40+00:00,18.42571616,,,,,210.9949987659741,0.0,0.4177030327970027,0.826585861569248
2022-09-04 13:22:42+00:00,18.98008185,,,,,171.172979996943,0.0,0.4175128405970061,0.8213401409666224
2022-09-04 13:22:44+00:00,19.18017827,,,,,159.48289648336936,0.0,0.4173356373786912,0.8181017384990815
2022-09-04 13:22:46+00:00,20.67682676,,,,,66.76951695828645,0.0,0.41726144902651535,0.7733294628406101
2022-09-04 13:22:48+00:00,20.03910991,,,,,-123.4542317392451,0.0,0.4173917716171378,0.8304052433352093
2022-09-04 13:22:50+00:00,16.40668327,,,,,-200.0,4.5729343544783205,0.41760290206438094,0.7620942502616324
2022-09-04 13:22:52+00:00,10.3932894,,,,,-117.71149512028582,0.0,0.41772716778109703,0.626396443734856
2022-09-04 13:22:54+00:00,7.623626377,,,,,-59.70678510557571,0.0,0.4177902000523679,0.6025082186418635
2022-09-04 13:22:56+00:00,5.032678579,,,,,0.0,20.04230965635351,0.4177902000523679,0.43754755059853767
2022-09-04 13:22:58+00:00,4.361875347,,,,,62.02449648990324,0.0,0.4177212839451569,0.3948334205430911
2022-09-04 13:23:00+00:00,7.440392562,,,,,157.64612011740596,0.0,0.4175461215894709,0.616198715733929
2022-09-04 13:23:02+00:00,9.580413277,,,,,215.75272283331097,0.0,0.4173063963418783,0.6570739517749502
2022-09-04 13:23:04+00:00,11.93181096,,,,,141.3481429787682,0.0,0.4171493428496797,0.7641728016582983
2022-09-04 13:23:06+00:00,13.61597437,,,,,0.0,17.43313398709101,0.4171493428496797,0.5089175907179172
2022-09-04 13:23:08+00:00,10.6395715,,,,,-69.44646807317693,0.0,0.4172226519242222,0.722474763344054
2022-09-04 13:23:10+00:00,6.644677712,,,,,-25.961390797619316,0.0,0.41725005753906197,0.5941996549508544
2022-09-04 13:23:12+00:00,5.849351303,,,,,43.896696926443745,0.0,0.4172012834313659,0.4904602699819943
2022-09-04 13:23:14+00:00,8.741564282,,,,,150.94520631729458,0.0,0.4170335665354578,0.6612280846743562
2022-09-04 13:23:16+00:00,10.72790182,,,,,205.2019732250169,0.0,0.41680556434298555,0.7073875233724883
2022-09-04 13:23:18+00:00,11.98289405,,,,,235.9817482713198,0.0,0.41654336240046186,0.734975177042901
2022-09-04 13:23:20+00:00,14.83685485,,,,,292.69444737379564,0.0,0.4162181463478243,0.7678011953122652
2022-09-04 13:23:22+00:00,17.68447673,,,,,254.73163567976096,0.0,0.415935111197069,0.8145332497929318
2022-09-04 13:23:24+00:00,18.28965752,,,,,146.71518459854403,0.0,0.41577209432529283,0.8099674416169971
2022-09-04 13:23:26+00:00,17.5062046,,,,,89.40755511620306,0.0,0.41567275259738595,0.7755709007242462
2022-09-04 13:23:28+00:00,18.22034676,,,,,64.80980624829837,0.0,0.41560074170155453,0.7608530194927632
2022-09-04 13:23:30+00:00,18.42105832,,,,,-45.29517868180248,0.0,0.41564854684155045,0.7789823660765699
2022-09-04 13:23:32+00:00,16.52348903,,,,,-151.743604445138,2.842170943040401e-14,0.4158087000471529,0.801046701884518
2022-09-04 13:23:34+00:00,11.63651115,,,,,-128.12365803505588,-2.842170943040401e-14,0.4159439270294137,0.6921732344845154
2022-09-04 13:23:36+00:00,7.990212541,,,,,-64.2268693914379,0.0,0.4160117158689752,0.6110102581849282
2022-09-04 13:23:38+00:00,5.569732561,,,,,-18.51454006904621,0.0,0.41603125737778857,0.5191302900256294
2022-09-04 13:23:40+00:00,4.959798502,,,,,24.495849150797614,0.0,0.416004039767621,0.17691481482194332
2022-09-04 13:23:42+00:00,5.294944399,,,,,85.60317431027957,0.0,0.4159089251294985,0.5035686688270007
2022-09-04 13:23:44+00:00,7.498426631,,,,,151.16182810241204,0.0,0.41574096754271805,0.6203614249585594
2022-09-04 13:23:46+00:00,10.05041712,,,,,174.09057563117958,0.0,0.4155475335697945,0.6961828574568953
2022-09-04 13:23:48+00:00,11.72523804,,,,,118.10710385260226,0.0,0.4154163034544027,0.7405424407430518
2022-09-04 13:23:50+00:00,11.80964785,,,,,37.305522832552114,0.0,0.41537485287347764,0.6360303369269537
2022-09-04 13:23:52+00:00,11.29465606,,,,,0.0,23.437489927789787,0.41537485287347764,0.6246864723333317
2022-09-04 13:23:54+00:00,10.16688246,,,,,0.0,25.167385785471502,0.41537485287347764,0.6021415510153955
2022-09-04 13:23:56+00:00,8.627500847,,,,,28.981009587493364,0.0,0.41534265175171375,0.398787097948931
2022-09-04 13:23:58+00:00,9.445227653,,,,,124.41008817761865,0.0,0.4152044183204053,0.6919815867533338
2022-09-04 13:24:00+00:00,11.4172804,,,,,262.93642198723757,0.0,0.4149122667404195,0.7002400354526448
2022-09-04 13:24:02+00:00,15.0335969,,,,,342.19759110703865,0.0,0.414532047194745,0.7535863390068247
2022-09-04 13:24:04+00:00,17.95481612,,,,,288.62051765066485,0.0,0.41421135773068873,0.8135975034698466
2022-09-04 13:24:06+00:00,18.28770458,,,,,155.04533356450136,0.0,0.41403908513783927,0.8127774889368069
2022-09-04 13:24:08+00:00,18.52086135,,,,,70.75905677361538,0.0,0.4139604639636464,0.7698011609166933
2022-09-04 13:24:10+00:00,18.09602476,,,,,44.29975102271275,0.0,0.4139112420180656,0.7416077356466714
2022-09-04 13:24:12+00:00,17.47356325,,,,,53.023177833237334,0.0,0.4138523273760287,0.7403812247063949
2022-09-04 13:24:14+00:00,17.55661238,,,,,105.70067753712699,0.0,0.4137348821787652,0.7881983599801975
2022-09-04 13:24:16+00:00,17.89313617,,,,,155.21146050352849,0.0,0.41356242500042795,0.8097819751876227
2022-09-04 13:24:18+00:00,19.17476022,,,,,204.27416740342937,0.0,0.41333545370331304,0.8316042087513715
2022-09-04 13:24:20+00:00,19.72273816,,,,,236.73853264782807,0.0,0.4130724108892599,0.8304375478481683
2022-09-04 13:24:22+00:00,21.24858593,,,,,251.29915818336133,0.0,0.4127931896023895,0.8350199207581602
2022-09-04 13:24:24+00:00,22.38976339,,,,,228.57871178963893,0.0,0.41253921325595655,0.8404531829604784
2022-09-04 13:24:26+00:00,22.5610282,,,,,131.5103281671162,0.0,0.4123930906691042,0.8206533956267952
2022-09-04 13:24:28+00:00,22.73911984,,,,,52.32804806325917,0.0,0.41233494839347834,0.5667101156291234
2022-09-04 13:24:30+00:00,21.09717882,,,,,0.0,6.406888768333738,0.41233494839347834,0.13748305885882503
2022-09-04 13:24:32+00:00,20.25889262,,,,,47.3560677583233,0.0,0.4122823305404135,0.5711196143662194
2022-09-04 13:24:34+00:00,20.1826929,,,,,117.09428399920947,0.0,0.4121522257804144,0.8089338880805228
2022-09-04 13:24:36+00:00,20.80465277,,,,,175.36820082177678,0.0,0.41195737222394574,0.8254654164440824
2022-09-04 13:24:38+00:00,21.33143606,,,,,180.94798148625824,0.0,0.41175631891118325,0.8278968195979586
2022-09-04 13:24:40+00:00,22.15343923,,,,,134.6835444541774,0.0,0.4116066705284564,0.8198476544733321
2022-09-04 13:24:42+00:00,21.79841957,,,,,102.11053845432235,0.0,0.4114932143746183,0.8024854215501177
2022-09-04 13:24:44+00:00,20.87300755,,,,,99.78044927945776,0.0,0.4113823472087522,0.7991781195441522
2022-09-04 13:24:46+00:00,21.93494797,,,,,78.61519779481726,0.0,0.4112949969889802,0.7853702341630389
2022-09-04 13:24:48+00:00,21.66967926,,,,,0.0,21.74054735731615,0.4112949969889802,0.45584257742245066
2022-09-04 13:24:50+00:00,19.27026848,,,,,-50.3085749692459,0.0,0.4113480644526415,0.7885896413599777
2022-09-04 13:24:52+00:00,17.72425693,,,,,0.0,8.261016845119736,0.4113480644526415,0.2035470251214302
2022-09-04 13:24:54+00:00,17.91654594,,,,,66.64783912521241,0.0,0.4112740112980579,0.7585961453694432
2022-09-04 13:24:56+00:00,18.85608361,,,,,0.0,4.835726938572831,0.4112740112980579,0.11445468143377469
2022-09-04 13:24:58+00:00,17.4846411,,,,,-117.8154612270405,0.0,0.4113982873509292,0.8197798948179185
2022-09-04 13:25:00+00:00,13.94930288,,,,,-157.31203597877482,0.0,0.41156422844053214,0.7448032761683883
2022-09-04 13:25:02+00:00,9.45347995,,,,,-92.85851065857966,0.0,0.4116621825833632,0.6139933274029707
2022-09-04 13:25:04+00:00,6.018833613,,,,,-40.55234376950454,0.0,0.4117049607759787,0.5600408621739275
2022-09-04 13:25:06+00:00,4.22991833,,,,,0.0,31.686255672655456,0.4117049607759787,0.40031661925696077
2022-09-04 13:25:08+00:00,3.066419597,,,,,0.0,12.43595742507919,0.4117049607759787,0.2680254109085633
2022-09-04 13:25:10+00:00,2.272566782,,,,,0.0,4.817927694171247,0.4117049607759787,0.17063546211871494
2022-09-04 13:25:12+00:00,1.78526876,,,,,0.0,1.454840187951409,0.4117049607759787,0.06251715197672639
2022-09-04 13:25:14+00:00,1.537620203,,,,,0.0,0.22260101937910584,0.4117049607759787,0.01
2022-09-04 13:25:16+00:00,1.317296188,,,,,12.99480697088399,0.0,0.4116905221015666,0.01
2022-09-04 13:25:18+00:00,1.019937297,,,,,24.49584915079761,0.0,0.41166330449139904,0.010050803842049068
2022-09-04 13:25:20+00:00,0.856292089,,,,,24.495849150797603,0.0,0.4116360868812315,0.017297651950789604
2022-09-04 13:25:22+00:00,0.709985896,,,,,24.495849150797607,0.0,0.41160886927106394,0.022382820684437785
2022-09-04 13:25:24+00:00,0.612984236,,,,,24.495849150797603,0.0,0.4115816516608964,0.023990382705657346
2022-09-04 13:25:26+00:00,0.548598571,,,,,24.495849150797607,0.0,0.41155443405072883,0.028196541239812474
2022-09-04 13:25:28+00:00,0.504226204,,,,,28.132820685074762,0.0,0.41152317536107874,0.037421495742218425
2022-09-04 13:25:30+00:00,0.628493654,,,,,47.77253651683551,0.0,0.41147009476494895,0.05443555109274293
2022-09-04 13:25:32+00:00,1.233777327,,,,,77.61164516126391,0.0,0.41138385960365864,0.11535658611142002
2022-09-04 13:25:34+00:00,2.721322988,,,,,130.613903023535,0.0,0.4112387330447436,0.25559362867696866
2022-09-04 13:25:36+00:00,4.657381539,,,,,255.95995976276856,0.0,0.4109543330894517,0.35768474759190605
2022-09-04 13:25:38+00:00,8.795895186,,,,,447.8537511645898,0.0,0.4104567178103799,0.5094791995594575
2022-09-04 13:25:40+00:00,14.59534056,,,,,653.0186496296329,0.0,0.40973114153301365,0.6408890705551
2022-09-04 13:25:42+00:00,18.59873423,,,,,674.9651851245279,0.0,0.4089811802162086,0.722034969451473
2022-09-04 13:25:44+00:00,22.70077952,,,,,604.1765364462836,0.0,0.4083098729534905,0.7687151412777649
2022-09-04 13:25:46+00:00,24.99357538,,,,,409.32671059369596,0.0,0.4078550654972753,0.8276685166405379
2022-09-04 13:25:48+00:00,25.19956815,,,,,221.17331224548138,0.0,0.40760931737255807,0.842085829969093
2022-09-04 13:25:50+00:00,24.94971914,,,,,136.59122390516168,0.0,0.40745754934599676,0.8303613392090091
2022-09-04 13:25:52+00:00,24.90200848,,,,,118.48191094792809,0.0,0.40732590277827685,0.8200885528765807
2022-09-04 13:25:54+00:00,24.47534541,,,,,105.93225328859103,0.0,0.40720820027462284,0.8106754205406952
2022-09-04 13:25:56+00:00,24.18203835,,,,,93.19583543817386,0.0,0.4071046493463582,0.8013500058417992
2022-09-04 13:25:58+00:00,23.89603999,,,,,66.38533331987082,0.0,0.40703088786489167,0.7827738356457519
2022-09-04 13:26:00+00:00,23.35135131,,,,,0.0,10.309686434026686,0.40703088786489167,0.20272672552407575
2022-09-04 13:26:02+00:00,22.2861424,,,,,-62.719551393532036,0.0,0.40709701125557723,0.8068279890167931
2022-09-04 13:26:04+00:00,20.10801111,,,,,-74.02222065816368,0.0,0.4071750513728749,0.8106963493772325
2022-09-04 13:26:06+00:00,18.1267879,,,,,0.0,19.769584352150137,0.4071750513728749,0.48048719879238305
2022-09-04 13:26:08+00:00,17.86173783,,,,,118.32672059833135,0.0,0.40704357723887674,0.796059467403587
2022-09-04 13:26:10+00:00,19.56227923,,,,,207.22739984322038,0.0,0.4068133245723843,0.8326343808987341
2022-09-04 13:26:12+00:00,20.66613891,,,,,181.4023410980028,0.0,0.4066117664156087,0.8267332963053204
2022-09-04 13:26:14+00:00,20.70170849,,,,,112.6966067506503,0.0,0.4064865479636635,0.8093772008789615
2022-09-04 13:26:16+00:00,20.12502707,,,,,50.965477079570846,0.0,0.40642991965579733,0.7598877891247511
2022-09-04 13:26:18+00:00,20.43314063,,,,,47.71049218486467,0.0,0.4063769079978142,0.756310054115364
2022-09-04 13:26:20+00:00,18.75513839,,,,,72.0660960822614,0.0,0.40629683455772275,0.772967133844457
2022-09-04 13:26:22+00:00,19.63830537,,,,,81.84091110087401,0.0,0.4062059002120551,0.7827159554242952
2022-09-04 13:26:24+00:00,20.21981896,,,,,0.0,18.025351685178304,0.4062059002120551,0.40134234058729057
2022-09-04 13:26:26+00:00,18.35538535,,,,,-138.7486493156843,2.842170943040401e-14,0.4063521635973706,0.8243559074469035
2022-09-04 13:26:28+00:00,14.75689422,,,,,-163.78338297816336,0.0,0.40652482081128666,0.7581782547171257
2022-09-04 13:26:30+00:00,10.39174956,,,,,-99.94251821259405,0.0,0.4066301805447403,0.6686087739596167
2022-09-04 13:26:32+00:00,7.758680858,,,,,-52.95642778988561,0.0,0.40668600813010264,0.6301675884380493
2022-09-04 13:26:34+00:00,5.965232022,,,,,-23.353443082821368,0.0,0.40671062790899126,0.5626462326460077
2022-09-04 13:26:36+00:00,4.344727901,,,,,0.0,17.45498406479544,0.40671062790899126,0.3787063942922831
2022-09-04 13:26:38+00:00,3.742721998,,,,,0.0,4.5133311592590735,0.40671062790899126,0.19394612022782406
2022-09-04 13:26:40+00:00,3.769976673,,,,,0.0,1.2062972067746516,0.40671062790899126,0.05183680408995563
2022-09-04 13:26:42+00:00,3.541389288,,,,,0.0,1.0095021402832596,0.40671062790899126,0.04338015903574076
2022-09-04 13:26:44+00:00,2.5481231,,,,,24.49584915079761,0.0,0.4066834102988237,0.10342551615148904
2022-09-04 13:26:46+00:00,3.017297744,,,,,36.139128212957544,0.0,0.40664325571192045,0.23780660975652979
2022-09-04 13:26:48+00:00,3.777955555,,,,,43.238985013647174,0.0,0.4065952123952386,0.31507025420085466
2022-09-04 13:26:50+00:00,3.770150458,,,,,37.82296610587769,0.0,0.4065531868773432,0.3010657609265095
2022-09-04 13:26:52+00:00,4.0334958,,,,,36.20834680788271,0.0,0.40651295538089,0.3180680768391909
2022-09-04 13:26:54+00:00,4.371099102,,,,,42.080106794881125,0.0,0.40646619970667347,0.3611095153130932
2022-09-04 13:26:56+00:00,4.595230724,,,,,58.39878135283369,0.0,0.406401312171837,0.4128959491484648
2022-09-04 13:26:58+00:00,5.275045818,,,,,83.71559875050849,0.0,0.406308294839892,0.49965041965096757
2022-09-04 13:27:00+00:00,7.085641863,,,,,115.60306486259378,0.0,0.40617984699004467,0.619275753091893
2022-09-04 13:27:02+00:00,8.673971177,,,,,146.929616513744,0.0,0.406016591860585,0.6603233812732447
2022-09-04 13:27:04+00:00,10.17606268,,,,,174.6193207777646,0.0,0.40582257039305414,0.7000276526835335
2022-09-04 13:27:06+00:00,12.15947455,,,,,208.0790437468158,0.0,0.4055913714555577,0.753410525792319
2022-09-04 13:27:08+00:00,14.27444353,,,,,240.95440485175217,0.0,0.4053236443390557,0.7781714460906756
2022-09-04 13:27:10+00:00,15.89987522,,,,,258.8874350140258,0.0,0.4050359916334846,0.7944091582244455
2022-09-04 13:27:12+00:00,17.64737517,,,,,326.7184020011396,0.0,0.40467297118681667,0.7992899502104944
2022-09-04 13:27:14+00:00,19.45480026,,,,,422.40112133754593,0.0,0.4042036366075527,0.7943913514862608
2022-09-04 13:27:16+00:00,22.99782682,,,,,429.6978300592476,0.0,0.40372619457415354,0.8139092811102473
2022-09-04 13:27:18+00:00,25.01211883,,,,,264.59336325411294,0.0,0.40343220194831564,0.8488790039472288
2022-09-04 13:27:20+00:00,23.35526174,,,,,79.46556949588046,0.0,0.403343906871098,0.789817299317306
2022-09-04 13:27:22+00:00,23.02509747,,,,,52.89141816690469,0.0,0.4032851386286903,0.5786355883952374
2022-09-04 13:27:24+00:00,22.68660701,,,,,59.94883400500872,0.0,0.4032185288131292,0.7745367868121944
2022-09-04 13:27:26+00:00,22.02553469,,,,,57.11504370245823,0.0,0.4031550676534598,0.7704306495093995
2022-09-04 13:27:28+00:00,21.57392831,,,,,72.05382550686733,0.0,0.40307500784734107,0.779662221360919
2022-09-04 13:27:30+00:00,21.50187019,,,,,74.24564935771217,0.0,0.4029925126813881,0.7810662465738816
2022-09-04 13:27:32+00:00,21.35722149,,,,,75.93491951325099,0.0,0.4029081405485956,0.7819336624174856
2022-09-04 13:27:34+00:00,20.50991461,,,,,49.18069549037566,0.0,0.40285349533138404,0.7598153930976107
2022-09-04 13:27:36+00:00,20.96430395,,,,,48.78606370799027,0.0,0.4027992885939307,0.3342725765005816
2022-09-04 13:27:38+00:00,19.50067463,,,,,0.0,1.3101711533768605,0.4027992885939307,0.03010890312761723
2022-09-04 13:27:40+00:00,18.72456709,,,,,44.20095812342714,0.0,0.402750176418238,0.3666480188728526
2022-09-04 13:27:42+00:00,18.59166152,,,,,58.89851110879559,0.0,0.40268473362811713,0.7607958169060158
2022-09-04 13:27:44+00:00,18.91953286,,,,,44.60532134255598,0.0,0.40263517215995875,0.5745681797776047
2022-09-04 13:27:46+00:00,18.04484852,,,,,0.0,4.926899237940538,0.40263517215995875,0.1200752652999756
2022-09-04 13:27:48+00:00,16.79411281,,,,,19.955960705963687,0.0,0.40261299887028545,0.01
2022-09-04 13:27:50+00:00,16.69149013,,,,,57.074688873871786,0.0,0.4025495825493145,0.7338377647184547
2022-09-04 13:27:52+00:00,16.86004256,,,,,103.87656268036828,0.0,0.4024341641463363,0.780014223921739
2022-09-04 13:27:54+00:00,17.27248541,,,,,135.20713638367593,0.0,0.4022839339947989,0.7970424301552542
2022-09-04 13:27:56+00:00,17.93646526,,,,,193.62145883721732,0.0,0.40206879904053533,0.823988119500923
2022-09-04 13:27:58+00:00,18.7845506,,,,,279.2147065211744,0.0,0.401758560477734,0.8226070538032739
2022-09-04 13:28:00+00:00,21.21477184,,,,,335.18115613567403,0.0,0.4013861369709166,0.8248804143467572
2022-09-04 13:28:02+00:00,23.2336112,,,,,226.11371029047243,0.0,0.4011348995150383,0.8412355534884988
2022-09-04 13:28:04+00:00,22.94266967,,,,,0.0,7.855077072450529,0.4011348995150383,0.15681055865799234
2022-09-04 13:28:06+00:00,20.7057482,,,,,-97.35443224018051,1.4210854715202004e-14,0.40123746091533097,0.8213646208207466
2022-09-04 13:28:08+00:00,18.29724173,,,,,-106.04411491155945,0.0,0.40134917821309746,0.8196553825198187
2022-09-04 13:28:10+00:00,16.65793549,,,,,-99.58515187299963,0.0,0.401454092487486,0.8079310527743851
2022-09-04 13:28:12+00:00,14.79402024,,,,,-116.2430112776972,0.0,0.4015765576631104,0.7909545698981874
2022-09-04 13:28:14+00:00,12.00413325,,,,,-114.5060842946312,0.0,0.4016971948086267,0.7368922269999056
2022-09-04 13:28:16+00:00,8.1201856,,,,,-65.13053477122152,0.0,0.4017658137104798,0.6180240553510018
2022-09-04 13:28:18+00:00,5.416050776,,,,,-26.87212506419459,0.0,0.4017941253423697,0.5149451650193254
2022-09-04 13:28:20+00:00,3.948866342,,,,,0.0,23.179071329653826,0.4017941253423697,0.36149145761738444
2022-09-04 13:28:22+00:00,2.966940779,,,,,0.0,9.765127289910106,0.4017941253423697,0.2448956443973908
2022-09-04 13:28:24+00:00,2.284972083,,,,,0.0,4.392801187837852,0.4017941253423697,0.16869304443287045
2022-09-04 13:28:26+00:00,1.757411717,,,,,0.0,0.7635013429238547,0.4017941253423697,0.032809053451580576
2022-09-04 13:28:28+00:00,1.408023331,,,,,26.028999571509733,0.0,0.4017652042317347,0.10291942252858462
2022-09-04 13:28:30+00:00,1.790808273,,,,,50.81317579813838,0.0,0.40170874514751453,0.15847024153110734
2022-09-04 13:28:32+00:00,2.741602072,,,,,80.10061582769026,0.0,0.40161974446326154,0.2576906839758276
2022-09-04 13:28:34+00:00,3.692844136,,,,,112.1437110657542,0.0,0.40149514033985517,0.3511407640420653
2022-09-04 13:28:36+00:00,6.004493675,,,,,128.5144593751951,0.0,0.40135234649610496,0.5647434076429558
2022-09-04 13:28:38+00:00,8.353563613,,,,,150.51956003932446,0.0,0.4011851025405057,0.6487772536182443
2022-09-04 13:28:40+00:00,9.286665065,,,,,154.69220570794346,0.0,0.4010132223119413,0.6775837876071862
2022-09-04 13:28:42+00:00,10.96433174,,,,,195.80395302997144,0.0,0.4007956623641302,0.7190787695422317
2022-09-04 13:28:44+00:00,13.40411957,,,,,264.4339237842956,0.0,0.4005018468932588,0.7551815353005443
2022-09-04 13:28:46+00:00,15.68999708,,,,,266.96390022071324,0.0,0.400205220337458,0.7900004988220082
2022-09-04 13:28:48+00:00,17.82742453,,,,,204.2751875641221,0.0,0.3999782479068312,0.8217730093566107
2022-09-04 13:28:50+00:00,17.79828727,,,,,108.39072931709826,0.0,0.3998578137631455,0.791813813880661
2022-09-04 13:28:52+00:00,17.74897052,,,,,42.757829266250035,0.0,0.39981030506396076,0.21189273217691
2022-09-04 13:28:54+00:00,17.29209401,,,,,-47.232082950837906,0.0,0.39986005499671073,0.771878026017518
2022-09-04 13:28:56+00:00,15.23609601,,,,,-81.03928945942101,0.0,0.39994541486946883,0.7879308444895771
2022-09-04 13:28:58+00:00,12.55903558,,,,,-52.40099672078681,0.0,0.40000061020463934,0.7452728837119631
2022-09-04 13:29:00+00:00,11.35286281,,,,,32.703704429333314,0.0,0.3999642727552734,0.12391423813966748
2022-09-04 13:29:02+00:00,11.91492085,,,,,99.93702403914531,0.0,0.3998532316174521,0.7278368687386573
2022-09-04 13:29:04+00:00,13.8614943,,,,,85.07107046435839,0.0,0.39975870820582504,0.7394966615641464
2022-09-04 13:29:06+00:00,14.12034209,,,,,-34.66448950092543,-7.105427357601002e-15,0.3997952203528651,0.7250486699617793
2022-09-04 13:29:08+00:00,11.19910686,,,,,-85.89929741599474,0.0,0.3998856986007529,0.7313852792255838
2022-09-04 13:29:10+00:00,7.672816725,,,,,-57.054693615825755,0.0,0.3999457953418374,0.6220662612345931
2022-09-04 13:29:12+00:00,5.444021375,,,,,-25.121192649210574,0.0,0.3999722561498698,0.5210123973943152
2022-09-04 13:29:14+00:00,3.709192397,,,,,0.0,20.30866596026666,0.3999722561498698,0.3367557565119882
2022-09-04 13:29:16+00:00,2.87898422,,,,,0.0,7.885030895102787,0.3999722561498698,0.2275094818574124
2022-09-04 13:29:18+00:00,2.41208384,,,,,0.0,2.61507872253088,0.3999722561498698,0.11237473042161172
2022-09-04 13:29:20+00:00,2.046926266,,,,,0.0,1.0826244508803102,0.3999722561498698,0.04652235887483256
2022-09-04 13:29:22+00:00,1.735071484,,,,,4.165332602215715,0.0,0.399967628002534,0.01
2022-09-04 13:29:24+00:00,1.388720966,,,,,24.49584915079761,0.0,0.39994041039236644,0.040328562847058
2022-09-04 13:29:26+00:00,1.534907122,,,,,24.49584915079761,0.0,0.3999131927821989,0.06702677960392164
2022-09-04 13:29:28+00:00,1.457501658,,,,,24.495849150797603,0.0,0.39988597517203134,0.05185208940601918
2022-09-04 13:29:30+00:00,1.25887302,,,,,24.495849150797607,0.0,0.3998587575618638,0.06303625555581664
2022-09-04 13:29:32+00:00,1.045889184,,,,,58.27836966048039,0.0,0.39979400381779656,0.09395347754441721
2022-09-04 13:29:34+00:00,1.712846613,,,,,142.60444240229856,0.0,0.39963555443734955,0.15959205214285294
2022-09-04 13:29:36+00:00,5.080405919,,,,,269.82576727844014,0.0,0.3993357480292624,0.38358308318513934
2022-09-04 13:29:38+00:00,9.940560746,,,,,382.291075235071,0.0,0.3989109801678901,0.5864621303562233
2022-09-04 13:29:40+00:00,12.99494667,,,,,378.0474518972856,0.0,0.3984909274435598,0.7042023856652989
2022-09-04 13:29:42+00:00,15.83127764,,,,,339.40006173628876,0.0,0.3981138162638528,0.7678036130641575
2022-09-04 13:29:44+00:00,18.5331371,,,,,258.2463136878036,0.0,0.3978268759153108,0.8228531246046937
2022-09-04 13:29:46+00:00,18.87361135,,,,,167.1792824735567,0.0,0.39764112115700684,0.8199762785812879
2022-09-04 13:29:48+00:00,18.43661153,,,,,112.67092088723167,0.0,0.3975159312449099,0.800224277382959
2022-09-04 13:29:50+00:00,19.81092433,,,,,52.20511936155097,0.0,0.39745792555673043,0.7598406891506924
2022-09-04 13:29:52+00:00,19.03827499,,,,,-29.945799831765,0.0,0.39748945831595955,0.7615067026338871
2022-09-04 13:29:54+00:00,16.25993837,,,,,0.0,22.872153641715304,0.39748945831595955,0.5946402323153887
2022-09-04 13:29:56+00:00,15.56546727,,,,,152.50793549184323,0.0,0.39732000505430193,0.7941273806425411
2022-09-04 13:29:58+00:00,18.38508813,,,,,398.97594637880144,0.0,0.39687669844721435,0.790579951642447
2022-09-04 13:30:00+00:00,22.11357785,,,,,517.0792913954899,0.0,0.39630216590121936,0.7884344682051572
2022-09-04 13:30:02+00:00,24.3468446,,,,,347.63701929315675,0.0,0.3959159025464492,0.8349903467057942
2022-09-04 13:30:04+00:00,24.60455109,,,,,97.95066912216353,0.0,0.3958070684696468,0.8056232184608993
2022-09-04 13:30:06+00:00,23.20295237,,,,,-53.444163550278375,0.0,0.395863333110224,0.7986496895155613
2022-09-04 13:30:08+00:00,21.11746839,,,,,-94.57292575613648,0.0,0.3959628977631284,0.8212916322988247
2022-09-04 13:30:10+00:00,19.26184167,,,,,-86.06044039097894,1.4210854715202004e-14,0.39605350176903403,0.813710255631748
2022-09-04 13:30:12+00:00,17.53272541,,,,,-43.2204009808092,0.0,0.39609900451550234,0.767778194559542
2022-09-04 13:30:14+00:00,16.23029279,,,,,51.22128969128583,0.0,0.3960420919714009,0.721802365080783
2022-09-04 13:30:16+00:00,16.73134704,,,,,175.37206123524814,0.0,0.3958472341255839,0.811281998952408
2022-09-04 13:30:18+00:00,19.20966927,,,,,253.46952039556152,0.0,0.3955656013251444,0.826689604761376
2022-09-04 13:30:20+00:00,20.2788949,,,,,201.61447425997005,0.0,0.3953415852426333,0.8315201455037532
2022-09-04 13:30:22+00:00,20.39676834,,,,,117.85181611273886,0.0,0.3952106387802858,0.8098598242237012
2022-09-04 13:30:24+00:00,20.13835093,,,,,91.42137237489251,0.0,0.395109059477647,0.7913476312887986
2022-09-04 13:30:26+00:00,20.0572882,,,,,88.21895306484734,0.0,0.39501103841868607,0.7886268769784515
2022-09-04 13:30:28+00:00,20.22757829,,,,,63.89272436958746,0.0,0.39494004650271985,0.7699362081958451
2022-09-04 13:30:30+00:00,19.8054958,,,,,0.0,2.4624192134761285,0.39494004650271985,0.05582622346580434
2022-09-04 13:30:32+00:00,18.72836324,,,,,-38.657616791206195,0.0,0.3949807397783075,0.7726496546900037
2022-09-04 13:30:34+00:00,17.25382292,,,,,-52.794562256270126,0.0,0.39503631471859796,0.7800955257206599
2022-09-04 13:30:36+00:00,15.71390517,,,,,-41.692619436713144,0.0,0.3950802033511991,0.7505375534081649
2022-09-04 13:30:38+00:00,14.61976148,,,,,-21.500766180081783,0.0,0.3951028367209891,0.698239201818887
2022-09-04 13:30:40+00:00,13.96260128,,,,,0.0,9.220361323743273,0.3951028367209891,0.26466951492503515
2022-09-04 13:30:42+00:00,13.52824626,,,,,35.901571812704965,0.0,0.3950629460856417,0.12913368999316913
2022-09-04 13:30:44+00:00,13.21480519,,,,,35.336406916262405,0.0,0.3950236834112903,0.3348210782964631
2022-09-04 13:30:46+00:00,12.97186276,,,,,34.89241065179684,0.0,0.39498491406612163,0.44950986044771307
2022-09-04 13:30:48+00:00,12.77308425,,,,,34.5251925457535,0.0,0.39494655274107077,0.5176200998844558
2022-09-04 13:30:50+00:00,12.60375802,,,,,34.20954853656875,0.0,0.3949085421315857,0.5602166859847865
2022-09-04 13:30:52+00:00,12.45504311,,,,,33.930147505410254,0.0,0.3948708419676908,0.5877680462235753
2022-09-04 13:30:54+00:00,12.32124735,,,,,33.78339988217709,0.0,0.3948333048567106,0.603890809065634
2022-09-04 13:30:56+00:00,12.19849124,,,,,33.65232666458039,0.0,0.3947959133826388,0.6136012447230135
2022-09-04 13:30:58+00:00,12.08401721,,,,,33.5286369178466,0.0,0.39475865934161897,0.6189150830228437
2022-09-04 13:31:00+00:00,11.97580853,,,,,33.41039902846817,0.0,0.39472153667603177,0.6210729913554167
2022-09-04 13:31:02+00:00,11.87236314,,,,,33.296148563369435,0.0,0.3946845409554058,0.6209223872750164
2022-09-04 13:31:04+00:00,11.77254972,,,,,33.18476345130449,0.0,0.39464766899601544,0.6190652254795181
2022-09-04 13:31:06+00:00,11.67551038,,,,,33.075378352974695,0.0,0.39461091857562325,0.6159405554736362
2022-09-04 13:31:08+00:00,11.580592,,,,,32.96732322626169,0.0,0.39457428821648294,0.6118740938433797
2022-09-04 13:31:10+00:00,11.48729616,,,,,32.86007770598943,0.0,0.39453777701903187,0.6071100412831271
2022-09-04 13:31:12+00:00,11.395242,,,,,32.753236680877976,0.0,0.3945013845338309,0.6018326562510995
2022-09-04 13:31:14+00:00,11.30413824,,,,,32.64648392038294,0.0,0.3944651106628082,0.5961814934655533
2022-09-04 13:31:16+00:00,11.21376202,,,,,32.53957183181624,0.0,0.39442895558299507,0.5902624840563049
2022-09-04 13:31:18+00:00,11.12394276,,,,,32.43230579369381,0.0,0.39439291968766876,0.5841561329283302
2022-09-04 13:31:20+00:00,11.03454991,,,,,32.324532122624,0.0,0.39435700354086584,0.5779236509354101
2022-09-04 13:31:22+00:00,10.94548352,,,,,32.21612868311564,0.0,0.39432120784232905,0.5716115736418025
2022-09-04 13:31:24+00:00,10.85666707,,,,,32.10699767303719,0.0,0.3942855334004701,0.5652552695307578
2022-09-04 13:31:26+00:00,10.76804197,,,,,31.997060025602202,0.0,0.3942499811115528,0.5588816085763031
2022-09-04 13:31:28+00:00,10.67956338,,,,,31.886251115820624,0.0,0.39421455194364635,0.5525109700951225
2022-09-04 13:31:30+00:00,10.59119697,,,,,31.774517389658783,0.0,0.3941792469243245,0.5461587849323573
2022-09-04 13:31:32+00:00,10.50291643,,,,,31.66181374338208,0.0,0.3941440671312763,0.5398367125199698
2022-09-04 13:31:34+00:00,10.41470164,,,,,31.548101593549944,0.0,0.39410901368506124,0.5335535480437547
2022-09-04 13:31:36+00:00,10.32653719,,,,,31.4333472835996,0.0,0.394074087743635,0.527315887037942
2022-09-04 13:31:38+00:00,10.23841129,,,,,31.31752090582617,0.0,0.3940392904981841,0.5211286481901647
2022-09-04 13:31:40+00:00,10.15031489,,,,,31.200595329506104,0.0,0.3940046231700402,0.514995473516838
2022-09-04 13:31:42+00:00,10.06224109,,,,,31.082545558740343,0.0,0.39397008700830827,0.5089190351305295
2022-09-04 13:31:44+00:00,9.974184584,,,,,30.963348095920413,0.0,0.39393568328820167,0.5029012613667138
2022-09-04 13:31:46+00:00,9.886141322,,,,,30.842980564803565,0.0,0.39390141330979633,0.496943511454884
2022-09-04 13:31:48+00:00,9.7981082,,,,,30.721421348514998,0.0,0.3938672783971869,0.49104671640281716
2022-09-04 13:31:50+00:00,9.71008284,,,,,30.59864933088181,0.0,0.3938332798979303,0.48521147400559883
2022-09-04 13:31:52+00:00,9.622063425,,,,,30.474643699289572,0.0,0.3937994191827089,0.47943813159723736
2022-09-04 13:31:54+00:00,9.53404856,,,,,30.3493837722649,0.0,0.39376569764518415,0.4737268449210409
2022-09-04 13:31:56+00:00,9.446037178,,,,,30.222848881237976,0.0,0.39373211670198277,0.468077622882501
2022-09-04 13:31:58+00:00,9.358028465,,,,,30.095018272628238,0.0,0.39369867779279094,0.46249036381041553
2022-09-04 13:32:00+00:00,9.270021793,,,,,29.96587101563559,0.0,0.3936653823805513,0.45696487929256696
2022-09-04 13:32:02+00:00,9.182016686,,,,,29.835385953524757,0.0,0.3936322319517141,0.45150091668515246
2022-09-04 13:32:04+00:00,9.094012775,,,,,29.70354163543037,0.0,0.3935992280165636,0.44609817384055905
2022-09-04 13:32:06+00:00,9.006009781,,,,,29.570316286656574,0.0,0.39356637210957846,0.44075631096459766
2022-09-04 13:32:08+00:00,8.918007488,,,,,29.435687761959063,0.0,0.39353366578984295,0.4354749598891746
2022-09-04 13:32:10+00:00,8.830005733,,,,,29.299633522543342,0.0,0.3935011106414846,0.43025372937658524
2022-09-04 13:32:12+00:00,8.74200439,,,,,29.16213060247913,0.0,0.3934687082741485,0.42509221162398675
2022-09-04 13:32:14+00:00,8.654003361,,,,,29.02315558440319,0.0,0.39343646032349916,0.4199899862422064
2022-09-04 13:32:16+00:00,8.566002573,,,,,28.88268458364858,0.0,0.39340436845173954,0.414946623653593
2022-09-04 13:32:18+00:00,8.47800197,,,,,28.74069322362573,0.0,0.3933724343481577,0.40996168674274847
2022-09-04 13:32:20+00:00,8.390001508,,,,,28.59715661492654,0.0,0.3933406597296967,0.4050347318261945
2022-09-04 13:32:22+00:00,8.302001155,,,,,28.452049341784146,0.0,0.3933090463415391,0.4001653115116613
2022-09-04 13:32:24+00:00,8.214000884,,,,,28.305345436368327,0.0,0.39327759595772094,0.39535297492803345
2022-09-04 13:32:26+00:00,8.126000677,,,,,28.157018370496292,0.0,0.3932463103817537,0.39059726909346965
2022-09-04 13:32:28+00:00,8.038000518,,,,,28.007041028449773,0.0,0.3932151914472777,0.3858977388477269
2022-09-04 13:32:30+00:00,7.950000397,,,,,27.855385697551178,0.0,0.39318424101872484,0.38125392737978636
2022-09-04 13:32:32+00:00,7.862000304,,,,,27.702024041134155,0.0,0.3931534609920125,0.37666537674165695
2022-09-04 13:32:34+00:00,7.774000233,,,,,27.546927087971447,0.0,0.39312285329524804,0.37213162834505614
2022-09-04 13:32:36+00:00,7.686000178,,,,,27.390065207243694,0.0,0.3930924198894622,0.3676522232908045
2022-09-04 13:32:38+00:00,7.598000136,,,,,27.23140809510024,0.0,0.3930621627693565,0.3632267020065582
2022-09-04 13:32:40+00:00,7.510000104,,,,,27.070924749939902,0.0,0.3930320839640788,0.35885460411157044
2022-09-04 13:32:42+00:00,7.42200008,,,,,26.908583454067795,0.0,0.39300218553801874,0.35453546900100363
2022-09-04 13:32:44+00:00,7.334000061,,,,,26.744351749145146,0.0,0.3929724695916308,0.35026883600906794
2022-09-04 13:32:46+00:00,7.246000047,,,,,26.578196422040683,0.0,0.39294293826227294,0.3037860272556505
2022-09-04 13:32:48+00:00,7.158000036,,,,,26.41008347315532,0.0,0.39291359372508056,0.15892211146058519
2022-09-04 13:32:50+00:00,6.903410284,,,,,0.0,1.8161748212353295,0.39291359372508056,0.07377799319738312
2022-09-04 13:32:52+00:00,6.423214008,,,,,0.0,7.179848506799069,0.39291359372508056,0.3032184424196533
2022-09-04 13:32:54+00:00,5.823726325,,,,,0.0,10.060434246857264,0.39291359372508056,0.42272026384511246
2022-09-04 13:32:56+00:00,5.156656643,,,,,0.0,10.789245846329576,0.39291359372508056,0.38627631814601715
2022-09-04 13:32:58+00:00,4.448400262,,,,,0.0,9.648108336482792,0.39291359372508056,0.3353912868756515
2022-09-04 13:33:00+00:00,3.713301769,,,,,0.0,5.4195042938602365,0.39291359372508056,0.23288604231841428
2022-09-04 13:33:02+00:00,3.140660452,,,,0.49,0.0,1.6559769040106376,0.39291359372508056,0.07116036567821263
2022-09-04 13:33:04+00:00,3.180445706,,,,,0.0,1.528269275712513,0.39291359372508056,0.06567253459338163
2022-09-04 13:33:06+00:00,2.777915293,,,,,0.0,3.236206640086662,0.39291359372508056,0.13906573658188376
2022-09-04 13:33:08+00:00,1.923902084,,,,,0.0,2.5676202004920667,0.39291359372508056,0.11033535066054728
2022-09-04 13:33:10+00:00,1.4869277,,,,,0.0,0.6694395814094436,0.39291359372508056,0.028767046990324202
2022-09-04 13:33:12+00:00,1.396145484,,,,,24.495849150797607,0.0,0.392886376114913,0.032475889179033164
2022-09-04 13:33:14+00:00,1.240617314,,,,,24.49584915079761,0.0,0.39285915850474545,0.0723063267256067
2022-09-04 13:33:16+00:00,1.228378044,,,,,28.371010822644447,0.0,0.39282763515938696,0.091323452782691
2022-09-04 13:33:18+00:00,1.637394181,,,,,30.11280271123812,0.0,0.3927941764897078,0.12329953508822772
2022-09-04 13:33:20+00:00,1.714601977,,,,,24.49584915079761,0.0,0.3927669588795403,0.11696390151194935
2022-09-04 13:33:22+00:00,1.63191785,,,,,24.495849150797614,0.0,0.3927397412693727,0.058146519765340424
2022-09-04 13:33:24+00:00,1.468660401,,,,,24.495849150797614,0.0,0.39271252365920517,0.031455154407728406
2022-09-04 13:33:26+00:00,1.262311301,,,,,24.49584915079761,0.0,0.3926853060490376,0.030457216216249836
2022-09-04 13:33:28+00:00,1.092462898,,,,,24.495849150797614,0.0,0.39265808843887007,0.050632800630626196
2022-09-04 13:33:30+00:00,1.091479147,,,,,24.49584915079761,0.0,0.3926308708287025,0.07056606240748603
2022-09-04 13:33:32+00:00,1.310358051,,,,,24.495849150797603,0.0,0.39260365321853496,0.0754362963596978
2022-09-04 13:33:34+00:00,1.197082724,,,,,24.495849150797607,0.0,0.3925764356083674,0.03937580868772838
2022-09-04 13:33:36+00:00,0.949594584,,,,,24.495849150797607,0.0,0.39254921799819986,0.01572555616303123
2022-09-04 13:33:38+00:00,0.767380575,,,,,24.495849150797607,0.0,0.3925220003880323,0.01715443872666852
2022-09-04 13:33:40+00:00,0.628853685,,,,,24.49584915079761,0.0,0.39249478277786476,0.022181824577845087
2022-09-04 13:33:42+00:00,0.561217174,,,,,24.495849150797614,0.0,0.3924675651676972,0.026277661025691727
2022-09-04 13:33:44+00:00,0.540479829,,,,,24.49584915079761,0.0,0.39244034755752966,0.03002241165853747
2022-09-04 13:33:46+00:00,0.544998625,,,,,24.495849150797603,0.0,0.3924131299473621,0.033083771864704015
2022-09-04 13:33:48+00:00,0.564120362,,,,,24.49584915079761,0.0,0.39238591233719455,0.03593279574723795
2022-09-04 13:33:50+00:00,0.592318568,,,,,24.495849150797607,0.0,0.392358694727027,0.03883592041692918
2022-09-04 13:33:52+00:00,0.626530875,,,,,24.495849150797607,0.0,0.39233147711685945,0.04185945242711685
2022-09-04 13:33:54+00:00,0.664932143,,,,,24.495849150797614,0.0,0.3923042595066919,0.045342979519387615
2022-09-04 13:33:56+00:00,0.706355877,,,,,26.110102565077504,0.0,0.3922752482816196,0.05166113550297164
2022-09-04 13:33:58+00:00,0.76334493,,,,,27.189537852268565,0.0,0.3922450376840059,0.05626537285399457
2022-09-04 13:34:00+00:00,1.035622102,,,,,24.49584915079761,0.0,0.3922178200738384,0.07410181536500521
2022-09-04 13:34:02+00:00,0.944133679,,,,,24.495849150797607,0.0,0.3921906024636708,0.048247349921830704
2022-09-04 13:34:04+00:00,0.860672295,,,,,24.495849150797603,0.0,0.39216338485350327,0.03465103088162297
2022-09-04 13:34:06+00:00,0.736330536,,,,,24.49584915079761,0.0,0.3921361672433357,0.0328206293964626
2022-09-04 13:34:08+00:00,0.75710176,,,,,24.495849150797603,0.0,0.39210894963316817,0.036732854450033
2022-09-04 13:34:10+00:00,0.676224204,,,,,24.495849150797607,0.0,0.3920817320230006,0.035145111847476526
2022-09-04 13:34:12+00:00,0.652913759,,,,,24.495849150797603,0.0,0.39205451441283307,0.039311826864269095
2022-09-04 13:34:14+00:00,0.664362754,,,,,32.5132256098704,0.0,0.3920183886065999,0.05093208892560785
2022-09-04 13:34:16+00:00,0.809825942,,,,,52.76929260582493,0.0,0.3919597560592601,0.07194349561137563
2022-09-04 13:34:18+00:00,1.653565246,,,,,74.86520080867248,0.0,0.391876572502806,0.1537147066897182
2022-09-04 13:34:20+00:00,3.155456757,,,,,79.74772389048522,0.0,0.3917879639207055,0.2963679944618193
2022-09-04 13:34:22+00:00,4.237327381,,,,,54.94915810622714,0.0,0.39172690930058746,0.3780903302058751
2022-09-04 13:34:24+00:00,4.66659316,,,,,24.495849150797603,0.0,0.3916996916904199,0.13378172171985345
2022-09-04 13:34:26+00:00,3.749710531,,,,,0.0,9.19646254558108,0.3916996916904199,0.2894848901673208
2022-09-04 13:34:28+00:00,2.711065939,,,,,0.0,9.10171784259017,0.3916996916904199,0.2249133458511437
2022-09-04 13:34:30+00:00,1.783843221,,,,,0.0,4.268043524139623,0.3916996916904199,0.1370351252044119
2022-09-04 13:34:32+00:00,1.245058682,,,,,0.0,1.367317789146382,0.3916996916904199,0.05875615392843472
2022-09-04 13:34:34+00:00,0.947219844,,,,,24.495849150797607,0.0,0.39167247408025235,0.011118991212041051
2022-09-04 13:34:36+00:00,0.754150572,,,,,24.495849150797607,0.0,0.3916452564700848,0.044987508036690355
2022-09-04 13:34:38+00:00,1.03666295,,,,,25.837952564156662,0.0,0.3916165476339024,0.07567107889031296
2022-09-04 13:34:40+00:00,1.18087598,,,,,24.495849150797607,0.0,0.39158933002373486,0.07065803894955588
2022-09-04 13:34:42+00:00,0.998803159,,,,,24.49584915079761,0.0,0.3915621124135673,0.03136547265727057
2022-09-04 13:34:44+00:00,0.816545329,,,,,24.495849150797614,0.0,0.39153489480339976,0.020902850144451052
2022-09-04 13:34:46+00:00,0.679820617,,,,,24.49584915079761,0.0,0.3915076771932322,0.02651272063572722
2022-09-04 13:34:48+00:00,0.628132093,,,,,24.495849150797607,0.0,0.39148045958306465,0.038235299905394066
2022-09-04 13:34:50+00:00,0.669568104,,,,,25.31639214657487,0.0,0.3914523302584573,0.04869299692233734
2022-09-04 13:34:52+00:00,0.885286594,,,,,24.495849150797607,0.0,0.3914251126482898,0.05935200059122956
2022-09-04 13:34:54+00:00,0.856856611,,,,,24.49584915079761,0.0,0.3913978950381222,0.041076410180751435
2022-09-04 13:34:56+00:00,0.659164731,,,,,24.495849150797607,0.0,0.39137067742795467,0.023897409461822183
2022-09-04 13:34:58+00:00,0.611503337,,,,,24.495849150797607,0.0,0.3913434598177871,0.02610978595424883
2022-09-04 13:35:00+00:00,0.540912393,,,,,24.495849150797607,0.0,0.39131624220761957,0.028790166113598893
2022-09-04 13:35:02+00:00,0.555387646,,,,,24.49584915079761,0.0,0.391289024597452,0.03183854033379773
2022-09-04 13:35:04+00:00,0.57319507,,,,,24.49584915079761,0.0,0.39126180698728447,0.03619763072349262
2022-09-04 13:35:06+00:00,0.544984349,,,,,24.49584915079761,0.0,0.3912345893771169,0.036048249628498626
2022-09-04 13:35:08+00:00,0.670235864,,,,,24.49584915079761,0.0,0.39120737176694936,0.0458911694867162
2022-09-04 13:35:10+00:00,0.656304626,,,,,25.8639060588192,0.0,0.3911786340935507,0.04791578587168108
2022-09-04 13:35:12+00:00,0.720003637,,,,,32.433182426894334,0.0,0.3911425972241875,0.05516444880084228
2022-09-04 13:35:14+00:00,0.980241022,,,,,34.96514998091285,0.0,0.39110374705754203,0.07656150471659887
2022-09-04 13:35:16+00:00,1.471835554,,,,,35.81801520196902,0.0,0.3910639492628732,0.11571430585117974
2022-09-04 13:35:18+00:00,1.291396078,,,,,36.39135817991481,0.0,0.3910235144204511,0.1019797264239739
2022-09-04 13:35:20+00:00,1.879085587,,,,,30.72011615265305,0.0,0.39098938095805924,0.14213776824181854
2022-09-04 13:35:22+00:00,2.108661497,,,,,24.495849150797614,0.0,0.3909621633478917,0.1329172688997784
2022-09-04 13:35:24+00:00,1.586767862,,,,,24.49584915079761,0.0,0.39093494573772414,0.08198636402413402
2022-09-04 13:35:26+00:00,1.672047824,,,,,55.80090923316949,0.0,0.3908729447274651,0.149450840748465
2022-09-04 13:35:28+00:00,2.117779223,,,,,132.6903358057442,0.0,0.39072551102101427,0.19863383543855556
2022-09-04 13:35:30+00:00,5.377084626,,,,,239.53133276893945,0.0,0.39045936509571544,0.4215378950889552
2022-09-04 13:35:32+00:00,9.683398015,,,,,366.17213503734985,0.0,0.39005250716789613,0.5818761429149197
2022-09-04 13:35:34+00:00,12.54929832,,,,,376.78053037982824,0.0,0.38963386213414075,0.6959580668515661
2022-09-04 13:35:36+00:00,16.42056062,,,,,374.78953832227285,0.0,0.38921742931378267,0.766338577033806
2022-09-04 13:35:38+00:00,18.49879215,,,,,292.50101926795844,0.0,0.38889242818126274,0.8190958377640408
2022-09-04 13:35:40+00:00,19.1855421,,,,,205.6132451714051,0.0,0.3886639690199612,0.8315115359311387
2022-09-04 13:35:42+00:00,19.87306872,,,,,208.8413983314291,0.0,0.3884319230218152,0.8332309241444433
2022-09-04 13:35:44+00:00,20.62104626,,,,,253.8243149064403,0.0,0.38814989600525246,0.8321461617811461
2022-09-04 13:35:46+00:00,22.29189891,,,,,287.59993648618064,0.0,0.3878303405202678,0.8347905569610327
2022-09-04 13:35:48+00:00,23.39035152,,,,,275.4000363024806,0.0,0.38752434047993173,0.8410035659251553
2022-09-04 13:35:50+00:00,23.81479309,,,,,272.02674517882724,0.0,0.38722208854084417,0.8433164770044528
2022-09-04 13:35:52+00:00,24.54118036,,,,,291.95616447609507,0.0,0.3868976928025374,0.8436729264896903
2022-09-04 13:35:54+00:00,26.16098137,,,,,268.0372929404918,0.0,0.38659987358815906,0.843021186852602
2022-09-04 13:35:56+00:00,26.2634317,,,,,141.94348086104696,0.0,0.38644215860942455,0.82574941822701
2022-09-04 13:35:58+00:00,25.25929436,,,,,68.09431845365721,0.0,0.38636649825558717,0.7853486534943868
2022-09-04 13:36:00+00:00,24.08824228,,,,,92.01963462712772,0.0,0.3862642542171126,0.8003132457282012
2022-09-04 13:36:02+00:00,24.80677982,,,,,56.35642564059923,0.0,0.3862016359664008,0.24706350382926703
2022-09-04 13:36:04+00:00,24.58285772,,,,,-191.85765421911233,0.0,0.38640337305261085,0.8428035753578217
2022-09-04 13:36:06+00:00,19.71488365,,,,,-200.0,144.3201616711516,0.3866136771425589,0.7493485565336668
2022-09-04 13:36:08+00:00,12.57609687,,,,,-182.93236030595668,0.0,0.386806039389863,0.6717795626545564
2022-09-04 13:36:10+00:00,8.277653332,,,,,-56.31185970715302,0.0,0.3868652554852267,0.646739899512698
2022-09-04 13:36:12+00:00,7.642544074,,,,,27.311943575447344,0.0,0.386834908881254,0.1888767186485204
2022-09-04 13:36:14+00:00,10.12612008,,,,,70.00982439047338,0.0,0.3867571201874868,0.6581338080553268
2022-09-04 13:36:16+00:00,9.521564337,,,,,44.718444883962974,0.0,0.3867074330265046,0.587197873938617
2022-09-04 13:36:18+00:00,9.061622928,,,,,29.65466943873269,0.0,0.3866744833937949,0.2618412093638526
2022-09-04 13:36:20+00:00,9.523466269,,,,,46.57803430602677,0.0,0.38662273002234376,0.5915401543944391
2022-09-04 13:36:22+00:00,8.955222041,,,,,100.58254605622226,0.0,0.3865109716378369,0.661469119928196
2022-09-04 13:36:24+00:00,10.58957704,,,,,214.8692925062359,0.0,0.3862722279794966,0.6963216895979218
2022-09-04 13:36:26+00:00,13.90153763,,,,,345.80476409593365,0.0,0.3858880004638345,0.7323383504068548
2022-09-04 13:36:28+00:00,17.46823026,,,,,334.07957755790073,0.0,0.3855168009332146,0.7945890014953874
2022-09-04 13:36:30+00:00,18.81856444,,,,,209.45013301285618,0.0,0.38528407856320035,0.8295954947026536
2022-09-04 13:36:32+00:00,18.42127132,,,,,128.33339680108926,0.0,0.385141485900088,0.8050989747938163
2022-09-04 13:36:34+00:00,18.96242618,,,,,124.03096303932261,0.0,0.3850036737189332,0.8070773613501533
2022-09-04 13:36:36+00:00,19.5425345,,,,,148.62999236500002,0.0,0.3848385292829721,0.8156666068097941
2022-09-04 13:36:38+00:00,19.42592537,,,,,188.84784767591125,0.0,0.38462869834110996,0.8271265308289077
2022-09-04 13:36:40+00:00,20.53054726,,,,,246.99262934302783,0.0,0.38435426208628437,0.8325658193061806
2022-09-04 13:36:42+00:00,22.55177095,,,,,250.01083675840445,0.0,0.38407647226766395,0.840758830307772
2022-09-04 13:36:44+00:00,22.82161995,,,,,82.08301339312898,0.0,0.38398526891944934,0.7901557251146355
2022-09-04 13:36:46+00:00,22.21067013,,,,,-93.40813307162601,0.0,0.38408345936546723,0.8238036562356605
2022-09-04 13:36:48+00:00,18.90422148,,,,,-129.00703677093935,0.0,0.3842190729981002,0.830151369626721
2022-09-04 13:36:50+00:00,15.55389414,,,,,-36.49731062136689,7.105427357601002e-15,0.3842574400371021,0.7393369597709545
2022-09-04 13:36:52+00:00,15.76228265,,,,,129.21996835533952,0.0,0.3841138622944851,0.7823453829116829
2022-09-04 13:36:54+00:00,18.41638499,,,,,265.09962871096593,0.0,0.3838193071514729,0.8209771540230977
2022-09-04 13:36:56+00:00,19.73211274,,,,,240.0354468958703,0.0,0.38355260109936634,0.8301198769322284
2022-09-04 13:36:58+00:00,20.47499848,,,,,153.87932781746375,0.0,0.38338162406845805,0.8192769022451307
2022-09-04 13:37:00+00:00,20.41149973,,,,,115.5376450579833,0.0,0.3832532489072825,0.809325973599161
2022-09-04 13:37:02+00:00,20.01072848,,,,,110.6453820795572,0.0,0.3831303095938608,0.8066562791360052
2022-09-04 13:37:04+00:00,20.79390592,,,,,143.53527654700855,0.0,0.382970825953253,0.8175264389930895
2022-09-04 13:37:06+00:00,20.66847854,,,,,176.35655768115475,0.0,0.3827748742224962,0.8254495686925781
2022-09-04 13:37:08+00:00,21.38717358,,,,,233.18411623949157,0.0,0.38251578076000786,0.8378167508557203
2022-09-04 13:37:10+00:00,22.59001423,,,,,273.8440394646544,0.0,0.38221150960504713,0.8378008696764815
2022-09-04 13:37:12+00:00,24.09022898,,,,,246.0031941510145,0.0,0.3819381727226571,0.8463892817735472
2022-09-04 13:37:14+00:00,23.92733474,,,,,129.80970613107363,0.0,0.3817939397158448,0.8255785384546355
2022-09-04 13:37:16+00:00,23.91810666,,,,,-45.65323346382793,0.0,0.3818419169663573,0.7921984993143585
2022-09-04 13:37:18+00:00,22.20820266,,,,,-162.3660022240514,0.0,0.38201254938798657,0.8385073132795327
2022-09-04 13:37:20+00:00,17.5771881,,,,,-140.90636365823775,2.842170943040401e-14,0.3821606328182056,0.8158029158818287
2022-09-04 13:37:22+00:00,15.05079581,,,,,-41.51151188330851,0.0,0.38220425953884235,0.7457973521577966
2022-09-04 13:37:24+00:00,15.77086078,,,,,78.38659340591384,0.0,0.3821171633239469,0.7467136884327359
2022-09-04 13:37:26+00:00,16.55686456,,,,,133.52886817234952,0.0,0.38196879791486654,0.7904907484392705
2022-09-04 13:37:28+00:00,16.85608661,,,,,147.69988489107365,0.0,0.38180468693165426,0.7991963736049141
2022-09-04 13:37:30+00:00,17.44298769,,,,,162.294753259395,0.0,0.3816243594280327,0.8093771577576856
2022-09-04 13:37:32+00:00,18.96979765,,,,,178.03919207151654,0.0,0.3814265381035088,0.823442268812742
2022-09-04 13:37:34+00:00,18.96083225,,,,,172.6556869471214,0.0,0.38123469845134533,0.8217731036111708
2022-09-04 13:37:36+00:00,19.69681899,,,,,197.2184597643046,0.0,0.381015566829385,0.8297907064753187
2022-09-04 13:37:38+00:00,20.81319395,,,,,243.08161879283287,0.0,0.3807454761418374,0.8341853216554407
2022-09-04 13:37:40+00:00,21.91150983,,,,,250.47360842591505,0.0,0.3804671721324753,0.837924661656387
2022-09-04 13:37:42+00:00,22.77905614,,,,,253.04818937599833,0.0,0.38018600747761305,0.8413543454184362
2022-09-04 13:37:44+00:00,23.2739066,,,,,307.6162078561282,0.0,0.37984421169110627,0.8361575130320852
2022-09-04 13:37:46+00:00,24.48540954,,,,,431.10744968390077,0.0,0.37936520341367974,0.8213537972684803
2022-09-04 13:37:48+00:00,26.91976521,,,,,569.8217632362811,0.0,0.378732068121195,0.791611196455535
2022-09-04 13:37:50+00:00,29.12488208,,,,,565.0980201564652,0.0,0.37810418143213226,0.7895672681041606
2022-09-04 13:37:52+00:00,30.25597366,,,,,444.8900001618359,0.0,0.3776098592097302,0.8103437879837859
2022-09-04 13:37:54+00:00,30.40121659,,,,,379.946821299127,0.0,0.3771876960749534,0.8173261169803347
2022-09-04 13:37:56+00:00,30.78885612,,,,,375.68666464927617,0.0,0.3767702664475653,0.8165900598508671
2022-09-04 13:37:58+00:00,31.85112893,,,,,303.63410855363924,0.0,0.376432895215839,0.8104065787238252
2022-09-04 13:38:00+00:00,31.6373456,,,,,75.4408497356732,0.0,0.37634907204946605,0.7555970819082178
2022-09-04 13:38:02+00:00,29.53410176,,,,,-90.93300951060336,1.4210854715202004e-14,0.37644456806614307,0.8109439268699707
2022-09-04 13:38:04+00:00,26.81283887,,,,,-111.82175254982386,0.0,0.3765620024442048,0.8282436876740031
2022-09-04 13:38:06+00:00,24.78597352,,,,,-38.05642351026428,-7.105427357601002e-15,0.3766019696147874,0.7868294387172069
2022-09-04 13:38:08+00:00,24.04571723,,,,,110.27053209745607,0.0,0.3764794468013458,0.8127132710423279
2022-09-04 13:38:10+00:00,24.33194462,,,,,259.6094005603327,0.0,0.37619099191183436,0.8473839166548346
2022-09-04 13:38:12+00:00,25.8670674,,,,,368.4599698850856,0.0,0.37578159194529537,0.8318007099125
2022-09-04 13:38:14+00:00,27.1823695,,,,,372.86945115751234,0.0,0.37536729255512036,0.8276956468066216
2022-09-04 13:38:16+00:00,27.9145978,,,,,295.63747298241685,0.0,0.37503880647402876,0.8354277758556752
2022-09-04 13:38:18+00:00,28.00593098,,,,,209.09003238752513,0.0,0.3748064842158204,0.8258999306764949
2022-09-04 13:38:20+00:00,27.8028207,,,,,128.61351919712223,0.0,0.3746635803056014,0.8076464796492572
2022-09-04 13:38:22+00:00,27.13780826,,,,,0.0,17.78463643588273,0.3746635803056014,0.30101335960522413
2022-09-04 13:38:24+00:00,26.09108593,,,,,-195.88239649770156,0.0,0.37486924803543115,0.8394801919100907
2022-09-04 13:38:26+00:00,22.51447652,,,,,-200.0,175.35433095175136,0.3750792445487121,0.7621604941635686
2022-09-04 13:38:28+00:00,15.68885294,,,,,-200.0,91.71070163535006,0.37528924666190006,0.6818284532225811
2022-09-04 13:38:30+00:00,9.926165106,,,,,-119.85073686735008,0.0,0.37541509455780087,0.5818336179248339
2022-09-04 13:38:32+00:00,6.622062331,,,,,-49.55883592319644,0.0,0.37546713407840066,0.5688718465345848
2022-09-04 13:38:34+00:00,4.674835215,,,,,0.0,36.399531493503055,0.37546713407840066,0.44505964224884353
2022-09-04 13:38:36+00:00,3.443170014,,,,,0.0,15.211361031749773,0.37546713407840066,0.3056503520584277
2022-09-04 13:38:38+00:00,2.611273954,,,,,0.0,6.158564764519643,0.37546713407840066,0.20003063020975825
2022-09-04 13:38:40+00:00,2.068532332,,,,,0.0,2.103806483086767,0.37546713407840066,0.0904044242948494
2022-09-04 13:38:42+00:00,1.795311355,,,,,0.0,0.6443066961404391,0.37546713407840066,0.027687040800648842
2022-09-04 13:38:44+00:00,1.539138329,,,,,0.0,0.2519337958382201,0.37546713407840066,0.010826057413680415
2022-09-04 13:38:46+00:00,1.172153454,,,,,0.0,0.07228925898286638,0.37546713407840066,0.01
2022-09-04 13:38:48+00:00,0.949662925,,,,,23.57952448949301,0.0,0.37544093460674566,0.01
2022-09-04 13:38:50+00:00,0.764789899,,,,,24.49584915079761,0.0,0.3754137169965781,0.01994159310227332
2022-09-04 13:38:52+00:00,0.666205949,,,,,24.49584915079761,0.0,0.37538649938641055,0.02485232125723929
2022-09-04 13:38:54+00:00,0.596945705,,,,,24.495849150797607,0.0,0.375359281776243,0.026140908918545595
2022-09-04 13:38:56+00:00,0.555359011,,,,,24.49584915079761,0.0,0.37533206416607545,0.025912611871638055
2022-09-04 13:38:58+00:00,0.484812279,,,,,24.495849150797607,0.0,0.3753048465559079,0.022622702439302277
2022-09-04 13:39:00+00:00,0.463326028,,,,,24.495849150797618,0.0,0.37527762894574035,0.020948684951691665
2022-09-04 13:39:02+00:00,0.374550408,,,,,24.495849150797614,0.0,0.3752504113355728,0.016672914972691827
2022-09-04 13:39:04+00:00,0.313187036,,,,,24.49584915079761,0.0,0.37522319372540525,0.014345324749317148
2022-09-04 13:39:06+00:00,0.264610215,,,,,24.495849150797607,0.0,0.3751959761152377,0.013062329035017186
2022-09-04 13:39:08+00:00,0.237157398,,,,,24.495849150797618,0.0,0.37516875850507014,0.014174257687325557
2022-09-04 13:39:10+00:00,0.208363028,,,,,25.92433998308213,0.0,0.37513995368286673,0.015218856357344282
2022-09-04 13:39:12+00:00,0.401121841,,,,,29.40006892665804,0.0,0.37510728693961487,0.030047035175356607
